call_id,caller_id,caller_name,caller_phone,callee_id,callee_name,callee_phone,timestamp,day,call_type,duration_sec,cell_tower_location
UP-CDR-000001,UP00335,Pankaj Srivastav,9839000335,UP00303,Ravindra Chaudhary,9412000303,2024-01-20 08:36:00,20,voice,61,"Ayodhya Kotwali PS Tower, Ayodhya"
UP-CDR-000002,UP00363,Munna Tomar,8006000363,UP00335,Pankaj Srivastav,9839000335,2024-04-03 05:03:50,94,voice,568,"Sahibabad PS Tower, Ghaziabad"
UP-CDR-000003,UP00119,Alok Gupta,9450000119,UP00577,Pappu Pandey,9415000577,2024-01-20 18:39:36,20,voice,697,"Chakeri PS Tower, Kanpur Nagar"
UP-CDR-000004,UP00193,Rizwan Pal,9719000193,UP00494,Amit Gautam,8840000494,2024-02-27 00:28:12,58,voice,993,"Shahpur PS Tower, Gorakhpur"
UP-CDR-000005,UP00047,Chhotu Tripathi,9125000047,UP00313,Satish Gurjar,9125000313,2024-07-07 18:59:42,189,voice,241,"Phase 2 PS Tower, Gautam Buddha Nagar (Noida)"
UP-CDR-000006,UP00177,Imran Srivastav,8006000177,UP00257,Abhay Dubey,7007000257,2024-05-09 16:08:43,130,sms,172,"Kalyanpur PS Tower, Kanpur Nagar"
UP-CDR-000007,UP00238,Virendra Tiwari,9415000238,UP00311,Babloo Ansari,9412000311,2024-04-08 21:12:18,99,voice,618,"Kotwali PS Tower, Ghaziabad"
UP-CDR-000008,UP01496,Munna Gurjar,9415001496,UP00056,Ajay Jaiswal,9839000056,2024-03-13 00:09:56,73,voice,512,"Nauchandi PS Tower, Meerut"
UP-CDR-000009,UP00082,Ramesh Pandey,9125000082,UP00545,Ravindra Qureshi,9719000545,2024-05-15 15:14:29,136,voice,1061,"Sihani Gate PS Tower, Ghaziabad"
UP-CDR-000010,UP00140,Chhotu Gupta,9412000140,UP00117,Munna Gurjar,9415000117,2024-01-05 07:55:42,5,voice,1171,"Ayodhya Kotwali PS Tower, Ayodhya"
UP-CDR-000011,UP00207,Dhananjay Pandey,8006000207,UP00498,Imran Pandey,9927000498,2024-05-18 15:36:43,139,voice,187,"Barra PS Tower, Kanpur Nagar"
UP-CDR-000012,UP00029,Ramesh Gautam,9450000029,UP00063,Sanjay Pandey,7007000063,2024-03-30 03:28:17,90,voice,1027,"Prem Nagar PS Tower, Bareilly"
UP-CDR-000013,UP00062,Manoj Chauhan,7500000062,UP00306,Imran Rawat,8006000306,2024-03-18 19:20:06,78,voice,1191,"Etmadpur PS Tower, Agra"
UP-CDR-000014,UP00149,Neeraj Khan,9450000149,UP00167,Sunil Kushwaha,9839000167,2024-04-09 19:33:16,100,voice,809,"Alambagh PS Tower, Lucknow"
UP-CDR-000015,UP00109,Satish Ansari,9839000109,UP00102,Deepak Gautam,9415000102,2024-07-20 20:12:55,202,voice,1194,"Kotwali PS Tower, Jhansi"
UP-CDR-000016,UP01315,Imran Maurya,9839001315,UP01939,Amit Khan,8006001939,2024-07-25 01:27:43,207,voice,263,"Subhash Nagar PS Tower, Bareilly"
UP-CDR-000017,UP02532,Alok Chauhan,8840002532,UP00091,Rakesh Pal,9125000091,2024-01-29 11:13:50,29,voice,42,"Ramgarh Tal PS Tower, Gorakhpur"
UP-CDR-000018,UP00510,Rajesh Qureshi,8840000510,UP00027,Vikram Singh,9837000027,2024-05-23 21:09:54,144,voice,772,"Chowk PS Tower, Lucknow"
UP-CDR-000019,UP00242,Abhay Maurya,8840000242,UP00086,Guddu Srivastav,9839000086,2024-05-09 19:08:25,130,voice,501,"Cantt PS Tower, Ayodhya"
UP-CDR-000020,UP00302,Dharmendra Dubey,9450000302,UP00242,Abhay Maurya,8840000242,2024-04-02 13:15:42,93,voice,416,"Civil Lines PS Tower, Meerut"
UP-CDR-000021,UP02858,Anil Chauhan,7007002858,UP01360,Bablu Pal,9125001360,2024-07-20 14:43:14,202,voice,819,"Katra PS Tower, Prayagraj"
UP-CDR-000022,UP00209,Satish Pal,9719000209,UP00084,Guddu Nishad,7500000084,2024-01-23 11:01:03,23,sms,447,"Kotwali PS Tower, Kanpur Nagar"
UP-CDR-000023,UP01685,Dhananjay Gupta,9450001685,UP02684,Mukhtar Rawat,7007002684,2024-06-11 10:48:57,163,voice,385,"Kavi Nagar PS Tower, Ghaziabad"
UP-CDR-000024,UP01127,Sanjay Tripathi,8840001127,UP01977,Gufran Jaiswal,9125001977,2024-05-31 16:35:24,152,voice,719,"Collectorganj PS Tower, Kanpur Nagar"
UP-CDR-000025,UP00593,Vikram Dubey,9412000593,UP00459,Alok Chauhan,7500000459,2024-02-28 13:14:11,59,voice,59,"Sihani Gate PS Tower, Ghaziabad"
UP-CDR-000026,UP00272,Neeraj Chauhan,9450000272,UP00121,Anil Tiwari,9412000121,2024-07-13 21:40:20,195,voice,523,"Mahanagar PS Tower, Lucknow"
UP-CDR-000027,UP00185,Akhilesh Pal,9839000185,UP00432,Manoj Qureshi,8840000432,2024-06-25 11:04:18,177,voice,605,"Etmadpur PS Tower, Agra"
UP-CDR-000028,UP00477,Chhotu Rajput,9839000477,UP00347,Babloo Tripathi,8006000347,2024-01-22 18:01:12,22,voice,865,"Chetganj PS Tower, Varanasi"
UP-CDR-000029,UP00516,Imran Dubey,9719000516,UP00741,Satish Chauhan,9719000741,2024-07-20 02:05:09,202,voice,534,"Collectorganj PS Tower, Kanpur Nagar"
UP-CDR-000030,UP00126,Tariq Pandey,8840000126,UP00520,Bablu Gurjar,7500000520,2024-02-07 18:40:49,38,voice,815,"Sector 24 PS Tower, Gautam Buddha Nagar (Noida)"
UP-CDR-000031,UP00214,Imran Yadav,9450000214,UP00335,Pankaj Srivastav,9839000335,2024-07-11 13:27:51,193,sms,1089,"Raunahi PS Tower, Ayodhya"
UP-CDR-000032,UP00444,Virendra Mishra,7500000444,UP00225,Abhay Tripathi,9450000225,2024-01-05 18:56:16,5,voice,921,"Tiwaripur PS Tower, Gorakhpur"
UP-CDR-000033,UP00390,Guddu Siddiqui,8840000390,UP00354,Akhilesh Rajput,8840000354,2024-04-24 03:56:30,115,voice,623,"Dashashwamedh PS Tower, Varanasi"
UP-CDR-000034,UP00311,Babloo Ansari,9412000311,UP00192,Gufran Chauhan,9839000192,2024-08-06 09:07:10,219,voice,245,"Prem Nagar PS Tower, Bareilly"
UP-CDR-000035,UP00017,Dharmendra Yadav,7500000017,UP00044,Mahesh Pandey,9719000044,2024-02-25 22:53:25,56,voice,1143,"Kavi Nagar PS Tower, Ghaziabad"
UP-CDR-000036,UP00286,Abhay Jaiswal,9837000286,UP00366,Mukhtar Tripathi,9719000366,2024-05-07 21:46:11,128,sms,850,"Phase 2 PS Tower, Gautam Buddha Nagar (Noida)"
UP-CDR-000037,UP00479,Manoj Singh,9415000479,UP00457,Dharmendra Gupta,9837000457,2024-05-17 22:34:52,138,sms,83,"Tajganj PS Tower, Agra"
UP-CDR-000038,UP01958,Imran Maurya,9450001958,UP00718,Rajesh Gautam,9839000718,2024-06-17 09:03:08,169,voice,99,"Cantt PS Tower, Gorakhpur"
UP-CDR-000039,UP00026,Rajesh Shukla,9412000026,UP00056,Ajay Jaiswal,9839000056,2024-03-28 17:20:04,88,sms,853,"Cantt PS Tower, Ayodhya"
UP-CDR-000040,UP00172,Sonu Chauhan,8840000172,UP00127,Akhilesh Pandey,9125000127,2024-06-15 18:30:24,167,voice,581,"Tiwaripur PS Tower, Gorakhpur"
UP-CDR-000041,UP00018,Pankaj Siddiqui,7500000018,UP00200,Sonu Khan,9837000200,2024-07-16 22:33:15,198,sms,514,"Etmadpur PS Tower, Agra"
UP-CDR-000042,UP02970,Gufran Rawat,9839002970,UP01953,Dhananjay Bind,9450001953,2024-03-22 02:21:10,82,voice,70,"Kotwali PS Tower, Bareilly"
UP-CDR-000043,UP00371,Rizwan Pandey,9412000371,UP00091,Rakesh Pal,9125000091,2024-04-20 03:25:11,111,voice,325,"Nawabad PS Tower, Jhansi"
UP-CDR-000044,UP00359,Atiq Qureshi,9412000359,UP00201,Chhotu Maurya,9839000201,2024-07-09 12:12:33,191,voice,481,"Sadar Bazar PS Tower, Meerut"
UP-CDR-000045,UP00457,Dharmendra Gupta,9837000457,UP00500,Vikram Gurjar,8840000500,2024-08-19 18:21:59,232,voice,723,"Sipri Bazar PS Tower, Jhansi"
UP-CDR-000046,UP00775,Deepak Rajput,7500000775,UP01682,Pankaj Tomar,9839001682,2024-05-14 10:30:06,135,voice,716,"Rakabganj PS Tower, Agra"
UP-CDR-000047,UP00626,Rakesh Srivastav,8006000626,UP02135,Ajay Chauhan,7007002135,2024-03-17 12:00:57,77,voice,298,"Kotwali PS Tower, Kanpur Nagar"
UP-CDR-000048,UP01658,Rajesh Khan,8006001658,UP01346,Santosh Chaudhary,9839001346,2024-08-25 13:57:45,238,sms,506,"Sadar Bazar PS Tower, Meerut"
UP-CDR-000049,UP00151,Dharmendra Nishad,8840000151,UP00767,Gufran Yadav,9927000767,2024-06-03 18:00:17,155,voice,960,"Civil Lines PS Tower, Prayagraj"
UP-CDR-000050,UP00163,Rakesh Dubey,8840000163,UP00508,Babloo Maurya,7007000508,2024-03-20 02:43:42,80,voice,188,"Tajganj PS Tower, Agra"
UP-CDR-000051,UP00572,Rakesh Ansari,9450000572,UP00408,Mahesh Mishra,8006000408,2024-03-03 18:39:07,63,voice,410,"Ayodhya Kotwali PS Tower, Ayodhya"
UP-CDR-000052,UP00347,Babloo Tripathi,8006000347,UP00303,Ravindra Chaudhary,9412000303,2024-02-20 10:20:21,51,voice,977,"Sector 24 PS Tower, Gautam Buddha Nagar (Noida)"
UP-CDR-000053,UP00310,Sanjay Dubey,7500000310,UP00300,Aslam Dubey,9125000300,2024-08-17 06:08:13,230,voice,304,"Sikandra PS Tower, Agra"
UP-CDR-000054,UP00342,Pramod Yadav,9839000342,UP00233,Pappu Tripathi,9839000233,2024-04-26 22:10:21,117,sms,840,"Cantt PS Tower, Ayodhya"
UP-CDR-000055,UP00175,Munna Rajput,7500000175,UP00480,Rakesh Nishad,9839000480,2024-03-02 00:22:34,62,voice,893,"Prem Nagar PS Tower, Bareilly"
UP-CDR-000056,UP01715,Guddu Ansari,8840001715,UP01138,Mahesh Khan,9837001138,2024-08-20 23:07:29,233,voice,226,"George Town PS Tower, Prayagraj"
UP-CDR-000057,UP00196,Gufran Jaiswal,8006000196,UP00553,Pramod Chaudhary,9839000553,2024-06-07 16:40:50,159,voice,1133,"Kotwali PS Tower, Gorakhpur"
UP-CDR-000058,UP00596,Neeraj Shukla,9415000596,UP00114,Atiq Chaudhary,7500000114,2024-03-13 03:22:25,73,voice,746,"Civil Lines PS Tower, Prayagraj"
UP-CDR-000059,UP01197,Rizwan Gupta,9837001197,UP00225,Abhay Tripathi,9450000225,2024-06-17 05:38:25,169,voice,948,"Civil Lines PS Tower, Meerut"
UP-CDR-000060,UP00512,Dhananjay Srivastav,9412000512,UP00354,Akhilesh Rajput,8840000354,2024-07-26 05:20:57,208,voice,950,"Civil Lines PS Tower, Prayagraj"
UP-CDR-000061,UP00595,Aslam Maurya,8840000595,UP00381,Chhotu Gurjar,7007000381,2024-04-22 23:28:46,113,voice,158,"Sahibabad PS Tower, Ghaziabad"
UP-CDR-000062,UP01896,Atiq Tripathi,9450001896,UP00158,Rakesh Pal,9125000158,2024-01-16 22:54:45,16,voice,1062,"Hari Parbat PS Tower, Agra"
UP-CDR-000063,UP00554,Satish Rawat,9415000554,UP00512,Dhananjay Srivastav,9412000512,2024-03-07 17:16:41,67,voice,984,"Nawabad PS Tower, Jhansi"
UP-CDR-000064,UP00274,Ajay Singh,9412000274,UP00038,Sunil Tiwari,9415000038,2024-07-17 02:16:03,199,sms,1071,"Sector 20 PS Tower, Gautam Buddha Nagar (Noida)"
UP-CDR-000065,UP01813,Alok Khan,9125001813,UP00288,Bablu Qureshi,9719000288,2024-08-02 13:18:00,215,voice,303,"Sigra PS Tower, Varanasi"
UP-CDR-000066,UP00457,Dharmendra Gupta,9837000457,UP00508,Babloo Maurya,7007000508,2024-01-21 21:16:27,21,voice,468,"Collectorganj PS Tower, Kanpur Nagar"
UP-CDR-000067,UP00157,Imran Singh,9125000157,UP00452,Imran Nagar,7007000452,2024-03-01 14:40:54,61,sms,1091,"Kotwali PS Tower, Bareilly"
UP-CDR-000068,UP00437,Satish Verma,7007000437,UP00517,Gufran Bind,9719000517,2024-08-25 19:58:03,238,voice,449,"Kotwali PS Tower, Ayodhya"
UP-CDR-000069,UP00068,Mahesh Tomar,9450000068,UP00062,Manoj Chauhan,7500000062,2024-06-07 09:17:09,159,voice,1041,"Nauchandi PS Tower, Meerut"
UP-CDR-000070,UP00187,Rakesh Mishra,9927000187,UP00444,Virendra Mishra,7500000444,2024-06-21 22:24:14,173,sms,115,"Cantt PS Tower, Gorakhpur"
UP-CDR-000071,UP00381,Chhotu Gurjar,7007000381,UP00438,Satish Jaiswal,9415000438,2024-06-07 10:40:05,159,voice,325,"Sikandra PS Tower, Agra"
UP-CDR-000072,UP00270,Bablu Ansari,8840000270,UP00049,Virendra Tyagi,9719000049,2024-08-23 17:49:57,236,voice,815,"Izzatnagar PS Tower, Bareilly"
UP-CDR-000073,UP00316,Satish Pal,7007000316,UP00546,Chhotu Rawat,9125000546,2024-03-13 04:15:06,73,voice,1194,"Nawabad PS Tower, Jhansi"
UP-CDR-000074,UP00031,Imran Tomar,7500000031,UP00198,Tariq Bind,9837000198,2024-06-04 06:03:10,156,sms,199,"Mahanagar PS Tower, Lucknow"
UP-CDR-000075,UP00459,Alok Chauhan,7500000459,UP00535,Mahesh Srivastav,9839000535,2024-06-01 06:23:16,153,voice,1053,"Katra PS Tower, Prayagraj"
UP-CDR-000076,UP00434,Brijesh Srivastav,9839000434,UP00594,Alok Gurjar,9450000594,2024-06-22 06:19:30,174,voice,334,"Rakabganj PS Tower, Agra"
UP-CDR-000077,UP02391,Ravindra Tyagi,9719002391,UP00052,Amit Yadav,9125000052,2024-02-23 16:17:58,54,voice,440,"Brahmpuri PS Tower, Meerut"
UP-CDR-000078,UP01387,Amit Tiwari,7007001387,UP01144,Bablu Gurjar,9839001144,2024-01-12 10:16:14,12,voice,649,"Cantt PS Tower, Varanasi"
UP-CDR-000079,UP00154,Santosh Gupta,9927000154,UP00066,Sanjay Nishad,9415000066,2024-03-24 08:35:07,84,sms,1097,"Etmadpur PS Tower, Agra"
UP-CDR-000080,UP00337,Ravindra Pal,7007000337,UP00296,Imran Bind,9415000296,2024-02-18 03:08:14,49,sms,497,"Knowledge Park PS Tower, Gautam Buddha Nagar (Noida)"
UP-CDR-000081,UP00001,Rajesh Rajput,9125000001,UP00403,Imran Verma,9839000403,2024-02-07 20:23:06,38,voice,411,"Shivpur PS Tower, Varanasi"
UP-CDR-000082,UP00033,Aslam Tomar,9412000033,UP00271,Atiq Yadav,9719000271,2024-07-29 00:38:51,211,voice,517,"Ayodhya Kotwali PS Tower, Ayodhya"
UP-CDR-000083,UP00121,Anil Tiwari,9412000121,UP00363,Munna Tomar,8006000363,2024-03-13 10:45:32,73,sms,412,"Barra PS Tower, Kanpur Nagar"
UP-CDR-000084,UP00500,Vikram Gurjar,8840000500,UP00541,Sonu Tiwari,9415000541,2024-05-22 03:43:21,143,voice,349,"Kotwali PS Tower, Ghaziabad"
UP-CDR-000085,UP00111,Deepak Yadav,9415000111,UP00347,Babloo Tripathi,8006000347,2024-03-08 06:40:56,68,voice,438,"Partapur PS Tower, Meerut"
UP-CDR-000086,UP00247,Vikram Khan,9125000247,UP00370,Neeraj Chaudhary,9719000370,2024-05-12 23:23:42,133,sms,548,"Gorakhnath PS Tower, Gorakhpur"
UP-CDR-000087,UP00152,Sonu Rajput,9837000152,UP00186,Sunil Rajput,9839000186,2024-03-09 02:46:27,69,voice,992,"Kotwali PS Tower, Ayodhya"
UP-CDR-000088,UP00552,Abhay Khan,9450000552,UP00215,Guddu Khan,9927000215,2024-07-20 03:11:28,202,voice,379,"Sadar Bazar PS Tower, Meerut"
UP-CDR-000089,UP00547,Aslam Dubey,8006000547,UP00527,Suresh Pandey,8006000527,2024-04-29 02:33:42,120,voice,562,"Civil Lines PS Tower, Prayagraj"
UP-CDR-000090,UP00083,Anil Mishra,7007000083,UP00305,Abhay Tyagi,9927000305,2024-08-23 00:59:25,236,voice,791,"Collectorganj PS Tower, Kanpur Nagar"
UP-CDR-000091,UP00814,Ajay Qureshi,9415000814,UP00001,Rajesh Rajput,9125000001,2024-07-09 17:49:05,191,voice,571,"Ramgarh Tal PS Tower, Gorakhpur"
UP-CDR-000092,UP02844,Manoj Pal,7500002844,UP00868,Rakesh Tripathi,8840000868,2024-02-06 14:48:13,37,voice,1041,"Shahpur PS Tower, Gorakhpur"
UP-CDR-000093,UP00091,Rakesh Pal,9125000091,UP00148,Pappu Gupta,9839000148,2024-03-05 12:58:25,65,voice,713,"Sigra PS Tower, Varanasi"
UP-CDR-000094,UP00518,Babloo Bind,9125000518,UP00328,Atiq Chauhan,9927000328,2024-06-05 19:50:28,157,voice,997,"Kotwali PS Tower, Ghaziabad"
UP-CDR-000095,UP01546,Mahesh Tyagi,9837001546,UP00031,Imran Tomar,7500000031,2024-08-12 02:48:24,225,voice,798,"Kareli PS Tower, Prayagraj"
UP-CDR-000096,UP00109,Satish Ansari,9839000109,UP00194,Santosh Jaiswal,7500000194,2024-01-29 05:26:13,29,voice,499,"Subhash Nagar PS Tower, Bareilly"
UP-CDR-000097,UP01094,Pankaj Ansari,9839001094,UP02452,Vikram Jaiswal,9125002452,2024-06-13 04:21:33,165,voice,113,"Kareli PS Tower, Prayagraj"
UP-CDR-000098,UP00139,Manoj Bind,9927000139,UP00473,Chhotu Srivastav,9415000473,2024-04-02 03:22:59,93,voice,414,"Chowk PS Tower, Lucknow"
UP-CDR-000099,UP02246,Rizwan Pandey,9415002246,UP01141,Sonu Mishra,9927001141,2024-07-03 19:57:53,185,voice,1165,"Govind Nagar PS Tower, Kanpur Nagar"
UP-CDR-000100,UP00275,Sanjay Ansari,9837000275,UP00214,Imran Yadav,9450000214,2024-07-12 17:23:19,194,voice,1112,"Subhash Nagar PS Tower, Bareilly"
UP-CDR-000101,UP01520,Alok Tripathi,9125001520,UP01894,Ajay Tiwari,8840001894,2024-03-13 09:22:59,73,voice,291,"Dhoomanganj PS Tower, Prayagraj"
UP-CDR-000102,UP00540,Ramesh Khan,9839000540,UP00595,Aslam Maurya,8840000595,2024-07-10 16:00:33,192,voice,907,"Kotwali PS Tower, Kanpur Nagar"
UP-CDR-000103,UP00247,Vikram Khan,9125000247,UP00545,Ravindra Qureshi,9719000545,2024-07-23 18:43:03,205,sms,102,"Tiwaripur PS Tower, Gorakhpur"
UP-CDR-000104,UP02787,Dhananjay Rawat,9839002787,UP01452,Virendra Verma,9415001452,2024-01-04 13:14:23,4,voice,375,"Raunahi PS Tower, Ayodhya"
UP-CDR-000105,UP00276,Alok Gupta,7500000276,UP00077,Suresh Khan,8006000077,2024-05-19 05:50:01,140,sms,121,"Sihani Gate PS Tower, Ghaziabad"
UP-CDR-000106,UP00420,Munna Yadav,7007000420,UP01763,Neeraj Ansari,7007001763,2024-08-10 16:48:25,223,voice,654,"Baradari PS Tower, Bareilly"
UP-CDR-000107,UP00570,Mahesh Bind,8006000570,UP00445,Manoj Chauhan,9412000445,2024-07-22 01:42:01,204,voice,810,"Raunahi PS Tower, Ayodhya"
UP-CDR-000108,UP01563,Gufran Siddiqui,9719001563,UP02663,Bablu Siddiqui,9125002663,2024-07-06 00:42:47,188,voice,151,"Sikandra PS Tower, Agra"
UP-CDR-000109,UP02121,Dhananjay Yadav,7007002121,UP02578,Babloo Nishad,8840002578,2024-07-02 15:07:26,184,voice,238,"Kareli PS Tower, Prayagraj"
UP-CDR-000110,UP00632,Vikram Kushwaha,7007000632,UP00023,Sanjay Jaiswal,8006000023,2024-06-03 09:12:01,155,voice,1109,"Nawabad PS Tower, Jhansi"
UP-CDR-000111,UP02939,Vikram Chauhan,9719002939,UP02001,Aslam Khan,9450002001,2024-01-08 12:50:06,8,sms,1051,"Ramgarh Tal PS Tower, Gorakhpur"
UP-CDR-000112,UP00177,Imran Srivastav,8006000177,UP00282,Tariq Dubey,9450000282,2024-05-23 09:22:48,144,voice,1072,"Govind Nagar PS Tower, Kanpur Nagar"
UP-CDR-000113,UP00291,Rakesh Rawat,8840000291,UP00247,Vikram Khan,9125000247,2024-08-07 04:35:24,220,voice,882,"Sector 24 PS Tower, Gautam Buddha Nagar (Noida)"
UP-CDR-000114,UP00356,Alok Gautam,9837000356,UP00253,Mahesh Chaudhary,9927000253,2024-03-06 23:38:19,66,sms,576,"Ramgarh Tal PS Tower, Gorakhpur"
UP-CDR-000115,UP00286,Abhay Jaiswal,9837000286,UP00151,Dharmendra Nishad,8840000151,2024-04-18 19:12:10,109,voice,145,"Sector 20 PS Tower, Gautam Buddha Nagar (Noida)"
UP-CDR-000116,UP00256,Alok Pandey,9450000256,UP00293,Imran Singh,9839000293,2024-01-22 14:30:53,22,voice,982,"Ayodhya Kotwali PS Tower, Ayodhya"
UP-CDR-000117,UP00186,Sunil Rajput,9839000186,UP00290,Pramod Yadav,9839000290,2024-08-18 18:43:05,231,voice,937,"Hazratganj PS Tower, Lucknow"
UP-CDR-000118,UP00201,Chhotu Maurya,9839000201,UP00484,Dhananjay Nishad,9450000484,2024-01-08 10:42:53,8,voice,463,"Naini PS Tower, Prayagraj"
UP-CDR-000119,UP00448,Babloo Pandey,9412000448,UP00055,Pappu Pandey,8840000055,2024-02-08 16:32:10,39,sms,273,"Kotwali PS Tower, Jhansi"
UP-CDR-000120,UP00271,Atiq Yadav,9719000271,UP00384,Dharmendra Singh,9927000384,2024-03-07 17:05:59,67,sms,1090,"Kotwali PS Tower, Ghaziabad"
UP-CDR-000121,UP00440,Guddu Mishra,9450000440,UP00133,Anil Nishad,9837000133,2024-04-10 06:21:00,101,voice,1141,"Sipri Bazar PS Tower, Jhansi"
UP-CDR-000122,UP00156,Imran Verma,9927000156,UP00369,Sonu Gautam,9125000369,2024-03-01 00:46:34,61,voice,110,"Shahpur PS Tower, Gorakhpur"
UP-CDR-000123,UP00077,Suresh Khan,8006000077,UP00320,Ramesh Nagar,9415000320,2024-04-10 22:01:03,101,voice,103,"Sikandra PS Tower, Agra"
UP-CDR-000124,UP00463,Suresh Tripathi,9837000463,UP00547,Aslam Dubey,8006000547,2024-02-15 11:48:02,46,voice,219,"Chetganj PS Tower, Varanasi"
UP-CDR-000125,UP01867,Munna Srivastav,7007001867,UP00118,Tariq Qureshi,8840000118,2024-05-22 19:09:54,143,voice,651,"Sector 20 PS Tower, Gautam Buddha Nagar (Noida)"
UP-CDR-000126,UP00460,Brijesh Nagar,7500000460,UP00551,Rajesh Gupta,7500000551,2024-01-19 00:02:06,19,voice,543,"Subhash Nagar PS Tower, Bareilly"
UP-CDR-000127,UP00202,Pramod Tiwari,8840000202,UP00406,Satish Shukla,7007000406,2024-04-29 21:54:17,120,voice,629,"Dhoomanganj PS Tower, Prayagraj"
UP-CDR-000128,UP00032,Babloo Tomar,9125000032,UP00264,Imran Gupta,9450000264,2024-03-02 09:24:01,62,voice,528,"Kotwali PS Tower, Ayodhya"
UP-CDR-000129,UP00267,Aslam Rawat,9125000267,UP00181,Sanjay Yadav,9837000181,2024-07-29 19:44:28,211,voice,356,"Sikandra PS Tower, Agra"
UP-CDR-000130,UP00093,Abhay Nishad,9450000093,UP00376,Gufran Pal,9415000376,2024-01-30 03:17:58,30,voice,1031,"Ayodhya Kotwali PS Tower, Ayodhya"
UP-CDR-000131,UP00954,Santosh Jaiswal,9125000954,UP01713,Guddu Khan,9839001713,2024-06-16 16:30:21,168,sms,198,"Gorakhnath PS Tower, Gorakhpur"
UP-CDR-000132,UP00121,Anil Tiwari,9412000121,UP00412,Atiq Qureshi,9927000412,2024-01-31 06:20:59,31,voice,905,"Subhash Nagar PS Tower, Bareilly"
UP-CDR-000133,UP00148,Pappu Gupta,9839000148,UP00365,Brijesh Yadav,9927000365,2024-08-14 20:09:33,227,voice,1003,"Raunahi PS Tower, Ayodhya"
UP-CDR-000134,UP00127,Akhilesh Pandey,9125000127,UP00028,Akhilesh Kushwaha,9125000028,2024-03-07 02:05:35,67,voice,724,"Kavi Nagar PS Tower, Ghaziabad"
UP-CDR-000135,UP00195,Pramod Siddiqui,9927000195,UP00039,Deepak Bind,9415000039,2024-03-23 05:03:49,83,voice,968,"Kotwali PS Tower, Jhansi"
UP-CDR-000136,UP00300,Aslam Dubey,9125000300,UP00820,Anil Rajput,7500000820,2024-05-02 02:52:44,123,voice,220,"Shahganj PS Tower, Agra"
UP-CDR-000137,UP00357,Amit Shukla,9719000357,UP00190,Pappu Rawat,9415000190,2024-08-11 01:46:42,224,voice,851,"Gorakhnath PS Tower, Gorakhpur"
UP-CDR-000138,UP00473,Chhotu Srivastav,9415000473,UP00168,Ravindra Srivastav,9412000168,2024-01-21 11:42:48,21,voice,701,"Tajganj PS Tower, Agra"
UP-CDR-000139,UP00589,Babloo Pandey,8006000589,UP00139,Manoj Bind,9927000139,2024-03-18 12:51:37,78,voice,343,"Kotwali PS Tower, Gorakhpur"
UP-CDR-000140,UP00489,Pramod Srivastav,7007000489,UP00511,Munna Jaiswal,8840000511,2024-04-26 19:09:55,117,voice,1080,"Prem Nagar PS Tower, Jhansi"
UP-CDR-000141,UP00092,Vikram Rawat,7007000092,UP01752,Tariq Tyagi,7007001752,2024-05-22 00:50:34,143,voice,1107,"Hazratganj PS Tower, Lucknow"
UP-CDR-000142,UP00055,Pappu Pandey,8840000055,UP00233,Pappu Tripathi,9839000233,2024-01-05 16:54:01,5,sms,521,"Kareli PS Tower, Prayagraj"
UP-CDR-000143,UP00592,Guddu Gurjar,8006000592,UP00463,Suresh Tripathi,9837000463,2024-02-06 12:00:20,37,voice,891,"Gomti Nagar PS Tower, Lucknow"
UP-CDR-000144,UP01146,Suresh Srivastav,9719001146,UP02026,Babloo Yadav,8840002026,2024-02-18 07:59:15,49,voice,488,"Knowledge Park PS Tower, Gautam Buddha Nagar (Noida)"
UP-CDR-000145,UP02138,Neeraj Gurjar,9415002138,UP02290,Babloo Yadav,9450002290,2024-02-23 11:43:40,54,voice,663,"Cantt PS Tower, Varanasi"
UP-CDR-000146,UP00288,Bablu Qureshi,9719000288,UP00195,Pramod Siddiqui,9927000195,2024-08-19 06:10:42,232,voice,1198,"Bhelupur PS Tower, Varanasi"
UP-CDR-000147,UP00569,Neeraj Qureshi,8006000569,UP00512,Dhananjay Srivastav,9412000512,2024-02-06 09:15:08,37,voice,265,"Kotwali PS Tower, Gorakhpur"
UP-CDR-000148,UP01318,Neeraj Pandey,9839001318,UP00685,Neeraj Singh,9450000685,2024-02-02 01:47:55,33,sms,873,"Nawabad PS Tower, Jhansi"
UP-CDR-000149,UP00079,Pramod Gautam,9450000079,UP00346,Tariq Verma,9719000346,2024-04-21 18:04:42,112,voice,37,"Gorakhnath PS Tower, Gorakhpur"
UP-CDR-000150,UP00600,Imran Chaudhary,7007000600,UP00126,Tariq Pandey,8840000126,2024-02-21 21:11:04,52,voice,922,"Sipri Bazar PS Tower, Jhansi"
UP-CDR-000151,UP00247,Vikram Khan,9125000247,UP00321,Imran Dubey,8006000321,2024-01-16 05:47:29,16,voice,126,"Brahmpuri PS Tower, Meerut"
UP-CDR-000152,UP00398,Manoj Nishad,7007000398,UP00576,Babloo Shukla,9450000576,2024-02-20 12:20:57,51,voice,608,"Sihani Gate PS Tower, Ghaziabad"
UP-CDR-000153,UP00504,Anil Tiwari,9839000504,UP00446,Pramod Khan,9719000446,2024-01-18 17:25:12,18,sms,461,"Barra PS Tower, Kanpur Nagar"
UP-CDR-000154,UP00203,Tariq Siddiqui,9839000203,UP00338,Sonu Shukla,7500000338,2024-04-26 11:45:21,117,voice,751,"Civil Lines PS Tower, Meerut"
UP-CDR-000155,UP00611,Chhotu Verma,8840000611,UP00502,Neeraj Qureshi,9719000502,2024-02-10 13:27:16,41,voice,651,"Hazratganj PS Tower, Lucknow"
UP-CDR-000156,UP00394,Manoj Siddiqui,9839000394,UP00129,Amit Srivastav,9412000129,2024-03-05 01:06:47,65,voice,472,"Izzatnagar PS Tower, Bareilly"
UP-CDR-000157,UP00240,Deepak Bind,9719000240,UP01575,Sunil Chauhan,9927001575,2024-01-28 18:46:46,28,voice,985,"Raunahi PS Tower, Ayodhya"
UP-CDR-000158,UP00196,Gufran Jaiswal,8006000196,UP00343,Tariq Kushwaha,7007000343,2024-04-13 23:06:29,104,voice,902,"Shivpur PS Tower, Varanasi"
UP-CDR-000159,UP00085,Munna Verma,9927000085,UP00315,Pramod Gautam,9125000315,2024-01-07 01:11:16,7,voice,672,"Izzatnagar PS Tower, Bareilly"
UP-CDR-000160,UP00217,Abhay Bind,9450000217,UP00014,Bablu Bind,8006000014,2024-07-30 14:12:15,212,voice,728,"Ayodhya Kotwali PS Tower, Ayodhya"
UP-CDR-000161,UP00109,Satish Ansari,9839000109,UP00388,Mahesh Tripathi,9839000388,2024-07-31 23:12:59,213,voice,788,"Barra PS Tower, Kanpur Nagar"
UP-CDR-000162,UP00245,Babloo Ansari,7007000245,UP00024,Deepak Gautam,9412000024,2024-06-03 02:37:03,155,voice,1027,"Nawabad PS Tower, Jhansi"
UP-CDR-000163,UP02606,Pramod Tiwari,7500002606,UP01884,Dhananjay Khan,9125001884,2024-08-19 09:00:06,232,sms,1121,"Kareli PS Tower, Prayagraj"
UP-CDR-000164,UP01669,Deepak Pandey,8840001669,UP02832,Deepak Kushwaha,8006002832,2024-07-09 23:19:52,191,voice,493,"Cantt PS Tower, Ayodhya"
UP-CDR-000165,UP00115,Virendra Tripathi,9927000115,UP00173,Sonu Dubey,9415000173,2024-04-05 23:05:05,96,voice,1010,"Indirapuram PS Tower, Ghaziabad"
UP-CDR-000166,UP00523,Imran Shukla,9412000523,UP00117,Munna Gurjar,9415000117,2024-01-26 19:04:34,26,voice,543,"Cantt PS Tower, Gorakhpur"
UP-CDR-000167,UP00221,Deepak Kushwaha,8006000221,UP00193,Rizwan Pal,9719000193,2024-07-19 19:06:45,201,voice,992,"Baradari PS Tower, Bareilly"
UP-CDR-000168,UP00485,Sonu Singh,9125000485,UP00083,Anil Mishra,7007000083,2024-03-04 00:03:14,64,voice,972,"Sector 39 PS Tower, Gautam Buddha Nagar (Noida)"
UP-CDR-000169,UP00067,Rakesh Mishra,8006000067,UP00589,Babloo Pandey,8006000589,2024-02-10 16:20:32,41,voice,957,"Partapur PS Tower, Meerut"
UP-CDR-000170,UP02089,Munna Gurjar,8006002089,UP01870,Dharmendra Pal,9839001870,2024-07-26 06:51:44,208,voice,739,"Etmadpur PS Tower, Agra"
UP-CDR-000171,UP00229,Satish Verma,9839000229,UP00089,Santosh Siddiqui,9927000089,2024-01-02 08:38:45,2,voice,156,"Lisari Gate PS Tower, Meerut"
UP-CDR-000172,UP00508,Babloo Maurya,7007000508,UP00410,Amit Maurya,9927000410,2024-04-06 11:49:36,97,voice,269,"Katra PS Tower, Prayagraj"
UP-CDR-000173,UP00497,Munna Rajput,9839000497,UP00091,Rakesh Pal,9125000091,2024-03-15 18:03:56,75,voice,645,"Kotwali PS Tower, Ayodhya"
UP-CDR-000174,UP00416,Satish Jaiswal,9450000416,UP00141,Mahesh Dubey,9412000141,2024-06-23 01:46:28,175,voice,575,"Sector 39 PS Tower, Gautam Buddha Nagar (Noida)"
UP-CDR-000175,UP01336,Munna Mishra,7500001336,UP00105,Rizwan Tiwari,9125000105,2024-07-26 22:27:59,208,voice,243,"Govind Nagar PS Tower, Kanpur Nagar"
UP-CDR-000176,UP00099,Alok Tomar,9412000099,UP00019,Tariq Gautam,8840000019,2024-05-19 09:03:05,140,voice,655,"Gomti Nagar PS Tower, Lucknow"
UP-CDR-000177,UP00480,Rakesh Nishad,9839000480,UP00105,Rizwan Tiwari,9125000105,2024-03-24 06:25:45,84,voice,723,"Sigra PS Tower, Varanasi"
UP-CDR-000178,UP00160,Deepak Gautam,9450000160,UP00033,Aslam Tomar,9412000033,2024-04-13 13:50:25,104,voice,249,"Kotwali PS Tower, Ghaziabad"
UP-CDR-000179,UP00187,Rakesh Mishra,9927000187,UP00582,Imran Kushwaha,9837000582,2024-07-12 08:27:34,194,voice,289,"Prem Nagar PS Tower, Jhansi"
UP-CDR-000180,UP00198,Tariq Bind,9837000198,UP00388,Mahesh Tripathi,9839000388,2024-02-09 00:26:14,40,voice,876,"Govind Nagar PS Tower, Kanpur Nagar"
UP-CDR-000181,UP00489,Pramod Srivastav,7007000489,UP00235,Imran Srivastav,9927000235,2024-01-05 17:45:43,5,voice,1155,"Sadar Bazar PS Tower, Meerut"
UP-CDR-000182,UP02488,Ravindra Gupta,9719002488,UP01920,Munna Pandey,9719001920,2024-02-21 14:01:55,52,voice,998,"Prem Nagar PS Tower, Jhansi"
UP-CDR-000183,UP01777,Babloo Pandey,9839001777,UP00803,Dharmendra Tripathi,9125000803,2024-06-22 17:07:57,174,voice,799,"Kotwali PS Tower, Gorakhpur"
UP-CDR-000184,UP00001,Rajesh Rajput,9125000001,UP00485,Sonu Singh,9125000485,2024-06-03 04:12:01,155,voice,1096,"Kotwali PS Tower, Ayodhya"
UP-CDR-000185,UP00581,Ravindra Chauhan,7007000581,UP00127,Akhilesh Pandey,9125000127,2024-01-17 17:53:57,17,voice,745,"Naini PS Tower, Prayagraj"
UP-CDR-000186,UP00038,Sunil Tiwari,9415000038,UP00534,Imran Jaiswal,9415000534,2024-08-24 08:35:43,237,voice,521,"Kalyanpur PS Tower, Kanpur Nagar"
UP-CDR-000187,UP00092,Vikram Rawat,7007000092,UP00095,Akhilesh Tomar,8006000095,2024-07-07 11:38:38,189,voice,401,"Knowledge Park PS Tower, Gautam Buddha Nagar (Noida)"
UP-CDR-000188,UP00597,Anil Ansari,9839000597,UP00295,Neeraj Bind,9839000295,2024-08-14 01:18:04,227,voice,1025,"Indirapuram PS Tower, Ghaziabad"
UP-CDR-000189,UP00361,Chhotu Nishad,9450000361,UP00235,Imran Srivastav,9927000235,2024-05-30 21:18:35,151,sms,819,"Alambagh PS Tower, Lucknow"
UP-CDR-000190,UP00128,Atiq Siddiqui,9415000128,UP02646,Ramesh Gautam,9837002646,2024-04-09 07:58:42,100,sms,549,"Subhash Nagar PS Tower, Bareilly"
UP-CDR-000191,UP00128,Atiq Siddiqui,9415000128,UP00379,Ajay Qureshi,9719000379,2024-08-12 22:02:36,225,voice,144,"Kotwali PS Tower, Gorakhpur"
UP-CDR-000192,UP00103,Mukhtar Tripathi,7007000103,UP00423,Pramod Kushwaha,9125000423,2024-08-19 05:36:33,232,voice,487,"Kavi Nagar PS Tower, Ghaziabad"
UP-CDR-000193,UP00100,Rakesh Srivastav,9412000100,UP00426,Rakesh Khan,9450000426,2024-04-04 21:38:39,95,voice,632,"Chowk PS Tower, Lucknow"
UP-CDR-000194,UP00400,Abhay Nagar,9837000400,UP00226,Ramesh Rawat,9719000226,2024-07-16 05:09:17,198,voice,99,"Barra PS Tower, Kanpur Nagar"
UP-CDR-000195,UP00401,Akhilesh Kushwaha,9837000401,UP00445,Manoj Chauhan,9412000445,2024-01-08 08:22:12,8,voice,552,"Izzatnagar PS Tower, Bareilly"
UP-CDR-000196,UP00116,Tariq Gautam,9839000116,UP00460,Brijesh Nagar,7500000460,2024-06-07 01:31:15,159,voice,1048,"Gomti Nagar PS Tower, Lucknow"
UP-CDR-000197,UP00019,Tariq Gautam,8840000019,UP00550,Babloo Maurya,7007000550,2024-03-16 16:39:42,76,voice,29,"Kalyanpur PS Tower, Kanpur Nagar"
UP-CDR-000198,UP00209,Satish Pal,9719000209,UP00246,Rakesh Shukla,9412000246,2024-02-08 22:52:38,39,voice,1051,"Barra PS Tower, Kanpur Nagar"
UP-CDR-000199,UP00152,Sonu Rajput,9837000152,UP00504,Anil Tiwari,9839000504,2024-04-23 17:20:04,114,voice,1008,"Nawabad PS Tower, Jhansi"
UP-CDR-000200,UP00216,Gufran Chauhan,9719000216,UP00283,Akhilesh Shukla,8840000283,2024-06-02 21:20:00,154,voice,157,"Shivpur PS Tower, Varanasi"
UP-CDR-000201,UP02023,Imran Nishad,8006002023,UP02742,Dharmendra Tiwari,9415002742,2024-03-03 20:07:06,63,voice,213,"Nawabad PS Tower, Jhansi"
UP-CDR-000202,UP00641,Guddu Mishra,8840000641,UP01290,Anil Chaudhary,7500001290,2024-05-17 19:52:08,138,sms,409,"Sigra PS Tower, Varanasi"
UP-CDR-000203,UP00370,Neeraj Chaudhary,9719000370,UP00244,Satish Bind,8840000244,2024-04-17 10:20:02,108,voice,704,"Collectorganj PS Tower, Kanpur Nagar"
UP-CDR-000204,UP00301,Mukhtar Siddiqui,7007000301,UP00497,Munna Rajput,9839000497,2024-08-25 02:19:34,238,voice,601,"Chinhat PS Tower, Lucknow"
UP-CDR-000205,UP00400,Abhay Nagar,9837000400,UP00277,Dharmendra Gautam,9837000277,2024-05-18 08:17:58,139,voice,964,"Baradari PS Tower, Bareilly"
UP-CDR-000206,UP00910,Ramesh Maurya,9450000910,UP02988,Tariq Chaudhary,7500002988,2024-03-27 01:41:01,87,voice,519,"Partapur PS Tower, Meerut"
UP-CDR-000207,UP00131,Tariq Nishad,7007000131,UP00233,Pappu Tripathi,9839000233,2024-04-02 00:56:55,93,voice,555,"Sector 20 PS Tower, Gautam Buddha Nagar (Noida)"
UP-CDR-000208,UP00223,Rakesh Bind,9125000223,UP00141,Mahesh Dubey,9412000141,2024-07-15 23:06:10,197,voice,144,"Kavi Nagar PS Tower, Ghaziabad"
UP-CDR-000209,UP00310,Sanjay Dubey,7500000310,UP00576,Babloo Shukla,9450000576,2024-02-05 23:22:19,36,sms,858,"Brahmpuri PS Tower, Meerut"
UP-CDR-000210,UP00563,Guddu Chauhan,9450000563,UP00041,Neeraj Pal,9839000041,2024-07-26 13:48:42,208,voice,722,"Raunahi PS Tower, Ayodhya"
UP-CDR-000211,UP00419,Gufran Dubey,8006000419,UP00306,Imran Rawat,8006000306,2024-05-13 14:52:41,134,sms,914,"Cantt PS Tower, Ayodhya"
UP-CDR-000212,UP00395,Ramesh Pal,9415000395,UP00323,Rajesh Siddiqui,9450000323,2024-01-18 10:00:52,18,sms,891,"Sadar Bazar PS Tower, Meerut"
UP-CDR-000213,UP01591,Tariq Rajput,7500001591,UP00495,Tariq Chaudhary,7007000495,2024-04-15 16:09:09,106,voice,978,"George Town PS Tower, Prayagraj"
UP-CDR-000214,UP00522,Pankaj Srivastav,9837000522,UP00545,Ravindra Qureshi,9719000545,2024-03-11 21:09:16,71,voice,546,"Kalyanpur PS Tower, Kanpur Nagar"
UP-CDR-000215,UP01331,Akhilesh Rajput,8840001331,UP02210,Pramod Khan,9412002210,2024-04-09 07:08:03,100,sms,132,"Barra PS Tower, Kanpur Nagar"
UP-CDR-000216,UP00237,Sunil Gupta,9415000237,UP00553,Pramod Chaudhary,9839000553,2024-01-02 13:16:11,2,voice,852,"Sector 20 PS Tower, Gautam Buddha Nagar (Noida)"
UP-CDR-000217,UP00250,Rajesh Gurjar,9927000250,UP00361,Chhotu Nishad,9450000361,2024-05-28 17:27:00,149,voice,304,"Kotwali PS Tower, Gorakhpur"
UP-CDR-000218,UP00452,Imran Nagar,7007000452,UP00205,Anil Dubey,9719000205,2024-04-29 23:56:32,120,voice,201,"Sector 39 PS Tower, Gautam Buddha Nagar (Noida)"
UP-CDR-000219,UP02053,Ajay Maurya,9412002053,UP02513,Amit Nishad,9927002513,2024-08-14 05:27:55,227,sms,377,"Dhoomanganj PS Tower, Prayagraj"
UP-CDR-000220,UP00517,Gufran Bind,9719000517,UP00207,Dhananjay Pandey,8006000207,2024-03-24 07:03:39,84,voice,780,"Kotwali PS Tower, Ghaziabad"
UP-CDR-000221,UP00171,Babloo Qureshi,8840000171,UP00435,Sanjay Tomar,9415000435,2024-05-09 23:50:41,130,voice,513,"Gomti Nagar PS Tower, Lucknow"
UP-CDR-000222,UP00554,Satish Rawat,9415000554,UP02152,Sonu Rawat,9839002152,2024-02-23 10:16:43,54,voice,541,"Prem Nagar PS Tower, Jhansi"
UP-CDR-000223,UP00570,Mahesh Bind,8006000570,UP00420,Munna Yadav,7007000420,2024-05-15 12:07:13,136,sms,127,"Izzatnagar PS Tower, Bareilly"
UP-CDR-000224,UP02943,Abhay Chaudhary,9927002943,UP02504,Bablu Chaudhary,7500002504,2024-03-28 22:59:32,88,voice,304,"Sigra PS Tower, Varanasi"
UP-CDR-000225,UP00277,Dharmendra Gautam,9837000277,UP00306,Imran Rawat,8006000306,2024-02-02 16:33:38,33,voice,1123,"Sipri Bazar PS Tower, Jhansi"
UP-CDR-000226,UP00031,Imran Tomar,7500000031,UP00261,Rajesh Verma,7007000261,2024-03-06 14:17:53,66,voice,154,"George Town PS Tower, Prayagraj"
UP-CDR-000227,UP00746,Satish Verma,8006000746,UP01392,Dhananjay Tyagi,9839001392,2024-07-11 05:48:50,193,voice,854,"Sahibabad PS Tower, Ghaziabad"
UP-CDR-000228,UP00403,Imran Verma,9839000403,UP00226,Ramesh Rawat,9719000226,2024-05-27 01:33:22,148,voice,125,"Hazratganj PS Tower, Lucknow"
UP-CDR-000229,UP00333,Satish Chauhan,8840000333,UP00004,Imran Nishad,7500000004,2024-02-04 08:50:41,35,voice,1174,"Prem Nagar PS Tower, Bareilly"
UP-CDR-000230,UP01752,Tariq Tyagi,7007001752,UP01502,Dhananjay Yadav,9927001502,2024-07-24 10:52:15,206,voice,263,"Kotwali PS Tower, Ghaziabad"
UP-CDR-000231,UP00486,Deepak Rawat,7007000486,UP00122,Neeraj Gurjar,9450000122,2024-03-30 03:14:02,90,voice,272,"Hari Parbat PS Tower, Agra"
UP-CDR-000232,UP00557,Neeraj Pandey,8840000557,UP00224,Neeraj Pandey,8840000224,2024-05-28 23:59:28,149,voice,31,"Gorakhnath PS Tower, Gorakhpur"
UP-CDR-000233,UP00287,Rajesh Gautam,9125000287,UP00215,Guddu Khan,9927000215,2024-03-30 21:59:08,90,voice,1174,"Izzatnagar PS Tower, Bareilly"
UP-CDR-000234,UP00090,Mukhtar Dubey,9450000090,UP00214,Imran Yadav,9450000214,2024-02-10 18:34:07,41,voice,123,"Kotwali PS Tower, Ghaziabad"
UP-CDR-000235,UP00183,Vikram Tripathi,8840000183,UP00359,Atiq Qureshi,9412000359,2024-08-17 15:29:15,230,voice,788,"Sadar Bazar PS Tower, Meerut"
UP-CDR-000236,UP02624,Ajay Gupta,9450002624,UP01302,Sunil Gupta,9125001302,2024-06-08 14:45:10,160,voice,370,"Lisari Gate PS Tower, Meerut"
UP-CDR-000237,UP00538,Suresh Pal,8006000538,UP00176,Amit Tiwari,9839000176,2024-05-16 13:26:13,137,voice,872,"Nauchandi PS Tower, Meerut"
UP-CDR-000238,UP02411,Anil Rawat,7500002411,UP02556,Gufran Maurya,9450002556,2024-06-06 05:38:33,158,voice,823,"Kotwali PS Tower, Jhansi"
UP-CDR-000239,UP00971,Sunil Shukla,7500000971,UP02502,Abhay Yadav,9719002502,2024-03-19 12:47:46,79,voice,580,"Civil Lines PS Tower, Meerut"
UP-CDR-000240,UP00152,Sonu Rajput,9837000152,UP00440,Guddu Mishra,9450000440,2024-04-02 06:00:05,93,sms,383,"Kavi Nagar PS Tower, Ghaziabad"
UP-CDR-000241,UP00467,Mahesh Pal,9125000467,UP00129,Amit Srivastav,9412000129,2024-04-14 02:13:53,105,voice,328,"Dhoomanganj PS Tower, Prayagraj"
UP-CDR-000242,UP00113,Imran Siddiqui,9125000113,UP00144,Rakesh Rajput,9927000144,2024-01-23 20:38:25,23,voice,645,"Prem Nagar PS Tower, Jhansi"
UP-CDR-000243,UP00596,Neeraj Shukla,9415000596,UP00135,Sunil Shukla,9412000135,2024-08-27 00:00:31,240,voice,113,"Civil Lines PS Tower, Prayagraj"
UP-CDR-000244,UP01170,Tariq Khan,9415001170,UP01141,Sonu Mishra,9927001141,2024-01-02 20:20:26,2,voice,404,"Hari Parbat PS Tower, Agra"
UP-CDR-000245,UP00105,Rizwan Tiwari,9125000105,UP00093,Abhay Nishad,9450000093,2024-02-07 19:54:59,38,voice,317,"Naini PS Tower, Prayagraj"
UP-CDR-000246,UP00440,Guddu Mishra,9450000440,UP00403,Imran Verma,9839000403,2024-06-15 22:21:32,167,voice,327,"Knowledge Park PS Tower, Gautam Buddha Nagar (Noida)"
UP-CDR-000247,UP00523,Imran Shukla,9412000523,UP00152,Sonu Rajput,9837000152,2024-01-16 12:48:35,16,voice,583,"Cantt PS Tower, Gorakhpur"
UP-CDR-000248,UP01174,Tariq Nishad,9839001174,UP01672,Gufran Ansari,9412001672,2024-04-09 10:06:17,100,voice,658,"Surajpur PS Tower, Gautam Buddha Nagar (Noida)"
UP-CDR-000249,UP00241,Guddu Srivastav,9415000241,UP01601,Dhananjay Nishad,9839001601,2024-05-05 20:06:00,126,voice,1173,"Kalyanpur PS Tower, Kanpur Nagar"
UP-CDR-000250,UP02627,Anil Singh,9125002627,UP02012,Anil Tripathi,7007002012,2024-04-06 16:25:09,97,voice,385,"Sigra PS Tower, Varanasi"
UP-CDR-000251,UP00124,Chhotu Chaudhary,9839000124,UP00547,Aslam Dubey,8006000547,2024-01-03 18:17:23,3,voice,987,"Civil Lines PS Tower, Meerut"
UP-CDR-000252,UP01488,Neeraj Maurya,8840001488,UP00346,Tariq Verma,9719000346,2024-02-24 04:02:39,55,voice,674,"Shahganj PS Tower, Agra"
UP-CDR-000253,UP00549,Mahesh Tyagi,7007000549,UP00026,Rajesh Shukla,9412000026,2024-04-10 01:28:27,101,sms,1054,"Gomti Nagar PS Tower, Lucknow"
UP-CDR-000254,UP01035,Ravindra Yadav,7500001035,UP02687,Satish Gupta,9125002687,2024-08-22 21:12:46,235,voice,90,"Sadar Bazar PS Tower, Meerut"
UP-CDR-000255,UP00356,Alok Gautam,9837000356,UP00427,Mahesh Mishra,9415000427,2024-07-15 19:16:49,197,voice,609,"Chowk PS Tower, Lucknow"
UP-CDR-000256,UP00095,Akhilesh Tomar,8006000095,UP00337,Ravindra Pal,7007000337,2024-05-12 14:52:49,133,sms,220,"George Town PS Tower, Prayagraj"
UP-CDR-000257,UP02735,Sunil Pandey,9839002735,UP02392,Guddu Jaiswal,9927002392,2024-01-23 16:12:46,23,voice,480,"Tajganj PS Tower, Agra"
UP-CDR-000258,UP00514,Akhilesh Maurya,9927000514,UP00232,Ajay Tripathi,9125000232,2024-08-28 09:41:36,241,sms,919,"Cantt PS Tower, Gorakhpur"
UP-CDR-000259,UP00405,Sonu Gautam,7007000405,UP00843,Munna Yadav,7500000843,2024-03-02 21:42:23,62,voice,1154,"Bhelupur PS Tower, Varanasi"
UP-CDR-000260,UP00240,Deepak Bind,9719000240,UP00433,Sanjay Mishra,9719000433,2024-06-06 22:30:02,158,voice,184,"Cantt PS Tower, Ayodhya"
UP-CDR-000261,UP00035,Rizwan Nagar,9450000035,UP00115,Virendra Tripathi,9927000115,2024-08-27 08:57:02,240,voice,92,"Ramgarh Tal PS Tower, Gorakhpur"
UP-CDR-000262,UP00486,Deepak Rawat,7007000486,UP00381,Chhotu Gurjar,7007000381,2024-03-11 11:20:38,71,voice,177,"Nawabad PS Tower, Jhansi"
UP-CDR-000263,UP00572,Rakesh Ansari,9450000572,UP00600,Imran Chaudhary,7007000600,2024-07-10 05:18:11,192,voice,91,"Cantt PS Tower, Ayodhya"
UP-CDR-000264,UP00298,Munna Gurjar,9415000298,UP00024,Deepak Gautam,9412000024,2024-02-12 12:14:30,43,voice,1013,"Lisari Gate PS Tower, Meerut"
UP-CDR-000265,UP00387,Ravindra Rajput,8006000387,UP00327,Guddu Tomar,8840000327,2024-06-01 03:00:10,153,voice,863,"Prem Nagar PS Tower, Bareilly"
UP-CDR-000266,UP02001,Aslam Khan,9450002001,UP01669,Deepak Pandey,8840001669,2024-05-07 05:55:45,128,voice,246,"Cantt PS Tower, Varanasi"
UP-CDR-000267,UP02975,Rakesh Pal,9719002975,UP00755,Gufran Shukla,9837000755,2024-07-25 08:20:17,207,voice,466,"Shahganj PS Tower, Agra"
UP-CDR-000268,UP00301,Mukhtar Siddiqui,7007000301,UP00365,Brijesh Yadav,9927000365,2024-01-12 12:27:57,12,voice,572,"Cantt PS Tower, Varanasi"
UP-CDR-000269,UP00141,Mahesh Dubey,9412000141,UP00272,Neeraj Chauhan,9450000272,2024-03-25 12:19:13,85,voice,151,"Baradari PS Tower, Bareilly"
UP-CDR-000270,UP00097,Atiq Pandey,7500000097,UP00233,Pappu Tripathi,9839000233,2024-02-09 02:36:12,40,voice,957,"Sihani Gate PS Tower, Ghaziabad"
UP-CDR-000271,UP02046,Ajay Srivastav,9412002046,UP00413,Pramod Nagar,8840000413,2024-06-15 21:56:34,167,voice,159,"Gomti Nagar PS Tower, Lucknow"
UP-CDR-000272,UP00596,Neeraj Shukla,9415000596,UP00057,Akhilesh Chauhan,9125000057,2024-03-31 18:33:30,91,voice,924,"Cantt PS Tower, Ayodhya"
UP-CDR-000273,UP00345,Vikram Dubey,9125000345,UP00274,Ajay Singh,9412000274,2024-08-12 07:23:31,225,voice,161,"George Town PS Tower, Prayagraj"
UP-CDR-000274,UP00149,Neeraj Khan,9450000149,UP00257,Abhay Dubey,7007000257,2024-06-06 12:32:03,158,voice,941,"Sector 24 PS Tower, Gautam Buddha Nagar (Noida)"
UP-CDR-000275,UP01589,Rizwan Nagar,7007001589,UP01072,Rajesh Nagar,9839001072,2024-06-13 14:03:24,165,voice,394,"Nawabad PS Tower, Jhansi"
UP-CDR-000276,UP00595,Aslam Maurya,8840000595,UP00322,Rajesh Verma,9415000322,2024-07-29 21:51:39,211,voice,952,"Baradari PS Tower, Bareilly"
UP-CDR-000277,UP00482,Munna Singh,7007000482,UP00477,Chhotu Rajput,9839000477,2024-02-08 05:41:27,39,voice,505,"Chowk PS Tower, Lucknow"
UP-CDR-000278,UP00178,Rizwan Siddiqui,8006000178,UP00296,Imran Bind,9415000296,2024-03-19 11:05:41,79,voice,1130,"Hari Parbat PS Tower, Agra"
UP-CDR-000279,UP01020,Gufran Pandey,9412001020,UP02259,Munna Pandey,9412002259,2024-07-04 23:44:21,186,voice,296,"Bhelupur PS Tower, Varanasi"
UP-CDR-000280,UP00366,Mukhtar Tripathi,9719000366,UP00190,Pappu Rawat,9415000190,2024-07-14 00:59:01,196,voice,1166,"Kavi Nagar PS Tower, Ghaziabad"
UP-CDR-000281,UP00152,Sonu Rajput,9837000152,UP00463,Suresh Tripathi,9837000463,2024-08-19 11:47:00,232,voice,517,"Sikandra PS Tower, Agra"
UP-CDR-000282,UP01079,Pramod Chaudhary,7007001079,UP02160,Virendra Gautam,7007002160,2024-07-12 05:59:07,194,voice,153,"Kavi Nagar PS Tower, Ghaziabad"
UP-CDR-000283,UP00069,Pramod Yadav,9125000069,UP00462,Mahesh Srivastav,9412000462,2024-02-01 03:33:20,32,voice,1093,"Chetganj PS Tower, Varanasi"
UP-CDR-000284,UP00464,Dhananjay Ansari,9412000464,UP00497,Munna Rajput,9839000497,2024-02-17 20:59:18,48,voice,1107,"Shahpur PS Tower, Gorakhpur"
UP-CDR-000285,UP01399,Bablu Nagar,7007001399,UP02586,Alok Chauhan,9415002586,2024-04-22 06:38:18,113,sms,1003,"Kotwali PS Tower, Ayodhya"
UP-CDR-000286,UP00591,Anil Ansari,9927000591,UP00168,Ravindra Srivastav,9412000168,2024-04-16 01:45:12,107,voice,291,"Partapur PS Tower, Meerut"
UP-CDR-000287,UP00395,Ramesh Pal,9415000395,UP00460,Brijesh Nagar,7500000460,2024-06-25 23:13:24,177,voice,413,"Baradari PS Tower, Bareilly"
UP-CDR-000288,UP00346,Tariq Verma,9719000346,UP00279,Ravindra Chaudhary,9450000279,2024-07-12 23:43:32,194,voice,859,"Chinhat PS Tower, Lucknow"
UP-CDR-000289,UP00504,Anil Tiwari,9839000504,UP00245,Babloo Ansari,7007000245,2024-03-14 09:16:50,74,sms,548,"Raunahi PS Tower, Ayodhya"
UP-CDR-000290,UP00287,Rajesh Gautam,9125000287,UP00050,Akhilesh Rawat,8840000050,2024-01-25 00:05:28,25,sms,241,"Partapur PS Tower, Meerut"
UP-CDR-000291,UP00044,Mahesh Pandey,9719000044,UP00425,Brijesh Tomar,9719000425,2024-04-01 12:20:06,92,voice,1053,"Subhash Nagar PS Tower, Bareilly"
UP-CDR-000292,UP02966,Mahesh Nagar,9125002966,UP02826,Ajay Qureshi,8840002826,2024-06-13 22:39:04,165,voice,1153,"Sadar Bazar PS Tower, Meerut"
UP-CDR-000293,UP00523,Imran Shukla,9412000523,UP00044,Mahesh Pandey,9719000044,2024-03-23 01:13:10,83,sms,787,"Izzatnagar PS Tower, Bareilly"
UP-CDR-000294,UP00542,Virendra Kushwaha,9450000542,UP00175,Munna Rajput,7500000175,2024-05-04 12:16:55,125,voice,973,"Brahmpuri PS Tower, Meerut"
UP-CDR-000295,UP00564,Sanjay Chauhan,7500000564,UP00478,Rakesh Chauhan,9837000478,2024-05-25 03:12:52,146,voice,104,"Shahganj PS Tower, Agra"
UP-CDR-000296,UP02118,Vikram Shukla,9450002118,UP01589,Rizwan Nagar,7007001589,2024-07-21 19:05:16,203,sms,1128,"Partapur PS Tower, Meerut"
UP-CDR-000297,UP01117,Bablu Yadav,9839001117,UP00151,Dharmendra Nishad,8840000151,2024-02-26 00:15:41,57,voice,515,"Collectorganj PS Tower, Kanpur Nagar"
UP-CDR-000298,UP00101,Abhay Ansari,9837000101,UP00358,Akhilesh Nagar,9839000358,2024-02-03 10:01:42,34,voice,57,"Katra PS Tower, Prayagraj"
UP-CDR-000299,UP00031,Imran Tomar,7500000031,UP00198,Tariq Bind,9837000198,2024-03-19 04:03:03,79,voice,762,"Sipri Bazar PS Tower, Jhansi"
UP-CDR-000300,UP02130,Deepak Chauhan,7500002130,UP01689,Sunil Singh,9125001689,2024-03-27 10:37:55,87,voice,94,"Lisari Gate PS Tower, Meerut"
UP-CDR-000301,UP00075,Anil Chauhan,9837000075,UP00472,Rajesh Jaiswal,9412000472,2024-01-04 12:05:23,4,voice,1123,"Katra PS Tower, Prayagraj"
UP-CDR-000302,UP00508,Babloo Maurya,7007000508,UP00228,Manoj Verma,9927000228,2024-07-24 08:24:49,206,voice,887,"Phase 2 PS Tower, Gautam Buddha Nagar (Noida)"
UP-CDR-000303,UP00220,Vikram Shukla,8840000220,UP00499,Akhilesh Bind,7500000499,2024-02-09 09:56:34,40,voice,694,"Phase 2 PS Tower, Gautam Buddha Nagar (Noida)"
UP-CDR-000304,UP00523,Imran Shukla,9412000523,UP00139,Manoj Bind,9927000139,2024-03-21 12:56:30,81,voice,744,"Prem Nagar PS Tower, Bareilly"
UP-CDR-000305,UP00384,Dharmendra Singh,9927000384,UP00213,Neeraj Maurya,9415000213,2024-04-20 17:03:21,111,voice,212,"Etmadpur PS Tower, Agra"
UP-CDR-000306,UP02253,Manoj Maurya,9837002253,UP01580,Deepak Srivastav,8006001580,2024-01-21 01:21:07,21,voice,72,"Katra PS Tower, Prayagraj"
UP-CDR-000307,UP00566,Ajay Rajput,8006000566,UP00326,Abhay Pal,9839000326,2024-07-19 17:49:21,201,voice,948,"Kavi Nagar PS Tower, Ghaziabad"
UP-CDR-000308,UP00328,Atiq Chauhan,9927000328,UP00091,Rakesh Pal,9125000091,2024-07-19 03:33:49,201,voice,1132,"Govind Nagar PS Tower, Kanpur Nagar"
UP-CDR-000309,UP00337,Ravindra Pal,7007000337,UP00112,Sunil Srivastav,9415000112,2024-03-06 09:13:56,66,voice,968,"Cantt PS Tower, Ayodhya"
UP-CDR-000310,UP00595,Aslam Maurya,8840000595,UP00384,Dharmendra Singh,9927000384,2024-03-10 03:37:27,70,voice,704,"Ramgarh Tal PS Tower, Gorakhpur"
UP-CDR-000311,UP00299,Santosh Maurya,9927000299,UP00218,Dharmendra Gupta,9927000218,2024-02-29 18:55:48,60,voice,1031,"Naini PS Tower, Prayagraj"
UP-CDR-000312,UP00196,Gufran Jaiswal,8006000196,UP00301,Mukhtar Siddiqui,7007000301,2024-02-05 14:54:56,36,voice,809,"Kotwali PS Tower, Bareilly"
UP-CDR-000313,UP00241,Guddu Srivastav,9415000241,UP00526,Rajesh Nishad,9415000526,2024-03-28 23:44:35,88,voice,319,"Dhoomanganj PS Tower, Prayagraj"
UP-CDR-000314,UP01017,Vikram Khan,9125001017,UP01554,Pankaj Khan,7500001554,2024-04-05 02:20:43,96,sms,503,"Shahganj PS Tower, Agra"
UP-CDR-000315,UP00557,Neeraj Pandey,8840000557,UP02432,Santosh Jaiswal,9412002432,2024-08-11 16:57:15,224,sms,456,"Gomti Nagar PS Tower, Lucknow"
UP-CDR-000316,UP00373,Mukhtar Dubey,7007000373,UP00446,Pramod Khan,9719000446,2024-05-10 13:15:46,131,voice,429,"Phase 2 PS Tower, Gautam Buddha Nagar (Noida)"
UP-CDR-000317,UP02847,Suresh Nagar,9839002847,UP02066,Rakesh Chauhan,9412002066,2024-03-17 20:02:21,77,sms,173,"Sector 39 PS Tower, Gautam Buddha Nagar (Noida)"
UP-CDR-000318,UP00254,Gufran Ansari,9415000254,UP00054,Sonu Chaudhary,7500000054,2024-07-04 12:43:14,186,sms,1073,"Knowledge Park PS Tower, Gautam Buddha Nagar (Noida)"
UP-CDR-000319,UP00365,Brijesh Yadav,9927000365,UP00289,Dharmendra Dubey,9450000289,2024-08-26 23:59:32,239,voice,436,"Izzatnagar PS Tower, Bareilly"
UP-CDR-000320,UP00638,Virendra Gupta,9125000638,UP00074,Rajesh Tripathi,9837000074,2024-03-28 01:10:21,88,voice,435,"Tajganj PS Tower, Agra"
UP-CDR-000321,UP00154,Santosh Gupta,9927000154,UP00183,Vikram Tripathi,8840000183,2024-04-12 02:47:19,103,voice,577,"Kotwali PS Tower, Kanpur Nagar"
UP-CDR-000322,UP02210,Pramod Khan,9412002210,UP00655,Alok Dubey,7500000655,2024-04-11 09:50:05,102,voice,465,"Hari Parbat PS Tower, Agra"
UP-CDR-000323,UP00006,Rizwan Chaudhary,8006000006,UP00590,Atiq Jaiswal,9415000590,2024-02-11 16:12:47,42,voice,828,"Sipri Bazar PS Tower, Jhansi"
UP-CDR-000324,UP01747,Anil Gurjar,9415001747,UP01476,Sanjay Chaudhary,9412001476,2024-03-21 12:28:18,81,voice,1045,"Civil Lines PS Tower, Meerut"
UP-CDR-000325,UP00079,Pramod Gautam,9450000079,UP00387,Ravindra Rajput,8006000387,2024-03-30 04:12:51,90,voice,382,"Dashashwamedh PS Tower, Varanasi"
UP-CDR-000326,UP00475,Pramod Gupta,8006000475,UP00574,Chhotu Rajput,9450000574,2024-03-16 07:25:38,76,voice,219,"Kalyanpur PS Tower, Kanpur Nagar"
UP-CDR-000327,UP02254,Alok Khan,9837002254,UP02974,Suresh Gupta,8006002974,2024-01-10 11:39:18,10,voice,654,"Kotwali PS Tower, Jhansi"
UP-CDR-000328,UP02874,Pappu Qureshi,8840002874,UP01757,Anil Pandey,8006001757,2024-07-22 23:44:14,204,voice,879,"Kotwali PS Tower, Ayodhya"
UP-CDR-000329,UP00537,Guddu Srivastav,9839000537,UP00015,Amit Tyagi,9415000015,2024-04-16 19:13:33,107,voice,1184,"Cantt PS Tower, Gorakhpur"
UP-CDR-000330,UP00566,Ajay Rajput,8006000566,UP00489,Pramod Srivastav,7007000489,2024-07-22 21:04:15,204,voice,497,"Chakeri PS Tower, Kanpur Nagar"
UP-CDR-000331,UP02196,Babloo Tyagi,7007002196,UP02510,Ajay Srivastav,8840002510,2024-03-06 09:07:21,66,voice,849,"Civil Lines PS Tower, Prayagraj"
UP-CDR-000332,UP00265,Santosh Yadav,9450000265,UP00599,Sanjay Gupta,9415000599,2024-05-29 05:41:00,150,voice,97,"Sigra PS Tower, Varanasi"
UP-CDR-000333,UP00419,Gufran Dubey,8006000419,UP00967,Anil Pal,9837000967,2024-08-19 03:54:40,232,voice,1066,"Knowledge Park PS Tower, Gautam Buddha Nagar (Noida)"
UP-CDR-000334,UP00343,Tariq Kushwaha,7007000343,UP00326,Abhay Pal,9839000326,2024-08-19 08:48:03,232,voice,629,"Kareli PS Tower, Prayagraj"
UP-CDR-000335,UP00363,Munna Tomar,8006000363,UP00576,Babloo Shukla,9450000576,2024-07-23 02:22:36,205,voice,746,"Kalyanpur PS Tower, Kanpur Nagar"
UP-CDR-000336,UP00366,Mukhtar Tripathi,9719000366,UP00542,Virendra Kushwaha,9450000542,2024-02-04 18:15:59,35,voice,902,"Sadar Bazar PS Tower, Meerut"
UP-CDR-000337,UP00335,Pankaj Srivastav,9839000335,UP00108,Deepak Pandey,9839000108,2024-08-25 02:14:54,238,voice,726,"Shivpur PS Tower, Varanasi"
UP-CDR-000338,UP00169,Atiq Qureshi,9125000169,UP00543,Mahesh Jaiswal,9719000543,2024-03-21 08:03:32,81,voice,603,"Cantt PS Tower, Ayodhya"
UP-CDR-000339,UP00037,Sunil Gautam,8840000037,UP00599,Sanjay Gupta,9415000599,2024-01-12 20:31:34,12,voice,824,"Cantt PS Tower, Ayodhya"
UP-CDR-000340,UP00210,Rizwan Nishad,9412000210,UP00042,Brijesh Tripathi,9412000042,2024-06-18 08:17:03,170,voice,1167,"Cantt PS Tower, Varanasi"
UP-CDR-000341,UP01003,Pappu Ansari,9412001003,UP02559,Guddu Shukla,9412002559,2024-03-15 17:52:39,75,voice,900,"Kareli PS Tower, Prayagraj"
UP-CDR-000342,UP00407,Guddu Tomar,9927000407,UP00194,Santosh Jaiswal,7500000194,2024-03-22 00:37:16,82,voice,249,"Naini PS Tower, Prayagraj"
UP-CDR-000343,UP00157,Imran Singh,9125000157,UP00366,Mukhtar Tripathi,9719000366,2024-03-17 20:29:11,77,voice,472,"Civil Lines PS Tower, Prayagraj"
UP-CDR-000344,UP00445,Manoj Chauhan,9412000445,UP00643,Imran Pandey,9450000643,2024-06-29 09:21:03,181,voice,611,"Civil Lines PS Tower, Meerut"
UP-CDR-000345,UP00582,Imran Kushwaha,9837000582,UP00499,Akhilesh Bind,7500000499,2024-04-07 05:35:04,98,voice,762,"Tiwaripur PS Tower, Gorakhpur"
UP-CDR-000346,UP00064,Alok Nagar,9125000064,UP00458,Rizwan Pandey,9927000458,2024-02-28 22:22:23,59,voice,914,"Dhoomanganj PS Tower, Prayagraj"
UP-CDR-000347,UP00148,Pappu Gupta,9839000148,UP00057,Akhilesh Chauhan,9125000057,2024-05-23 19:09:54,144,voice,438,"Kotwali PS Tower, Gorakhpur"
UP-CDR-000348,UP00505,Rakesh Siddiqui,8006000505,UP00512,Dhananjay Srivastav,9412000512,2024-01-10 04:27:24,10,voice,869,"Civil Lines PS Tower, Meerut"
UP-CDR-000349,UP00075,Anil Chauhan,9837000075,UP00152,Sonu Rajput,9837000152,2024-06-27 05:44:13,179,voice,598,"Sadar Bazar PS Tower, Meerut"
UP-CDR-000350,UP00428,Vikram Shukla,8840000428,UP00046,Rajesh Dubey,8840000046,2024-02-23 05:54:45,54,voice,813,"Prem Nagar PS Tower, Bareilly"
UP-CDR-000351,UP00853,Suresh Jaiswal,9415000853,UP00486,Deepak Rawat,7007000486,2024-03-21 22:15:08,81,voice,548,"Baradari PS Tower, Bareilly"
UP-CDR-000352,UP00343,Tariq Kushwaha,7007000343,UP00570,Mahesh Bind,8006000570,2024-05-11 19:38:52,132,voice,151,"Alambagh PS Tower, Lucknow"
UP-CDR-000353,UP02569,Gufran Mishra,9927002569,UP01548,Mahesh Jaiswal,9450001548,2024-03-13 17:12:01,73,voice,397,"Cantt PS Tower, Ayodhya"
UP-CDR-000354,UP00097,Atiq Pandey,7500000097,UP00367,Abhay Srivastav,9837000367,2024-03-11 22:12:47,71,voice,1107,"Phase 2 PS Tower, Gautam Buddha Nagar (Noida)"
UP-CDR-000355,UP01183,Brijesh Singh,9839001183,UP01080,Brijesh Tyagi,7007001080,2024-03-07 08:28:36,67,voice,443,"Mahanagar PS Tower, Lucknow"
UP-CDR-000356,UP00566,Ajay Rajput,8006000566,UP00290,Pramod Yadav,9839000290,2024-07-10 15:05:10,192,voice,122,"Kotwali PS Tower, Jhansi"
UP-CDR-000357,UP00251,Santosh Rajput,8840000251,UP00389,Atiq Yadav,9415000389,2024-03-26 08:06:42,86,voice,1033,"Rakabganj PS Tower, Agra"
UP-CDR-000358,UP02432,Santosh Jaiswal,9412002432,UP02381,Babloo Chaudhary,9415002381,2024-07-11 00:31:46,193,voice,1163,"Kalyanpur PS Tower, Kanpur Nagar"
UP-CDR-000359,UP00457,Dharmendra Gupta,9837000457,UP00220,Vikram Shukla,8840000220,2024-02-29 13:37:29,60,voice,645,"Etmadpur PS Tower, Agra"
UP-CDR-000360,UP00214,Imran Yadav,9450000214,UP00268,Abhay Bind,8840000268,2024-05-20 04:20:47,141,voice,529,"Katra PS Tower, Prayagraj"
UP-CDR-000361,UP01336,Munna Mishra,7500001336,UP02930,Akhilesh Shukla,9450002930,2024-03-10 16:08:11,70,voice,835,"Kotwali PS Tower, Kanpur Nagar"
UP-CDR-000362,UP02045,Mukhtar Yadav,9837002045,UP01575,Sunil Chauhan,9927001575,2024-02-02 14:15:41,33,voice,445,"Partapur PS Tower, Meerut"
UP-CDR-000363,UP00016,Sonu Tiwari,9125000016,UP00358,Akhilesh Nagar,9839000358,2024-08-11 22:41:16,224,voice,675,"Kavi Nagar PS Tower, Ghaziabad"
UP-CDR-000364,UP00455,Sonu Jaiswal,8840000455,UP00230,Tariq Qureshi,7007000230,2024-04-04 07:58:13,95,voice,122,"Chakeri PS Tower, Kanpur Nagar"
UP-CDR-000365,UP02127,Pankaj Pandey,9450002127,UP00096,Chhotu Dubey,9412000096,2024-06-02 09:14:35,154,voice,961,"Shahganj PS Tower, Agra"
UP-CDR-000366,UP00210,Rizwan Nishad,9412000210,UP00224,Neeraj Pandey,8840000224,2024-04-09 20:14:45,100,sms,512,"Cantt PS Tower, Ayodhya"
UP-CDR-000367,UP01826,Ramesh Tiwari,9125001826,UP02110,Akhilesh Mishra,9719002110,2024-01-31 11:47:50,31,voice,709,"Civil Lines PS Tower, Prayagraj"
UP-CDR-000368,UP02767,Anil Tripathi,9415002767,UP02732,Dharmendra Rajput,7500002732,2024-05-15 15:25:58,136,voice,20,"Prem Nagar PS Tower, Jhansi"
UP-CDR-000369,UP00453,Ravindra Tripathi,9415000453,UP00074,Rajesh Tripathi,9837000074,2024-04-29 18:23:20,120,voice,36,"Cantt PS Tower, Ayodhya"
UP-CDR-000370,UP00635,Deepak Tomar,9415000635,UP00397,Dhananjay Nagar,7500000397,2024-06-16 20:38:47,168,voice,178,"Ayodhya Kotwali PS Tower, Ayodhya"
UP-CDR-000371,UP00158,Rakesh Pal,9125000158,UP00353,Brijesh Dubey,9125000353,2024-05-25 04:16:45,146,sms,118,"Civil Lines PS Tower, Prayagraj"
UP-CDR-000372,UP01169,Munna Nagar,9450001169,UP00892,Deepak Yadav,7500000892,2024-05-29 21:06:42,150,voice,864,"Shahpur PS Tower, Gorakhpur"
UP-CDR-000373,UP00562,Anil Bind,9927000562,UP00541,Sonu Tiwari,9415000541,2024-02-15 16:40:17,46,voice,365,"Indirapuram PS Tower, Ghaziabad"
UP-CDR-000374,UP00054,Sonu Chaudhary,7500000054,UP00101,Abhay Ansari,9837000101,2024-05-20 06:12:37,141,voice,1052,"Kotwali PS Tower, Jhansi"
UP-CDR-000375,UP00617,Suresh Nishad,8840000617,UP00153,Sunil Shukla,9837000153,2024-06-06 08:17:10,158,voice,1036,"Naini PS Tower, Prayagraj"
UP-CDR-000376,UP00587,Mukhtar Yadav,8840000587,UP00238,Virendra Tiwari,9415000238,2024-06-17 19:29:06,169,voice,528,"Nawabad PS Tower, Jhansi"
UP-CDR-000377,UP00177,Imran Srivastav,8006000177,UP00163,Rakesh Dubey,8840000163,2024-03-08 19:20:03,68,voice,546,"Tiwaripur PS Tower, Gorakhpur"
UP-CDR-000378,UP00429,Suresh Rawat,9415000429,UP00513,Satish Shukla,9450000513,2024-03-18 04:07:18,78,voice,505,"Dhoomanganj PS Tower, Prayagraj"
UP-CDR-000379,UP00047,Chhotu Tripathi,9125000047,UP00434,Brijesh Srivastav,9839000434,2024-04-06 05:27:00,97,voice,971,"Sipri Bazar PS Tower, Jhansi"
UP-CDR-000380,UP00724,Sonu Ansari,9125000724,UP01118,Sonu Mishra,8006001118,2024-05-29 04:31:48,150,sms,26,"Chinhat PS Tower, Lucknow"
UP-CDR-000381,UP02880,Alok Tyagi,9839002880,UP02343,Babloo Singh,9450002343,2024-05-16 14:27:04,137,voice,357,"Sector 20 PS Tower, Gautam Buddha Nagar (Noida)"
UP-CDR-000382,UP00412,Atiq Qureshi,9927000412,UP00273,Deepak Pandey,9125000273,2024-02-08 12:09:41,39,voice,282,"Surajpur PS Tower, Gautam Buddha Nagar (Noida)"
UP-CDR-000383,UP00279,Ravindra Chaudhary,9450000279,UP00270,Bablu Ansari,8840000270,2024-01-09 12:10:09,9,voice,265,"Alambagh PS Tower, Lucknow"
UP-CDR-000384,UP01881,Abhay Pal,8006001881,UP02203,Guddu Qureshi,9839002203,2024-03-12 14:11:30,72,voice,173,"Shivpur PS Tower, Varanasi"
UP-CDR-000385,UP00076,Mahesh Mishra,9450000076,UP01189,Manoj Maurya,9719001189,2024-04-23 18:33:42,114,voice,772,"Hazratganj PS Tower, Lucknow"
UP-CDR-000386,UP02035,Sonu Siddiqui,9415002035,UP02407,Rakesh Gautam,8006002407,2024-01-10 10:18:42,10,voice,293,"Dhoomanganj PS Tower, Prayagraj"
UP-CDR-000387,UP01379,Brijesh Gurjar,8840001379,UP02484,Pappu Rajput,9125002484,2024-01-17 16:51:26,17,voice,935,"Bhelupur PS Tower, Varanasi"
UP-CDR-000388,UP00010,Babloo Tiwari,9415000010,UP00234,Virendra Nagar,9415000234,2024-01-17 02:51:21,17,voice,733,"Kotwali PS Tower, Bareilly"
UP-CDR-000389,UP00005,Ravindra Kushwaha,9839000005,UP00404,Imran Srivastav,9412000404,2024-03-17 23:49:07,77,voice,834,"Etmadpur PS Tower, Agra"
UP-CDR-000390,UP00301,Mukhtar Siddiqui,7007000301,UP00062,Manoj Chauhan,7500000062,2024-06-25 19:59:40,177,voice,660,"Shahpur PS Tower, Gorakhpur"
UP-CDR-000391,UP00065,Munna Srivastav,9839000065,UP00548,Aslam Tiwari,8840000548,2024-01-25 13:00:26,25,voice,725,"Ramgarh Tal PS Tower, Gorakhpur"
UP-CDR-000392,UP00315,Pramod Gautam,9125000315,UP00022,Rizwan Nagar,8006000022,2024-02-14 10:37:09,45,voice,1157,"Cantt PS Tower, Varanasi"
UP-CDR-000393,UP01603,Abhay Mishra,9412001603,UP01568,Akhilesh Chauhan,9450001568,2024-08-07 15:45:18,220,voice,817,"Kotwali PS Tower, Ayodhya"
UP-CDR-000394,UP00136,Anil Qureshi,9837000136,UP00435,Sanjay Tomar,9415000435,2024-07-19 03:37:00,201,voice,912,"Etmadpur PS Tower, Agra"
UP-CDR-000395,UP00356,Alok Gautam,9837000356,UP00021,Mahesh Qureshi,9415000021,2024-03-11 13:37:26,71,voice,1069,"George Town PS Tower, Prayagraj"
UP-CDR-000396,UP00443,Imran Shukla,9927000443,UP00320,Ramesh Nagar,9415000320,2024-02-13 19:44:32,44,voice,83,"Hari Parbat PS Tower, Agra"
UP-CDR-000397,UP00377,Santosh Singh,7007000377,UP00527,Suresh Pandey,8006000527,2024-07-04 05:23:26,186,voice,1102,"Indirapuram PS Tower, Ghaziabad"
UP-CDR-000398,UP00109,Satish Ansari,9839000109,UP00273,Deepak Pandey,9125000273,2024-01-16 06:50:18,16,sms,1061,"Civil Lines PS Tower, Meerut"
UP-CDR-000399,UP00183,Vikram Tripathi,8840000183,UP00559,Sunil Nishad,9415000559,2024-02-02 11:49:20,33,voice,1187,"Shahganj PS Tower, Agra"
UP-CDR-000400,UP00344,Neeraj Kushwaha,9837000344,UP00878,Suresh Shukla,9450000878,2024-02-25 22:28:21,56,voice,738,"Prem Nagar PS Tower, Jhansi"
UP-CDR-000401,UP00159,Santosh Pandey,9839000159,UP00007,Gufran Siddiqui,9719000007,2024-08-18 13:41:41,231,voice,1080,"Chetganj PS Tower, Varanasi"
UP-CDR-000402,UP00226,Ramesh Rawat,9719000226,UP02985,Sanjay Tiwari,7500002985,2024-07-18 22:00:58,200,voice,712,"Nauchandi PS Tower, Meerut"
UP-CDR-000403,UP01363,Pankaj Jaiswal,9837001363,UP00932,Deepak Kushwaha,8840000932,2024-01-03 16:33:11,3,voice,1181,"Sector 20 PS Tower, Gautam Buddha Nagar (Noida)"
UP-CDR-000404,UP00569,Neeraj Qureshi,8006000569,UP00454,Tariq Shukla,9839000454,2024-08-17 06:04:42,230,voice,1141,"Chowk PS Tower, Lucknow"
UP-CDR-000405,UP00329,Amit Kushwaha,7007000329,UP00534,Imran Jaiswal,9415000534,2024-01-30 18:22:37,30,voice,1010,"Cantt PS Tower, Ayodhya"
UP-CDR-000406,UP00542,Virendra Kushwaha,9450000542,UP00003,Abhay Tripathi,7007000003,2024-03-15 01:53:25,75,voice,778,"Cantt PS Tower, Gorakhpur"
UP-CDR-000407,UP00392,Brijesh Tyagi,9415000392,UP00093,Abhay Nishad,9450000093,2024-07-23 20:01:06,205,voice,178,"Cantt PS Tower, Ayodhya"
UP-CDR-000408,UP02243,Mukhtar Maurya,7007002243,UP02290,Babloo Yadav,9450002290,2024-06-06 16:04:58,158,voice,971,"Nawabad PS Tower, Jhansi"
UP-CDR-000409,UP00401,Akhilesh Kushwaha,9837000401,UP00074,Rajesh Tripathi,9837000074,2024-03-13 19:36:30,73,voice,1054,"Baradari PS Tower, Bareilly"
UP-CDR-000410,UP00119,Alok Gupta,9450000119,UP00026,Rajesh Shukla,9412000026,2024-03-05 20:06:55,65,voice,368,"Raunahi PS Tower, Ayodhya"
UP-CDR-000411,UP00053,Rajesh Chauhan,9719000053,UP00336,Dhananjay Rawat,8006000336,2024-04-28 12:46:03,119,voice,237,"Ramgarh Tal PS Tower, Gorakhpur"
UP-CDR-000412,UP00229,Satish Verma,9839000229,UP00386,Guddu Pal,9837000386,2024-07-15 12:56:11,197,voice,786,"Sikandra PS Tower, Agra"
UP-CDR-000413,UP00031,Imran Tomar,7500000031,UP00377,Santosh Singh,7007000377,2024-03-08 09:34:14,68,voice,308,"Chetganj PS Tower, Varanasi"
UP-CDR-000414,UP00364,Akhilesh Gautam,9719000364,UP00549,Mahesh Tyagi,7007000549,2024-04-23 18:52:18,114,voice,375,"Kavi Nagar PS Tower, Ghaziabad"
UP-CDR-000415,UP00112,Sunil Srivastav,9415000112,UP00150,Virendra Yadav,9450000150,2024-07-11 06:31:36,193,sms,647,"Cantt PS Tower, Ayodhya"
UP-CDR-000416,UP01643,Pappu Gurjar,9450001643,UP02445,Aslam Jaiswal,8006002445,2024-04-01 01:54:14,92,voice,83,"Civil Lines PS Tower, Meerut"
UP-CDR-000417,UP01751,Satish Dubey,9837001751,UP00836,Gufran Tiwari,9450000836,2024-06-20 01:05:07,172,voice,155,"Knowledge Park PS Tower, Gautam Buddha Nagar (Noida)"
UP-CDR-000418,UP00181,Sanjay Yadav,9837000181,UP00105,Rizwan Tiwari,9125000105,2024-08-24 15:12:27,237,voice,1167,"Civil Lines PS Tower, Prayagraj"
UP-CDR-000419,UP00384,Dharmendra Singh,9927000384,UP00585,Satish Tyagi,7500000585,2024-03-17 11:34:09,77,voice,512,"Ayodhya Kotwali PS Tower, Ayodhya"
UP-CDR-000420,UP00142,Sonu Chaudhary,9450000142,UP00116,Tariq Gautam,9839000116,2024-07-01 22:07:14,183,voice,796,"Prem Nagar PS Tower, Bareilly"
UP-CDR-000421,UP00384,Dharmendra Singh,9927000384,UP00119,Alok Gupta,9450000119,2024-01-01 02:08:19,1,voice,128,"Kareli PS Tower, Prayagraj"
UP-CDR-000422,UP01282,Rakesh Nishad,9450001282,UP01676,Abhay Pandey,9415001676,2024-03-09 09:36:49,69,voice,40,"Alambagh PS Tower, Lucknow"
UP-CDR-000423,UP00516,Imran Dubey,9719000516,UP00399,Mukhtar Kushwaha,8840000399,2024-07-27 02:00:49,209,sms,316,"Shahganj PS Tower, Agra"
UP-CDR-000424,UP00575,Suresh Gautam,7007000575,UP00412,Atiq Qureshi,9927000412,2024-05-24 20:56:26,145,voice,150,"Cantt PS Tower, Ayodhya"
UP-CDR-000425,UP00716,Amit Chaudhary,9412000716,UP01673,Babloo Shukla,9450001673,2024-08-23 03:36:24,236,voice,1101,"Kotwali PS Tower, Jhansi"
UP-CDR-000426,UP00087,Alok Tyagi,9839000087,UP00263,Ajay Gautam,8840000263,2024-04-25 01:16:46,116,voice,34,"Kotwali PS Tower, Ghaziabad"
UP-CDR-000427,UP00198,Tariq Bind,9837000198,UP00560,Guddu Verma,9927000560,2024-06-30 21:56:53,182,voice,907,"Sector 20 PS Tower, Gautam Buddha Nagar (Noida)"
UP-CDR-000428,UP00154,Santosh Gupta,9927000154,UP00467,Mahesh Pal,9125000467,2024-07-07 23:14:05,189,voice,124,"Bhelupur PS Tower, Varanasi"
UP-CDR-000429,UP01585,Brijesh Bind,9837001585,UP01051,Bablu Siddiqui,9450001051,2024-06-24 09:35:58,176,voice,686,"Kotwali PS Tower, Ghaziabad"
UP-CDR-000430,UP00833,Dhananjay Verma,9719000833,UP00431,Dhananjay Bind,7007000431,2024-03-21 11:46:29,81,voice,613,"Civil Lines PS Tower, Prayagraj"
UP-CDR-000431,UP02693,Pappu Rajput,9412002693,UP00907,Pramod Gurjar,9719000907,2024-04-17 16:22:56,108,voice,997,"Sipri Bazar PS Tower, Jhansi"
UP-CDR-000432,UP00443,Imran Shukla,9927000443,UP00083,Anil Mishra,7007000083,2024-01-07 21:01:03,7,sms,1188,"Civil Lines PS Tower, Prayagraj"
UP-CDR-000433,UP00211,Satish Shukla,9837000211,UP00516,Imran Dubey,9719000516,2024-01-04 06:39:29,4,voice,671,"Hazratganj PS Tower, Lucknow"
UP-CDR-000434,UP00122,Neeraj Gurjar,9450000122,UP00007,Gufran Siddiqui,9719000007,2024-04-24 03:39:07,115,voice,694,"Shahganj PS Tower, Agra"
UP-CDR-000435,UP02377,Vikram Siddiqui,8840002377,UP01980,Mahesh Verma,9719001980,2024-04-28 12:38:20,119,voice,742,"Chinhat PS Tower, Lucknow"
UP-CDR-000436,UP02880,Alok Tyagi,9839002880,UP02221,Ravindra Siddiqui,7007002221,2024-04-14 04:48:57,105,voice,1096,"Ramgarh Tal PS Tower, Gorakhpur"
UP-CDR-000437,UP00488,Suresh Pandey,7007000488,UP00059,Aslam Chauhan,9450000059,2024-02-20 23:01:33,51,sms,678,"Sector 20 PS Tower, Gautam Buddha Nagar (Noida)"
UP-CDR-000438,UP02714,Pankaj Gurjar,9415002714,UP00573,Imran Dubey,9415000573,2024-05-01 21:47:24,122,voice,354,"Rakabganj PS Tower, Agra"
UP-CDR-000439,UP00338,Sonu Shukla,7500000338,UP00233,Pappu Tripathi,9839000233,2024-05-15 16:19:59,136,voice,644,"Sector 39 PS Tower, Gautam Buddha Nagar (Noida)"
UP-CDR-000440,UP00204,Atiq Tomar,9125000204,UP00185,Akhilesh Pal,9839000185,2024-03-06 11:39:21,66,voice,648,"Sipri Bazar PS Tower, Jhansi"
UP-CDR-000441,UP00273,Deepak Pandey,9125000273,UP00166,Guddu Shukla,7500000166,2024-05-24 06:17:07,145,voice,161,"Indirapuram PS Tower, Ghaziabad"
UP-CDR-000442,UP00043,Bablu Singh,9450000043,UP00137,Deepak Jaiswal,9415000137,2024-07-20 15:01:13,202,voice,509,"Nauchandi PS Tower, Meerut"
UP-CDR-000443,UP00547,Aslam Dubey,8006000547,UP00541,Sonu Tiwari,9415000541,2024-04-12 12:58:37,103,voice,1077,"Izzatnagar PS Tower, Bareilly"
UP-CDR-000444,UP00239,Pappu Rajput,9412000239,UP00366,Mukhtar Tripathi,9719000366,2024-07-07 11:39:55,189,voice,618,"Sector 39 PS Tower, Gautam Buddha Nagar (Noida)"
UP-CDR-000445,UP00257,Abhay Dubey,7007000257,UP00146,Abhay Rajput,9837000146,2024-05-08 03:50:27,129,voice,946,"Kalyanpur PS Tower, Kanpur Nagar"
UP-CDR-000446,UP00563,Guddu Chauhan,9450000563,UP00467,Mahesh Pal,9125000467,2024-08-09 10:53:03,222,voice,456,"Naini PS Tower, Prayagraj"
UP-CDR-000447,UP01122,Rakesh Mishra,9839001122,UP01251,Vikram Shukla,8006001251,2024-05-20 20:00:38,141,voice,1067,"Civil Lines PS Tower, Meerut"
UP-CDR-000448,UP00152,Sonu Rajput,9837000152,UP00482,Munna Singh,7007000482,2024-01-24 23:47:36,24,voice,1092,"Prem Nagar PS Tower, Bareilly"
UP-CDR-000449,UP01626,Bablu Dubey,9415001626,UP02783,Gufran Rajput,9412002783,2024-07-31 07:44:09,213,voice,90,"Kavi Nagar PS Tower, Ghaziabad"
UP-CDR-000450,UP00320,Ramesh Nagar,9415000320,UP00200,Sonu Khan,9837000200,2024-02-05 06:54:38,36,voice,183,"Phase 2 PS Tower, Gautam Buddha Nagar (Noida)"
UP-CDR-000451,UP00282,Tariq Dubey,9450000282,UP00284,Brijesh Kushwaha,9450000284,2024-06-30 15:23:40,182,sms,814,"George Town PS Tower, Prayagraj"
UP-CDR-000452,UP00318,Abhay Rawat,7500000318,UP00471,Imran Gupta,9125000471,2024-06-14 07:19:21,166,voice,326,"Brahmpuri PS Tower, Meerut"
UP-CDR-000453,UP01989,Tariq Jaiswal,9450001989,UP02276,Pappu Pal,9450002276,2024-07-14 21:37:02,196,voice,985,"Kotwali PS Tower, Kanpur Nagar"
UP-CDR-000454,UP00228,Manoj Verma,9927000228,UP00470,Tariq Chaudhary,7500000470,2024-06-25 12:01:34,177,voice,896,"Kotwali PS Tower, Ghaziabad"
UP-CDR-000455,UP00497,Munna Rajput,9839000497,UP00315,Pramod Gautam,9125000315,2024-08-26 22:03:49,239,voice,760,"Shahganj PS Tower, Agra"
UP-CDR-000456,UP02243,Mukhtar Maurya,7007002243,UP02833,Rizwan Tripathi,9412002833,2024-06-29 05:57:09,181,voice,768,"Kalyanpur PS Tower, Kanpur Nagar"
UP-CDR-000457,UP01363,Pankaj Jaiswal,9837001363,UP01631,Mahesh Tripathi,7007001631,2024-06-02 01:53:52,154,voice,25,"Govind Nagar PS Tower, Kanpur Nagar"
UP-CDR-000458,UP02961,Dharmendra Gautam,9719002961,UP00413,Pramod Nagar,8840000413,2024-02-27 23:53:55,58,voice,219,"Civil Lines PS Tower, Prayagraj"
UP-CDR-000459,UP00216,Gufran Chauhan,9719000216,UP00269,Rajesh Tripathi,9839000269,2024-08-22 23:21:56,235,sms,88,"Cantt PS Tower, Gorakhpur"
UP-CDR-000460,UP00321,Imran Dubey,8006000321,UP00419,Gufran Dubey,8006000419,2024-03-27 02:19:31,87,voice,995,"Shahganj PS Tower, Agra"
UP-CDR-000461,UP00513,Satish Shukla,9450000513,UP00598,Virendra Mishra,9415000598,2024-02-14 10:08:32,45,voice,142,"Sector 24 PS Tower, Gautam Buddha Nagar (Noida)"
UP-CDR-000462,UP00251,Santosh Rajput,8840000251,UP00457,Dharmendra Gupta,9837000457,2024-02-22 07:29:06,53,voice,752,"Sipri Bazar PS Tower, Jhansi"
UP-CDR-000463,UP01210,Tariq Kushwaha,9125001210,UP00765,Pankaj Maurya,7007000765,2024-04-04 17:39:39,95,voice,120,"Dashashwamedh PS Tower, Varanasi"
UP-CDR-000464,UP01303,Mukhtar Ansari,9125001303,UP02471,Neeraj Siddiqui,9839002471,2024-06-28 02:35:18,180,voice,942,"Kareli PS Tower, Prayagraj"
UP-CDR-000465,UP00194,Santosh Jaiswal,7500000194,UP00094,Dharmendra Shukla,8840000094,2024-03-05 00:49:46,65,voice,424,"Prem Nagar PS Tower, Jhansi"
UP-CDR-000466,UP02213,Amit Chauhan,9415002213,UP00844,Brijesh Kushwaha,8006000844,2024-04-06 13:32:07,97,voice,381,"Indirapuram PS Tower, Ghaziabad"
UP-CDR-000467,UP00076,Mahesh Mishra,9450000076,UP00112,Sunil Srivastav,9415000112,2024-08-21 19:20:41,234,voice,620,"Ayodhya Kotwali PS Tower, Ayodhya"
UP-CDR-000468,UP00482,Munna Singh,7007000482,UP00076,Mahesh Mishra,9450000076,2024-08-12 03:50:42,225,voice,700,"Kavi Nagar PS Tower, Ghaziabad"
UP-CDR-000469,UP00220,Vikram Shukla,8840000220,UP00464,Dhananjay Ansari,9412000464,2024-05-31 21:08:00,152,voice,1040,"Indirapuram PS Tower, Ghaziabad"
UP-CDR-000470,UP00510,Rajesh Qureshi,8840000510,UP00001,Rajesh Rajput,9125000001,2024-04-28 20:12:01,119,voice,617,"Katra PS Tower, Prayagraj"
UP-CDR-000471,UP00588,Mukhtar Kushwaha,7007000588,UP00295,Neeraj Bind,9839000295,2024-02-05 09:08:37,36,voice,752,"Kavi Nagar PS Tower, Ghaziabad"
UP-CDR-000472,UP00431,Dhananjay Bind,7007000431,UP00176,Amit Tiwari,9839000176,2024-08-18 14:58:59,231,voice,755,"Sahibabad PS Tower, Ghaziabad"
UP-CDR-000473,UP00216,Gufran Chauhan,9719000216,UP00217,Abhay Bind,9450000217,2024-04-26 13:06:23,117,voice,1106,"Kalyanpur PS Tower, Kanpur Nagar"
UP-CDR-000474,UP00011,Chhotu Gupta,7500000011,UP00860,Sanjay Maurya,9719000860,2024-05-30 14:40:31,151,voice,196,"Kareli PS Tower, Prayagraj"
UP-CDR-000475,UP00364,Akhilesh Gautam,9719000364,UP00232,Ajay Tripathi,9125000232,2024-06-26 06:21:56,178,voice,28,"Izzatnagar PS Tower, Bareilly"
UP-CDR-000476,UP00132,Chhotu Singh,9837000132,UP00576,Babloo Shukla,9450000576,2024-01-22 01:51:23,22,voice,132,"Ayodhya Kotwali PS Tower, Ayodhya"
UP-CDR-000477,UP00078,Rizwan Gurjar,9125000078,UP00479,Manoj Singh,9415000479,2024-02-16 17:07:29,47,voice,390,"Sipri Bazar PS Tower, Jhansi"
UP-CDR-000478,UP00401,Akhilesh Kushwaha,9837000401,UP00423,Pramod Kushwaha,9125000423,2024-07-03 23:04:36,185,voice,554,"Partapur PS Tower, Meerut"
UP-CDR-000479,UP00280,Pappu Gupta,7500000280,UP00147,Suresh Pal,9415000147,2024-01-23 10:21:31,23,voice,750,"Cantt PS Tower, Varanasi"
UP-CDR-000480,UP00365,Brijesh Yadav,9927000365,UP00325,Guddu Siddiqui,8840000325,2024-02-05 18:41:50,36,voice,992,"Ramgarh Tal PS Tower, Gorakhpur"
UP-CDR-000481,UP00139,Manoj Bind,9927000139,UP00271,Atiq Yadav,9719000271,2024-08-25 20:29:49,238,voice,535,"Indirapuram PS Tower, Ghaziabad"
UP-CDR-000482,UP02677,Atiq Shukla,9837002677,UP00339,Atiq Pal,9412000339,2024-06-28 13:16:09,180,voice,376,"Kotwali PS Tower, Gorakhpur"
UP-CDR-000483,UP00051,Suresh Dubey,7500000051,UP00310,Sanjay Dubey,7500000310,2024-04-19 22:18:04,110,voice,412,"Nauchandi PS Tower, Meerut"
UP-CDR-000484,UP00184,Imran Nishad,7007000184,UP00468,Mukhtar Verma,9415000468,2024-06-29 04:09:58,181,voice,612,"Cantt PS Tower, Varanasi"
UP-CDR-000485,UP02309,Bablu Maurya,9412002309,UP00776,Sonu Rawat,9839000776,2024-01-29 03:17:35,29,voice,267,"Knowledge Park PS Tower, Gautam Buddha Nagar (Noida)"
UP-CDR-000486,UP00074,Rajesh Tripathi,9837000074,UP00252,Atiq Dubey,9415000252,2024-04-02 11:51:28,93,voice,104,"Raunahi PS Tower, Ayodhya"
UP-CDR-000487,UP00536,Brijesh Gautam,9927000536,UP00165,Mukhtar Nagar,7007000165,2024-07-25 19:39:19,207,voice,622,"Chetganj PS Tower, Varanasi"
UP-CDR-000488,UP01118,Sonu Mishra,8006001118,UP01348,Santosh Shukla,9415001348,2024-01-29 07:43:46,29,voice,1084,"Ramgarh Tal PS Tower, Gorakhpur"
UP-CDR-000489,UP00283,Akhilesh Shukla,8840000283,UP00198,Tariq Bind,9837000198,2024-04-18 11:50:00,109,voice,1059,"Kotwali PS Tower, Kanpur Nagar"
UP-CDR-000490,UP00481,Ajay Ansari,8006000481,UP00588,Mukhtar Kushwaha,7007000588,2024-03-21 15:23:21,81,voice,1141,"Kotwali PS Tower, Kanpur Nagar"
UP-CDR-000491,UP00403,Imran Verma,9839000403,UP00526,Rajesh Nishad,9415000526,2024-05-07 03:23:25,128,voice,288,"Chetganj PS Tower, Varanasi"
UP-CDR-000492,UP00302,Dharmendra Dubey,9450000302,UP00442,Dhananjay Gupta,9450000442,2024-04-17 14:03:47,108,voice,54,"George Town PS Tower, Prayagraj"
UP-CDR-000493,UP00388,Mahesh Tripathi,9839000388,UP00339,Atiq Pal,9412000339,2024-08-01 16:39:28,214,sms,20,"Chinhat PS Tower, Lucknow"
UP-CDR-000494,UP00152,Sonu Rajput,9837000152,UP00598,Virendra Mishra,9415000598,2024-08-05 04:10:58,218,voice,926,"Shivpur PS Tower, Varanasi"
UP-CDR-000495,UP00134,Chhotu Tripathi,9837000134,UP00576,Babloo Shukla,9450000576,2024-01-09 06:52:27,9,voice,716,"Prem Nagar PS Tower, Bareilly"
UP-CDR-000496,UP00500,Vikram Gurjar,8840000500,UP00445,Manoj Chauhan,9412000445,2024-07-01 13:24:44,183,sms,235,"Mahanagar PS Tower, Lucknow"
UP-CDR-000497,UP00389,Atiq Yadav,9415000389,UP01310,Atiq Gautam,9719001310,2024-01-31 07:14:48,31,sms,467,"Nawabad PS Tower, Jhansi"
UP-CDR-000498,UP00183,Vikram Tripathi,8840000183,UP00125,Babloo Gupta,8840000125,2024-08-16 20:28:59,229,voice,1155,"Civil Lines PS Tower, Prayagraj"
UP-CDR-000499,UP00061,Sonu Khan,8006000061,UP00367,Abhay Srivastav,9837000367,2024-06-25 08:30:44,177,voice,296,"Izzatnagar PS Tower, Bareilly"
UP-CDR-000500,UP00286,Abhay Jaiswal,9837000286,UP00288,Bablu Qureshi,9719000288,2024-08-09 13:00:31,222,voice,1179,"Kareli PS Tower, Prayagraj"
UP-CDR-000501,UP01007,Deepak Rawat,7500001007,UP02140,Deepak Verma,9415002140,2024-04-16 23:13:55,107,voice,876,"Rakabganj PS Tower, Agra"
UP-CDR-000502,UP00033,Aslam Tomar,9412000033,UP00162,Deepak Pal,9450000162,2024-06-23 00:56:23,175,voice,988,"Shahpur PS Tower, Gorakhpur"
UP-CDR-000503,UP00765,Pankaj Maurya,7007000765,UP01145,Munna Khan,8840001145,2024-02-23 22:54:05,54,sms,40,"Nawabad PS Tower, Jhansi"
UP-CDR-000504,UP01601,Dhananjay Nishad,9839001601,UP01858,Ravindra Rawat,7500001858,2024-07-14 07:09:57,196,voice,1003,"Ayodhya Kotwali PS Tower, Ayodhya"
UP-CDR-000505,UP02619,Mukhtar Gupta,7500002619,UP02755,Atiq Tiwari,8840002755,2024-07-21 04:44:13,203,voice,254,"Prem Nagar PS Tower, Jhansi"
UP-CDR-000506,UP00580,Sunil Bind,9125000580,UP00171,Babloo Qureshi,8840000171,2024-04-04 21:34:49,95,sms,142,"Rakabganj PS Tower, Agra"
UP-CDR-000507,UP00013,Satish Siddiqui,7500000013,UP00460,Brijesh Nagar,7500000460,2024-02-25 22:09:59,56,voice,1062,"Shahganj PS Tower, Agra"
UP-CDR-000508,UP00560,Guddu Verma,9927000560,UP00348,Rakesh Pal,7500000348,2024-02-18 08:27:14,49,voice,283,"Subhash Nagar PS Tower, Bareilly"
UP-CDR-000509,UP01964,Ramesh Pandey,9719001964,UP01197,Rizwan Gupta,9837001197,2024-01-01 22:59:08,1,voice,741,"Barra PS Tower, Kanpur Nagar"
UP-CDR-000510,UP00024,Deepak Gautam,9412000024,UP00025,Dhananjay Pal,8006000025,2024-05-19 17:44:21,140,voice,1072,"Knowledge Park PS Tower, Gautam Buddha Nagar (Noida)"
UP-CDR-000511,UP00369,Sonu Gautam,9125000369,UP00469,Dhananjay Dubey,9125000469,2024-02-20 21:53:31,51,voice,923,"Sadar Bazar PS Tower, Meerut"
UP-CDR-000512,UP00489,Pramod Srivastav,7007000489,UP00326,Abhay Pal,9839000326,2024-02-24 00:13:21,55,voice,832,"Kotwali PS Tower, Kanpur Nagar"
UP-CDR-000513,UP00514,Akhilesh Maurya,9927000514,UP00562,Anil Bind,9927000562,2024-03-03 23:43:01,63,voice,818,"Sihani Gate PS Tower, Ghaziabad"
UP-CDR-000514,UP00592,Guddu Gurjar,8006000592,UP00303,Ravindra Chaudhary,9412000303,2024-08-21 22:29:51,234,voice,366,"Gomti Nagar PS Tower, Lucknow"
UP-CDR-000515,UP00290,Pramod Yadav,9839000290,UP00374,Ramesh Rajput,9837000374,2024-07-18 06:33:08,200,voice,1180,"Surajpur PS Tower, Gautam Buddha Nagar (Noida)"
UP-CDR-000516,UP00309,Suresh Gupta,9125000309,UP01509,Vikram Siddiqui,7500001509,2024-01-18 09:21:16,18,voice,961,"Shahganj PS Tower, Agra"
UP-CDR-000517,UP01060,Dharmendra Khan,9415001060,UP00480,Rakesh Nishad,9839000480,2024-06-06 11:59:36,158,voice,788,"Kotwali PS Tower, Ghaziabad"
UP-CDR-000518,UP00038,Sunil Tiwari,9415000038,UP00433,Sanjay Mishra,9719000433,2024-05-04 21:54:11,125,voice,225,"George Town PS Tower, Prayagraj"
UP-CDR-000519,UP00089,Santosh Siddiqui,9927000089,UP00250,Rajesh Gurjar,9927000250,2024-04-02 08:26:05,93,voice,381,"Govind Nagar PS Tower, Kanpur Nagar"
UP-CDR-000520,UP00510,Rajesh Qureshi,8840000510,UP00284,Brijesh Kushwaha,9450000284,2024-03-01 09:58:24,61,voice,314,"Cantt PS Tower, Ayodhya"
UP-CDR-000521,UP00238,Virendra Tiwari,9415000238,UP00529,Dhananjay Kushwaha,9839000529,2024-01-10 11:36:11,10,sms,767,"Kavi Nagar PS Tower, Ghaziabad"
UP-CDR-000522,UP00434,Brijesh Srivastav,9839000434,UP00012,Akhilesh Nagar,9450000012,2024-07-19 01:03:19,201,voice,400,"George Town PS Tower, Prayagraj"
UP-CDR-000523,UP00203,Tariq Siddiqui,9839000203,UP00099,Alok Tomar,9412000099,2024-03-29 21:45:54,89,voice,192,"Cantt PS Tower, Ayodhya"
UP-CDR-000524,UP00157,Imran Singh,9125000157,UP00424,Atiq Bind,7500000424,2024-08-13 14:59:29,226,voice,427,"Bhelupur PS Tower, Varanasi"
UP-CDR-000525,UP00261,Rajesh Verma,7007000261,UP00147,Suresh Pal,9415000147,2024-08-17 12:17:26,230,voice,96,"Lisari Gate PS Tower, Meerut"
UP-CDR-000526,UP00291,Rakesh Rawat,8840000291,UP00159,Santosh Pandey,9839000159,2024-08-23 22:21:07,236,voice,964,"Cantt PS Tower, Ayodhya"
UP-CDR-000527,UP00834,Atiq Maurya,9125000834,UP02542,Ravindra Nagar,9839002542,2024-03-08 11:21:59,68,voice,129,"Brahmpuri PS Tower, Meerut"
UP-CDR-000528,UP00451,Alok Chaudhary,9839000451,UP00013,Satish Siddiqui,7500000013,2024-04-03 10:00:24,94,sms,182,"Sipri Bazar PS Tower, Jhansi"
UP-CDR-000529,UP00150,Virendra Yadav,9450000150,UP00075,Anil Chauhan,9837000075,2024-08-08 19:48:30,221,voice,118,"Gorakhnath PS Tower, Gorakhpur"
UP-CDR-000530,UP00324,Abhay Gupta,9450000324,UP00017,Dharmendra Yadav,7500000017,2024-03-16 13:35:30,76,voice,293,"Sector 20 PS Tower, Gautam Buddha Nagar (Noida)"
UP-CDR-000531,UP00573,Imran Dubey,9415000573,UP00276,Alok Gupta,7500000276,2024-07-11 21:14:38,193,voice,1001,"Civil Lines PS Tower, Prayagraj"
UP-CDR-000532,UP00160,Deepak Gautam,9450000160,UP00152,Sonu Rajput,9837000152,2024-04-04 06:50:03,95,sms,549,"Phase 2 PS Tower, Gautam Buddha Nagar (Noida)"
UP-CDR-000533,UP00227,Santosh Gupta,7007000227,UP00135,Sunil Shukla,9412000135,2024-03-12 23:15:02,72,voice,881,"Shahpur PS Tower, Gorakhpur"
UP-CDR-000534,UP00473,Chhotu Srivastav,9415000473,UP00372,Alok Bind,9927000372,2024-07-03 22:30:22,185,voice,761,"Sector 39 PS Tower, Gautam Buddha Nagar (Noida)"
UP-CDR-000535,UP00329,Amit Kushwaha,7007000329,UP00119,Alok Gupta,9450000119,2024-08-03 17:51:42,216,voice,897,"Collectorganj PS Tower, Kanpur Nagar"
UP-CDR-000536,UP00770,Suresh Singh,7007000770,UP02890,Chhotu Tripathi,9839002890,2024-04-08 14:06:19,99,sms,750,"Barra PS Tower, Kanpur Nagar"
UP-CDR-000537,UP00307,Neeraj Shukla,9415000307,UP00395,Ramesh Pal,9415000395,2024-04-12 14:58:45,103,voice,1068,"Chinhat PS Tower, Lucknow"
UP-CDR-000538,UP00344,Neeraj Kushwaha,9837000344,UP00454,Tariq Shukla,9839000454,2024-05-23 10:40:24,144,sms,733,"Kotwali PS Tower, Ayodhya"
UP-CDR-000539,UP02251,Rakesh Tripathi,9415002251,UP01349,Pramod Singh,7500001349,2024-07-18 09:21:33,200,voice,700,"Partapur PS Tower, Meerut"
UP-CDR-000540,UP00485,Sonu Singh,9125000485,UP00164,Akhilesh Yadav,9837000164,2024-03-29 18:47:29,89,voice,454,"Bhelupur PS Tower, Varanasi"
UP-CDR-000541,UP00119,Alok Gupta,9450000119,UP00067,Rakesh Mishra,8006000067,2024-01-13 13:53:13,13,voice,1180,"Civil Lines PS Tower, Prayagraj"
UP-CDR-000542,UP00292,Rakesh Rajput,9837000292,UP00622,Dharmendra Tyagi,7007000622,2024-03-22 21:25:16,82,voice,794,"Alambagh PS Tower, Lucknow"
UP-CDR-000543,UP00246,Rakesh Shukla,9412000246,UP00163,Rakesh Dubey,8840000163,2024-08-14 21:52:56,227,voice,102,"Sector 39 PS Tower, Gautam Buddha Nagar (Noida)"
UP-CDR-000544,UP01738,Alok Mishra,9837001738,UP02428,Akhilesh Khan,9450002428,2024-01-01 17:23:48,1,voice,803,"Kotwali PS Tower, Ghaziabad"
UP-CDR-000545,UP01455,Santosh Nishad,9839001455,UP00163,Rakesh Dubey,8840000163,2024-06-27 18:25:28,179,voice,519,"Izzatnagar PS Tower, Bareilly"
UP-CDR-000546,UP00010,Babloo Tiwari,9415000010,UP00543,Mahesh Jaiswal,9719000543,2024-08-05 19:09:50,218,voice,888,"Sipri Bazar PS Tower, Jhansi"
UP-CDR-000547,UP00169,Atiq Qureshi,9125000169,UP00172,Sonu Chauhan,8840000172,2024-03-29 21:24:41,89,sms,645,"Hari Parbat PS Tower, Agra"
UP-CDR-000548,UP00373,Mukhtar Dubey,7007000373,UP02800,Munna Rawat,8840002800,2024-08-11 06:14:18,224,voice,441,"Cantt PS Tower, Varanasi"
UP-CDR-000549,UP00547,Aslam Dubey,8006000547,UP00297,Vikram Yadav,7007000297,2024-08-24 13:12:24,237,voice,42,"Sector 20 PS Tower, Gautam Buddha Nagar (Noida)"
UP-CDR-000550,UP00407,Guddu Tomar,9927000407,UP00545,Ravindra Qureshi,9719000545,2024-06-04 13:46:35,156,voice,953,"Ramgarh Tal PS Tower, Gorakhpur"
UP-CDR-000551,UP00513,Satish Shukla,9450000513,UP00234,Virendra Nagar,9415000234,2024-06-14 07:41:13,166,sms,151,"Shahpur PS Tower, Gorakhpur"
UP-CDR-000552,UP00189,Anil Jaiswal,7500000189,UP00337,Ravindra Pal,7007000337,2024-07-28 14:00:36,210,voice,723,"Sadar Bazar PS Tower, Meerut"
UP-CDR-000553,UP00233,Pappu Tripathi,9839000233,UP00443,Imran Shukla,9927000443,2024-01-07 06:53:49,7,voice,520,"Kavi Nagar PS Tower, Ghaziabad"
UP-CDR-000554,UP02475,Ajay Siddiqui,9125002475,UP00786,Sunil Pandey,9125000786,2024-07-15 17:39:54,197,sms,211,"Chinhat PS Tower, Lucknow"
UP-CDR-000555,UP00573,Imran Dubey,9415000573,UP00495,Tariq Chaudhary,7007000495,2024-04-18 06:11:00,109,voice,848,"Cantt PS Tower, Gorakhpur"
UP-CDR-000556,UP00122,Neeraj Gurjar,9450000122,UP00563,Guddu Chauhan,9450000563,2024-06-08 12:46:51,160,voice,885,"Sector 24 PS Tower, Gautam Buddha Nagar (Noida)"
UP-CDR-000557,UP02706,Amit Gurjar,8840002706,UP01287,Guddu Tomar,9719001287,2024-05-02 06:39:03,123,voice,203,"Mahanagar PS Tower, Lucknow"
UP-CDR-000558,UP00377,Santosh Singh,7007000377,UP00193,Rizwan Pal,9719000193,2024-08-08 17:13:50,221,voice,942,"Kotwali PS Tower, Jhansi"
UP-CDR-000559,UP00172,Sonu Chauhan,8840000172,UP00572,Rakesh Ansari,9450000572,2024-05-27 19:38:06,148,voice,718,"Sahibabad PS Tower, Ghaziabad"
UP-CDR-000560,UP02141,Dhananjay Ansari,9412002141,UP00491,Anil Rawat,7007000491,2024-01-04 20:14:51,4,voice,1055,"Collectorganj PS Tower, Kanpur Nagar"
UP-CDR-000561,UP00191,Suresh Pal,9125000191,UP00412,Atiq Qureshi,9927000412,2024-07-16 23:08:04,198,voice,1149,"Govind Nagar PS Tower, Kanpur Nagar"
UP-CDR-000562,UP00171,Babloo Qureshi,8840000171,UP00405,Sonu Gautam,7007000405,2024-08-21 21:16:09,234,voice,251,"Mahanagar PS Tower, Lucknow"
UP-CDR-000563,UP00019,Tariq Gautam,8840000019,UP00118,Tariq Qureshi,8840000118,2024-03-27 13:46:44,87,voice,1139,"Sadar Bazar PS Tower, Meerut"
UP-CDR-000564,UP00274,Ajay Singh,9412000274,UP00001,Rajesh Rajput,9125000001,2024-03-06 12:08:59,66,voice,1153,"Sahibabad PS Tower, Ghaziabad"
UP-CDR-000565,UP01199,Pappu Rawat,8840001199,UP01502,Dhananjay Yadav,9927001502,2024-01-07 06:20:46,7,voice,484,"Lisari Gate PS Tower, Meerut"
UP-CDR-000566,UP00412,Atiq Qureshi,9927000412,UP00547,Aslam Dubey,8006000547,2024-05-01 02:18:30,122,voice,1145,"Subhash Nagar PS Tower, Bareilly"
UP-CDR-000567,UP00160,Deepak Gautam,9450000160,UP00493,Imran Tomar,9125000493,2024-08-16 07:15:00,229,voice,740,"Surajpur PS Tower, Gautam Buddha Nagar (Noida)"
UP-CDR-000568,UP00599,Sanjay Gupta,9415000599,UP00588,Mukhtar Kushwaha,7007000588,2024-05-25 09:25:56,146,voice,1046,"Kotwali PS Tower, Gorakhpur"
UP-CDR-000569,UP00027,Vikram Singh,9837000027,UP00151,Dharmendra Nishad,8840000151,2024-08-16 10:12:54,229,voice,478,"Shahganj PS Tower, Agra"
UP-CDR-000570,UP01400,Imran Tomar,8840001400,UP00837,Pappu Tripathi,7007000837,2024-04-04 09:49:58,95,sms,1106,"Shahpur PS Tower, Gorakhpur"
UP-CDR-000571,UP00039,Deepak Bind,9415000039,UP00095,Akhilesh Tomar,8006000095,2024-04-15 09:15:08,106,voice,632,"Ayodhya Kotwali PS Tower, Ayodhya"
UP-CDR-000572,UP00216,Gufran Chauhan,9719000216,UP00577,Pappu Pandey,9415000577,2024-02-13 21:16:30,44,voice,827,"Dhoomanganj PS Tower, Prayagraj"
UP-CDR-000573,UP00491,Anil Rawat,7007000491,UP02279,Ravindra Gupta,9837002279,2024-01-11 16:54:14,11,voice,909,"Kotwali PS Tower, Gorakhpur"
UP-CDR-000574,UP00034,Satish Jaiswal,9415000034,UP00051,Suresh Dubey,7500000051,2024-06-06 08:10:23,158,voice,279,"Kotwali PS Tower, Ghaziabad"
UP-CDR-000575,UP00551,Rajesh Gupta,7500000551,UP00002,Rajesh Tiwari,9927000002,2024-03-05 23:33:36,65,voice,852,"Cantt PS Tower, Ayodhya"
UP-CDR-000576,UP00190,Pappu Rawat,9415000190,UP00076,Mahesh Mishra,9450000076,2024-04-22 04:21:11,113,sms,905,"Kotwali PS Tower, Jhansi"
UP-CDR-000577,UP00312,Dharmendra Singh,9839000312,UP00397,Dhananjay Nagar,7500000397,2024-02-08 17:51:27,39,voice,754,"Phase 2 PS Tower, Gautam Buddha Nagar (Noida)"
UP-CDR-000578,UP00373,Mukhtar Dubey,7007000373,UP00489,Pramod Srivastav,7007000489,2024-02-16 17:56:16,47,sms,688,"Chakeri PS Tower, Kanpur Nagar"
UP-CDR-000579,UP00253,Mahesh Chaudhary,9927000253,UP00240,Deepak Bind,9719000240,2024-08-16 21:47:53,229,sms,830,"Partapur PS Tower, Meerut"
UP-CDR-000580,UP00421,Akhilesh Mishra,9450000421,UP01811,Rajesh Mishra,9415001811,2024-07-18 12:55:43,200,voice,391,"George Town PS Tower, Prayagraj"
UP-CDR-000581,UP02486,Rizwan Chaudhary,9839002486,UP02818,Manoj Pandey,9450002818,2024-06-25 13:23:39,177,voice,986,"Barra PS Tower, Kanpur Nagar"
UP-CDR-000582,UP00589,Babloo Pandey,8006000589,UP00531,Atiq Siddiqui,9125000531,2024-05-18 05:59:33,139,voice,266,"Chakeri PS Tower, Kanpur Nagar"
UP-CDR-000583,UP00155,Satish Tyagi,9125000155,UP00089,Santosh Siddiqui,9927000089,2024-01-27 07:11:23,27,voice,163,"Izzatnagar PS Tower, Bareilly"
UP-CDR-000584,UP00945,Mukhtar Tiwari,7007000945,UP01915,Munna Tiwari,9839001915,2024-06-13 17:49:19,165,voice,92,"Cantt PS Tower, Gorakhpur"
UP-CDR-000585,UP00002,Rajesh Tiwari,9927000002,UP00505,Rakesh Siddiqui,8006000505,2024-04-13 16:13:07,104,voice,75,"Knowledge Park PS Tower, Gautam Buddha Nagar (Noida)"
UP-CDR-000586,UP01224,Neeraj Tyagi,8840001224,UP00480,Rakesh Nishad,9839000480,2024-02-22 15:09:17,53,sms,81,"Hari Parbat PS Tower, Agra"
UP-CDR-000587,UP00281,Abhay Yadav,9927000281,UP00110,Manoj Khan,7007000110,2024-01-22 05:02:24,22,sms,1163,"Kotwali PS Tower, Gorakhpur"
UP-CDR-000588,UP00212,Akhilesh Nagar,9927000212,UP00425,Brijesh Tomar,9719000425,2024-03-03 16:19:05,63,voice,471,"Prem Nagar PS Tower, Jhansi"
UP-CDR-000589,UP00231,Vikram Chauhan,7500000231,UP00548,Aslam Tiwari,8840000548,2024-05-22 16:31:03,143,voice,849,"Civil Lines PS Tower, Prayagraj"
UP-CDR-000590,UP00577,Pappu Pandey,9415000577,UP00541,Sonu Tiwari,9415000541,2024-06-22 00:10:06,174,voice,1190,"Kotwali PS Tower, Ayodhya"
UP-CDR-000591,UP00579,Mukhtar Tripathi,9837000579,UP00276,Alok Gupta,7500000276,2024-07-26 05:04:54,208,voice,1034,"Hari Parbat PS Tower, Agra"
UP-CDR-000592,UP00010,Babloo Tiwari,9415000010,UP02073,Mukhtar Chaudhary,9125002073,2024-06-05 14:51:00,157,voice,654,"Sihani Gate PS Tower, Ghaziabad"
UP-CDR-000593,UP02135,Ajay Chauhan,7007002135,UP00483,Abhay Yadav,9125000483,2024-05-20 21:04:53,141,voice,168,"Raunahi PS Tower, Ayodhya"
UP-CDR-000594,UP00562,Anil Bind,9927000562,UP00575,Suresh Gautam,7007000575,2024-06-04 10:07:25,156,voice,262,"Etmadpur PS Tower, Agra"
UP-CDR-000595,UP00454,Tariq Shukla,9839000454,UP00583,Vikram Gurjar,9839000583,2024-06-24 12:23:25,176,sms,590,"Dhoomanganj PS Tower, Prayagraj"
UP-CDR-000596,UP00892,Deepak Yadav,7500000892,UP01343,Tariq Tripathi,9450001343,2024-01-13 02:47:14,13,sms,540,"George Town PS Tower, Prayagraj"
UP-CDR-000597,UP01988,Chhotu Pal,7500001988,UP01883,Deepak Yadav,7007001883,2024-08-13 18:34:07,226,voice,96,"Subhash Nagar PS Tower, Bareilly"
UP-CDR-000598,UP00363,Munna Tomar,8006000363,UP00264,Imran Gupta,9450000264,2024-01-16 16:36:41,16,voice,1123,"Kotwali PS Tower, Gorakhpur"
UP-CDR-000599,UP00061,Sonu Khan,8006000061,UP00217,Abhay Bind,9450000217,2024-06-08 21:04:42,160,voice,749,"Izzatnagar PS Tower, Bareilly"
UP-CDR-000600,UP00522,Pankaj Srivastav,9837000522,UP00083,Anil Mishra,7007000083,2024-01-21 08:47:30,21,voice,1059,"Tiwaripur PS Tower, Gorakhpur"
UP-CDR-000601,UP00082,Ramesh Pandey,9125000082,UP00473,Chhotu Srivastav,9415000473,2024-02-10 19:09:53,41,voice,879,"Cantt PS Tower, Varanasi"
UP-CDR-000602,UP00465,Abhay Nagar,9839000465,UP00348,Rakesh Pal,7500000348,2024-02-15 05:24:59,46,voice,19,"Shivpur PS Tower, Varanasi"
UP-CDR-000603,UP02942,Sanjay Tomar,9415002942,UP01878,Imran Kushwaha,8006001878,2024-05-16 23:43:56,137,voice,433,"Sipri Bazar PS Tower, Jhansi"
UP-CDR-000604,UP00530,Amit Nagar,9415000530,UP00074,Rajesh Tripathi,9837000074,2024-04-16 17:01:47,107,voice,106,"Kareli PS Tower, Prayagraj"
UP-CDR-000605,UP00284,Brijesh Kushwaha,9450000284,UP00201,Chhotu Maurya,9839000201,2024-08-15 17:48:30,228,sms,46,"Dhoomanganj PS Tower, Prayagraj"
UP-CDR-000606,UP00513,Satish Shukla,9450000513,UP01983,Mahesh Pal,9450001983,2024-03-25 02:57:58,85,voice,230,"Surajpur PS Tower, Gautam Buddha Nagar (Noida)"
UP-CDR-000607,UP00189,Anil Jaiswal,7500000189,UP00532,Amit Qureshi,7500000532,2024-07-11 20:37:03,193,voice,127,"Sihani Gate PS Tower, Ghaziabad"
UP-CDR-000608,UP00099,Alok Tomar,9412000099,UP00548,Aslam Tiwari,8840000548,2024-08-11 02:39:19,224,voice,740,"Chowk PS Tower, Lucknow"
UP-CDR-000609,UP00592,Guddu Gurjar,8006000592,UP00506,Ravindra Shukla,9415000506,2024-06-30 11:21:14,182,voice,153,"Shahpur PS Tower, Gorakhpur"
UP-CDR-000610,UP00048,Imran Maurya,8840000048,UP00260,Munna Rajput,9415000260,2024-04-30 10:24:01,121,voice,101,"Kotwali PS Tower, Kanpur Nagar"
UP-CDR-000611,UP00042,Brijesh Tripathi,9412000042,UP00289,Dharmendra Dubey,9450000289,2024-01-13 16:08:50,13,voice,965,"Kalyanpur PS Tower, Kanpur Nagar"
UP-CDR-000612,UP01419,Deepak Tomar,9837001419,UP02946,Deepak Siddiqui,9719002946,2024-04-30 12:45:43,121,voice,188,"Prem Nagar PS Tower, Bareilly"
UP-CDR-000613,UP00489,Pramod Srivastav,7007000489,UP00331,Sanjay Dubey,8006000331,2024-05-25 16:23:19,146,voice,473,"Tajganj PS Tower, Agra"
UP-CDR-000614,UP00539,Akhilesh Pandey,8840000539,UP00369,Sonu Gautam,9125000369,2024-08-20 13:55:14,233,sms,1146,"Govind Nagar PS Tower, Kanpur Nagar"
UP-CDR-000615,UP02133,Dharmendra Mishra,9415002133,UP00385,Rajesh Kushwaha,8006000385,2024-06-16 22:30:51,168,voice,387,"Tajganj PS Tower, Agra"
UP-CDR-000616,UP01894,Ajay Tiwari,8840001894,UP00129,Amit Srivastav,9412000129,2024-05-01 23:48:08,122,voice,167,"Bhelupur PS Tower, Varanasi"
UP-CDR-000617,UP00265,Santosh Yadav,9450000265,UP00581,Ravindra Chauhan,7007000581,2024-07-13 03:50:33,195,voice,312,"Kotwali PS Tower, Ayodhya"
UP-CDR-000618,UP00345,Vikram Dubey,9125000345,UP00162,Deepak Pal,9450000162,2024-03-21 22:45:06,81,voice,758,"Shahganj PS Tower, Agra"
UP-CDR-000619,UP00325,Guddu Siddiqui,8840000325,UP00501,Ravindra Maurya,9125000501,2024-05-31 15:17:05,152,voice,310,"Chakeri PS Tower, Kanpur Nagar"
UP-CDR-000620,UP00119,Alok Gupta,9450000119,UP00204,Atiq Tomar,9125000204,2024-04-15 00:07:53,106,voice,851,"Sector 20 PS Tower, Gautam Buddha Nagar (Noida)"
UP-CDR-000621,UP00351,Deepak Qureshi,9125000351,UP00041,Neeraj Pal,9839000041,2024-05-18 23:16:40,139,sms,797,"Baradari PS Tower, Bareilly"
UP-CDR-000622,UP00221,Deepak Kushwaha,8006000221,UP00471,Imran Gupta,9125000471,2024-08-13 05:42:19,226,sms,748,"Kalyanpur PS Tower, Kanpur Nagar"
UP-CDR-000623,UP01617,Amit Yadav,7500001617,UP02242,Atiq Rajput,8840002242,2024-02-29 09:46:24,60,voice,548,"Baradari PS Tower, Bareilly"
UP-CDR-000624,UP00385,Rajesh Kushwaha,8006000385,UP00433,Sanjay Mishra,9719000433,2024-07-31 17:55:49,213,voice,1130,"Alambagh PS Tower, Lucknow"
UP-CDR-000625,UP00562,Anil Bind,9927000562,UP00016,Sonu Tiwari,9125000016,2024-04-06 01:54:14,97,voice,801,"Cantt PS Tower, Gorakhpur"
UP-CDR-000626,UP00286,Abhay Jaiswal,9837000286,UP00184,Imran Nishad,7007000184,2024-05-27 23:24:37,148,voice,164,"Kotwali PS Tower, Kanpur Nagar"
UP-CDR-000627,UP00115,Virendra Tripathi,9927000115,UP01620,Pappu Gurjar,9450001620,2024-03-14 09:08:25,74,sms,700,"Chetganj PS Tower, Varanasi"
UP-CDR-000628,UP00370,Neeraj Chaudhary,9719000370,UP00175,Munna Rajput,7500000175,2024-02-23 00:09:37,54,voice,928,"Kalyanpur PS Tower, Kanpur Nagar"
UP-CDR-000629,UP01045,Guddu Gupta,8006001045,UP02894,Ajay Siddiqui,8840002894,2024-05-09 03:05:43,130,voice,493,"Kotwali PS Tower, Bareilly"
UP-CDR-000630,UP00493,Imran Tomar,9125000493,UP00122,Neeraj Gurjar,9450000122,2024-05-23 16:20:44,144,voice,820,"Alambagh PS Tower, Lucknow"
UP-CDR-000631,UP00030,Ramesh Maurya,9125000030,UP00199,Rizwan Yadav,7500000199,2024-02-11 03:27:29,42,voice,1135,"Hari Parbat PS Tower, Agra"
UP-CDR-000632,UP00053,Rajesh Chauhan,9719000053,UP00555,Anil Srivastav,9415000555,2024-04-30 01:29:50,121,voice,479,"Govind Nagar PS Tower, Kanpur Nagar"
UP-CDR-000633,UP02474,Manoj Ansari,7007002474,UP00049,Virendra Tyagi,9719000049,2024-01-31 04:55:20,31,voice,818,"Ramgarh Tal PS Tower, Gorakhpur"
UP-CDR-000634,UP01166,Satish Bind,7007001166,UP00256,Alok Pandey,9450000256,2024-07-17 16:42:27,199,voice,909,"Sector 39 PS Tower, Gautam Buddha Nagar (Noida)"
UP-CDR-000635,UP01943,Imran Chaudhary,7007001943,UP01297,Neeraj Rajput,9839001297,2024-07-23 14:46:36,205,sms,781,"Ramgarh Tal PS Tower, Gorakhpur"
UP-CDR-000636,UP00299,Santosh Maurya,9927000299,UP00231,Vikram Chauhan,7500000231,2024-08-01 02:46:52,214,voice,360,"Sector 20 PS Tower, Gautam Buddha Nagar (Noida)"
UP-CDR-000637,UP02682,Munna Tyagi,7007002682,UP00635,Deepak Tomar,9415000635,2024-07-04 03:51:47,186,sms,281,"Sector 39 PS Tower, Gautam Buddha Nagar (Noida)"
UP-CDR-000638,UP00227,Santosh Gupta,7007000227,UP00165,Mukhtar Nagar,7007000165,2024-05-11 03:07:45,132,voice,738,"Sikandra PS Tower, Agra"
UP-CDR-000639,UP00045,Tariq Tiwari,9412000045,UP00333,Satish Chauhan,8840000333,2024-06-14 18:55:34,166,voice,1194,"Sahibabad PS Tower, Ghaziabad"
UP-CDR-000640,UP00354,Akhilesh Rajput,8840000354,UP00383,Alok Khan,9125000383,2024-04-01 05:33:40,92,voice,244,"Dashashwamedh PS Tower, Varanasi"
UP-CDR-000641,UP00108,Deepak Pandey,9839000108,UP00583,Vikram Gurjar,9839000583,2024-01-16 00:24:38,16,sms,806,"Phase 2 PS Tower, Gautam Buddha Nagar (Noida)"
UP-CDR-000642,UP00301,Mukhtar Siddiqui,7007000301,UP00523,Imran Shukla,9412000523,2024-05-30 10:47:09,151,voice,1141,"Surajpur PS Tower, Gautam Buddha Nagar (Noida)"
UP-CDR-000643,UP00233,Pappu Tripathi,9839000233,UP00471,Imran Gupta,9125000471,2024-03-18 19:26:46,78,voice,466,"Etmadpur PS Tower, Agra"
UP-CDR-000644,UP01699,Mahesh Srivastav,9125001699,UP01008,Suresh Tiwari,9839001008,2024-08-15 00:50:34,228,sms,404,"Kotwali PS Tower, Kanpur Nagar"
UP-CDR-000645,UP01688,Abhay Mishra,7500001688,UP01708,Deepak Gurjar,9412001708,2024-04-03 20:11:04,94,voice,824,"Collectorganj PS Tower, Kanpur Nagar"
UP-CDR-000646,UP00160,Deepak Gautam,9450000160,UP02187,Guddu Jaiswal,9719002187,2024-04-21 13:29:29,112,voice,1155,"Raunahi PS Tower, Ayodhya"
UP-CDR-000647,UP02143,Abhay Pal,8006002143,UP01750,Neeraj Maurya,7500001750,2024-01-20 11:30:54,20,voice,532,"Chinhat PS Tower, Lucknow"
UP-CDR-000648,UP00511,Munna Jaiswal,8840000511,UP00053,Rajesh Chauhan,9719000053,2024-03-03 13:01:02,63,sms,166,"Sadar Bazar PS Tower, Meerut"
UP-CDR-000649,UP02122,Gufran Gurjar,7500002122,UP01117,Bablu Yadav,9839001117,2024-07-31 07:21:01,213,voice,812,"Raunahi PS Tower, Ayodhya"
UP-CDR-000650,UP00120,Alok Srivastav,9927000120,UP00220,Vikram Shukla,8840000220,2024-08-28 02:57:39,241,voice,1117,"Sahibabad PS Tower, Ghaziabad"
UP-CDR-000651,UP02710,Vikram Gurjar,9927002710,UP00436,Tariq Verma,9415000436,2024-06-08 23:11:42,160,voice,1092,"Cantt PS Tower, Ayodhya"
UP-CDR-000652,UP00551,Rajesh Gupta,7500000551,UP00317,Satish Tiwari,9450000317,2024-08-26 02:44:53,239,sms,303,"George Town PS Tower, Prayagraj"
UP-CDR-000653,UP00517,Gufran Bind,9719000517,UP00226,Ramesh Rawat,9719000226,2024-01-14 23:28:36,14,sms,104,"Collectorganj PS Tower, Kanpur Nagar"
UP-CDR-000654,UP00383,Alok Khan,9125000383,UP00590,Atiq Jaiswal,9415000590,2024-04-05 07:48:43,96,sms,943,"Kavi Nagar PS Tower, Ghaziabad"
UP-CDR-000655,UP00091,Rakesh Pal,9125000091,UP00414,Suresh Shukla,9415000414,2024-08-07 19:35:20,220,voice,286,"Kotwali PS Tower, Bareilly"
UP-CDR-000656,UP00113,Imran Siddiqui,9125000113,UP00406,Satish Shukla,7007000406,2024-06-05 18:17:16,157,voice,845,"Cantt PS Tower, Varanasi"
UP-CDR-000657,UP01135,Santosh Nagar,9719001135,UP00555,Anil Srivastav,9415000555,2024-04-18 05:21:08,109,voice,1036,"Sector 20 PS Tower, Gautam Buddha Nagar (Noida)"
UP-CDR-000658,UP01993,Manoj Dubey,8840001993,UP01221,Santosh Gautam,7007001221,2024-07-18 10:53:21,200,voice,135,"Kareli PS Tower, Prayagraj"
UP-CDR-000659,UP00551,Rajesh Gupta,7500000551,UP00519,Deepak Gautam,9415000519,2024-08-23 00:04:36,236,sms,144,"Kotwali PS Tower, Ghaziabad"
UP-CDR-000660,UP00025,Dhananjay Pal,8006000025,UP00322,Rajesh Verma,9415000322,2024-05-12 03:44:02,133,voice,833,"Chinhat PS Tower, Lucknow"
UP-CDR-000661,UP02673,Sonu Tyagi,9839002673,UP02072,Pappu Nagar,9412002072,2024-07-02 22:18:10,184,voice,585,"Izzatnagar PS Tower, Bareilly"
UP-CDR-000662,UP00106,Mahesh Chauhan,7500000106,UP00438,Satish Jaiswal,9415000438,2024-03-04 19:30:33,64,voice,792,"Sector 20 PS Tower, Gautam Buddha Nagar (Noida)"
UP-CDR-000663,UP00342,Pramod Yadav,9839000342,UP00532,Amit Qureshi,7500000532,2024-04-10 11:00:09,101,voice,15,"Sahibabad PS Tower, Ghaziabad"
UP-CDR-000664,UP00033,Aslam Tomar,9412000033,UP00024,Deepak Gautam,9412000024,2024-03-05 10:25:43,65,voice,343,"Shivpur PS Tower, Varanasi"
UP-CDR-000665,UP00563,Guddu Chauhan,9450000563,UP00507,Amit Singh,8840000507,2024-03-20 01:16:39,80,sms,467,"Hari Parbat PS Tower, Agra"
UP-CDR-000666,UP00490,Mukhtar Mishra,9415000490,UP00152,Sonu Rajput,9837000152,2024-03-20 12:45:56,80,voice,653,"Civil Lines PS Tower, Meerut"
UP-CDR-000667,UP00317,Satish Tiwari,9450000317,UP00465,Abhay Nagar,9839000465,2024-04-30 21:30:08,121,voice,548,"Cantt PS Tower, Ayodhya"
UP-CDR-000668,UP00469,Dhananjay Dubey,9125000469,UP00179,Pramod Gurjar,9837000179,2024-01-13 23:35:57,13,voice,814,"Kotwali PS Tower, Kanpur Nagar"
UP-CDR-000669,UP00554,Satish Rawat,9415000554,UP00415,Deepak Pandey,9719000415,2024-05-24 05:03:25,145,voice,401,"Tiwaripur PS Tower, Gorakhpur"
UP-CDR-000670,UP00342,Pramod Yadav,9839000342,UP00379,Ajay Qureshi,9719000379,2024-08-06 11:30:46,219,voice,366,"Mahanagar PS Tower, Lucknow"
UP-CDR-000671,UP00798,Neeraj Siddiqui,9839000798,UP01432,Gufran Rawat,9415001432,2024-01-26 07:23:00,26,voice,1047,"Mahanagar PS Tower, Lucknow"
UP-CDR-000672,UP00033,Aslam Tomar,9412000033,UP00086,Guddu Srivastav,9839000086,2024-06-30 01:26:37,182,sms,1115,"Cantt PS Tower, Varanasi"
UP-CDR-000673,UP00312,Dharmendra Singh,9839000312,UP00546,Chhotu Rawat,9125000546,2024-01-04 00:56:33,4,voice,662,"Kavi Nagar PS Tower, Ghaziabad"
UP-CDR-000674,UP00494,Amit Gautam,8840000494,UP00396,Munna Gurjar,7007000396,2024-08-17 00:23:40,230,voice,338,"Kotwali PS Tower, Jhansi"
UP-CDR-000675,UP00528,Rakesh Rawat,9412000528,UP00200,Sonu Khan,9837000200,2024-01-05 14:40:24,5,voice,1016,"Indirapuram PS Tower, Ghaziabad"
UP-CDR-000676,UP00021,Mahesh Qureshi,9415000021,UP00119,Alok Gupta,9450000119,2024-01-02 02:43:43,2,voice,883,"Tiwaripur PS Tower, Gorakhpur"
UP-CDR-000677,UP00018,Pankaj Siddiqui,7500000018,UP00040,Rizwan Mishra,8006000040,2024-08-24 22:59:26,237,voice,738,"Hazratganj PS Tower, Lucknow"
UP-CDR-000678,UP00160,Deepak Gautam,9450000160,UP00010,Babloo Tiwari,9415000010,2024-08-01 17:55:04,214,voice,845,"Chetganj PS Tower, Varanasi"
UP-CDR-000679,UP00541,Sonu Tiwari,9415000541,UP00483,Abhay Yadav,9125000483,2024-03-27 15:56:43,87,voice,333,"Katra PS Tower, Prayagraj"
UP-CDR-000680,UP00312,Dharmendra Singh,9839000312,UP00046,Rajesh Dubey,8840000046,2024-03-25 01:52:43,85,sms,660,"Civil Lines PS Tower, Meerut"
UP-CDR-000681,UP00344,Neeraj Kushwaha,9837000344,UP00505,Rakesh Siddiqui,8006000505,2024-02-07 22:38:39,38,voice,965,"Chakeri PS Tower, Kanpur Nagar"
UP-CDR-000682,UP00305,Abhay Tyagi,9927000305,UP00166,Guddu Shukla,7500000166,2024-03-01 17:48:11,61,voice,849,"Bhelupur PS Tower, Varanasi"
UP-CDR-000683,UP00349,Dharmendra Ansari,9415000349,UP00196,Gufran Jaiswal,8006000196,2024-01-03 17:16:42,3,voice,1018,"Mahanagar PS Tower, Lucknow"
UP-CDR-000684,UP00386,Guddu Pal,9837000386,UP00276,Alok Gupta,7500000276,2024-01-06 07:14:53,6,voice,1141,"Surajpur PS Tower, Gautam Buddha Nagar (Noida)"
UP-CDR-000685,UP00038,Sunil Tiwari,9415000038,UP00546,Chhotu Rawat,9125000546,2024-07-22 13:53:09,204,voice,832,"Knowledge Park PS Tower, Gautam Buddha Nagar (Noida)"
UP-CDR-000686,UP00511,Munna Jaiswal,8840000511,UP00564,Sanjay Chauhan,7500000564,2024-06-11 16:52:14,163,voice,424,"Collectorganj PS Tower, Kanpur Nagar"
UP-CDR-000687,UP00408,Mahesh Mishra,8006000408,UP00524,Pankaj Nagar,9927000524,2024-04-14 03:34:16,105,voice,775,"Cantt PS Tower, Ayodhya"
UP-CDR-000688,UP00853,Suresh Jaiswal,9415000853,UP02019,Vikram Kushwaha,9415002019,2024-08-10 05:13:53,223,voice,70,"Izzatnagar PS Tower, Bareilly"
UP-CDR-000689,UP02253,Manoj Maurya,9837002253,UP01330,Anil Tyagi,7500001330,2024-02-12 16:40:13,43,voice,362,"Civil Lines PS Tower, Prayagraj"
UP-CDR-000690,UP00409,Anil Nishad,7007000409,UP00037,Sunil Gautam,8840000037,2024-07-15 11:30:44,197,voice,522,"Ramgarh Tal PS Tower, Gorakhpur"
UP-CDR-000691,UP00106,Mahesh Chauhan,7500000106,UP00279,Ravindra Chaudhary,9450000279,2024-03-16 20:37:28,76,sms,1069,"Surajpur PS Tower, Gautam Buddha Nagar (Noida)"
UP-CDR-000692,UP02258,Amit Chaudhary,8840002258,UP00368,Brijesh Chauhan,9412000368,2024-04-20 19:34:59,111,voice,702,"Kotwali PS Tower, Ayodhya"
UP-CDR-000693,UP00324,Abhay Gupta,9450000324,UP00022,Rizwan Nagar,8006000022,2024-05-05 20:07:11,126,voice,1020,"Subhash Nagar PS Tower, Bareilly"
UP-CDR-000694,UP02935,Rakesh Nishad,8006002935,UP00990,Sunil Khan,8840000990,2024-04-23 14:06:59,114,voice,567,"Kotwali PS Tower, Gorakhpur"
UP-CDR-000695,UP01759,Satish Kushwaha,7007001759,UP02784,Dharmendra Nishad,9125002784,2024-04-10 08:43:47,101,voice,880,"Tiwaripur PS Tower, Gorakhpur"
UP-CDR-000696,UP00278,Babloo Gautam,9927000278,UP00114,Atiq Chaudhary,7500000114,2024-01-03 18:47:50,3,voice,929,"Kotwali PS Tower, Ayodhya"
UP-CDR-000697,UP00543,Mahesh Jaiswal,9719000543,UP00475,Pramod Gupta,8006000475,2024-02-04 19:14:54,35,voice,454,"Surajpur PS Tower, Gautam Buddha Nagar (Noida)"
UP-CDR-000698,UP00202,Pramod Tiwari,8840000202,UP00529,Dhananjay Kushwaha,9839000529,2024-02-22 10:36:29,53,voice,722,"Sector 24 PS Tower, Gautam Buddha Nagar (Noida)"
UP-CDR-000699,UP01238,Anil Singh,9450001238,UP00921,Gufran Chaudhary,9125000921,2024-01-02 14:29:19,2,voice,1177,"Prem Nagar PS Tower, Bareilly"
UP-CDR-000700,UP00167,Sunil Kushwaha,9839000167,UP00211,Satish Shukla,9837000211,2024-03-30 13:29:20,90,voice,560,"Sipri Bazar PS Tower, Jhansi"
UP-CDR-000701,UP00533,Manoj Jaiswal,9839000533,UP00005,Ravindra Kushwaha,9839000005,2024-07-26 06:21:13,208,sms,198,"Sihani Gate PS Tower, Ghaziabad"
UP-CDR-000702,UP00208,Akhilesh Mishra,7500000208,UP00157,Imran Singh,9125000157,2024-05-18 17:03:49,139,voice,816,"Kotwali PS Tower, Bareilly"
UP-CDR-000703,UP00577,Pappu Pandey,9415000577,UP00472,Rajesh Jaiswal,9412000472,2024-04-04 18:14:50,95,voice,937,"Kotwali PS Tower, Ayodhya"
UP-CDR-000704,UP00183,Vikram Tripathi,8840000183,UP00598,Virendra Mishra,9415000598,2024-08-17 06:39:05,230,sms,104,"Cantt PS Tower, Ayodhya"
UP-CDR-000705,UP00035,Rizwan Nagar,9450000035,UP00016,Sonu Tiwari,9125000016,2024-01-03 07:07:04,3,voice,42,"Sipri Bazar PS Tower, Jhansi"
UP-CDR-000706,UP02085,Babloo Ansari,8006002085,UP00937,Satish Siddiqui,9839000937,2024-07-03 22:19:57,185,sms,494,"Kotwali PS Tower, Ghaziabad"
UP-CDR-000707,UP00550,Babloo Maurya,7007000550,UP00093,Abhay Nishad,9450000093,2024-01-14 09:23:18,14,voice,969,"Nawabad PS Tower, Jhansi"
UP-CDR-000708,UP00368,Brijesh Chauhan,9412000368,UP00516,Imran Dubey,9719000516,2024-03-12 21:05:27,72,sms,987,"Tajganj PS Tower, Agra"
UP-CDR-000709,UP02244,Ravindra Khan,9412002244,UP02380,Anil Pal,9415002380,2024-05-03 21:20:24,124,voice,106,"Ramgarh Tal PS Tower, Gorakhpur"
UP-CDR-000710,UP00385,Rajesh Kushwaha,8006000385,UP00336,Dhananjay Rawat,8006000336,2024-01-01 02:47:11,1,voice,72,"Subhash Nagar PS Tower, Bareilly"
UP-CDR-000711,UP00567,Tariq Pandey,9839000567,UP00489,Pramod Srivastav,7007000489,2024-03-07 21:10:16,67,voice,493,"Cantt PS Tower, Varanasi"
UP-CDR-000712,UP00351,Deepak Qureshi,9125000351,UP00068,Mahesh Tomar,9450000068,2024-08-08 10:09:14,221,voice,1186,"Kotwali PS Tower, Gorakhpur"
UP-CDR-000713,UP00280,Pappu Gupta,7500000280,UP00420,Munna Yadav,7007000420,2024-03-13 17:13:12,73,voice,781,"Partapur PS Tower, Meerut"
UP-CDR-000714,UP00015,Amit Tyagi,9415000015,UP00116,Tariq Gautam,9839000116,2024-06-15 16:08:10,167,voice,1071,"Prem Nagar PS Tower, Jhansi"
UP-CDR-000715,UP00012,Akhilesh Nagar,9450000012,UP00242,Abhay Maurya,8840000242,2024-05-15 17:31:03,136,voice,524,"Brahmpuri PS Tower, Meerut"
UP-CDR-000716,UP02897,Brijesh Nagar,8840002897,UP00528,Rakesh Rawat,9412000528,2024-01-09 19:21:46,9,voice,392,"Sigra PS Tower, Varanasi"
UP-CDR-000717,UP00069,Pramod Yadav,9125000069,UP00281,Abhay Yadav,9927000281,2024-06-22 03:16:49,174,voice,553,"Ramgarh Tal PS Tower, Gorakhpur"
UP-CDR-000718,UP01588,Rakesh Shukla,9450001588,UP01901,Rajesh Singh,9839001901,2024-06-23 12:40:02,175,voice,762,"Nawabad PS Tower, Jhansi"
UP-CDR-000719,UP00570,Mahesh Bind,8006000570,UP00144,Rakesh Rajput,9927000144,2024-01-09 05:23:20,9,voice,77,"Dhoomanganj PS Tower, Prayagraj"
UP-CDR-000720,UP00056,Ajay Jaiswal,9839000056,UP02886,Munna Chaudhary,9450002886,2024-06-04 18:13:30,156,voice,827,"Kotwali PS Tower, Ayodhya"
UP-CDR-000721,UP00578,Santosh Yadav,9125000578,UP00514,Akhilesh Maurya,9927000514,2024-02-17 07:00:22,48,voice,56,"Nawabad PS Tower, Jhansi"
UP-CDR-000722,UP01218,Deepak Nishad,7007001218,UP02393,Dharmendra Rajput,8006002393,2024-07-31 22:35:16,213,voice,209,"Nawabad PS Tower, Jhansi"
UP-CDR-000723,UP02046,Ajay Srivastav,9412002046,UP02812,Rakesh Tyagi,7500002812,2024-05-27 12:52:21,148,sms,24,"George Town PS Tower, Prayagraj"
UP-CDR-000724,UP00239,Pappu Rajput,9412000239,UP00527,Suresh Pandey,8006000527,2024-08-07 21:35:22,220,voice,1104,"Ramgarh Tal PS Tower, Gorakhpur"
UP-CDR-000725,UP01321,Brijesh Siddiqui,9927001321,UP02908,Atiq Maurya,7007002908,2024-07-24 03:13:07,206,sms,1036,"Kotwali PS Tower, Ayodhya"
UP-CDR-000726,UP01737,Santosh Singh,9415001737,UP01582,Alok Rawat,9415001582,2024-01-02 06:25:13,2,voice,513,"Kavi Nagar PS Tower, Ghaziabad"
UP-CDR-000727,UP00934,Pappu Mishra,7500000934,UP02317,Dhananjay Chaudhary,9837002317,2024-03-16 11:54:02,76,sms,661,"Sihani Gate PS Tower, Ghaziabad"
UP-CDR-000728,UP00450,Neeraj Nagar,9719000450,UP00254,Gufran Ansari,9415000254,2024-03-12 03:55:46,72,voice,1154,"Sipri Bazar PS Tower, Jhansi"
UP-CDR-000729,UP02780,Neeraj Singh,9412002780,UP02788,Tariq Pal,7007002788,2024-07-11 21:25:15,193,voice,621,"Tiwaripur PS Tower, Gorakhpur"
UP-CDR-000730,UP00506,Ravindra Shukla,9415000506,UP00474,Neeraj Pal,8840000474,2024-06-06 22:22:18,158,voice,395,"Civil Lines PS Tower, Prayagraj"
UP-CDR-000731,UP00223,Rakesh Bind,9125000223,UP00225,Abhay Tripathi,9450000225,2024-03-08 20:52:08,68,voice,395,"Sigra PS Tower, Varanasi"
UP-CDR-000732,UP00379,Ajay Qureshi,9719000379,UP00104,Alok Nagar,9450000104,2024-08-21 05:03:27,234,voice,148,"Kalyanpur PS Tower, Kanpur Nagar"
UP-CDR-000733,UP02689,Imran Mishra,9125002689,UP01122,Rakesh Mishra,9839001122,2024-02-13 08:54:24,44,voice,87,"Prem Nagar PS Tower, Jhansi"
UP-CDR-000734,UP00115,Virendra Tripathi,9927000115,UP00475,Pramod Gupta,8006000475,2024-08-10 21:45:23,223,voice,390,"Chakeri PS Tower, Kanpur Nagar"
UP-CDR-000735,UP00498,Imran Pandey,9927000498,UP00359,Atiq Qureshi,9412000359,2024-01-09 00:56:11,9,voice,858,"Collectorganj PS Tower, Kanpur Nagar"
UP-CDR-000736,UP00472,Rajesh Jaiswal,9412000472,UP00331,Sanjay Dubey,8006000331,2024-03-05 15:35:57,65,voice,256,"Sikandra PS Tower, Agra"
UP-CDR-000737,UP00230,Tariq Qureshi,7007000230,UP00291,Rakesh Rawat,8840000291,2024-06-04 13:22:03,156,voice,507,"Ayodhya Kotwali PS Tower, Ayodhya"
UP-CDR-000738,UP00527,Suresh Pandey,8006000527,UP02855,Brijesh Rawat,9719002855,2024-01-23 16:30:06,23,sms,328,"Collectorganj PS Tower, Kanpur Nagar"
UP-CDR-000739,UP00555,Anil Srivastav,9415000555,UP00511,Munna Jaiswal,8840000511,2024-06-16 16:17:31,168,voice,397,"Sector 39 PS Tower, Gautam Buddha Nagar (Noida)"
UP-CDR-000740,UP00472,Rajesh Jaiswal,9412000472,UP00217,Abhay Bind,9450000217,2024-02-22 15:11:39,53,voice,148,"Prem Nagar PS Tower, Bareilly"
UP-CDR-000741,UP00013,Satish Siddiqui,7500000013,UP00580,Sunil Bind,9125000580,2024-08-17 16:33:14,230,voice,1088,"Brahmpuri PS Tower, Meerut"
UP-CDR-000742,UP02459,Atiq Gurjar,8840002459,UP01522,Alok Ansari,9450001522,2024-07-20 05:32:23,202,voice,773,"Gomti Nagar PS Tower, Lucknow"
UP-CDR-000743,UP02814,Satish Ansari,9839002814,UP00605,Mahesh Kushwaha,7500000605,2024-04-07 17:05:00,98,voice,112,"Etmadpur PS Tower, Agra"
UP-CDR-000744,UP00480,Rakesh Nishad,9839000480,UP00558,Sunil Chauhan,9839000558,2024-05-29 04:29:35,150,voice,87,"Dhoomanganj PS Tower, Prayagraj"
UP-CDR-000745,UP00606,Atiq Nagar,8006000606,UP01892,Imran Kushwaha,7007001892,2024-05-12 00:24:29,133,voice,72,"Kotwali PS Tower, Bareilly"
UP-CDR-000746,UP00315,Pramod Gautam,9125000315,UP00358,Akhilesh Nagar,9839000358,2024-06-22 14:44:09,174,voice,820,"Katra PS Tower, Prayagraj"
UP-CDR-000747,UP00557,Neeraj Pandey,8840000557,UP00084,Guddu Nishad,7500000084,2024-07-31 00:59:43,213,voice,127,"Bhelupur PS Tower, Varanasi"
UP-CDR-000748,UP01046,Mahesh Gautam,8840001046,UP00700,Dhananjay Tripathi,9412000700,2024-01-07 16:23:30,7,sms,210,"Ayodhya Kotwali PS Tower, Ayodhya"
UP-CDR-000749,UP00374,Ramesh Rajput,9837000374,UP00335,Pankaj Srivastav,9839000335,2024-06-21 17:16:58,173,voice,819,"Etmadpur PS Tower, Agra"
UP-CDR-000750,UP00562,Anil Bind,9927000562,UP00379,Ajay Qureshi,9719000379,2024-05-14 07:59:39,135,voice,968,"Brahmpuri PS Tower, Meerut"
UP-CDR-000751,UP00673,Pankaj Shukla,9837000673,UP00872,Pappu Pal,9450000872,2024-07-13 21:37:34,195,voice,1023,"Kavi Nagar PS Tower, Ghaziabad"
UP-CDR-000752,UP00163,Rakesh Dubey,8840000163,UP00333,Satish Chauhan,8840000333,2024-02-02 23:26:11,33,voice,499,"Sahibabad PS Tower, Ghaziabad"
UP-CDR-000753,UP00105,Rizwan Tiwari,9125000105,UP00278,Babloo Gautam,9927000278,2024-02-02 12:33:13,33,voice,267,"Bhelupur PS Tower, Varanasi"
UP-CDR-000754,UP02209,Ramesh Tyagi,7007002209,UP01163,Aslam Jaiswal,7007001163,2024-07-24 01:45:54,206,voice,559,"Kareli PS Tower, Prayagraj"
UP-CDR-000755,UP00598,Virendra Mishra,9415000598,UP00274,Ajay Singh,9412000274,2024-02-20 02:36:54,51,voice,637,"George Town PS Tower, Prayagraj"
UP-CDR-000756,UP00506,Ravindra Shukla,9415000506,UP00566,Ajay Rajput,8006000566,2024-07-30 23:55:33,212,voice,812,"Indirapuram PS Tower, Ghaziabad"
UP-CDR-000757,UP00150,Virendra Yadav,9450000150,UP00060,Gufran Khan,9415000060,2024-03-05 09:15:19,65,voice,915,"Kotwali PS Tower, Kanpur Nagar"
UP-CDR-000758,UP00027,Vikram Singh,9837000027,UP00411,Amit Rajput,7007000411,2024-04-15 06:34:27,106,sms,280,"Mahanagar PS Tower, Lucknow"
UP-CDR-000759,UP00353,Brijesh Dubey,9125000353,UP00435,Sanjay Tomar,9415000435,2024-03-24 19:46:56,84,voice,343,"Nauchandi PS Tower, Meerut"
UP-CDR-000760,UP00244,Satish Bind,8840000244,UP00143,Vikram Pal,9837000143,2024-08-26 02:28:58,239,sms,609,"Indirapuram PS Tower, Ghaziabad"
UP-CDR-000761,UP00976,Brijesh Chauhan,9412000976,UP01158,Mahesh Dubey,9412001158,2024-08-27 10:15:01,240,voice,281,"Etmadpur PS Tower, Agra"
UP-CDR-000762,UP00433,Sanjay Mishra,9719000433,UP01617,Amit Yadav,7500001617,2024-06-11 14:01:23,163,voice,718,"Kotwali PS Tower, Ghaziabad"
UP-CDR-000763,UP02748,Tariq Chaudhary,9125002748,UP00226,Ramesh Rawat,9719000226,2024-08-14 03:06:21,227,voice,486,"Kotwali PS Tower, Jhansi"
UP-CDR-000764,UP02471,Neeraj Siddiqui,9839002471,UP02134,Guddu Khan,7500002134,2024-07-17 22:41:53,199,sms,517,"Prem Nagar PS Tower, Jhansi"
UP-CDR-000765,UP00027,Vikram Singh,9837000027,UP00577,Pappu Pandey,9415000577,2024-02-27 23:24:13,58,voice,572,"Kotwali PS Tower, Ayodhya"
UP-CDR-000766,UP00058,Suresh Jaiswal,7007000058,UP00057,Akhilesh Chauhan,9125000057,2024-05-10 02:46:11,131,voice,225,"Subhash Nagar PS Tower, Bareilly"
UP-CDR-000767,UP00832,Vikram Shukla,7500000832,UP00492,Virendra Nagar,9415000492,2024-04-09 09:52:26,100,voice,551,"George Town PS Tower, Prayagraj"
UP-CDR-000768,UP00328,Atiq Chauhan,9927000328,UP00066,Sanjay Nishad,9415000066,2024-05-13 14:52:24,134,voice,1046,"Kareli PS Tower, Prayagraj"
UP-CDR-000769,UP00281,Abhay Yadav,9927000281,UP00051,Suresh Dubey,7500000051,2024-03-01 19:18:27,61,sms,990,"Katra PS Tower, Prayagraj"
UP-CDR-000770,UP00384,Dharmendra Singh,9927000384,UP00078,Rizwan Gurjar,9125000078,2024-02-12 01:38:13,43,voice,1019,"Katra PS Tower, Prayagraj"
UP-CDR-000771,UP01088,Neeraj Gurjar,8840001088,UP00276,Alok Gupta,7500000276,2024-02-28 20:52:01,59,voice,82,"Gomti Nagar PS Tower, Lucknow"
UP-CDR-000772,UP00505,Rakesh Siddiqui,8006000505,UP00228,Manoj Verma,9927000228,2024-07-29 06:23:25,211,voice,607,"Ayodhya Kotwali PS Tower, Ayodhya"
UP-CDR-000773,UP00200,Sonu Khan,9837000200,UP00337,Ravindra Pal,7007000337,2024-04-11 04:24:07,102,voice,1129,"Sigra PS Tower, Varanasi"
UP-CDR-000774,UP00179,Pramod Gurjar,9837000179,UP00048,Imran Maurya,8840000048,2024-04-25 02:07:15,116,voice,338,"Kavi Nagar PS Tower, Ghaziabad"
UP-CDR-000775,UP00030,Ramesh Maurya,9125000030,UP00317,Satish Tiwari,9450000317,2024-04-05 15:54:55,96,voice,607,"Shivpur PS Tower, Varanasi"
UP-CDR-000776,UP00523,Imran Shukla,9412000523,UP00129,Amit Srivastav,9412000129,2024-07-04 02:41:58,186,voice,752,"Cantt PS Tower, Gorakhpur"
UP-CDR-000777,UP00159,Santosh Pandey,9839000159,UP00119,Alok Gupta,9450000119,2024-05-03 01:21:04,124,voice,828,"Kotwali PS Tower, Kanpur Nagar"
UP-CDR-000778,UP00317,Satish Tiwari,9450000317,UP00357,Amit Shukla,9719000357,2024-01-25 04:14:21,25,voice,313,"Rakabganj PS Tower, Agra"
UP-CDR-000779,UP02306,Suresh Pandey,7500002306,UP02372,Satish Yadav,9412002372,2024-06-28 13:51:45,180,voice,717,"Kareli PS Tower, Prayagraj"
UP-CDR-000780,UP00307,Neeraj Shukla,9415000307,UP00175,Munna Rajput,7500000175,2024-07-28 21:02:57,210,voice,773,"Hari Parbat PS Tower, Agra"
UP-CDR-000781,UP02691,Dharmendra Siddiqui,8840002691,UP00177,Imran Srivastav,8006000177,2024-01-28 20:20:00,28,voice,65,"Chetganj PS Tower, Varanasi"
UP-CDR-000782,UP00340,Akhilesh Tomar,9450000340,UP00333,Satish Chauhan,8840000333,2024-01-23 19:53:29,23,voice,1179,"Kotwali PS Tower, Jhansi"
UP-CDR-000783,UP00446,Pramod Khan,9719000446,UP00371,Rizwan Pandey,9412000371,2024-07-17 00:03:01,199,voice,1167,"Sector 39 PS Tower, Gautam Buddha Nagar (Noida)"
UP-CDR-000784,UP00341,Mahesh Siddiqui,8840000341,UP00380,Brijesh Gurjar,9125000380,2024-04-04 18:34:57,95,voice,666,"Partapur PS Tower, Meerut"
UP-CDR-000785,UP00559,Sunil Nishad,9415000559,UP00372,Alok Bind,9927000372,2024-01-04 16:07:05,4,sms,1183,"Nauchandi PS Tower, Meerut"
UP-CDR-000786,UP02875,Abhay Dubey,9125002875,UP02600,Vikram Yadav,9839002600,2024-02-16 02:03:08,47,voice,748,"Collectorganj PS Tower, Kanpur Nagar"
UP-CDR-000787,UP00411,Amit Rajput,7007000411,UP00158,Rakesh Pal,9125000158,2024-06-16 14:25:52,168,voice,270,"Cantt PS Tower, Varanasi"
UP-CDR-000788,UP00106,Mahesh Chauhan,7500000106,UP00576,Babloo Shukla,9450000576,2024-05-07 07:33:14,128,sms,1087,"Indirapuram PS Tower, Ghaziabad"
UP-CDR-000789,UP00521,Rizwan Kushwaha,9125000521,UP00297,Vikram Yadav,7007000297,2024-05-04 06:20:03,125,sms,263,"Knowledge Park PS Tower, Gautam Buddha Nagar (Noida)"
UP-CDR-000790,UP00414,Suresh Shukla,9415000414,UP00176,Amit Tiwari,9839000176,2024-05-31 04:28:41,152,voice,497,"Sector 20 PS Tower, Gautam Buddha Nagar (Noida)"
UP-CDR-000791,UP00106,Mahesh Chauhan,7500000106,UP00339,Atiq Pal,9412000339,2024-01-31 04:16:24,31,voice,647,"Subhash Nagar PS Tower, Bareilly"
UP-CDR-000792,UP00158,Rakesh Pal,9125000158,UP01413,Rakesh Ansari,9412001413,2024-08-02 19:59:26,215,voice,911,"Cantt PS Tower, Varanasi"
UP-CDR-000793,UP00042,Brijesh Tripathi,9412000042,UP00169,Atiq Qureshi,9125000169,2024-06-01 18:05:48,153,voice,436,"Alambagh PS Tower, Lucknow"
UP-CDR-000794,UP01496,Munna Gurjar,9415001496,UP02262,Mahesh Siddiqui,7007002262,2024-08-10 02:28:22,223,sms,53,"Kotwali PS Tower, Kanpur Nagar"
UP-CDR-000795,UP00604,Atiq Rajput,9412000604,UP02672,Guddu Nishad,9719002672,2024-08-01 03:30:10,214,voice,280,"Sector 24 PS Tower, Gautam Buddha Nagar (Noida)"
UP-CDR-000796,UP00111,Deepak Yadav,9415000111,UP00493,Imran Tomar,9125000493,2024-02-09 22:52:52,40,voice,723,"Sadar Bazar PS Tower, Meerut"
UP-CDR-000797,UP00473,Chhotu Srivastav,9415000473,UP00314,Chhotu Rajput,9450000314,2024-07-19 03:04:38,201,voice,247,"Surajpur PS Tower, Gautam Buddha Nagar (Noida)"
UP-CDR-000798,UP00506,Ravindra Shukla,9415000506,UP00112,Sunil Srivastav,9415000112,2024-05-26 20:41:22,147,sms,486,"Izzatnagar PS Tower, Bareilly"
UP-CDR-000799,UP00334,Sonu Mishra,9125000334,UP00009,Chhotu Maurya,8006000009,2024-06-02 20:48:30,154,voice,376,"Chowk PS Tower, Lucknow"
UP-CDR-000800,UP00703,Sonu Gupta,7500000703,UP00510,Rajesh Qureshi,8840000510,2024-04-13 00:35:59,104,voice,693,"Sigra PS Tower, Varanasi"
UP-CDR-000801,UP00139,Manoj Bind,9927000139,UP00554,Satish Rawat,9415000554,2024-05-30 13:56:42,151,voice,290,"Prem Nagar PS Tower, Bareilly"
UP-CDR-000802,UP00445,Manoj Chauhan,9412000445,UP00113,Imran Siddiqui,9125000113,2024-02-17 07:42:04,48,voice,698,"Chetganj PS Tower, Varanasi"
UP-CDR-000803,UP00874,Chhotu Tripathi,9450000874,UP00409,Anil Nishad,7007000409,2024-01-23 19:57:00,23,voice,1117,"Kotwali PS Tower, Gorakhpur"
UP-CDR-000804,UP00067,Rakesh Mishra,8006000067,UP00493,Imran Tomar,9125000493,2024-08-03 00:43:40,216,voice,1162,"Sikandra PS Tower, Agra"
UP-CDR-000805,UP00282,Tariq Dubey,9450000282,UP00251,Santosh Rajput,8840000251,2024-05-08 01:44:48,129,voice,838,"Kotwali PS Tower, Jhansi"
UP-CDR-000806,UP01119,Anil Chauhan,9415001119,UP01896,Atiq Tripathi,9450001896,2024-03-17 10:35:52,77,voice,1035,"Civil Lines PS Tower, Prayagraj"
UP-CDR-000807,UP00463,Suresh Tripathi,9837000463,UP00278,Babloo Gautam,9927000278,2024-03-02 03:15:23,62,voice,876,"Sector 39 PS Tower, Gautam Buddha Nagar (Noida)"
UP-CDR-000808,UP00113,Imran Siddiqui,9125000113,UP00089,Santosh Siddiqui,9927000089,2024-06-10 21:03:18,162,sms,1091,"Kotwali PS Tower, Ghaziabad"
UP-CDR-000809,UP00418,Ajay Maurya,9450000418,UP00004,Imran Nishad,7500000004,2024-05-25 14:51:44,146,voice,644,"Baradari PS Tower, Bareilly"
UP-CDR-000810,UP02601,Pankaj Tyagi,7007002601,UP02593,Atiq Gupta,9412002593,2024-08-28 11:18:34,241,voice,57,"Naini PS Tower, Prayagraj"
UP-CDR-000811,UP00364,Akhilesh Gautam,9719000364,UP00283,Akhilesh Shukla,8840000283,2024-01-17 05:31:40,17,voice,767,"Kotwali PS Tower, Jhansi"
UP-CDR-000812,UP02128,Sonu Singh,7007002128,UP01692,Akhilesh Mishra,9412001692,2024-02-24 13:29:46,55,voice,1027,"Cantt PS Tower, Ayodhya"
UP-CDR-000813,UP00459,Alok Chauhan,7500000459,UP00506,Ravindra Shukla,9415000506,2024-05-26 10:10:38,147,voice,227,"Tiwaripur PS Tower, Gorakhpur"
UP-CDR-000814,UP02484,Pappu Rajput,9125002484,UP00905,Babloo Tiwari,9450000905,2024-02-27 06:10:48,58,sms,615,"Sipri Bazar PS Tower, Jhansi"
UP-CDR-000815,UP02399,Gufran Shukla,9415002399,UP00589,Babloo Pandey,8006000589,2024-05-24 10:21:53,145,voice,95,"Kalyanpur PS Tower, Kanpur Nagar"
UP-CDR-000816,UP00116,Tariq Gautam,9839000116,UP00461,Ajay Rawat,8840000461,2024-02-24 07:32:48,55,voice,854,"Gorakhnath PS Tower, Gorakhpur"
UP-CDR-000817,UP02447,Virendra Rawat,9415002447,UP00388,Mahesh Tripathi,9839000388,2024-04-11 04:46:15,102,voice,422,"Ayodhya Kotwali PS Tower, Ayodhya"
UP-CDR-000818,UP00340,Akhilesh Tomar,9450000340,UP00295,Neeraj Bind,9839000295,2024-05-28 16:25:49,149,voice,63,"Cantt PS Tower, Gorakhpur"
UP-CDR-000819,UP00531,Atiq Siddiqui,9125000531,UP00019,Tariq Gautam,8840000019,2024-06-25 13:48:12,177,voice,983,"Sahibabad PS Tower, Ghaziabad"
UP-CDR-000820,UP00030,Ramesh Maurya,9125000030,UP00036,Amit Kushwaha,9927000036,2024-05-09 04:51:45,130,voice,47,"Barra PS Tower, Kanpur Nagar"
UP-CDR-000821,UP00344,Neeraj Kushwaha,9837000344,UP00108,Deepak Pandey,9839000108,2024-04-22 17:31:17,113,sms,164,"Chakeri PS Tower, Kanpur Nagar"
UP-CDR-000822,UP00584,Alok Pandey,9927000584,UP02097,Akhilesh Ansari,7500002097,2024-06-23 19:41:14,175,voice,745,"Chetganj PS Tower, Varanasi"
UP-CDR-000823,UP01602,Ravindra Ansari,9450001602,UP01977,Gufran Jaiswal,9125001977,2024-08-14 19:58:56,227,voice,865,"Lisari Gate PS Tower, Meerut"
UP-CDR-000824,UP00216,Gufran Chauhan,9719000216,UP00035,Rizwan Nagar,9450000035,2024-01-01 06:54:50,1,voice,358,"Chowk PS Tower, Lucknow"
UP-CDR-000825,UP00244,Satish Bind,8840000244,UP00183,Vikram Tripathi,8840000183,2024-05-31 04:25:20,152,voice,1048,"Rakabganj PS Tower, Agra"
UP-CDR-000826,UP00375,Santosh Jaiswal,9839000375,UP00290,Pramod Yadav,9839000290,2024-02-10 07:02:24,41,voice,822,"Shivpur PS Tower, Varanasi"
UP-CDR-000827,UP02109,Neeraj Srivastav,9927002109,UP02971,Akhilesh Rawat,9415002971,2024-08-09 12:42:58,222,voice,1024,"Dashashwamedh PS Tower, Varanasi"
UP-CDR-000828,UP00569,Neeraj Qureshi,8006000569,UP00512,Dhananjay Srivastav,9412000512,2024-01-05 00:57:26,5,voice,253,"Brahmpuri PS Tower, Meerut"
UP-CDR-000829,UP00357,Amit Shukla,9719000357,UP00223,Rakesh Bind,9125000223,2024-08-16 08:58:43,229,voice,867,"Tiwaripur PS Tower, Gorakhpur"
UP-CDR-000830,UP00434,Brijesh Srivastav,9839000434,UP00033,Aslam Tomar,9412000033,2024-07-25 23:51:25,207,voice,547,"Shivpur PS Tower, Varanasi"
UP-CDR-000831,UP00370,Neeraj Chaudhary,9719000370,UP00077,Suresh Khan,8006000077,2024-04-30 03:34:35,121,voice,965,"Surajpur PS Tower, Gautam Buddha Nagar (Noida)"
UP-CDR-000832,UP02485,Bablu Rajput,9125002485,UP00392,Brijesh Tyagi,9415000392,2024-03-26 04:56:00,86,voice,1083,"Sihani Gate PS Tower, Ghaziabad"
UP-CDR-000833,UP00024,Deepak Gautam,9412000024,UP00114,Atiq Chaudhary,7500000114,2024-02-10 22:54:00,41,voice,1138,"Bhelupur PS Tower, Varanasi"
UP-CDR-000834,UP00202,Pramod Tiwari,8840000202,UP00245,Babloo Ansari,7007000245,2024-02-29 02:32:56,60,voice,956,"Shahganj PS Tower, Agra"
UP-CDR-000835,UP00171,Babloo Qureshi,8840000171,UP00160,Deepak Gautam,9450000160,2024-05-16 22:58:24,137,voice,61,"Alambagh PS Tower, Lucknow"
UP-CDR-000836,UP00878,Suresh Shukla,9450000878,UP02793,Akhilesh Ansari,9837002793,2024-03-05 07:59:32,65,voice,1017,"Nauchandi PS Tower, Meerut"
UP-CDR-000837,UP00120,Alok Srivastav,9927000120,UP00019,Tariq Gautam,8840000019,2024-02-23 16:44:42,54,voice,820,"Brahmpuri PS Tower, Meerut"
UP-CDR-000838,UP00462,Mahesh Srivastav,9412000462,UP00975,Sunil Tiwari,8840000975,2024-04-06 09:18:28,97,voice,360,"Sihani Gate PS Tower, Ghaziabad"
UP-CDR-000839,UP00445,Manoj Chauhan,9412000445,UP00054,Sonu Chaudhary,7500000054,2024-08-27 05:43:43,240,sms,390,"Sadar Bazar PS Tower, Meerut"
UP-CDR-000840,UP00397,Dhananjay Nagar,7500000397,UP00072,Chhotu Nagar,7007000072,2024-03-19 07:25:30,79,voice,327,"Rakabganj PS Tower, Agra"
UP-CDR-000841,UP00585,Satish Tyagi,7500000585,UP00026,Rajesh Shukla,9412000026,2024-05-29 15:32:15,150,voice,879,"Prem Nagar PS Tower, Jhansi"
UP-CDR-000842,UP01550,Ramesh Bind,7500001550,UP02636,Babloo Gupta,7007002636,2024-06-24 22:53:06,176,sms,474,"Tiwaripur PS Tower, Gorakhpur"
UP-CDR-000843,UP01343,Tariq Tripathi,9450001343,UP01002,Suresh Gautam,9450001002,2024-08-20 20:01:50,233,voice,716,"Cantt PS Tower, Varanasi"
UP-CDR-000844,UP00456,Rajesh Srivastav,9415000456,UP00465,Abhay Nagar,9839000465,2024-07-25 15:46:46,207,voice,412,"Cantt PS Tower, Ayodhya"
UP-CDR-000845,UP00444,Virendra Mishra,7500000444,UP00526,Rajesh Nishad,9415000526,2024-08-12 21:06:10,225,voice,465,"Prem Nagar PS Tower, Bareilly"
UP-CDR-000846,UP01162,Rizwan Dubey,9415001162,UP00846,Babloo Srivastav,9839000846,2024-05-04 07:41:32,125,voice,427,"Collectorganj PS Tower, Kanpur Nagar"
UP-CDR-000847,UP02879,Mukhtar Nagar,9837002879,UP00030,Ramesh Maurya,9125000030,2024-05-16 07:28:11,137,voice,273,"Shivpur PS Tower, Varanasi"
UP-CDR-000848,UP00210,Rizwan Nishad,9412000210,UP00362,Neeraj Gautam,7500000362,2024-06-17 01:04:32,169,sms,708,"Gorakhnath PS Tower, Gorakhpur"
UP-CDR-000849,UP00529,Dhananjay Kushwaha,9839000529,UP00367,Abhay Srivastav,9837000367,2024-07-12 20:57:11,194,voice,234,"Katra PS Tower, Prayagraj"
UP-CDR-000850,UP00570,Mahesh Bind,8006000570,UP00170,Rakesh Srivastav,7500000170,2024-03-02 19:36:07,62,voice,206,"Sikandra PS Tower, Agra"
UP-CDR-000851,UP00259,Amit Chauhan,7007000259,UP00315,Pramod Gautam,9125000315,2024-01-17 19:24:31,17,voice,112,"Hari Parbat PS Tower, Agra"
UP-CDR-000852,UP01487,Deepak Siddiqui,8840001487,UP00294,Akhilesh Mishra,9450000294,2024-01-11 10:05:48,11,voice,770,"Izzatnagar PS Tower, Bareilly"
UP-CDR-000853,UP00280,Pappu Gupta,7500000280,UP00405,Sonu Gautam,7007000405,2024-08-24 08:26:21,237,voice,197,"Sector 24 PS Tower, Gautam Buddha Nagar (Noida)"
UP-CDR-000854,UP00464,Dhananjay Ansari,9412000464,UP00461,Ajay Rawat,8840000461,2024-07-24 00:37:12,206,voice,111,"Kavi Nagar PS Tower, Ghaziabad"
UP-CDR-000855,UP00454,Tariq Shukla,9839000454,UP00022,Rizwan Nagar,8006000022,2024-04-17 17:58:02,108,voice,380,"Phase 2 PS Tower, Gautam Buddha Nagar (Noida)"
UP-CDR-000856,UP00431,Dhananjay Bind,7007000431,UP00335,Pankaj Srivastav,9839000335,2024-06-03 19:18:18,155,sms,313,"Ramgarh Tal PS Tower, Gorakhpur"
UP-CDR-000857,UP00337,Ravindra Pal,7007000337,UP01918,Sanjay Kushwaha,8840001918,2024-06-08 12:12:11,160,voice,275,"Kotwali PS Tower, Jhansi"
UP-CDR-000858,UP00583,Vikram Gurjar,9839000583,UP00176,Amit Tiwari,9839000176,2024-07-05 11:40:44,187,voice,1116,"Hazratganj PS Tower, Lucknow"
UP-CDR-000859,UP01626,Bablu Dubey,9415001626,UP00077,Suresh Khan,8006000077,2024-03-14 22:24:23,74,voice,269,"Nawabad PS Tower, Jhansi"
UP-CDR-000860,UP00385,Rajesh Kushwaha,8006000385,UP00199,Rizwan Yadav,7500000199,2024-02-12 22:04:29,43,voice,1148,"Phase 2 PS Tower, Gautam Buddha Nagar (Noida)"
UP-CDR-000861,UP00490,Mukhtar Mishra,9415000490,UP00211,Satish Shukla,9837000211,2024-02-16 15:56:08,47,voice,202,"Prem Nagar PS Tower, Jhansi"
UP-CDR-000862,UP00200,Sonu Khan,9837000200,UP00240,Deepak Bind,9719000240,2024-03-24 17:26:41,84,voice,844,"Kotwali PS Tower, Gorakhpur"
UP-CDR-000863,UP00107,Ravindra Jaiswal,9839000107,UP00297,Vikram Yadav,7007000297,2024-07-13 04:37:06,195,voice,998,"Sector 39 PS Tower, Gautam Buddha Nagar (Noida)"
UP-CDR-000864,UP00420,Munna Yadav,7007000420,UP00057,Akhilesh Chauhan,9125000057,2024-07-21 18:08:36,203,sms,978,"Dhoomanganj PS Tower, Prayagraj"
UP-CDR-000865,UP01526,Ajay Kushwaha,8840001526,UP02579,Neeraj Pandey,8840002579,2024-04-01 19:45:37,92,voice,293,"Prem Nagar PS Tower, Jhansi"
UP-CDR-000866,UP00020,Santosh Gurjar,7007000020,UP00557,Neeraj Pandey,8840000557,2024-03-20 11:32:23,80,voice,620,"Prem Nagar PS Tower, Bareilly"
UP-CDR-000867,UP00564,Sanjay Chauhan,7500000564,UP00389,Atiq Yadav,9415000389,2024-05-03 04:41:05,124,voice,567,"Barra PS Tower, Kanpur Nagar"
UP-CDR-000868,UP00374,Ramesh Rajput,9837000374,UP00104,Alok Nagar,9450000104,2024-04-10 10:28:37,101,voice,940,"Shahpur PS Tower, Gorakhpur"
UP-CDR-000869,UP00967,Anil Pal,9837000967,UP00044,Mahesh Pandey,9719000044,2024-06-15 18:10:53,167,voice,294,"Kotwali PS Tower, Jhansi"
UP-CDR-000870,UP00803,Dharmendra Tripathi,9125000803,UP00471,Imran Gupta,9125000471,2024-02-25 06:05:39,56,voice,270,"Sector 39 PS Tower, Gautam Buddha Nagar (Noida)"
UP-CDR-000871,UP01212,Satish Maurya,9412001212,UP01067,Brijesh Pandey,9125001067,2024-02-19 19:06:20,50,sms,100,"Naini PS Tower, Prayagraj"
UP-CDR-000872,UP00562,Anil Bind,9927000562,UP00456,Rajesh Srivastav,9415000456,2024-07-20 13:12:35,202,voice,995,"Gorakhnath PS Tower, Gorakhpur"
UP-CDR-000873,UP00083,Anil Mishra,7007000083,UP00512,Dhananjay Srivastav,9412000512,2024-07-17 05:58:17,199,sms,1081,"Sigra PS Tower, Varanasi"
UP-CDR-000874,UP00297,Vikram Yadav,7007000297,UP00070,Pankaj Tiwari,9927000070,2024-07-06 02:01:25,188,sms,1133,"Nawabad PS Tower, Jhansi"
UP-CDR-000875,UP00118,Tariq Qureshi,8840000118,UP00155,Satish Tyagi,9125000155,2024-08-27 04:56:51,240,voice,576,"Ayodhya Kotwali PS Tower, Ayodhya"
UP-CDR-000876,UP00342,Pramod Yadav,9839000342,UP00561,Rizwan Verma,8006000561,2024-06-12 20:39:50,164,voice,518,"Knowledge Park PS Tower, Gautam Buddha Nagar (Noida)"
UP-CDR-000877,UP00006,Rizwan Chaudhary,8006000006,UP00454,Tariq Shukla,9839000454,2024-06-24 07:39:53,176,voice,838,"Nawabad PS Tower, Jhansi"
UP-CDR-000878,UP00522,Pankaj Srivastav,9837000522,UP00531,Atiq Siddiqui,9125000531,2024-08-04 13:44:35,217,voice,719,"Indirapuram PS Tower, Ghaziabad"
UP-CDR-000879,UP00396,Munna Gurjar,7007000396,UP00055,Pappu Pandey,8840000055,2024-06-05 17:03:29,157,voice,1109,"Katra PS Tower, Prayagraj"
UP-CDR-000880,UP00506,Ravindra Shukla,9415000506,UP00375,Santosh Jaiswal,9839000375,2024-04-25 03:14:00,116,sms,1134,"Kotwali PS Tower, Gorakhpur"
UP-CDR-000881,UP01626,Bablu Dubey,9415001626,UP00370,Neeraj Chaudhary,9719000370,2024-03-01 03:05:18,61,voice,132,"Sihani Gate PS Tower, Ghaziabad"
UP-CDR-000882,UP00087,Alok Tyagi,9839000087,UP00142,Sonu Chaudhary,9450000142,2024-06-27 03:16:33,179,voice,966,"Civil Lines PS Tower, Meerut"
UP-CDR-000883,UP01957,Sunil Srivastav,9719001957,UP00718,Rajesh Gautam,9839000718,2024-04-10 12:03:29,101,sms,947,"Kalyanpur PS Tower, Kanpur Nagar"
UP-CDR-000884,UP00216,Gufran Chauhan,9719000216,UP00217,Abhay Bind,9450000217,2024-06-13 01:31:29,165,voice,342,"Cantt PS Tower, Gorakhpur"
UP-CDR-000885,UP01577,Virendra Srivastav,9125001577,UP02352,Tariq Maurya,9412002352,2024-05-16 16:13:47,137,voice,546,"Raunahi PS Tower, Ayodhya"
UP-CDR-000886,UP02406,Mahesh Gupta,9927002406,UP01267,Munna Bind,7500001267,2024-05-01 13:21:44,122,voice,452,"Kotwali PS Tower, Ayodhya"
UP-CDR-000887,UP00561,Rizwan Verma,8006000561,UP00023,Sanjay Jaiswal,8006000023,2024-05-10 02:27:11,131,voice,169,"Nauchandi PS Tower, Meerut"
UP-CDR-000888,UP00427,Mahesh Mishra,9415000427,UP00021,Mahesh Qureshi,9415000021,2024-08-13 06:18:47,226,voice,237,"Baradari PS Tower, Bareilly"
UP-CDR-000889,UP00262,Tariq Tiwari,8006000262,UP00455,Sonu Jaiswal,8840000455,2024-04-01 02:05:41,92,voice,325,"Barra PS Tower, Kanpur Nagar"
UP-CDR-000890,UP00415,Deepak Pandey,9719000415,UP00541,Sonu Tiwari,9415000541,2024-06-05 07:06:42,157,sms,1032,"Chakeri PS Tower, Kanpur Nagar"
UP-CDR-000891,UP00008,Gufran Tripathi,9412000008,UP00524,Pankaj Nagar,9927000524,2024-05-28 18:12:47,149,voice,1016,"Lisari Gate PS Tower, Meerut"
UP-CDR-000892,UP02533,Dhananjay Chaudhary,9412002533,UP00099,Alok Tomar,9412000099,2024-03-09 18:18:49,69,voice,649,"Cantt PS Tower, Ayodhya"
UP-CDR-000893,UP00018,Pankaj Siddiqui,7500000018,UP00369,Sonu Gautam,9125000369,2024-07-19 04:04:01,201,voice,267,"Sahibabad PS Tower, Ghaziabad"
UP-CDR-000894,UP00338,Sonu Shukla,7500000338,UP00093,Abhay Nishad,9450000093,2024-02-17 12:09:22,48,voice,50,"Kotwali PS Tower, Ghaziabad"
UP-CDR-000895,UP00514,Akhilesh Maurya,9927000514,UP00586,Mahesh Srivastav,9839000586,2024-03-19 14:48:48,79,voice,369,"Chakeri PS Tower, Kanpur Nagar"
UP-CDR-000896,UP00333,Satish Chauhan,8840000333,UP00251,Santosh Rajput,8840000251,2024-08-05 22:25:50,218,voice,581,"Etmadpur PS Tower, Agra"
UP-CDR-000897,UP00345,Vikram Dubey,9125000345,UP00229,Satish Verma,9839000229,2024-04-27 08:19:50,118,voice,823,"Kotwali PS Tower, Ghaziabad"
UP-CDR-000898,UP00031,Imran Tomar,7500000031,UP00549,Mahesh Tyagi,7007000549,2024-03-02 12:46:57,62,sms,694,"Kotwali PS Tower, Kanpur Nagar"
UP-CDR-000899,UP01113,Dhananjay Nishad,8006001113,UP00643,Imran Pandey,9450000643,2024-08-07 20:35:42,220,voice,931,"Mahanagar PS Tower, Lucknow"
UP-CDR-000900,UP00519,Deepak Gautam,9415000519,UP00193,Rizwan Pal,9719000193,2024-04-24 19:43:08,115,sms,90,"Chetganj PS Tower, Varanasi"
UP-CDR-000901,UP00271,Atiq Yadav,9719000271,UP00345,Vikram Dubey,9125000345,2024-05-20 18:50:46,141,voice,47,"Nauchandi PS Tower, Meerut"
UP-CDR-000902,UP02972,Anil Gautam,8840002972,UP02117,Rizwan Tyagi,8840002117,2024-02-20 16:59:52,51,voice,378,"Civil Lines PS Tower, Prayagraj"
UP-CDR-000903,UP00022,Rizwan Nagar,8006000022,UP00035,Rizwan Nagar,9450000035,2024-07-24 05:27:02,206,voice,404,"Chinhat PS Tower, Lucknow"
UP-CDR-000904,UP01576,Akhilesh Pandey,9839001576,UP01692,Akhilesh Mishra,9412001692,2024-03-27 18:24:32,87,voice,346,"Govind Nagar PS Tower, Kanpur Nagar"
UP-CDR-000905,UP00339,Atiq Pal,9412000339,UP00575,Suresh Gautam,7007000575,2024-07-25 10:05:28,207,voice,519,"Collectorganj PS Tower, Kanpur Nagar"
UP-CDR-000906,UP01776,Ajay Mishra,9927001776,UP01933,Pappu Srivastav,9837001933,2024-02-12 18:01:21,43,voice,239,"Bhelupur PS Tower, Varanasi"
UP-CDR-000907,UP00025,Dhananjay Pal,8006000025,UP02162,Anil Singh,7007002162,2024-08-03 13:24:06,216,voice,1120,"George Town PS Tower, Prayagraj"
UP-CDR-000908,UP01663,Dharmendra Shukla,9837001663,UP01780,Pankaj Jaiswal,9719001780,2024-03-18 21:34:49,78,voice,894,"Alambagh PS Tower, Lucknow"
UP-CDR-000909,UP00512,Dhananjay Srivastav,9412000512,UP00103,Mukhtar Tripathi,7007000103,2024-03-01 11:40:18,61,voice,449,"Sipri Bazar PS Tower, Jhansi"
UP-CDR-000910,UP00183,Vikram Tripathi,8840000183,UP00028,Akhilesh Kushwaha,9125000028,2024-03-01 12:47:07,61,voice,124,"Sector 20 PS Tower, Gautam Buddha Nagar (Noida)"
UP-CDR-000911,UP00093,Abhay Nishad,9450000093,UP00324,Abhay Gupta,9450000324,2024-01-27 07:39:08,27,sms,123,"Kotwali PS Tower, Gorakhpur"
UP-CDR-000912,UP00389,Atiq Yadav,9415000389,UP00567,Tariq Pandey,9839000567,2024-01-23 09:27:43,23,sms,258,"Kotwali PS Tower, Ayodhya"
UP-CDR-000913,UP00366,Mukhtar Tripathi,9719000366,UP00640,Pankaj Gautam,8840000640,2024-05-24 03:20:11,145,voice,690,"Indirapuram PS Tower, Ghaziabad"
UP-CDR-000914,UP02267,Aslam Nagar,9125002267,UP02125,Akhilesh Tripathi,9839002125,2024-04-05 06:41:49,96,voice,406,"Tiwaripur PS Tower, Gorakhpur"
UP-CDR-000915,UP00555,Anil Srivastav,9415000555,UP00165,Mukhtar Nagar,7007000165,2024-08-09 00:17:22,222,voice,927,"Barra PS Tower, Kanpur Nagar"
UP-CDR-000916,UP00113,Imran Siddiqui,9125000113,UP00226,Ramesh Rawat,9719000226,2024-07-05 10:17:32,187,voice,593,"Dashashwamedh PS Tower, Varanasi"
UP-CDR-000917,UP00335,Pankaj Srivastav,9839000335,UP00137,Deepak Jaiswal,9415000137,2024-01-26 04:09:10,26,sms,352,"Sikandra PS Tower, Agra"
UP-CDR-000918,UP00194,Santosh Jaiswal,7500000194,UP00271,Atiq Yadav,9719000271,2024-01-19 23:24:00,19,voice,357,"Mahanagar PS Tower, Lucknow"
UP-CDR-000919,UP00412,Atiq Qureshi,9927000412,UP00286,Abhay Jaiswal,9837000286,2024-07-05 00:12:38,187,sms,89,"Civil Lines PS Tower, Prayagraj"
UP-CDR-000920,UP00440,Guddu Mishra,9450000440,UP00488,Suresh Pandey,7007000488,2024-08-23 16:58:34,236,voice,133,"Barra PS Tower, Kanpur Nagar"
UP-CDR-000921,UP00501,Ravindra Maurya,9125000501,UP00008,Gufran Tripathi,9412000008,2024-03-22 22:02:16,82,voice,847,"Kavi Nagar PS Tower, Ghaziabad"
UP-CDR-000922,UP00082,Ramesh Pandey,9125000082,UP00088,Pankaj Tomar,9839000088,2024-01-15 05:01:48,15,voice,518,"Raunahi PS Tower, Ayodhya"
UP-CDR-000923,UP00115,Virendra Tripathi,9927000115,UP00516,Imran Dubey,9719000516,2024-07-01 11:18:23,183,voice,1006,"Govind Nagar PS Tower, Kanpur Nagar"
UP-CDR-000924,UP00494,Amit Gautam,8840000494,UP00497,Munna Rajput,9839000497,2024-05-15 21:49:30,136,sms,602,"Ayodhya Kotwali PS Tower, Ayodhya"
UP-CDR-000925,UP00148,Pappu Gupta,9839000148,UP00135,Sunil Shukla,9412000135,2024-05-05 09:26:37,126,voice,975,"Phase 2 PS Tower, Gautam Buddha Nagar (Noida)"
UP-CDR-000926,UP00291,Rakesh Rawat,8840000291,UP00348,Rakesh Pal,7500000348,2024-04-25 05:20:58,116,voice,714,"Chakeri PS Tower, Kanpur Nagar"
UP-CDR-000927,UP00236,Pankaj Mishra,9412000236,UP00288,Bablu Qureshi,9719000288,2024-02-26 07:32:20,57,voice,85,"George Town PS Tower, Prayagraj"
UP-CDR-000928,UP00483,Abhay Yadav,9125000483,UP00432,Manoj Qureshi,8840000432,2024-04-18 15:40:35,109,voice,154,"Barra PS Tower, Kanpur Nagar"
UP-CDR-000929,UP02078,Imran Chauhan,9415002078,UP01147,Suresh Tiwari,9415001147,2024-05-11 05:29:51,132,voice,1130,"Shahganj PS Tower, Agra"
UP-CDR-000930,UP02277,Pramod Dubey,7007002277,UP01033,Manoj Singh,8006001033,2024-07-29 01:25:17,211,voice,138,"Chetganj PS Tower, Varanasi"
UP-CDR-000931,UP00414,Suresh Shukla,9415000414,UP00374,Ramesh Rajput,9837000374,2024-07-03 07:05:38,185,sms,183,"Sadar Bazar PS Tower, Meerut"
UP-CDR-000932,UP00496,Ravindra Yadav,9412000496,UP00142,Sonu Chaudhary,9450000142,2024-08-19 10:33:35,232,voice,368,"Prem Nagar PS Tower, Bareilly"
UP-CDR-000933,UP02485,Bablu Rajput,9125002485,UP00867,Ajay Tyagi,9719000867,2024-07-15 12:11:42,197,voice,206,"Mahanagar PS Tower, Lucknow"
UP-CDR-000934,UP00510,Rajesh Qureshi,8840000510,UP00425,Brijesh Tomar,9719000425,2024-03-22 19:11:10,82,voice,428,"Nawabad PS Tower, Jhansi"
UP-CDR-000935,UP00302,Dharmendra Dubey,9450000302,UP00479,Manoj Singh,9415000479,2024-03-25 01:58:35,85,voice,277,"Kotwali PS Tower, Gorakhpur"
UP-CDR-000936,UP00581,Ravindra Chauhan,7007000581,UP00421,Akhilesh Mishra,9450000421,2024-02-29 17:33:19,60,voice,462,"Cantt PS Tower, Ayodhya"
UP-CDR-000937,UP00027,Vikram Singh,9837000027,UP00012,Akhilesh Nagar,9450000012,2024-08-23 00:01:29,236,voice,268,"Civil Lines PS Tower, Meerut"
UP-CDR-000938,UP00088,Pankaj Tomar,9839000088,UP00438,Satish Jaiswal,9415000438,2024-03-13 09:16:39,73,voice,739,"Rakabganj PS Tower, Agra"
UP-CDR-000939,UP00200,Sonu Khan,9837000200,UP00275,Sanjay Ansari,9837000275,2024-02-26 17:05:35,57,voice,235,"Prem Nagar PS Tower, Jhansi"
UP-CDR-000940,UP00064,Alok Nagar,9125000064,UP00279,Ravindra Chaudhary,9450000279,2024-08-23 13:30:17,236,voice,64,"Bhelupur PS Tower, Varanasi"
UP-CDR-000941,UP00334,Sonu Mishra,9125000334,UP00389,Atiq Yadav,9415000389,2024-03-26 04:52:10,86,voice,138,"Sector 20 PS Tower, Gautam Buddha Nagar (Noida)"
UP-CDR-000942,UP00233,Pappu Tripathi,9839000233,UP00050,Akhilesh Rawat,8840000050,2024-04-22 22:41:58,113,voice,835,"Kareli PS Tower, Prayagraj"
UP-CDR-000943,UP00343,Tariq Kushwaha,7007000343,UP00453,Ravindra Tripathi,9415000453,2024-04-25 04:42:27,116,sms,606,"Rakabganj PS Tower, Agra"
UP-CDR-000944,UP00219,Abhay Shukla,9412000219,UP00535,Mahesh Srivastav,9839000535,2024-02-16 04:25:55,47,voice,567,"Kotwali PS Tower, Ghaziabad"
UP-CDR-000945,UP00468,Mukhtar Verma,9415000468,UP00151,Dharmendra Nishad,8840000151,2024-05-18 00:21:39,139,voice,108,"Kotwali PS Tower, Bareilly"
UP-CDR-000946,UP00206,Pramod Yadav,7500000206,UP00075,Anil Chauhan,9837000075,2024-03-24 16:46:07,84,voice,856,"Sigra PS Tower, Varanasi"
UP-CDR-000947,UP01643,Pappu Gurjar,9450001643,UP00099,Alok Tomar,9412000099,2024-08-22 04:10:28,235,voice,81,"Cantt PS Tower, Varanasi"
UP-CDR-000948,UP00310,Sanjay Dubey,7500000310,UP00360,Atiq Chaudhary,9415000360,2024-04-04 16:15:12,95,voice,1184,"Knowledge Park PS Tower, Gautam Buddha Nagar (Noida)"
UP-CDR-000949,UP00218,Dharmendra Gupta,9927000218,UP00132,Chhotu Singh,9837000132,2024-03-30 20:49:13,90,sms,120,"Alambagh PS Tower, Lucknow"
UP-CDR-000950,UP02795,Mahesh Tomar,9415002795,UP01290,Anil Chaudhary,7500001290,2024-07-30 17:01:17,212,voice,577,"Izzatnagar PS Tower, Bareilly"
UP-CDR-000951,UP00164,Akhilesh Yadav,9837000164,UP01066,Bablu Ansari,9415001066,2024-06-10 05:01:06,162,voice,1123,"Surajpur PS Tower, Gautam Buddha Nagar (Noida)"
UP-CDR-000952,UP00577,Pappu Pandey,9415000577,UP00516,Imran Dubey,9719000516,2024-05-23 05:50:47,144,voice,590,"Raunahi PS Tower, Ayodhya"
UP-CDR-000953,UP01270,Brijesh Pal,9927001270,UP01904,Santosh Gupta,8840001904,2024-01-19 06:55:03,19,voice,1114,"Chakeri PS Tower, Kanpur Nagar"
UP-CDR-000954,UP00139,Manoj Bind,9927000139,UP00437,Satish Verma,7007000437,2024-03-16 23:33:36,76,voice,315,"Chinhat PS Tower, Lucknow"
UP-CDR-000955,UP00125,Babloo Gupta,8840000125,UP00515,Aslam Shukla,8840000515,2024-01-29 03:56:59,29,voice,1186,"Raunahi PS Tower, Ayodhya"
UP-CDR-000956,UP00192,Gufran Chauhan,9839000192,UP00441,Bablu Pandey,9927000441,2024-01-22 22:35:25,22,voice,734,"Sihani Gate PS Tower, Ghaziabad"
UP-CDR-000957,UP00350,Aslam Pandey,9719000350,UP00095,Akhilesh Tomar,8006000095,2024-04-25 23:16:57,116,voice,1174,"Mahanagar PS Tower, Lucknow"
UP-CDR-000958,UP00547,Aslam Dubey,8006000547,UP00357,Amit Shukla,9719000357,2024-02-11 21:17:13,42,sms,156,"Partapur PS Tower, Meerut"
UP-CDR-000959,UP00554,Satish Rawat,9415000554,UP00378,Abhay Rawat,8840000378,2024-07-21 19:36:45,203,voice,569,"Raunahi PS Tower, Ayodhya"
UP-CDR-000960,UP00017,Dharmendra Yadav,7500000017,UP01982,Ravindra Tripathi,9839001982,2024-06-17 19:01:07,169,voice,386,"Rakabganj PS Tower, Agra"
UP-CDR-000961,UP00681,Mahesh Rawat,9719000681,UP00703,Sonu Gupta,7500000703,2024-02-18 14:55:30,49,voice,375,"Chowk PS Tower, Lucknow"
UP-CDR-000962,UP00198,Tariq Bind,9837000198,UP01100,Guddu Bind,9839001100,2024-02-19 02:47:30,50,voice,268,"Shahpur PS Tower, Gorakhpur"
UP-CDR-000963,UP00137,Deepak Jaiswal,9415000137,UP00484,Dhananjay Nishad,9450000484,2024-04-01 09:14:01,92,voice,1046,"Kotwali PS Tower, Bareilly"
UP-CDR-000964,UP00176,Amit Tiwari,9839000176,UP00547,Aslam Dubey,8006000547,2024-08-23 11:15:57,236,voice,827,"Civil Lines PS Tower, Meerut"
UP-CDR-000965,UP00815,Chhotu Yadav,9839000815,UP02500,Satish Gautam,9125002500,2024-01-07 13:37:37,7,voice,790,"Subhash Nagar PS Tower, Bareilly"
UP-CDR-000966,UP00138,Deepak Tiwari,9839000138,UP00170,Rakesh Srivastav,7500000170,2024-04-02 08:34:15,93,sms,778,"Ayodhya Kotwali PS Tower, Ayodhya"
UP-CDR-000967,UP00163,Rakesh Dubey,8840000163,UP00564,Sanjay Chauhan,7500000564,2024-04-02 13:55:58,93,voice,988,"Kareli PS Tower, Prayagraj"
UP-CDR-000968,UP00125,Babloo Gupta,8840000125,UP00459,Alok Chauhan,7500000459,2024-08-21 22:12:45,234,voice,237,"Cantt PS Tower, Varanasi"
UP-CDR-000969,UP01574,Satish Nishad,9837001574,UP01217,Dharmendra Chauhan,9450001217,2024-03-05 17:02:14,65,voice,683,"Sigra PS Tower, Varanasi"
UP-CDR-000970,UP00346,Tariq Verma,9719000346,UP00329,Amit Kushwaha,7007000329,2024-03-25 19:43:11,85,sms,339,"Sector 20 PS Tower, Gautam Buddha Nagar (Noida)"
UP-CDR-000971,UP00303,Ravindra Chaudhary,9412000303,UP02281,Rizwan Bind,9450002281,2024-05-24 07:51:13,145,voice,48,"Sector 24 PS Tower, Gautam Buddha Nagar (Noida)"
UP-CDR-000972,UP00297,Vikram Yadav,7007000297,UP00052,Amit Yadav,9125000052,2024-06-22 20:13:45,174,voice,793,"Kotwali PS Tower, Gorakhpur"
UP-CDR-000973,UP00328,Atiq Chauhan,9927000328,UP00018,Pankaj Siddiqui,7500000018,2024-05-04 05:33:38,125,voice,163,"Kotwali PS Tower, Jhansi"
UP-CDR-000974,UP00531,Atiq Siddiqui,9125000531,UP00312,Dharmendra Singh,9839000312,2024-02-17 02:00:12,48,voice,565,"Gomti Nagar PS Tower, Lucknow"
UP-CDR-000975,UP00079,Pramod Gautam,9450000079,UP00177,Imran Srivastav,8006000177,2024-05-17 11:01:12,138,voice,773,"Gorakhnath PS Tower, Gorakhpur"
UP-CDR-000976,UP00391,Dhananjay Pandey,9125000391,UP00342,Pramod Yadav,9839000342,2024-07-26 14:24:47,208,sms,1139,"Sigra PS Tower, Varanasi"
UP-CDR-000977,UP00341,Mahesh Siddiqui,8840000341,UP00520,Bablu Gurjar,7500000520,2024-05-24 06:39:57,145,voice,105,"Nawabad PS Tower, Jhansi"
UP-CDR-000978,UP00490,Mukhtar Mishra,9415000490,UP00363,Munna Tomar,8006000363,2024-07-09 08:32:53,191,voice,620,"Kotwali PS Tower, Ghaziabad"
UP-CDR-000979,UP00046,Rajesh Dubey,8840000046,UP00535,Mahesh Srivastav,9839000535,2024-08-03 12:42:14,216,voice,1029,"Kavi Nagar PS Tower, Ghaziabad"
UP-CDR-000980,UP02415,Gufran Pal,9927002415,UP02673,Sonu Tyagi,9839002673,2024-07-06 05:37:43,188,sms,877,"Civil Lines PS Tower, Prayagraj"
UP-CDR-000981,UP02453,Sunil Nagar,8006002453,UP01538,Vikram Maurya,9837001538,2024-02-14 03:58:51,45,voice,904,"Sahibabad PS Tower, Ghaziabad"
UP-CDR-000982,UP00188,Pankaj Yadav,7500000188,UP00025,Dhananjay Pal,8006000025,2024-05-09 23:54:22,130,voice,603,"Civil Lines PS Tower, Meerut"
UP-CDR-000983,UP00369,Sonu Gautam,9125000369,UP00032,Babloo Tomar,9125000032,2024-07-25 18:22:23,207,sms,894,"Ayodhya Kotwali PS Tower, Ayodhya"
UP-CDR-000984,UP00514,Akhilesh Maurya,9927000514,UP00176,Amit Tiwari,9839000176,2024-06-10 22:43:53,162,voice,578,"Katra PS Tower, Prayagraj"
UP-CDR-000985,UP00187,Rakesh Mishra,9927000187,UP00491,Anil Rawat,7007000491,2024-02-26 04:49:32,57,voice,549,"Sipri Bazar PS Tower, Jhansi"
UP-CDR-000986,UP00181,Sanjay Yadav,9837000181,UP00064,Alok Nagar,9125000064,2024-06-18 04:17:31,170,voice,651,"Civil Lines PS Tower, Meerut"
UP-CDR-000987,UP00164,Akhilesh Yadav,9837000164,UP00243,Dharmendra Chaudhary,8840000243,2024-01-23 02:22:47,23,voice,514,"Sector 20 PS Tower, Gautam Buddha Nagar (Noida)"
UP-CDR-000988,UP00567,Tariq Pandey,9839000567,UP01828,Ramesh Kushwaha,8006001828,2024-08-13 00:47:40,226,voice,757,"Dashashwamedh PS Tower, Varanasi"
UP-CDR-000989,UP00532,Amit Qureshi,7500000532,UP00168,Ravindra Srivastav,9412000168,2024-08-11 17:14:12,224,sms,930,"Nawabad PS Tower, Jhansi"
UP-CDR-000990,UP00596,Neeraj Shukla,9415000596,UP00192,Gufran Chauhan,9839000192,2024-05-25 22:50:54,146,voice,123,"Raunahi PS Tower, Ayodhya"
UP-CDR-000991,UP00357,Amit Shukla,9719000357,UP00329,Amit Kushwaha,7007000329,2024-06-02 07:41:56,154,voice,552,"Cantt PS Tower, Ayodhya"
UP-CDR-000992,UP01059,Imran Tyagi,9125001059,UP02109,Neeraj Srivastav,9927002109,2024-05-14 12:36:17,135,voice,1163,"Phase 2 PS Tower, Gautam Buddha Nagar (Noida)"
UP-CDR-000993,UP00520,Bablu Gurjar,7500000520,UP00359,Atiq Qureshi,9412000359,2024-07-21 02:24:36,203,sms,1011,"Gomti Nagar PS Tower, Lucknow"
UP-CDR-000994,UP00464,Dhananjay Ansari,9412000464,UP00330,Akhilesh Yadav,9927000330,2024-02-12 12:32:04,43,voice,808,"Brahmpuri PS Tower, Meerut"
UP-CDR-000995,UP00144,Rakesh Rajput,9927000144,UP01757,Anil Pandey,8006001757,2024-06-05 11:11:07,157,voice,497,"Subhash Nagar PS Tower, Bareilly"
UP-CDR-000996,UP00320,Ramesh Nagar,9415000320,UP00108,Deepak Pandey,9839000108,2024-04-06 20:44:28,97,voice,1065,"Kotwali PS Tower, Ayodhya"
UP-CDR-000997,UP00090,Mukhtar Dubey,9450000090,UP00223,Rakesh Bind,9125000223,2024-04-30 02:58:36,121,voice,243,"Dashashwamedh PS Tower, Varanasi"
UP-CDR-000998,UP00027,Vikram Singh,9837000027,UP00117,Munna Gurjar,9415000117,2024-06-29 08:08:02,181,voice,814,"George Town PS Tower, Prayagraj"
UP-CDR-000999,UP00046,Rajesh Dubey,8840000046,UP00391,Dhananjay Pandey,9125000391,2024-01-06 18:20:31,6,sms,550,"Knowledge Park PS Tower, Gautam Buddha Nagar (Noida)"
UP-CDR-001000,UP00040,Rizwan Mishra,8006000040,UP00433,Sanjay Mishra,9719000433,2024-03-11 19:09:32,71,voice,849,"Bhelupur PS Tower, Varanasi"
UP-CDR-001001,UP00176,Amit Tiwari,9839000176,UP00309,Suresh Gupta,9125000309,2024-08-28 18:51:30,241,voice,84,"Nawabad PS Tower, Jhansi"
UP-CDR-001002,UP00344,Neeraj Kushwaha,9837000344,UP00504,Anil Tiwari,9839000504,2024-04-28 03:16:55,119,voice,423,"Raunahi PS Tower, Ayodhya"
UP-CDR-001003,UP00207,Dhananjay Pandey,8006000207,UP00352,Chhotu Tomar,8006000352,2024-02-22 12:41:06,53,voice,317,"Ayodhya Kotwali PS Tower, Ayodhya"
UP-CDR-001004,UP02667,Ravindra Kushwaha,9412002667,UP00165,Mukhtar Nagar,7007000165,2024-04-04 07:45:11,95,voice,1087,"Shivpur PS Tower, Varanasi"
UP-CDR-001005,UP00508,Babloo Maurya,7007000508,UP00204,Atiq Tomar,9125000204,2024-08-11 00:00:34,224,voice,707,"Kotwali PS Tower, Kanpur Nagar"
UP-CDR-001006,UP00287,Rajesh Gautam,9125000287,UP00349,Dharmendra Ansari,9415000349,2024-03-10 05:49:49,70,voice,849,"Tiwaripur PS Tower, Gorakhpur"
UP-CDR-001007,UP00326,Abhay Pal,9839000326,UP00475,Pramod Gupta,8006000475,2024-01-09 22:02:48,9,voice,745,"Prem Nagar PS Tower, Jhansi"
UP-CDR-001008,UP00432,Manoj Qureshi,8840000432,UP00537,Guddu Srivastav,9839000537,2024-04-18 21:17:48,109,voice,652,"Nauchandi PS Tower, Meerut"
UP-CDR-001009,UP02399,Gufran Shukla,9415002399,UP02020,Ajay Shukla,8840002020,2024-03-06 18:27:09,66,voice,230,"Baradari PS Tower, Bareilly"
UP-CDR-001010,UP00360,Atiq Chaudhary,9415000360,UP00522,Pankaj Srivastav,9837000522,2024-02-05 08:54:24,36,voice,406,"Kotwali PS Tower, Gorakhpur"
UP-CDR-001011,UP00154,Santosh Gupta,9927000154,UP00262,Tariq Tiwari,8006000262,2024-05-13 11:50:43,134,voice,208,"Subhash Nagar PS Tower, Bareilly"
UP-CDR-001012,UP00515,Aslam Shukla,8840000515,UP00450,Neeraj Nagar,9719000450,2024-07-14 22:15:30,196,sms,231,"Sipri Bazar PS Tower, Jhansi"
UP-CDR-001013,UP01230,Sonu Singh,9412001230,UP00756,Rajesh Mishra,7500000756,2024-02-20 00:41:46,51,voice,1001,"Brahmpuri PS Tower, Meerut"
UP-CDR-001014,UP02564,Atiq Tripathi,7500002564,UP01433,Ravindra Jaiswal,7007001433,2024-02-06 14:53:21,37,voice,778,"Kotwali PS Tower, Ayodhya"
UP-CDR-001015,UP00194,Santosh Jaiswal,7500000194,UP00898,Imran Gurjar,9450000898,2024-04-05 02:15:59,96,voice,220,"Nawabad PS Tower, Jhansi"
UP-CDR-001016,UP00136,Anil Qureshi,9837000136,UP00545,Ravindra Qureshi,9719000545,2024-04-28 20:20:55,119,voice,827,"Cantt PS Tower, Varanasi"
UP-CDR-001017,UP00523,Imran Shukla,9412000523,UP00196,Gufran Jaiswal,8006000196,2024-07-16 21:20:56,198,voice,401,"Kotwali PS Tower, Bareilly"
UP-CDR-001018,UP00375,Santosh Jaiswal,9839000375,UP00445,Manoj Chauhan,9412000445,2024-03-13 00:01:38,73,voice,535,"Hari Parbat PS Tower, Agra"
UP-CDR-001019,UP00573,Imran Dubey,9415000573,UP00050,Akhilesh Rawat,8840000050,2024-05-14 17:43:50,135,voice,1114,"Kotwali PS Tower, Bareilly"
UP-CDR-001020,UP00499,Akhilesh Bind,7500000499,UP00564,Sanjay Chauhan,7500000564,2024-03-21 02:12:43,81,voice,854,"Dhoomanganj PS Tower, Prayagraj"
UP-CDR-001021,UP00082,Ramesh Pandey,9125000082,UP00495,Tariq Chaudhary,7007000495,2024-06-04 12:49:35,156,sms,924,"Brahmpuri PS Tower, Meerut"
UP-CDR-001022,UP00019,Tariq Gautam,8840000019,UP00346,Tariq Verma,9719000346,2024-03-25 09:03:30,85,sms,444,"Ramgarh Tal PS Tower, Gorakhpur"
UP-CDR-001023,UP00572,Rakesh Ansari,9450000572,UP00082,Ramesh Pandey,9125000082,2024-02-21 14:07:39,52,voice,63,"Knowledge Park PS Tower, Gautam Buddha Nagar (Noida)"
UP-CDR-001024,UP00549,Mahesh Tyagi,7007000549,UP00555,Anil Srivastav,9415000555,2024-08-28 07:23:53,241,voice,360,"Prem Nagar PS Tower, Jhansi"
UP-CDR-001025,UP00237,Sunil Gupta,9415000237,UP00124,Chhotu Chaudhary,9839000124,2024-07-12 10:41:36,194,voice,1166,"Baradari PS Tower, Bareilly"
UP-CDR-001026,UP00309,Suresh Gupta,9125000309,UP00564,Sanjay Chauhan,7500000564,2024-07-26 13:11:45,208,voice,906,"Kotwali PS Tower, Bareilly"
UP-CDR-001027,UP00276,Alok Gupta,7500000276,UP00265,Santosh Yadav,9450000265,2024-07-23 07:36:56,205,voice,966,"Kotwali PS Tower, Jhansi"
UP-CDR-001028,UP02546,Satish Maurya,9450002546,UP00966,Atiq Nagar,9719000966,2024-07-08 05:15:02,190,voice,161,"Dashashwamedh PS Tower, Varanasi"
UP-CDR-001029,UP00312,Dharmendra Singh,9839000312,UP00459,Alok Chauhan,7500000459,2024-04-15 07:33:21,106,voice,204,"Sector 20 PS Tower, Gautam Buddha Nagar (Noida)"
UP-CDR-001030,UP00078,Rizwan Gurjar,9125000078,UP00145,Akhilesh Shukla,7007000145,2024-08-07 18:27:42,220,voice,489,"Tiwaripur PS Tower, Gorakhpur"
UP-CDR-001031,UP00065,Munna Srivastav,9839000065,UP00491,Anil Rawat,7007000491,2024-04-11 08:34:51,102,voice,951,"Lisari Gate PS Tower, Meerut"
UP-CDR-001032,UP00396,Munna Gurjar,7007000396,UP00316,Satish Pal,7007000316,2024-04-04 19:50:10,95,voice,447,"Izzatnagar PS Tower, Bareilly"
UP-CDR-001033,UP00454,Tariq Shukla,9839000454,UP00375,Santosh Jaiswal,9839000375,2024-07-27 18:09:00,209,voice,186,"Nawabad PS Tower, Jhansi"
UP-CDR-001034,UP02422,Suresh Chauhan,7007002422,UP00879,Satish Gautam,9837000879,2024-02-27 06:50:39,58,voice,216,"Chetganj PS Tower, Varanasi"
UP-CDR-001035,UP00589,Babloo Pandey,8006000589,UP00302,Dharmendra Dubey,9450000302,2024-05-25 18:26:27,146,voice,51,"Sikandra PS Tower, Agra"
UP-CDR-001036,UP00184,Imran Nishad,7007000184,UP00294,Akhilesh Mishra,9450000294,2024-04-14 14:01:32,105,voice,470,"Civil Lines PS Tower, Prayagraj"
UP-CDR-001037,UP00106,Mahesh Chauhan,7500000106,UP00003,Abhay Tripathi,7007000003,2024-04-15 02:44:23,106,voice,840,"Sigra PS Tower, Varanasi"
UP-CDR-001038,UP00421,Akhilesh Mishra,9450000421,UP02256,Guddu Shukla,8840002256,2024-06-18 16:33:45,170,voice,934,"Sahibabad PS Tower, Ghaziabad"
UP-CDR-001039,UP00314,Chhotu Rajput,9450000314,UP00405,Sonu Gautam,7007000405,2024-05-15 23:48:18,136,voice,738,"Collectorganj PS Tower, Kanpur Nagar"
UP-CDR-001040,UP01732,Imran Shukla,9839001732,UP02332,Deepak Chaudhary,7007002332,2024-03-18 11:58:23,78,voice,333,"Subhash Nagar PS Tower, Bareilly"
UP-CDR-001041,UP00568,Brijesh Gautam,9927000568,UP00508,Babloo Maurya,7007000508,2024-07-14 13:04:31,196,voice,63,"Sihani Gate PS Tower, Ghaziabad"
UP-CDR-001042,UP00201,Chhotu Maurya,9839000201,UP00393,Rajesh Pal,9415000393,2024-06-17 05:14:05,169,voice,841,"Kalyanpur PS Tower, Kanpur Nagar"
UP-CDR-001043,UP00587,Mukhtar Yadav,8840000587,UP00170,Rakesh Srivastav,7500000170,2024-07-24 00:42:53,206,voice,583,"Nauchandi PS Tower, Meerut"
UP-CDR-001044,UP00184,Imran Nishad,7007000184,UP00400,Abhay Nagar,9837000400,2024-03-03 18:15:11,63,voice,439,"Baradari PS Tower, Bareilly"
UP-CDR-001045,UP00467,Mahesh Pal,9125000467,UP00669,Vikram Nagar,8840000669,2024-04-11 19:59:30,102,voice,638,"Etmadpur PS Tower, Agra"
UP-CDR-001046,UP00075,Anil Chauhan,9837000075,UP02678,Ramesh Yadav,7500002678,2024-01-08 10:00:33,8,voice,379,"Govind Nagar PS Tower, Kanpur Nagar"
UP-CDR-001047,UP00382,Atiq Nagar,9415000382,UP00257,Abhay Dubey,7007000257,2024-05-19 22:55:18,140,sms,464,"Subhash Nagar PS Tower, Bareilly"
UP-CDR-001048,UP00439,Tariq Maurya,9125000439,UP00293,Imran Singh,9839000293,2024-07-26 21:24:24,208,voice,21,"Rakabganj PS Tower, Agra"
UP-CDR-001049,UP00513,Satish Shukla,9450000513,UP00515,Aslam Shukla,8840000515,2024-03-22 08:32:28,82,voice,881,"Sipri Bazar PS Tower, Jhansi"
UP-CDR-001050,UP00289,Dharmendra Dubey,9450000289,UP00128,Atiq Siddiqui,9415000128,2024-06-28 08:54:27,180,voice,500,"Raunahi PS Tower, Ayodhya"
UP-CDR-001051,UP00200,Sonu Khan,9837000200,UP00087,Alok Tyagi,9839000087,2024-03-29 02:51:34,89,voice,452,"Sadar Bazar PS Tower, Meerut"
UP-CDR-001052,UP00200,Sonu Khan,9837000200,UP00100,Rakesh Srivastav,9412000100,2024-08-01 07:27:05,214,voice,558,"Rakabganj PS Tower, Agra"
UP-CDR-001053,UP00196,Gufran Jaiswal,8006000196,UP00079,Pramod Gautam,9450000079,2024-01-31 19:01:08,31,voice,1122,"Hari Parbat PS Tower, Agra"
UP-CDR-001054,UP00864,Satish Rajput,7500000864,UP01255,Abhay Tiwari,8840001255,2024-08-26 22:36:48,239,voice,1069,"Barra PS Tower, Kanpur Nagar"
UP-CDR-001055,UP00089,Santosh Siddiqui,9927000089,UP00276,Alok Gupta,7500000276,2024-06-20 13:39:16,172,voice,273,"Kotwali PS Tower, Bareilly"
UP-CDR-001056,UP00189,Anil Jaiswal,7500000189,UP00137,Deepak Jaiswal,9415000137,2024-03-23 23:30:30,83,voice,1043,"Gorakhnath PS Tower, Gorakhpur"
UP-CDR-001057,UP00599,Sanjay Gupta,9415000599,UP00312,Dharmendra Singh,9839000312,2024-02-14 16:23:10,45,voice,327,"Izzatnagar PS Tower, Bareilly"
UP-CDR-001058,UP00310,Sanjay Dubey,7500000310,UP00359,Atiq Qureshi,9412000359,2024-04-15 19:40:29,106,voice,234,"Cantt PS Tower, Ayodhya"
UP-CDR-001059,UP00162,Deepak Pal,9450000162,UP00281,Abhay Yadav,9927000281,2024-04-06 19:32:03,97,voice,155,"Ayodhya Kotwali PS Tower, Ayodhya"
UP-CDR-001060,UP00586,Mahesh Srivastav,9839000586,UP00024,Deepak Gautam,9412000024,2024-04-09 09:28:00,100,sms,58,"Surajpur PS Tower, Gautam Buddha Nagar (Noida)"
UP-CDR-001061,UP00433,Sanjay Mishra,9719000433,UP00584,Alok Pandey,9927000584,2024-07-24 20:49:58,206,voice,296,"Raunahi PS Tower, Ayodhya"
UP-CDR-001062,UP01550,Ramesh Bind,7500001550,UP02286,Dhananjay Pandey,8006002286,2024-07-02 12:54:08,184,voice,493,"Katra PS Tower, Prayagraj"
UP-CDR-001063,UP00659,Abhay Verma,9837000659,UP02678,Ramesh Yadav,7500002678,2024-01-11 10:56:42,11,voice,361,"Kotwali PS Tower, Ayodhya"
UP-CDR-001064,UP02795,Mahesh Tomar,9415002795,UP00931,Aslam Yadav,9837000931,2024-07-16 05:17:33,198,sms,943,"Sikandra PS Tower, Agra"
UP-CDR-001065,UP00460,Brijesh Nagar,7500000460,UP00388,Mahesh Tripathi,9839000388,2024-04-29 06:43:47,120,voice,1050,"Naini PS Tower, Prayagraj"
UP-CDR-001066,UP00214,Imran Yadav,9450000214,UP00071,Babloo Chauhan,7007000071,2024-02-26 11:40:39,57,voice,61,"Gorakhnath PS Tower, Gorakhpur"
UP-CDR-001067,UP01023,Munna Chauhan,9125001023,UP02803,Bablu Chauhan,8840002803,2024-07-05 11:18:51,187,voice,907,"Subhash Nagar PS Tower, Bareilly"
UP-CDR-001068,UP00076,Mahesh Mishra,9450000076,UP01755,Rajesh Qureshi,9125001755,2024-07-10 08:32:09,192,voice,568,"Ayodhya Kotwali PS Tower, Ayodhya"
UP-CDR-001069,UP00343,Tariq Kushwaha,7007000343,UP00093,Abhay Nishad,9450000093,2024-07-19 14:49:54,201,voice,1198,"Gorakhnath PS Tower, Gorakhpur"
UP-CDR-001070,UP01124,Santosh Rajput,9837001124,UP02760,Rakesh Nagar,9125002760,2024-03-09 07:48:06,69,voice,168,"Raunahi PS Tower, Ayodhya"
UP-CDR-001071,UP00370,Neeraj Chaudhary,9719000370,UP00521,Rizwan Kushwaha,9125000521,2024-05-25 20:48:15,146,voice,412,"Tajganj PS Tower, Agra"
UP-CDR-001072,UP02938,Ajay Tiwari,9125002938,UP02659,Guddu Rajput,9412002659,2024-07-24 04:38:05,206,voice,484,"Tiwaripur PS Tower, Gorakhpur"
UP-CDR-001073,UP00284,Brijesh Kushwaha,9450000284,UP00662,Pankaj Rajput,9927000662,2024-06-09 19:01:25,161,sms,610,"Partapur PS Tower, Meerut"
UP-CDR-001074,UP00552,Abhay Khan,9450000552,UP00247,Vikram Khan,9125000247,2024-04-23 13:51:49,114,voice,762,"Lisari Gate PS Tower, Meerut"
UP-CDR-001075,UP00415,Deepak Pandey,9719000415,UP00355,Santosh Chauhan,9415000355,2024-07-06 05:22:27,188,voice,346,"Sector 20 PS Tower, Gautam Buddha Nagar (Noida)"
UP-CDR-001076,UP00468,Mukhtar Verma,9415000468,UP00002,Rajesh Tiwari,9927000002,2024-07-14 12:58:48,196,sms,520,"Sipri Bazar PS Tower, Jhansi"
UP-CDR-001077,UP00299,Santosh Maurya,9927000299,UP01273,Gufran Gautam,9412001273,2024-04-21 19:22:01,112,voice,1103,"Alambagh PS Tower, Lucknow"
UP-CDR-001078,UP00186,Sunil Rajput,9839000186,UP00435,Sanjay Tomar,9415000435,2024-06-30 16:40:03,182,sms,701,"Prem Nagar PS Tower, Jhansi"
UP-CDR-001079,UP00421,Akhilesh Mishra,9450000421,UP00598,Virendra Mishra,9415000598,2024-05-22 06:22:33,143,voice,187,"Sipri Bazar PS Tower, Jhansi"
UP-CDR-001080,UP02298,Sunil Srivastav,7007002298,UP01730,Anil Pandey,9837001730,2024-03-16 19:51:21,76,sms,247,"Kavi Nagar PS Tower, Ghaziabad"
UP-CDR-001081,UP00032,Babloo Tomar,9125000032,UP01221,Santosh Gautam,7007001221,2024-07-14 22:16:09,196,voice,250,"Kotwali PS Tower, Ghaziabad"
UP-CDR-001082,UP00300,Aslam Dubey,9125000300,UP00323,Rajesh Siddiqui,9450000323,2024-01-04 07:18:27,4,voice,493,"Nauchandi PS Tower, Meerut"
UP-CDR-001083,UP00562,Anil Bind,9927000562,UP00261,Rajesh Verma,7007000261,2024-06-28 03:56:27,180,voice,746,"Kotwali PS Tower, Bareilly"
UP-CDR-001084,UP00381,Chhotu Gurjar,7007000381,UP00376,Gufran Pal,9415000376,2024-01-06 22:13:43,6,voice,811,"Civil Lines PS Tower, Prayagraj"
UP-CDR-001085,UP01666,Vikram Dubey,9837001666,UP01768,Rajesh Verma,9415001768,2024-05-05 16:14:03,126,voice,1187,"Kalyanpur PS Tower, Kanpur Nagar"
UP-CDR-001086,UP00116,Tariq Gautam,9839000116,UP00134,Chhotu Tripathi,9837000134,2024-05-23 14:47:37,144,voice,186,"Brahmpuri PS Tower, Meerut"
UP-CDR-001087,UP00135,Sunil Shukla,9412000135,UP00033,Aslam Tomar,9412000033,2024-08-12 05:55:39,225,voice,831,"Partapur PS Tower, Meerut"
UP-CDR-001088,UP00389,Atiq Yadav,9415000389,UP00223,Rakesh Bind,9125000223,2024-04-30 02:28:10,121,voice,856,"Kotwali PS Tower, Ghaziabad"
UP-CDR-001089,UP00454,Tariq Shukla,9839000454,UP00529,Dhananjay Kushwaha,9839000529,2024-04-28 19:29:56,119,voice,313,"Tajganj PS Tower, Agra"
UP-CDR-001090,UP00473,Chhotu Srivastav,9415000473,UP00586,Mahesh Srivastav,9839000586,2024-07-01 10:00:45,183,voice,136,"Govind Nagar PS Tower, Kanpur Nagar"
UP-CDR-001091,UP00061,Sonu Khan,8006000061,UP00454,Tariq Shukla,9839000454,2024-08-19 04:03:52,232,voice,621,"Sadar Bazar PS Tower, Meerut"
UP-CDR-001092,UP00111,Deepak Yadav,9415000111,UP00117,Munna Gurjar,9415000117,2024-06-05 11:41:17,157,voice,307,"Rakabganj PS Tower, Agra"
UP-CDR-001093,UP00697,Chhotu Srivastav,9412000697,UP02249,Rizwan Verma,7007002249,2024-06-07 06:18:18,159,voice,572,"Alambagh PS Tower, Lucknow"
UP-CDR-001094,UP00227,Santosh Gupta,7007000227,UP00534,Imran Jaiswal,9415000534,2024-01-17 15:41:11,17,voice,342,"Dashashwamedh PS Tower, Varanasi"
UP-CDR-001095,UP00501,Ravindra Maurya,9125000501,UP00408,Mahesh Mishra,8006000408,2024-07-29 20:51:49,211,voice,359,"Govind Nagar PS Tower, Kanpur Nagar"
UP-CDR-001096,UP00934,Pappu Mishra,7500000934,UP00928,Sunil Ansari,8006000928,2024-02-05 05:28:37,36,voice,21,"Sector 20 PS Tower, Gautam Buddha Nagar (Noida)"
UP-CDR-001097,UP00082,Ramesh Pandey,9125000082,UP00176,Amit Tiwari,9839000176,2024-04-01 05:51:08,92,voice,933,"Indirapuram PS Tower, Ghaziabad"
UP-CDR-001098,UP02514,Tariq Shukla,9450002514,UP02419,Bablu Yadav,8006002419,2024-05-30 00:00:39,151,voice,693,"Cantt PS Tower, Gorakhpur"
UP-CDR-001099,UP00465,Abhay Nagar,9839000465,UP00070,Pankaj Tiwari,9927000070,2024-01-22 05:14:41,22,voice,349,"Barra PS Tower, Kanpur Nagar"
UP-CDR-001100,UP00355,Santosh Chauhan,9415000355,UP00549,Mahesh Tyagi,7007000549,2024-01-21 13:51:08,21,voice,23,"Sahibabad PS Tower, Ghaziabad"
UP-CDR-001101,UP01187,Pankaj Mishra,9837001187,UP02575,Dharmendra Siddiqui,9415002575,2024-04-20 06:36:21,111,sms,455,"Partapur PS Tower, Meerut"
UP-CDR-001102,UP00924,Aslam Shukla,9125000924,UP02964,Dhananjay Tripathi,9125002964,2024-03-04 22:33:26,64,voice,846,"Kotwali PS Tower, Jhansi"
UP-CDR-001103,UP00044,Mahesh Pandey,9719000044,UP00218,Dharmendra Gupta,9927000218,2024-01-16 16:29:30,16,voice,1182,"Naini PS Tower, Prayagraj"
UP-CDR-001104,UP01158,Mahesh Dubey,9412001158,UP02486,Rizwan Chaudhary,9839002486,2024-07-05 19:05:35,187,voice,950,"Shivpur PS Tower, Varanasi"
UP-CDR-001105,UP00128,Atiq Siddiqui,9415000128,UP02197,Manoj Jaiswal,9837002197,2024-06-22 05:18:48,174,sms,171,"George Town PS Tower, Prayagraj"
UP-CDR-001106,UP00141,Mahesh Dubey,9412000141,UP00194,Santosh Jaiswal,7500000194,2024-04-01 12:24:49,92,voice,80,"Partapur PS Tower, Meerut"
UP-CDR-001107,UP00564,Sanjay Chauhan,7500000564,UP00215,Guddu Khan,9927000215,2024-03-04 16:43:12,64,voice,341,"Prem Nagar PS Tower, Jhansi"
UP-CDR-001108,UP00309,Suresh Gupta,9125000309,UP00143,Vikram Pal,9837000143,2024-04-26 21:17:35,117,voice,662,"Knowledge Park PS Tower, Gautam Buddha Nagar (Noida)"
UP-CDR-001109,UP02176,Alok Nishad,9415002176,UP02181,Virendra Srivastav,9450002181,2024-06-21 09:29:20,173,voice,413,"Govind Nagar PS Tower, Kanpur Nagar"
UP-CDR-001110,UP01414,Akhilesh Maurya,9412001414,UP00082,Ramesh Pandey,9125000082,2024-05-10 22:18:10,131,voice,1145,"Nauchandi PS Tower, Meerut"
UP-CDR-001111,UP00268,Abhay Bind,8840000268,UP00498,Imran Pandey,9927000498,2024-05-11 10:34:03,132,voice,548,"Kotwali PS Tower, Ghaziabad"
UP-CDR-001112,UP00436,Tariq Verma,9415000436,UP00128,Atiq Siddiqui,9415000128,2024-07-01 06:05:12,183,sms,50,"Katra PS Tower, Prayagraj"
UP-CDR-001113,UP00084,Guddu Nishad,7500000084,UP00104,Alok Nagar,9450000104,2024-02-24 20:04:38,55,voice,341,"Govind Nagar PS Tower, Kanpur Nagar"
UP-CDR-001114,UP00390,Guddu Siddiqui,8840000390,UP00537,Guddu Srivastav,9839000537,2024-06-10 03:19:33,162,voice,933,"Dashashwamedh PS Tower, Varanasi"
UP-CDR-001115,UP00151,Dharmendra Nishad,8840000151,UP00066,Sanjay Nishad,9415000066,2024-01-21 14:01:48,21,voice,687,"Ayodhya Kotwali PS Tower, Ayodhya"
UP-CDR-001116,UP00482,Munna Singh,7007000482,UP00118,Tariq Qureshi,8840000118,2024-06-04 02:22:08,156,sms,968,"Tiwaripur PS Tower, Gorakhpur"
UP-CDR-001117,UP00600,Imran Chaudhary,7007000600,UP00163,Rakesh Dubey,8840000163,2024-07-31 22:08:22,213,voice,1015,"Mahanagar PS Tower, Lucknow"
UP-CDR-001118,UP00594,Alok Gurjar,9450000594,UP00447,Deepak Tripathi,9450000447,2024-08-10 20:58:37,223,voice,680,"Cantt PS Tower, Gorakhpur"
UP-CDR-001119,UP00178,Rizwan Siddiqui,8006000178,UP00477,Chhotu Rajput,9839000477,2024-01-09 03:13:59,9,voice,678,"Kotwali PS Tower, Ayodhya"
UP-CDR-001120,UP00234,Virendra Nagar,9415000234,UP00066,Sanjay Nishad,9415000066,2024-06-15 08:29:17,167,voice,123,"Kareli PS Tower, Prayagraj"
UP-CDR-001121,UP00414,Suresh Shukla,9415000414,UP00538,Suresh Pal,8006000538,2024-08-06 09:17:02,219,voice,504,"Raunahi PS Tower, Ayodhya"
UP-CDR-001122,UP00222,Babloo Siddiqui,9719000222,UP02155,Santosh Bind,8006002155,2024-02-25 20:56:09,56,voice,338,"Hari Parbat PS Tower, Agra"
UP-CDR-001123,UP00113,Imran Siddiqui,9125000113,UP00283,Akhilesh Shukla,8840000283,2024-01-28 18:42:29,28,voice,772,"Kareli PS Tower, Prayagraj"
UP-CDR-001124,UP00265,Santosh Yadav,9450000265,UP00441,Bablu Pandey,9927000441,2024-08-06 00:42:06,219,voice,277,"Prem Nagar PS Tower, Jhansi"
UP-CDR-001125,UP00391,Dhananjay Pandey,9125000391,UP00370,Neeraj Chaudhary,9719000370,2024-03-23 20:46:07,83,voice,1049,"Cantt PS Tower, Varanasi"
UP-CDR-001126,UP02786,Munna Shukla,9415002786,UP00327,Guddu Tomar,8840000327,2024-01-05 15:15:17,5,voice,367,"Bhelupur PS Tower, Varanasi"
UP-CDR-001127,UP02181,Virendra Srivastav,9450002181,UP02681,Munna Shukla,7500002681,2024-08-28 13:12:27,241,voice,1163,"Tajganj PS Tower, Agra"
UP-CDR-001128,UP01863,Rajesh Singh,8006001863,UP00105,Rizwan Tiwari,9125000105,2024-01-21 05:55:22,21,voice,517,"Barra PS Tower, Kanpur Nagar"
UP-CDR-001129,UP00282,Tariq Dubey,9450000282,UP00051,Suresh Dubey,7500000051,2024-05-10 07:03:07,131,voice,759,"Phase 2 PS Tower, Gautam Buddha Nagar (Noida)"
UP-CDR-001130,UP00409,Anil Nishad,7007000409,UP00414,Suresh Shukla,9415000414,2024-01-19 20:14:44,19,voice,724,"Subhash Nagar PS Tower, Bareilly"
UP-CDR-001131,UP02010,Chhotu Dubey,9412002010,UP02265,Pramod Tripathi,7007002265,2024-04-26 02:24:24,117,voice,78,"Sahibabad PS Tower, Ghaziabad"
UP-CDR-001132,UP00521,Rizwan Kushwaha,9125000521,UP00139,Manoj Bind,9927000139,2024-03-28 00:59:13,88,voice,1050,"Govind Nagar PS Tower, Kanpur Nagar"
UP-CDR-001133,UP02662,Pankaj Dubey,9837002662,UP01837,Ramesh Khan,9839001837,2024-03-20 20:41:21,80,voice,673,"Kavi Nagar PS Tower, Ghaziabad"
UP-CDR-001134,UP00587,Mukhtar Yadav,8840000587,UP00566,Ajay Rajput,8006000566,2024-02-02 19:45:33,33,voice,1054,"Chowk PS Tower, Lucknow"
UP-CDR-001135,UP00142,Sonu Chaudhary,9450000142,UP00396,Munna Gurjar,7007000396,2024-06-26 23:26:27,178,voice,1167,"Surajpur PS Tower, Gautam Buddha Nagar (Noida)"
UP-CDR-001136,UP00092,Vikram Rawat,7007000092,UP00082,Ramesh Pandey,9125000082,2024-07-04 18:54:57,186,voice,109,"Bhelupur PS Tower, Varanasi"
UP-CDR-001137,UP00417,Amit Verma,9125000417,UP00144,Rakesh Rajput,9927000144,2024-03-16 19:23:33,76,voice,76,"Sihani Gate PS Tower, Ghaziabad"
UP-CDR-001138,UP01026,Abhay Gupta,9837001026,UP02214,Vikram Shukla,7007002214,2024-06-13 00:38:15,165,voice,953,"Kareli PS Tower, Prayagraj"
UP-CDR-001139,UP00246,Rakesh Shukla,9412000246,UP00431,Dhananjay Bind,7007000431,2024-04-28 00:32:10,119,voice,1079,"Collectorganj PS Tower, Kanpur Nagar"
UP-CDR-001140,UP00442,Dhananjay Gupta,9450000442,UP00178,Rizwan Siddiqui,8006000178,2024-04-22 05:20:00,113,voice,791,"Kavi Nagar PS Tower, Ghaziabad"
UP-CDR-001141,UP00457,Dharmendra Gupta,9837000457,UP00211,Satish Shukla,9837000211,2024-01-15 10:04:19,15,sms,25,"Civil Lines PS Tower, Prayagraj"
UP-CDR-001142,UP02845,Virendra Jaiswal,8840002845,UP02386,Pappu Rajput,9415002386,2024-01-18 05:42:12,18,voice,79,"Bhelupur PS Tower, Varanasi"
UP-CDR-001143,UP00279,Ravindra Chaudhary,9450000279,UP00354,Akhilesh Rajput,8840000354,2024-03-26 12:43:12,86,sms,665,"Sipri Bazar PS Tower, Jhansi"
UP-CDR-001144,UP00443,Imran Shukla,9927000443,UP00241,Guddu Srivastav,9415000241,2024-01-05 02:24:08,5,voice,1015,"Cantt PS Tower, Varanasi"
UP-CDR-001145,UP00146,Abhay Rajput,9837000146,UP00313,Satish Gurjar,9125000313,2024-03-23 04:31:09,83,voice,516,"Sadar Bazar PS Tower, Meerut"
UP-CDR-001146,UP00590,Atiq Jaiswal,9415000590,UP00350,Aslam Pandey,9719000350,2024-04-08 12:21:56,99,sms,579,"Partapur PS Tower, Meerut"
UP-CDR-001147,UP00918,Anil Qureshi,9719000918,UP01616,Chhotu Gautam,9412001616,2024-05-23 05:22:33,144,voice,933,"Kalyanpur PS Tower, Kanpur Nagar"
UP-CDR-001148,UP00032,Babloo Tomar,9125000032,UP00516,Imran Dubey,9719000516,2024-01-05 14:30:33,5,sms,304,"Surajpur PS Tower, Gautam Buddha Nagar (Noida)"
UP-CDR-001149,UP00774,Dharmendra Rajput,9839000774,UP01166,Satish Bind,7007001166,2024-01-09 15:14:38,9,voice,685,"Hari Parbat PS Tower, Agra"
UP-CDR-001150,UP00203,Tariq Siddiqui,9839000203,UP00447,Deepak Tripathi,9450000447,2024-07-03 16:44:33,185,voice,373,"Kotwali PS Tower, Bareilly"
UP-CDR-001151,UP02023,Imran Nishad,8006002023,UP00915,Alok Tripathi,9839000915,2024-02-13 07:18:00,44,voice,916,"Barra PS Tower, Kanpur Nagar"
UP-CDR-001152,UP01946,Akhilesh Rajput,9450001946,UP00433,Sanjay Mishra,9719000433,2024-08-10 19:49:57,223,voice,648,"Shahpur PS Tower, Gorakhpur"
UP-CDR-001153,UP00562,Anil Bind,9927000562,UP00418,Ajay Maurya,9450000418,2024-08-01 18:45:04,214,voice,559,"Rakabganj PS Tower, Agra"
UP-CDR-001154,UP00058,Suresh Jaiswal,7007000058,UP00444,Virendra Mishra,7500000444,2024-03-01 12:58:07,61,voice,307,"Sector 39 PS Tower, Gautam Buddha Nagar (Noida)"
UP-CDR-001155,UP01033,Manoj Singh,8006001033,UP02904,Deepak Kushwaha,9839002904,2024-01-21 09:59:49,21,voice,356,"Mahanagar PS Tower, Lucknow"
UP-CDR-001156,UP02588,Alok Rajput,8840002588,UP02737,Chhotu Jaiswal,7007002737,2024-03-20 11:13:58,80,voice,328,"Kotwali PS Tower, Kanpur Nagar"
UP-CDR-001157,UP00151,Dharmendra Nishad,8840000151,UP00330,Akhilesh Yadav,9927000330,2024-02-27 16:05:07,58,voice,474,"Cantt PS Tower, Ayodhya"
UP-CDR-001158,UP02104,Babloo Rawat,9839002104,UP02898,Chhotu Bind,9412002898,2024-08-04 10:20:53,217,voice,441,"Hari Parbat PS Tower, Agra"
UP-CDR-001159,UP00469,Dhananjay Dubey,9125000469,UP00335,Pankaj Srivastav,9839000335,2024-07-18 06:15:34,200,voice,938,"Tiwaripur PS Tower, Gorakhpur"
UP-CDR-001160,UP00180,Aslam Tyagi,7500000180,UP00339,Atiq Pal,9412000339,2024-02-14 07:34:44,45,voice,1056,"Kareli PS Tower, Prayagraj"
UP-CDR-001161,UP00439,Tariq Maurya,9125000439,UP00516,Imran Dubey,9719000516,2024-01-07 19:45:17,7,voice,802,"Baradari PS Tower, Bareilly"
UP-CDR-001162,UP00412,Atiq Qureshi,9927000412,UP00022,Rizwan Nagar,8006000022,2024-01-28 21:15:04,28,voice,414,"Subhash Nagar PS Tower, Bareilly"
UP-CDR-001163,UP00032,Babloo Tomar,9125000032,UP00277,Dharmendra Gautam,9837000277,2024-04-02 22:04:49,93,sms,917,"Nawabad PS Tower, Jhansi"
UP-CDR-001164,UP00015,Amit Tyagi,9415000015,UP00393,Rajesh Pal,9415000393,2024-07-26 01:02:59,208,voice,394,"Barra PS Tower, Kanpur Nagar"
UP-CDR-001165,UP00528,Rakesh Rawat,9412000528,UP00441,Bablu Pandey,9927000441,2024-03-20 05:23:06,80,voice,687,"Shahganj PS Tower, Agra"
UP-CDR-001166,UP00712,Alok Tyagi,7007000712,UP00475,Pramod Gupta,8006000475,2024-01-09 20:02:11,9,voice,456,"Cantt PS Tower, Gorakhpur"
UP-CDR-001167,UP00324,Abhay Gupta,9450000324,UP00587,Mukhtar Yadav,8840000587,2024-08-10 03:50:24,223,voice,610,"Kotwali PS Tower, Jhansi"
UP-CDR-001168,UP00329,Amit Kushwaha,7007000329,UP00443,Imran Shukla,9927000443,2024-08-19 07:50:07,232,voice,1176,"Civil Lines PS Tower, Meerut"
UP-CDR-001169,UP00346,Tariq Verma,9719000346,UP00234,Virendra Nagar,9415000234,2024-05-16 12:34:16,137,voice,347,"Phase 2 PS Tower, Gautam Buddha Nagar (Noida)"
UP-CDR-001170,UP00002,Rajesh Tiwari,9927000002,UP00573,Imran Dubey,9415000573,2024-01-07 16:30:50,7,voice,418,"George Town PS Tower, Prayagraj"
UP-CDR-001171,UP00184,Imran Nishad,7007000184,UP00132,Chhotu Singh,9837000132,2024-02-04 00:38:01,35,voice,1121,"Indirapuram PS Tower, Ghaziabad"
UP-CDR-001172,UP00355,Santosh Chauhan,9415000355,UP00439,Tariq Maurya,9125000439,2024-03-21 17:40:57,81,voice,536,"Nawabad PS Tower, Jhansi"
UP-CDR-001173,UP00316,Satish Pal,7007000316,UP00310,Sanjay Dubey,7500000310,2024-02-21 21:25:23,52,voice,300,"Surajpur PS Tower, Gautam Buddha Nagar (Noida)"
UP-CDR-001174,UP00473,Chhotu Srivastav,9415000473,UP00086,Guddu Srivastav,9839000086,2024-05-01 05:12:00,122,voice,496,"Ramgarh Tal PS Tower, Gorakhpur"
UP-CDR-001175,UP00595,Aslam Maurya,8840000595,UP00445,Manoj Chauhan,9412000445,2024-04-22 07:15:11,113,voice,849,"Tiwaripur PS Tower, Gorakhpur"
UP-CDR-001176,UP00298,Munna Gurjar,9415000298,UP00456,Rajesh Srivastav,9415000456,2024-07-16 19:53:00,198,voice,396,"Prem Nagar PS Tower, Jhansi"
UP-CDR-001177,UP00459,Alok Chauhan,7500000459,UP00535,Mahesh Srivastav,9839000535,2024-08-01 05:24:08,214,voice,76,"Cantt PS Tower, Ayodhya"
UP-CDR-001178,UP00079,Pramod Gautam,9450000079,UP00487,Ajay Rajput,9927000487,2024-08-06 06:35:07,219,voice,307,"Katra PS Tower, Prayagraj"
UP-CDR-001179,UP01844,Atiq Tiwari,8840001844,UP02759,Chhotu Rawat,9839002759,2024-02-05 07:56:54,36,sms,1167,"Cantt PS Tower, Ayodhya"
UP-CDR-001180,UP01114,Guddu Chaudhary,9837001114,UP01650,Tariq Ansari,9927001650,2024-06-09 15:03:10,161,voice,331,"Prem Nagar PS Tower, Jhansi"
UP-CDR-001181,UP00485,Sonu Singh,9125000485,UP00531,Atiq Siddiqui,9125000531,2024-08-06 21:15:48,219,voice,771,"Kareli PS Tower, Prayagraj"
UP-CDR-001182,UP02011,Pramod Chaudhary,9719002011,UP02468,Sonu Nagar,9415002468,2024-07-13 23:48:55,195,voice,692,"Chakeri PS Tower, Kanpur Nagar"
UP-CDR-001183,UP00078,Rizwan Gurjar,9125000078,UP00396,Munna Gurjar,7007000396,2024-06-10 05:52:03,162,voice,993,"Kotwali PS Tower, Jhansi"
UP-CDR-001184,UP00547,Aslam Dubey,8006000547,UP00348,Rakesh Pal,7500000348,2024-02-08 09:51:21,39,sms,499,"Lisari Gate PS Tower, Meerut"
UP-CDR-001185,UP00006,Rizwan Chaudhary,8006000006,UP00085,Munna Verma,9927000085,2024-04-09 01:53:06,100,voice,790,"Subhash Nagar PS Tower, Bareilly"
UP-CDR-001186,UP00393,Rajesh Pal,9415000393,UP00282,Tariq Dubey,9450000282,2024-01-14 03:27:53,14,voice,1080,"Kotwali PS Tower, Jhansi"
UP-CDR-001187,UP00109,Satish Ansari,9839000109,UP00084,Guddu Nishad,7500000084,2024-07-30 08:05:53,212,voice,902,"Knowledge Park PS Tower, Gautam Buddha Nagar (Noida)"
UP-CDR-001188,UP00156,Imran Verma,9927000156,UP00364,Akhilesh Gautam,9719000364,2024-06-14 16:10:45,166,voice,240,"George Town PS Tower, Prayagraj"
UP-CDR-001189,UP00777,Suresh Gurjar,9450000777,UP02648,Mahesh Chauhan,9415002648,2024-03-19 23:56:16,79,voice,27,"Ayodhya Kotwali PS Tower, Ayodhya"
UP-CDR-001190,UP00448,Babloo Pandey,9412000448,UP00229,Satish Verma,9839000229,2024-05-29 17:36:30,150,voice,784,"Kotwali PS Tower, Bareilly"
UP-CDR-001191,UP00509,Manoj Shukla,9837000509,UP00542,Virendra Kushwaha,9450000542,2024-04-21 04:50:02,112,voice,705,"Barra PS Tower, Kanpur Nagar"
UP-CDR-001192,UP00148,Pappu Gupta,9839000148,UP00019,Tariq Gautam,8840000019,2024-06-09 05:22:50,161,voice,911,"Chinhat PS Tower, Lucknow"
UP-CDR-001193,UP00130,Brijesh Nagar,9412000130,UP00198,Tariq Bind,9837000198,2024-04-29 21:31:38,120,voice,350,"Nauchandi PS Tower, Meerut"
UP-CDR-001194,UP00542,Virendra Kushwaha,9450000542,UP00236,Pankaj Mishra,9412000236,2024-06-19 17:22:26,171,sms,1057,"Cantt PS Tower, Gorakhpur"
UP-CDR-001195,UP00422,Alok Shukla,9450000422,UP00266,Gufran Khan,7500000266,2024-06-06 03:28:13,158,voice,143,"Subhash Nagar PS Tower, Bareilly"
UP-CDR-001196,UP00282,Tariq Dubey,9450000282,UP00144,Rakesh Rajput,9927000144,2024-06-09 14:37:49,161,sms,437,"Hazratganj PS Tower, Lucknow"
UP-CDR-001197,UP02492,Rakesh Tomar,9927002492,UP00716,Amit Chaudhary,9412000716,2024-07-12 23:02:36,194,voice,443,"Nauchandi PS Tower, Meerut"
UP-CDR-001198,UP00129,Amit Srivastav,9412000129,UP00226,Ramesh Rawat,9719000226,2024-06-13 11:42:36,165,voice,149,"Sahibabad PS Tower, Ghaziabad"
UP-CDR-001199,UP00223,Rakesh Bind,9125000223,UP00166,Guddu Shukla,7500000166,2024-08-12 12:51:33,225,voice,912,"Civil Lines PS Tower, Meerut"
UP-CDR-001200,UP00469,Dhananjay Dubey,9125000469,UP00583,Vikram Gurjar,9839000583,2024-01-06 13:02:18,6,voice,939,"Kotwali PS Tower, Jhansi"
UP-CDR-001201,UP00100,Rakesh Srivastav,9412000100,UP00017,Dharmendra Yadav,7500000017,2024-06-16 23:17:37,168,voice,469,"Gorakhnath PS Tower, Gorakhpur"
UP-CDR-001202,UP00270,Bablu Ansari,8840000270,UP00431,Dhananjay Bind,7007000431,2024-01-21 03:48:18,21,voice,354,"Izzatnagar PS Tower, Bareilly"
UP-CDR-001203,UP00878,Suresh Shukla,9450000878,UP01419,Deepak Tomar,9837001419,2024-05-08 11:46:07,129,voice,1091,"Baradari PS Tower, Bareilly"
UP-CDR-001204,UP00018,Pankaj Siddiqui,7500000018,UP00112,Sunil Srivastav,9415000112,2024-06-22 04:35:10,174,voice,973,"Kotwali PS Tower, Ghaziabad"
UP-CDR-001205,UP00599,Sanjay Gupta,9415000599,UP00247,Vikram Khan,9125000247,2024-05-25 14:00:53,146,voice,211,"Dhoomanganj PS Tower, Prayagraj"
UP-CDR-001206,UP00303,Ravindra Chaudhary,9412000303,UP00253,Mahesh Chaudhary,9927000253,2024-08-09 16:33:41,222,voice,848,"Shivpur PS Tower, Varanasi"
UP-CDR-001207,UP00761,Aslam Mishra,8840000761,UP01265,Anil Tomar,9450001265,2024-02-21 02:18:39,52,voice,556,"Mahanagar PS Tower, Lucknow"
UP-CDR-001208,UP01455,Santosh Nishad,9839001455,UP01251,Vikram Shukla,8006001251,2024-05-22 22:49:59,143,voice,268,"Govind Nagar PS Tower, Kanpur Nagar"
UP-CDR-001209,UP01883,Deepak Yadav,7007001883,UP00170,Rakesh Srivastav,7500000170,2024-03-25 18:26:38,85,voice,121,"Brahmpuri PS Tower, Meerut"
UP-CDR-001210,UP02631,Rakesh Dubey,9415002631,UP01958,Imran Maurya,9450001958,2024-08-08 04:52:05,221,voice,531,"Kotwali PS Tower, Gorakhpur"
UP-CDR-001211,UP00053,Rajesh Chauhan,9719000053,UP00082,Ramesh Pandey,9125000082,2024-04-23 21:44:18,114,voice,500,"Katra PS Tower, Prayagraj"
UP-CDR-001212,UP00598,Virendra Mishra,9415000598,UP00304,Rajesh Mishra,8006000304,2024-02-15 04:26:38,46,sms,140,"Nawabad PS Tower, Jhansi"
UP-CDR-001213,UP00352,Chhotu Tomar,8006000352,UP00283,Akhilesh Shukla,8840000283,2024-03-08 07:28:55,68,voice,785,"Barra PS Tower, Kanpur Nagar"
UP-CDR-001214,UP00107,Ravindra Jaiswal,9839000107,UP00571,Abhay Srivastav,9927000571,2024-04-02 18:38:28,93,voice,807,"Kalyanpur PS Tower, Kanpur Nagar"
UP-CDR-001215,UP00418,Ajay Maurya,9450000418,UP00513,Satish Shukla,9450000513,2024-07-23 23:39:46,205,voice,638,"Hari Parbat PS Tower, Agra"
UP-CDR-001216,UP00007,Gufran Siddiqui,9719000007,UP00345,Vikram Dubey,9125000345,2024-08-17 06:51:18,230,voice,392,"Cantt PS Tower, Ayodhya"
UP-CDR-001217,UP00322,Rajesh Verma,9415000322,UP00366,Mukhtar Tripathi,9719000366,2024-03-14 20:56:10,74,sms,150,"Indirapuram PS Tower, Ghaziabad"
UP-CDR-001218,UP00019,Tariq Gautam,8840000019,UP00329,Amit Kushwaha,7007000329,2024-03-07 12:13:13,67,voice,444,"Shahganj PS Tower, Agra"
UP-CDR-001219,UP01833,Rajesh Nagar,9125001833,UP01734,Gufran Siddiqui,9837001734,2024-02-12 00:20:46,43,voice,493,"Sector 24 PS Tower, Gautam Buddha Nagar (Noida)"
UP-CDR-001220,UP02694,Virendra Gurjar,7500002694,UP02129,Dharmendra Maurya,9415002129,2024-05-26 01:58:18,147,voice,171,"Chetganj PS Tower, Varanasi"
UP-CDR-001221,UP00393,Rajesh Pal,9415000393,UP00358,Akhilesh Nagar,9839000358,2024-03-20 19:27:32,80,voice,852,"Sector 24 PS Tower, Gautam Buddha Nagar (Noida)"
UP-CDR-001222,UP00278,Babloo Gautam,9927000278,UP00293,Imran Singh,9839000293,2024-04-19 22:10:19,110,voice,448,"Sihani Gate PS Tower, Ghaziabad"
UP-CDR-001223,UP01092,Manoj Rawat,9839001092,UP00469,Dhananjay Dubey,9125000469,2024-01-20 10:53:33,20,voice,122,"Kotwali PS Tower, Ayodhya"
UP-CDR-001224,UP02107,Munna Gupta,7007002107,UP02060,Atiq Nishad,9839002060,2024-08-13 12:08:37,226,voice,642,"Kavi Nagar PS Tower, Ghaziabad"
UP-CDR-001225,UP00560,Guddu Verma,9927000560,UP00365,Brijesh Yadav,9927000365,2024-08-18 10:51:49,231,voice,561,"Cantt PS Tower, Gorakhpur"
UP-CDR-001226,UP00324,Abhay Gupta,9450000324,UP00399,Mukhtar Kushwaha,8840000399,2024-07-03 16:08:38,185,voice,549,"Bhelupur PS Tower, Varanasi"
UP-CDR-001227,UP00349,Dharmendra Ansari,9415000349,UP00136,Anil Qureshi,9837000136,2024-08-09 22:12:55,222,voice,667,"Knowledge Park PS Tower, Gautam Buddha Nagar (Noida)"
UP-CDR-001228,UP00348,Rakesh Pal,7500000348,UP02190,Guddu Pal,8840002190,2024-08-24 13:26:01,237,voice,661,"Sector 39 PS Tower, Gautam Buddha Nagar (Noida)"
UP-CDR-001229,UP00353,Brijesh Dubey,9125000353,UP00122,Neeraj Gurjar,9450000122,2024-03-04 08:09:57,64,voice,254,"Kareli PS Tower, Prayagraj"
UP-CDR-001230,UP00430,Satish Gurjar,9839000430,UP00336,Dhananjay Rawat,8006000336,2024-02-27 04:15:00,58,voice,613,"Kareli PS Tower, Prayagraj"
UP-CDR-001231,UP00163,Rakesh Dubey,8840000163,UP00419,Gufran Dubey,8006000419,2024-03-29 02:38:44,89,voice,982,"Kotwali PS Tower, Ghaziabad"
UP-CDR-001232,UP00513,Satish Shukla,9450000513,UP00688,Babloo Srivastav,9415000688,2024-03-09 14:22:32,69,voice,923,"Ayodhya Kotwali PS Tower, Ayodhya"
UP-CDR-001233,UP00504,Anil Tiwari,9839000504,UP00569,Neeraj Qureshi,8006000569,2024-03-23 04:43:04,83,voice,747,"Raunahi PS Tower, Ayodhya"
UP-CDR-001234,UP00361,Chhotu Nishad,9450000361,UP00328,Atiq Chauhan,9927000328,2024-04-22 00:56:11,113,voice,306,"Kotwali PS Tower, Bareilly"
UP-CDR-001235,UP00334,Sonu Mishra,9125000334,UP00298,Munna Gurjar,9415000298,2024-08-04 22:20:40,217,sms,994,"Barra PS Tower, Kanpur Nagar"
UP-CDR-001236,UP00349,Dharmendra Ansari,9415000349,UP00012,Akhilesh Nagar,9450000012,2024-02-22 20:41:12,53,voice,196,"Brahmpuri PS Tower, Meerut"
UP-CDR-001237,UP00021,Mahesh Qureshi,9415000021,UP00333,Satish Chauhan,8840000333,2024-06-01 22:22:08,153,sms,517,"Cantt PS Tower, Ayodhya"
UP-CDR-001238,UP00425,Brijesh Tomar,9719000425,UP00088,Pankaj Tomar,9839000088,2024-03-27 16:47:23,87,voice,1019,"Civil Lines PS Tower, Meerut"
UP-CDR-001239,UP00228,Manoj Verma,9927000228,UP00008,Gufran Tripathi,9412000008,2024-08-12 22:51:58,225,voice,812,"Kotwali PS Tower, Kanpur Nagar"
UP-CDR-001240,UP00038,Sunil Tiwari,9415000038,UP00360,Atiq Chaudhary,9415000360,2024-02-22 05:51:53,53,voice,238,"Ramgarh Tal PS Tower, Gorakhpur"
UP-CDR-001241,UP00392,Brijesh Tyagi,9415000392,UP00511,Munna Jaiswal,8840000511,2024-06-15 07:24:17,167,voice,890,"Sipri Bazar PS Tower, Jhansi"
UP-CDR-001242,UP01975,Imran Tomar,8006001975,UP01513,Virendra Tripathi,9927001513,2024-08-23 00:12:00,236,voice,674,"George Town PS Tower, Prayagraj"
UP-CDR-001243,UP02362,Rakesh Singh,7007002362,UP00629,Amit Tomar,9837000629,2024-01-03 04:42:20,3,voice,241,"Dhoomanganj PS Tower, Prayagraj"
UP-CDR-001244,UP00155,Satish Tyagi,9125000155,UP00227,Santosh Gupta,7007000227,2024-08-14 04:12:11,227,voice,225,"Knowledge Park PS Tower, Gautam Buddha Nagar (Noida)"
UP-CDR-001245,UP00932,Deepak Kushwaha,8840000932,UP00850,Sanjay Siddiqui,9450000850,2024-04-23 05:49:49,114,sms,1061,"Surajpur PS Tower, Gautam Buddha Nagar (Noida)"
UP-CDR-001246,UP00073,Akhilesh Khan,9415000073,UP00061,Sonu Khan,8006000061,2024-02-05 04:01:13,36,voice,557,"Etmadpur PS Tower, Agra"
UP-CDR-001247,UP00267,Aslam Rawat,9125000267,UP00334,Sonu Mishra,9125000334,2024-03-20 15:18:24,80,voice,261,"Raunahi PS Tower, Ayodhya"
UP-CDR-001248,UP00253,Mahesh Chaudhary,9927000253,UP00202,Pramod Tiwari,8840000202,2024-07-23 11:46:11,205,voice,1027,"Naini PS Tower, Prayagraj"
UP-CDR-001249,UP00463,Suresh Tripathi,9837000463,UP00376,Gufran Pal,9415000376,2024-02-25 16:33:45,56,voice,338,"Tiwaripur PS Tower, Gorakhpur"
UP-CDR-001250,UP02995,Chhotu Mishra,7500002995,UP00972,Pramod Verma,8006000972,2024-07-28 02:03:46,210,voice,386,"Ayodhya Kotwali PS Tower, Ayodhya"
UP-CDR-001251,UP01038,Sonu Rawat,9415001038,UP01749,Guddu Pandey,9839001749,2024-05-24 01:06:26,145,voice,899,"Kotwali PS Tower, Jhansi"
UP-CDR-001252,UP00531,Atiq Siddiqui,9125000531,UP00555,Anil Srivastav,9415000555,2024-07-20 00:05:46,202,voice,213,"Kavi Nagar PS Tower, Ghaziabad"
UP-CDR-001253,UP01883,Deepak Yadav,7007001883,UP01205,Pappu Shukla,9837001205,2024-01-07 23:41:59,7,voice,607,"Ayodhya Kotwali PS Tower, Ayodhya"
UP-CDR-001254,UP00576,Babloo Shukla,9450000576,UP00076,Mahesh Mishra,9450000076,2024-08-22 17:13:55,235,voice,900,"Raunahi PS Tower, Ayodhya"
UP-CDR-001255,UP00033,Aslam Tomar,9412000033,UP00174,Ramesh Kushwaha,7007000174,2024-04-16 12:26:53,107,voice,579,"Knowledge Park PS Tower, Gautam Buddha Nagar (Noida)"
UP-CDR-001256,UP01170,Tariq Khan,9415001170,UP02280,Bablu Dubey,9719002280,2024-06-08 01:58:12,160,voice,1109,"Kotwali PS Tower, Kanpur Nagar"
UP-CDR-001257,UP00139,Manoj Bind,9927000139,UP00328,Atiq Chauhan,9927000328,2024-08-25 12:40:53,238,voice,91,"Hari Parbat PS Tower, Agra"
UP-CDR-001258,UP00174,Ramesh Kushwaha,7007000174,UP00426,Rakesh Khan,9450000426,2024-04-30 23:42:10,121,voice,1098,"Sector 20 PS Tower, Gautam Buddha Nagar (Noida)"
UP-CDR-001259,UP01074,Rizwan Chauhan,9719001074,UP00948,Satish Verma,9450000948,2024-01-25 15:03:33,25,sms,780,"Indirapuram PS Tower, Ghaziabad"
UP-CDR-001260,UP00350,Aslam Pandey,9719000350,UP00590,Atiq Jaiswal,9415000590,2024-08-21 15:11:56,234,sms,1189,"Sahibabad PS Tower, Ghaziabad"
UP-CDR-001261,UP00256,Alok Pandey,9450000256,UP00498,Imran Pandey,9927000498,2024-01-28 04:51:29,28,voice,81,"Prem Nagar PS Tower, Bareilly"
UP-CDR-001262,UP00506,Ravindra Shukla,9415000506,UP00133,Anil Nishad,9837000133,2024-02-24 23:45:40,55,voice,244,"Naini PS Tower, Prayagraj"
UP-CDR-001263,UP00406,Satish Shukla,7007000406,UP00527,Suresh Pandey,8006000527,2024-05-09 17:51:54,130,voice,1182,"Civil Lines PS Tower, Meerut"
UP-CDR-001264,UP00111,Deepak Yadav,9415000111,UP00249,Neeraj Pandey,9412000249,2024-01-26 06:13:57,26,voice,366,"Rakabganj PS Tower, Agra"
UP-CDR-001265,UP01326,Satish Khan,9837001326,UP02946,Deepak Siddiqui,9719002946,2024-05-05 12:55:54,126,voice,690,"Ayodhya Kotwali PS Tower, Ayodhya"
UP-CDR-001266,UP01828,Ramesh Kushwaha,8006001828,UP01763,Neeraj Ansari,7007001763,2024-07-16 16:43:01,198,voice,894,"Hazratganj PS Tower, Lucknow"
UP-CDR-001267,UP01505,Manoj Bind,9412001505,UP00564,Sanjay Chauhan,7500000564,2024-02-05 13:10:49,36,voice,844,"Dhoomanganj PS Tower, Prayagraj"
UP-CDR-001268,UP00043,Bablu Singh,9450000043,UP00186,Sunil Rajput,9839000186,2024-01-07 12:54:35,7,voice,742,"Dashashwamedh PS Tower, Varanasi"
UP-CDR-001269,UP00147,Suresh Pal,9415000147,UP00460,Brijesh Nagar,7500000460,2024-01-25 07:42:37,25,voice,55,"Civil Lines PS Tower, Prayagraj"
UP-CDR-001270,UP00171,Babloo Qureshi,8840000171,UP02861,Bablu Tiwari,9837002861,2024-01-08 13:50:41,8,voice,111,"Nawabad PS Tower, Jhansi"
UP-CDR-001271,UP00029,Ramesh Gautam,9450000029,UP00560,Guddu Verma,9927000560,2024-07-03 17:44:48,185,voice,262,"Kotwali PS Tower, Jhansi"
UP-CDR-001272,UP00269,Rajesh Tripathi,9839000269,UP00268,Abhay Bind,8840000268,2024-03-22 04:42:07,82,voice,821,"Sihani Gate PS Tower, Ghaziabad"
UP-CDR-001273,UP02773,Ravindra Maurya,9837002773,UP02261,Manoj Chauhan,9412002261,2024-07-06 05:47:40,188,voice,715,"Kotwali PS Tower, Kanpur Nagar"
UP-CDR-001274,UP02424,Munna Khan,9839002424,UP00287,Rajesh Gautam,9125000287,2024-04-05 19:59:07,96,voice,803,"Sikandra PS Tower, Agra"
UP-CDR-001275,UP00396,Munna Gurjar,7007000396,UP00523,Imran Shukla,9412000523,2024-01-19 08:48:34,19,voice,224,"Civil Lines PS Tower, Prayagraj"
UP-CDR-001276,UP00499,Akhilesh Bind,7500000499,UP00035,Rizwan Nagar,9450000035,2024-01-05 22:18:18,5,voice,541,"Mahanagar PS Tower, Lucknow"
UP-CDR-001277,UP00093,Abhay Nishad,9450000093,UP00317,Satish Tiwari,9450000317,2024-07-23 05:14:48,205,voice,467,"Sihani Gate PS Tower, Ghaziabad"
UP-CDR-001278,UP00480,Rakesh Nishad,9839000480,UP00384,Dharmendra Singh,9927000384,2024-03-23 02:16:09,83,voice,207,"Baradari PS Tower, Bareilly"
UP-CDR-001279,UP00218,Dharmendra Gupta,9927000218,UP00509,Manoj Shukla,9837000509,2024-06-09 10:40:55,161,voice,499,"Kareli PS Tower, Prayagraj"
UP-CDR-001280,UP00879,Satish Gautam,9837000879,UP01034,Rakesh Tripathi,8840001034,2024-05-26 12:41:47,147,voice,552,"Kotwali PS Tower, Ghaziabad"
UP-CDR-001281,UP00109,Satish Ansari,9839000109,UP00033,Aslam Tomar,9412000033,2024-02-20 17:49:52,51,voice,609,"Lisari Gate PS Tower, Meerut"
UP-CDR-001282,UP00011,Chhotu Gupta,7500000011,UP00306,Imran Rawat,8006000306,2024-04-26 15:01:05,117,voice,501,"Sector 24 PS Tower, Gautam Buddha Nagar (Noida)"
UP-CDR-001283,UP00483,Abhay Yadav,9125000483,UP00413,Pramod Nagar,8840000413,2024-01-27 10:33:01,27,voice,439,"Phase 2 PS Tower, Gautam Buddha Nagar (Noida)"
UP-CDR-001284,UP00369,Sonu Gautam,9125000369,UP00237,Sunil Gupta,9415000237,2024-02-03 00:09:39,34,sms,836,"Izzatnagar PS Tower, Bareilly"
UP-CDR-001285,UP00370,Neeraj Chaudhary,9719000370,UP00429,Suresh Rawat,9415000429,2024-01-27 08:44:42,27,voice,655,"Sihani Gate PS Tower, Ghaziabad"
UP-CDR-001286,UP00390,Guddu Siddiqui,8840000390,UP00183,Vikram Tripathi,8840000183,2024-06-11 16:02:28,163,voice,356,"Cantt PS Tower, Gorakhpur"
UP-CDR-001287,UP00109,Satish Ansari,9839000109,UP00128,Atiq Siddiqui,9415000128,2024-05-26 14:24:19,147,voice,1035,"Ayodhya Kotwali PS Tower, Ayodhya"
UP-CDR-001288,UP00496,Ravindra Yadav,9412000496,UP00151,Dharmendra Nishad,8840000151,2024-03-07 11:43:36,67,voice,220,"Civil Lines PS Tower, Prayagraj"
UP-CDR-001289,UP00266,Gufran Khan,7500000266,UP00458,Rizwan Pandey,9927000458,2024-02-15 02:07:35,46,voice,821,"Tajganj PS Tower, Agra"
UP-CDR-001290,UP00037,Sunil Gautam,8840000037,UP00578,Santosh Yadav,9125000578,2024-01-03 09:02:29,3,voice,186,"Knowledge Park PS Tower, Gautam Buddha Nagar (Noida)"
UP-CDR-001291,UP01334,Chhotu Tripathi,9415001334,UP02943,Abhay Chaudhary,9927002943,2024-03-15 17:18:02,75,voice,1088,"Izzatnagar PS Tower, Bareilly"
UP-CDR-001292,UP00112,Sunil Srivastav,9415000112,UP00123,Manoj Rajput,9719000123,2024-02-10 22:44:16,41,voice,446,"Sector 24 PS Tower, Gautam Buddha Nagar (Noida)"
UP-CDR-001293,UP01807,Abhay Shukla,9125001807,UP00364,Akhilesh Gautam,9719000364,2024-08-23 22:25:01,236,sms,903,"Surajpur PS Tower, Gautam Buddha Nagar (Noida)"
UP-CDR-001294,UP00281,Abhay Yadav,9927000281,UP00513,Satish Shukla,9450000513,2024-08-08 03:51:24,221,voice,1107,"George Town PS Tower, Prayagraj"
UP-CDR-001295,UP02000,Sunil Khan,8006002000,UP00628,Guddu Gurjar,9450000628,2024-07-18 05:03:23,200,sms,1137,"Tajganj PS Tower, Agra"
UP-CDR-001296,UP00430,Satish Gurjar,9839000430,UP00083,Anil Mishra,7007000083,2024-08-17 12:45:01,230,voice,696,"Knowledge Park PS Tower, Gautam Buddha Nagar (Noida)"
UP-CDR-001297,UP00243,Dharmendra Chaudhary,8840000243,UP00575,Suresh Gautam,7007000575,2024-01-13 05:15:59,13,voice,174,"Sadar Bazar PS Tower, Meerut"
UP-CDR-001298,UP00523,Imran Shukla,9412000523,UP00313,Satish Gurjar,9125000313,2024-04-20 06:34:17,111,sms,609,"Shahganj PS Tower, Agra"
UP-CDR-001299,UP02681,Munna Shukla,7500002681,UP00810,Suresh Rajput,9839000810,2024-01-10 03:16:24,10,voice,840,"Naini PS Tower, Prayagraj"
UP-CDR-001300,UP01180,Sanjay Chauhan,9719001180,UP02765,Satish Khan,8006002765,2024-05-24 11:46:13,145,sms,1039,"Brahmpuri PS Tower, Meerut"
UP-CDR-001301,UP00308,Imran Jaiswal,8006000308,UP00345,Vikram Dubey,9125000345,2024-04-16 09:46:53,107,voice,696,"Knowledge Park PS Tower, Gautam Buddha Nagar (Noida)"
UP-CDR-001302,UP02423,Deepak Gupta,9837002423,UP02505,Munna Khan,7007002505,2024-07-23 16:38:35,205,voice,886,"Sector 20 PS Tower, Gautam Buddha Nagar (Noida)"
UP-CDR-001303,UP00534,Imran Jaiswal,9415000534,UP00475,Pramod Gupta,8006000475,2024-02-13 03:26:05,44,voice,370,"Kotwali PS Tower, Jhansi"
UP-CDR-001304,UP00120,Alok Srivastav,9927000120,UP00060,Gufran Khan,9415000060,2024-01-09 15:07:16,9,sms,242,"Subhash Nagar PS Tower, Bareilly"
UP-CDR-001305,UP00148,Pappu Gupta,9839000148,UP00280,Pappu Gupta,7500000280,2024-01-24 22:02:46,24,voice,486,"Shivpur PS Tower, Varanasi"
UP-CDR-001306,UP00205,Anil Dubey,9719000205,UP00470,Tariq Chaudhary,7500000470,2024-07-25 14:44:42,207,voice,364,"Raunahi PS Tower, Ayodhya"
UP-CDR-001307,UP01654,Sanjay Siddiqui,8006001654,UP02484,Pappu Rajput,9125002484,2024-02-11 08:17:24,42,voice,874,"Sikandra PS Tower, Agra"
UP-CDR-001308,UP02882,Akhilesh Tyagi,7007002882,UP00832,Vikram Shukla,7500000832,2024-05-05 10:20:03,126,voice,938,"Sihani Gate PS Tower, Ghaziabad"
UP-CDR-001309,UP00211,Satish Shukla,9837000211,UP00267,Aslam Rawat,9125000267,2024-06-03 18:40:02,155,voice,828,"Civil Lines PS Tower, Meerut"
UP-CDR-001310,UP00250,Rajesh Gurjar,9927000250,UP00498,Imran Pandey,9927000498,2024-07-27 07:48:06,209,voice,231,"Collectorganj PS Tower, Kanpur Nagar"
UP-CDR-001311,UP00446,Pramod Khan,9719000446,UP00529,Dhananjay Kushwaha,9839000529,2024-05-15 16:15:17,136,voice,1055,"Sigra PS Tower, Varanasi"
UP-CDR-001312,UP00203,Tariq Siddiqui,9839000203,UP00204,Atiq Tomar,9125000204,2024-06-09 20:07:20,161,sms,470,"Chetganj PS Tower, Varanasi"
UP-CDR-001313,UP01958,Imran Maurya,9450001958,UP00103,Mukhtar Tripathi,7007000103,2024-01-14 22:34:40,14,voice,327,"Shahganj PS Tower, Agra"
UP-CDR-001314,UP00580,Sunil Bind,9125000580,UP00461,Ajay Rawat,8840000461,2024-05-01 16:17:33,122,voice,708,"Prem Nagar PS Tower, Jhansi"
UP-CDR-001315,UP00114,Atiq Chaudhary,7500000114,UP02113,Neeraj Siddiqui,9450002113,2024-02-19 23:34:07,50,voice,1153,"Sadar Bazar PS Tower, Meerut"
UP-CDR-001316,UP00146,Abhay Rajput,9837000146,UP00095,Akhilesh Tomar,8006000095,2024-06-09 18:06:07,161,voice,982,"Raunahi PS Tower, Ayodhya"
UP-CDR-001317,UP00134,Chhotu Tripathi,9837000134,UP00369,Sonu Gautam,9125000369,2024-06-30 07:14:42,182,voice,803,"Kotwali PS Tower, Ayodhya"
UP-CDR-001318,UP00211,Satish Shukla,9837000211,UP00156,Imran Verma,9927000156,2024-07-18 01:57:58,200,voice,719,"Tiwaripur PS Tower, Gorakhpur"
UP-CDR-001319,UP00045,Tariq Tiwari,9412000045,UP00365,Brijesh Yadav,9927000365,2024-07-31 14:17:23,213,voice,25,"Baradari PS Tower, Bareilly"
UP-CDR-001320,UP02723,Sunil Verma,9450002723,UP01631,Mahesh Tripathi,7007001631,2024-03-29 14:11:42,89,voice,530,"Kotwali PS Tower, Bareilly"
UP-CDR-001321,UP00326,Abhay Pal,9839000326,UP00476,Sonu Siddiqui,7007000476,2024-07-16 13:31:33,198,voice,1054,"Sadar Bazar PS Tower, Meerut"
UP-CDR-001322,UP00120,Alok Srivastav,9927000120,UP00338,Sonu Shukla,7500000338,2024-06-15 01:33:08,167,voice,702,"George Town PS Tower, Prayagraj"
UP-CDR-001323,UP00960,Sonu Bind,9927000960,UP01716,Abhay Gupta,7007001716,2024-08-06 01:21:51,219,voice,764,"Govind Nagar PS Tower, Kanpur Nagar"
UP-CDR-001324,UP00743,Mukhtar Nishad,9415000743,UP00711,Pramod Pandey,9450000711,2024-06-13 14:38:49,165,voice,1032,"Kotwali PS Tower, Jhansi"
UP-CDR-001325,UP00411,Amit Rajput,7007000411,UP00492,Virendra Nagar,9415000492,2024-07-06 15:16:44,188,sms,1070,"Cantt PS Tower, Ayodhya"
UP-CDR-001326,UP00121,Anil Tiwari,9412000121,UP00227,Santosh Gupta,7007000227,2024-05-01 04:09:21,122,voice,242,"Subhash Nagar PS Tower, Bareilly"
UP-CDR-001327,UP00324,Abhay Gupta,9450000324,UP00279,Ravindra Chaudhary,9450000279,2024-01-04 15:22:50,4,voice,954,"Prem Nagar PS Tower, Bareilly"
UP-CDR-001328,UP01203,Dharmendra Gautam,8006001203,UP01030,Ajay Nagar,7007001030,2024-04-29 19:57:32,120,voice,69,"Kotwali PS Tower, Jhansi"
UP-CDR-001329,UP00264,Imran Gupta,9450000264,UP01639,Virendra Qureshi,7500001639,2024-01-26 01:52:09,26,voice,1047,"Ramgarh Tal PS Tower, Gorakhpur"
UP-CDR-001330,UP00816,Pappu Gurjar,9125000816,UP01480,Pappu Srivastav,7500001480,2024-08-28 11:59:04,241,voice,862,"Knowledge Park PS Tower, Gautam Buddha Nagar (Noida)"
UP-CDR-001331,UP00090,Mukhtar Dubey,9450000090,UP00436,Tariq Verma,9415000436,2024-02-22 06:50:00,53,voice,1033,"Tiwaripur PS Tower, Gorakhpur"
UP-CDR-001332,UP00450,Neeraj Nagar,9719000450,UP00340,Akhilesh Tomar,9450000340,2024-05-24 02:29:58,145,voice,225,"Sikandra PS Tower, Agra"
UP-CDR-001333,UP01368,Tariq Khan,9415001368,UP02743,Rajesh Tiwari,9412002743,2024-01-07 04:08:34,7,sms,37,"Kareli PS Tower, Prayagraj"
UP-CDR-001334,UP00388,Mahesh Tripathi,9839000388,UP00153,Sunil Shukla,9837000153,2024-07-08 15:03:49,190,voice,256,"Shivpur PS Tower, Varanasi"
UP-CDR-001335,UP00250,Rajesh Gurjar,9927000250,UP00041,Neeraj Pal,9839000041,2024-05-02 23:09:37,123,voice,413,"Civil Lines PS Tower, Prayagraj"
UP-CDR-001336,UP00118,Tariq Qureshi,8840000118,UP00347,Babloo Tripathi,8006000347,2024-01-03 14:00:36,3,voice,450,"Civil Lines PS Tower, Prayagraj"
UP-CDR-001337,UP00316,Satish Pal,7007000316,UP00301,Mukhtar Siddiqui,7007000301,2024-07-13 15:24:28,195,voice,849,"Raunahi PS Tower, Ayodhya"
UP-CDR-001338,UP00510,Rajesh Qureshi,8840000510,UP00234,Virendra Nagar,9415000234,2024-01-20 10:00:48,20,sms,1080,"Cantt PS Tower, Gorakhpur"
UP-CDR-001339,UP00012,Akhilesh Nagar,9450000012,UP00452,Imran Nagar,7007000452,2024-05-30 20:52:27,151,sms,496,"Dashashwamedh PS Tower, Varanasi"
UP-CDR-001340,UP00283,Akhilesh Shukla,8840000283,UP00193,Rizwan Pal,9719000193,2024-08-18 14:09:31,231,voice,699,"Chetganj PS Tower, Varanasi"
UP-CDR-001341,UP00278,Babloo Gautam,9927000278,UP00132,Chhotu Singh,9837000132,2024-05-16 08:22:22,137,sms,442,"Izzatnagar PS Tower, Bareilly"
UP-CDR-001342,UP00943,Alok Shukla,9415000943,UP01555,Imran Shukla,9839001555,2024-04-15 10:27:52,106,voice,611,"Ayodhya Kotwali PS Tower, Ayodhya"
UP-CDR-001343,UP00453,Ravindra Tripathi,9415000453,UP00350,Aslam Pandey,9719000350,2024-04-06 17:59:18,97,voice,474,"Cantt PS Tower, Varanasi"
UP-CDR-001344,UP00521,Rizwan Kushwaha,9125000521,UP00148,Pappu Gupta,9839000148,2024-05-08 10:05:13,129,voice,962,"Nauchandi PS Tower, Meerut"
UP-CDR-001345,UP02126,Anil Singh,9415002126,UP02625,Sunil Shukla,8006002625,2024-05-19 18:41:03,140,voice,584,"Shahganj PS Tower, Agra"
UP-CDR-001346,UP00056,Ajay Jaiswal,9839000056,UP00466,Aslam Tripathi,9412000466,2024-01-12 01:39:41,12,voice,732,"Collectorganj PS Tower, Kanpur Nagar"
UP-CDR-001347,UP01874,Virendra Gupta,8840001874,UP01219,Anil Chauhan,9927001219,2024-08-11 12:45:43,224,voice,864,"Cantt PS Tower, Varanasi"
UP-CDR-001348,UP00333,Satish Chauhan,8840000333,UP00158,Rakesh Pal,9125000158,2024-05-01 15:00:11,122,voice,944,"Tiwaripur PS Tower, Gorakhpur"
UP-CDR-001349,UP01455,Santosh Nishad,9839001455,UP00284,Brijesh Kushwaha,9450000284,2024-04-25 22:06:23,116,voice,963,"Nauchandi PS Tower, Meerut"
UP-CDR-001350,UP00342,Pramod Yadav,9839000342,UP00319,Vikram Chauhan,9719000319,2024-03-04 19:51:44,64,voice,81,"Sector 24 PS Tower, Gautam Buddha Nagar (Noida)"
UP-CDR-001351,UP00311,Babloo Ansari,9412000311,UP00268,Abhay Bind,8840000268,2024-08-12 23:29:13,225,voice,1105,"Kotwali PS Tower, Bareilly"
UP-CDR-001352,UP00589,Babloo Pandey,8006000589,UP00312,Dharmendra Singh,9839000312,2024-08-04 04:21:09,217,voice,45,"Hazratganj PS Tower, Lucknow"
UP-CDR-001353,UP00302,Dharmendra Dubey,9450000302,UP00428,Vikram Shukla,8840000428,2024-07-24 11:24:35,206,voice,846,"Cantt PS Tower, Ayodhya"
UP-CDR-001354,UP02730,Aslam Tiwari,9450002730,UP02063,Ajay Srivastav,9412002063,2024-05-14 06:48:16,135,voice,1198,"Cantt PS Tower, Ayodhya"
UP-CDR-001355,UP00481,Ajay Ansari,8006000481,UP00069,Pramod Yadav,9125000069,2024-02-15 09:46:47,46,voice,844,"Izzatnagar PS Tower, Bareilly"
UP-CDR-001356,UP00114,Atiq Chaudhary,7500000114,UP00431,Dhananjay Bind,7007000431,2024-02-12 20:13:07,43,voice,536,"Dhoomanganj PS Tower, Prayagraj"
UP-CDR-001357,UP00402,Ajay Dubey,7500000402,UP00062,Manoj Chauhan,7500000062,2024-06-08 03:14:33,160,voice,988,"Raunahi PS Tower, Ayodhya"
UP-CDR-001358,UP00594,Alok Gurjar,9450000594,UP00458,Rizwan Pandey,9927000458,2024-03-24 01:13:50,84,sms,958,"Nawabad PS Tower, Jhansi"
UP-CDR-001359,UP02247,Munna Verma,9125002247,UP02732,Dharmendra Rajput,7500002732,2024-03-21 15:09:17,81,voice,121,"Barra PS Tower, Kanpur Nagar"
UP-CDR-001360,UP00092,Vikram Rawat,7007000092,UP00433,Sanjay Mishra,9719000433,2024-04-27 10:42:32,118,voice,484,"Mahanagar PS Tower, Lucknow"
UP-CDR-001361,UP00064,Alok Nagar,9125000064,UP00268,Abhay Bind,8840000268,2024-06-23 22:28:07,175,voice,536,"Alambagh PS Tower, Lucknow"
UP-CDR-001362,UP00107,Ravindra Jaiswal,9839000107,UP00258,Suresh Pal,7500000258,2024-06-24 05:20:30,176,voice,161,"Nauchandi PS Tower, Meerut"
UP-CDR-001363,UP00203,Tariq Siddiqui,9839000203,UP00560,Guddu Verma,9927000560,2024-06-28 13:00:07,180,voice,626,"Lisari Gate PS Tower, Meerut"
UP-CDR-001364,UP00566,Ajay Rajput,8006000566,UP00044,Mahesh Pandey,9719000044,2024-02-26 19:15:39,57,voice,1111,"Sadar Bazar PS Tower, Meerut"
UP-CDR-001365,UP02798,Rizwan Singh,9837002798,UP02125,Akhilesh Tripathi,9839002125,2024-06-22 19:10:26,174,voice,628,"Hazratganj PS Tower, Lucknow"
UP-CDR-001366,UP00029,Ramesh Gautam,9450000029,UP00582,Imran Kushwaha,9837000582,2024-04-08 12:22:48,99,voice,854,"Shahganj PS Tower, Agra"
UP-CDR-001367,UP00236,Pankaj Mishra,9412000236,UP00504,Anil Tiwari,9839000504,2024-04-30 03:16:39,121,voice,701,"Kotwali PS Tower, Jhansi"
UP-CDR-001368,UP00262,Tariq Tiwari,8006000262,UP00579,Mukhtar Tripathi,9837000579,2024-02-20 22:05:05,51,voice,1101,"Gomti Nagar PS Tower, Lucknow"
UP-CDR-001369,UP00134,Chhotu Tripathi,9837000134,UP02680,Mukhtar Bind,9415002680,2024-04-08 05:29:06,99,voice,878,"Kotwali PS Tower, Gorakhpur"
UP-CDR-001370,UP00709,Anil Shukla,9415000709,UP02298,Sunil Srivastav,7007002298,2024-08-19 20:15:37,232,voice,623,"Collectorganj PS Tower, Kanpur Nagar"
UP-CDR-001371,UP01502,Dhananjay Yadav,9927001502,UP00111,Deepak Yadav,9415000111,2024-05-23 20:22:50,144,voice,912,"Shahganj PS Tower, Agra"
UP-CDR-001372,UP00355,Santosh Chauhan,9415000355,UP00498,Imran Pandey,9927000498,2024-02-08 16:13:59,39,voice,17,"Etmadpur PS Tower, Agra"
UP-CDR-001373,UP00393,Rajesh Pal,9415000393,UP00293,Imran Singh,9839000293,2024-06-27 13:01:53,179,voice,245,"Sipri Bazar PS Tower, Jhansi"
UP-CDR-001374,UP00202,Pramod Tiwari,8840000202,UP00550,Babloo Maurya,7007000550,2024-08-07 20:31:10,220,voice,742,"Hazratganj PS Tower, Lucknow"
UP-CDR-001375,UP00140,Chhotu Gupta,9412000140,UP00158,Rakesh Pal,9125000158,2024-01-16 02:01:17,16,voice,626,"Raunahi PS Tower, Ayodhya"
UP-CDR-001376,UP00531,Atiq Siddiqui,9125000531,UP00418,Ajay Maurya,9450000418,2024-03-08 15:56:41,68,voice,503,"Kotwali PS Tower, Ayodhya"
UP-CDR-001377,UP02044,Babloo Pal,9719002044,UP01142,Rakesh Nishad,8840001142,2024-05-21 16:02:34,142,voice,676,"Chinhat PS Tower, Lucknow"
UP-CDR-001378,UP00441,Bablu Pandey,9927000441,UP00216,Gufran Chauhan,9719000216,2024-01-08 03:21:04,8,voice,892,"Shivpur PS Tower, Varanasi"
UP-CDR-001379,UP00072,Chhotu Nagar,7007000072,UP00102,Deepak Gautam,9415000102,2024-05-28 16:24:10,149,sms,533,"Civil Lines PS Tower, Prayagraj"
UP-CDR-001380,UP00183,Vikram Tripathi,8840000183,UP00472,Rajesh Jaiswal,9412000472,2024-02-22 10:40:29,53,voice,1102,"Alambagh PS Tower, Lucknow"
UP-CDR-001381,UP01382,Babloo Tripathi,7007001382,UP00803,Dharmendra Tripathi,9125000803,2024-05-12 18:59:04,133,voice,933,"Kotwali PS Tower, Gorakhpur"
UP-CDR-001382,UP01718,Bablu Qureshi,9839001718,UP02161,Santosh Chauhan,9412002161,2024-02-25 02:07:55,56,voice,244,"Dhoomanganj PS Tower, Prayagraj"
UP-CDR-001383,UP00532,Amit Qureshi,7500000532,UP00273,Deepak Pandey,9125000273,2024-02-18 09:28:13,49,voice,211,"Sipri Bazar PS Tower, Jhansi"
UP-CDR-001384,UP00234,Virendra Nagar,9415000234,UP00148,Pappu Gupta,9839000148,2024-04-25 04:21:06,116,voice,901,"Cantt PS Tower, Gorakhpur"
UP-CDR-001385,UP00490,Mukhtar Mishra,9415000490,UP00457,Dharmendra Gupta,9837000457,2024-05-24 17:08:28,145,voice,1110,"Cantt PS Tower, Ayodhya"
UP-CDR-001386,UP00266,Gufran Khan,7500000266,UP00054,Sonu Chaudhary,7500000054,2024-07-22 16:47:30,204,voice,87,"Kavi Nagar PS Tower, Ghaziabad"
UP-CDR-001387,UP00348,Rakesh Pal,7500000348,UP00023,Sanjay Jaiswal,8006000023,2024-04-25 01:00:50,116,voice,602,"Rakabganj PS Tower, Agra"
UP-CDR-001388,UP01950,Deepak Tyagi,9125001950,UP02998,Bablu Verma,9839002998,2024-06-03 14:31:56,155,voice,603,"Shahpur PS Tower, Gorakhpur"
UP-CDR-001389,UP00440,Guddu Mishra,9450000440,UP00001,Rajesh Rajput,9125000001,2024-02-14 02:09:29,45,voice,596,"Gorakhnath PS Tower, Gorakhpur"
UP-CDR-001390,UP00354,Akhilesh Rajput,8840000354,UP00785,Brijesh Bind,9450000785,2024-04-08 09:26:36,99,voice,750,"Nawabad PS Tower, Jhansi"
UP-CDR-001391,UP00117,Munna Gurjar,9415000117,UP00130,Brijesh Nagar,9412000130,2024-05-20 02:03:22,141,voice,236,"Hazratganj PS Tower, Lucknow"
UP-CDR-001392,UP00550,Babloo Maurya,7007000550,UP00218,Dharmendra Gupta,9927000218,2024-02-06 11:47:14,37,voice,532,"Prem Nagar PS Tower, Jhansi"
UP-CDR-001393,UP00501,Ravindra Maurya,9125000501,UP00545,Ravindra Qureshi,9719000545,2024-05-30 17:58:10,151,voice,1143,"Kotwali PS Tower, Ayodhya"
UP-CDR-001394,UP00280,Pappu Gupta,7500000280,UP00414,Suresh Shukla,9415000414,2024-03-29 02:48:38,89,voice,793,"Bhelupur PS Tower, Varanasi"
UP-CDR-001395,UP00153,Sunil Shukla,9837000153,UP00422,Alok Shukla,9450000422,2024-03-03 20:37:50,63,voice,218,"Surajpur PS Tower, Gautam Buddha Nagar (Noida)"
UP-CDR-001396,UP00183,Vikram Tripathi,8840000183,UP00048,Imran Maurya,8840000048,2024-01-22 08:13:21,22,voice,135,"Shahganj PS Tower, Agra"
UP-CDR-001397,UP02442,Mukhtar Ansari,9450002442,UP01954,Manoj Verma,9450001954,2024-05-25 16:26:07,146,voice,793,"Shahganj PS Tower, Agra"
UP-CDR-001398,UP00458,Rizwan Pandey,9927000458,UP00311,Babloo Ansari,9412000311,2024-06-07 13:11:00,159,voice,742,"Cantt PS Tower, Ayodhya"
UP-CDR-001399,UP00149,Neeraj Khan,9450000149,UP00575,Suresh Gautam,7007000575,2024-07-13 15:56:17,195,voice,315,"Hazratganj PS Tower, Lucknow"
UP-CDR-001400,UP02966,Mahesh Nagar,9125002966,UP02184,Rakesh Pandey,9415002184,2024-06-05 11:45:51,157,voice,708,"Knowledge Park PS Tower, Gautam Buddha Nagar (Noida)"
UP-CDR-001401,UP00199,Rizwan Yadav,7500000199,UP00076,Mahesh Mishra,9450000076,2024-04-30 17:04:32,121,voice,115,"Sipri Bazar PS Tower, Jhansi"
UP-CDR-001402,UP00173,Sonu Dubey,9415000173,UP00343,Tariq Kushwaha,7007000343,2024-07-17 15:19:39,199,voice,480,"Sector 20 PS Tower, Gautam Buddha Nagar (Noida)"
UP-CDR-001403,UP00149,Neeraj Khan,9450000149,UP00246,Rakesh Shukla,9412000246,2024-07-27 13:42:08,209,sms,1141,"Sihani Gate PS Tower, Ghaziabad"
UP-CDR-001404,UP02067,Pappu Verma,9450002067,UP00341,Mahesh Siddiqui,8840000341,2024-04-21 09:58:52,112,voice,272,"Kalyanpur PS Tower, Kanpur Nagar"
UP-CDR-001405,UP00011,Chhotu Gupta,7500000011,UP00371,Rizwan Pandey,9412000371,2024-06-23 07:41:05,175,sms,873,"Sikandra PS Tower, Agra"
UP-CDR-001406,UP02856,Pramod Yadav,8840002856,UP01987,Ramesh Nishad,7007001987,2024-01-30 13:47:30,30,voice,959,"Gomti Nagar PS Tower, Lucknow"
UP-CDR-001407,UP00010,Babloo Tiwari,9415000010,UP00387,Ravindra Rajput,8006000387,2024-04-21 16:48:19,112,voice,575,"Brahmpuri PS Tower, Meerut"
UP-CDR-001408,UP00291,Rakesh Rawat,8840000291,UP00335,Pankaj Srivastav,9839000335,2024-04-02 19:37:08,93,voice,1041,"Nawabad PS Tower, Jhansi"
UP-CDR-001409,UP00426,Rakesh Khan,9450000426,UP00201,Chhotu Maurya,9839000201,2024-07-31 03:15:56,213,voice,930,"Sadar Bazar PS Tower, Meerut"
UP-CDR-001410,UP00290,Pramod Yadav,9839000290,UP00382,Atiq Nagar,9415000382,2024-05-31 03:24:41,152,voice,154,"Gorakhnath PS Tower, Gorakhpur"
UP-CDR-001411,UP01989,Tariq Jaiswal,9450001989,UP00515,Aslam Shukla,8840000515,2024-01-25 07:31:43,25,voice,583,"Chakeri PS Tower, Kanpur Nagar"
UP-CDR-001412,UP02241,Manoj Pal,9412002241,UP00786,Sunil Pandey,9125000786,2024-02-06 01:34:05,37,voice,299,"Tajganj PS Tower, Agra"
UP-CDR-001413,UP00213,Neeraj Maurya,9415000213,UP00406,Satish Shukla,7007000406,2024-07-28 17:37:46,210,voice,55,"Naini PS Tower, Prayagraj"
UP-CDR-001414,UP00298,Munna Gurjar,9415000298,UP00083,Anil Mishra,7007000083,2024-03-06 18:11:04,66,voice,558,"Kotwali PS Tower, Ayodhya"
UP-CDR-001415,UP00101,Abhay Ansari,9837000101,UP00272,Neeraj Chauhan,9450000272,2024-03-27 20:01:40,87,voice,446,"Nawabad PS Tower, Jhansi"
UP-CDR-001416,UP01791,Suresh Gupta,9125001791,UP02976,Sunil Chaudhary,9412002976,2024-02-23 01:51:37,54,voice,115,"George Town PS Tower, Prayagraj"
UP-CDR-001417,UP00235,Imran Srivastav,9927000235,UP00205,Anil Dubey,9719000205,2024-06-11 23:43:22,163,voice,788,"Sadar Bazar PS Tower, Meerut"
UP-CDR-001418,UP01470,Ajay Kushwaha,9719001470,UP00589,Babloo Pandey,8006000589,2024-04-17 08:06:17,108,voice,69,"Civil Lines PS Tower, Meerut"
UP-CDR-001419,UP00351,Deepak Qureshi,9125000351,UP00540,Ramesh Khan,9839000540,2024-03-27 20:35:39,87,voice,475,"Etmadpur PS Tower, Agra"
UP-CDR-001420,UP00710,Suresh Chauhan,9415000710,UP02142,Abhay Qureshi,9412002142,2024-03-07 08:56:01,67,voice,507,"Govind Nagar PS Tower, Kanpur Nagar"
UP-CDR-001421,UP00251,Santosh Rajput,8840000251,UP00319,Vikram Chauhan,9719000319,2024-03-27 22:38:10,87,voice,177,"Prem Nagar PS Tower, Jhansi"
UP-CDR-001422,UP01707,Ravindra Ansari,8840001707,UP02318,Satish Tyagi,9412002318,2024-02-12 19:07:38,43,voice,267,"Baradari PS Tower, Bareilly"
UP-CDR-001423,UP00402,Ajay Dubey,7500000402,UP00465,Abhay Nagar,9839000465,2024-03-31 14:52:27,91,sms,267,"Partapur PS Tower, Meerut"
UP-CDR-001424,UP00402,Ajay Dubey,7500000402,UP00172,Sonu Chauhan,8840000172,2024-08-09 15:21:27,222,voice,1000,"Barra PS Tower, Kanpur Nagar"
UP-CDR-001425,UP00152,Sonu Rajput,9837000152,UP00456,Rajesh Srivastav,9415000456,2024-04-14 19:07:48,105,voice,171,"Shahganj PS Tower, Agra"
UP-CDR-001426,UP00489,Pramod Srivastav,7007000489,UP00202,Pramod Tiwari,8840000202,2024-04-12 20:03:27,103,sms,794,"Alambagh PS Tower, Lucknow"
UP-CDR-001427,UP00201,Chhotu Maurya,9839000201,UP00056,Ajay Jaiswal,9839000056,2024-07-13 06:33:46,195,voice,614,"Kotwali PS Tower, Kanpur Nagar"
UP-CDR-001428,UP00150,Virendra Yadav,9450000150,UP00338,Sonu Shukla,7500000338,2024-07-15 14:48:24,197,sms,1182,"Shahpur PS Tower, Gorakhpur"
UP-CDR-001429,UP00255,Gufran Tomar,9125000255,UP00469,Dhananjay Dubey,9125000469,2024-08-21 15:41:54,234,voice,103,"Baradari PS Tower, Bareilly"
UP-CDR-001430,UP00395,Ramesh Pal,9415000395,UP00403,Imran Verma,9839000403,2024-03-25 15:52:10,85,voice,1005,"Cantt PS Tower, Varanasi"
UP-CDR-001431,UP00313,Satish Gurjar,9125000313,UP00351,Deepak Qureshi,9125000351,2024-08-04 18:58:48,217,voice,753,"Surajpur PS Tower, Gautam Buddha Nagar (Noida)"
UP-CDR-001432,UP00023,Sanjay Jaiswal,8006000023,UP00410,Amit Maurya,9927000410,2024-03-11 09:45:31,71,sms,581,"Sector 39 PS Tower, Gautam Buddha Nagar (Noida)"
UP-CDR-001433,UP00081,Manoj Siddiqui,9415000081,UP00077,Suresh Khan,8006000077,2024-02-04 05:26:27,35,voice,692,"Kotwali PS Tower, Bareilly"
UP-CDR-001434,UP01924,Dharmendra Khan,7007001924,UP01420,Alok Rajput,8840001420,2024-04-01 11:00:29,92,voice,977,"Dashashwamedh PS Tower, Varanasi"
UP-CDR-001435,UP00409,Anil Nishad,7007000409,UP00131,Tariq Nishad,7007000131,2024-07-17 10:36:46,199,voice,131,"Phase 2 PS Tower, Gautam Buddha Nagar (Noida)"
UP-CDR-001436,UP01224,Neeraj Tyagi,8840001224,UP01500,Rajesh Chauhan,9837001500,2024-05-08 10:28:57,129,voice,218,"Raunahi PS Tower, Ayodhya"
UP-CDR-001437,UP00402,Ajay Dubey,7500000402,UP00312,Dharmendra Singh,9839000312,2024-07-04 08:45:06,186,sms,438,"Nauchandi PS Tower, Meerut"
UP-CDR-001438,UP00363,Munna Tomar,8006000363,UP00147,Suresh Pal,9415000147,2024-03-27 06:06:19,87,voice,267,"Baradari PS Tower, Bareilly"
UP-CDR-001439,UP00223,Rakesh Bind,9125000223,UP00030,Ramesh Maurya,9125000030,2024-02-10 06:06:38,41,voice,467,"Barra PS Tower, Kanpur Nagar"
UP-CDR-001440,UP00422,Alok Shukla,9450000422,UP00340,Akhilesh Tomar,9450000340,2024-05-01 19:29:12,122,voice,1083,"Sipri Bazar PS Tower, Jhansi"
UP-CDR-001441,UP00327,Guddu Tomar,8840000327,UP00123,Manoj Rajput,9719000123,2024-04-08 16:44:46,99,sms,479,"Raunahi PS Tower, Ayodhya"
UP-CDR-001442,UP00239,Pappu Rajput,9412000239,UP00343,Tariq Kushwaha,7007000343,2024-07-02 11:10:19,184,sms,1052,"Chowk PS Tower, Lucknow"
UP-CDR-001443,UP00570,Mahesh Bind,8006000570,UP00286,Abhay Jaiswal,9837000286,2024-02-17 22:35:36,48,voice,1003,"Sadar Bazar PS Tower, Meerut"
UP-CDR-001444,UP00100,Rakesh Srivastav,9412000100,UP00140,Chhotu Gupta,9412000140,2024-04-08 22:01:30,99,voice,84,"Kotwali PS Tower, Ayodhya"
UP-CDR-001445,UP01828,Ramesh Kushwaha,8006001828,UP02995,Chhotu Mishra,7500002995,2024-02-22 05:53:57,53,voice,1062,"Govind Nagar PS Tower, Kanpur Nagar"
UP-CDR-001446,UP00303,Ravindra Chaudhary,9412000303,UP00186,Sunil Rajput,9839000186,2024-06-08 13:16:52,160,voice,657,"Bhelupur PS Tower, Varanasi"
UP-CDR-001447,UP00026,Rajesh Shukla,9412000026,UP00080,Ramesh Verma,9125000080,2024-03-18 02:02:16,78,voice,327,"Prem Nagar PS Tower, Jhansi"
UP-CDR-001448,UP00202,Pramod Tiwari,8840000202,UP00319,Vikram Chauhan,9719000319,2024-01-16 01:36:39,16,voice,944,"Cantt PS Tower, Gorakhpur"
UP-CDR-001449,UP00233,Pappu Tripathi,9839000233,UP00527,Suresh Pandey,8006000527,2024-05-17 03:52:45,138,voice,211,"Chinhat PS Tower, Lucknow"
UP-CDR-001450,UP00583,Vikram Gurjar,9839000583,UP00299,Santosh Maurya,9927000299,2024-08-09 05:09:30,222,voice,1079,"Rakabganj PS Tower, Agra"
UP-CDR-001451,UP00596,Neeraj Shukla,9415000596,UP00367,Abhay Srivastav,9837000367,2024-02-21 04:27:24,52,sms,890,"Civil Lines PS Tower, Meerut"
UP-CDR-001452,UP00471,Imran Gupta,9125000471,UP00483,Abhay Yadav,9125000483,2024-06-06 18:48:46,158,sms,881,"Nawabad PS Tower, Jhansi"
UP-CDR-001453,UP00443,Imran Shukla,9927000443,UP00192,Gufran Chauhan,9839000192,2024-07-14 22:20:10,196,voice,752,"Indirapuram PS Tower, Ghaziabad"
UP-CDR-001454,UP00362,Neeraj Gautam,7500000362,UP00130,Brijesh Nagar,9412000130,2024-06-02 07:17:05,154,voice,419,"Civil Lines PS Tower, Meerut"
UP-CDR-001455,UP00412,Atiq Qureshi,9927000412,UP00270,Bablu Ansari,8840000270,2024-07-13 02:30:11,195,voice,337,"Tajganj PS Tower, Agra"
UP-CDR-001456,UP00413,Pramod Nagar,8840000413,UP00352,Chhotu Tomar,8006000352,2024-01-17 16:26:49,17,voice,827,"Sipri Bazar PS Tower, Jhansi"
UP-CDR-001457,UP00925,Sanjay Tyagi,9837000925,UP00029,Ramesh Gautam,9450000029,2024-01-17 13:55:43,17,voice,461,"Prem Nagar PS Tower, Jhansi"
UP-CDR-001458,UP00355,Santosh Chauhan,9415000355,UP00436,Tariq Verma,9415000436,2024-07-03 00:39:33,185,voice,974,"Brahmpuri PS Tower, Meerut"
UP-CDR-001459,UP00456,Rajesh Srivastav,9415000456,UP00093,Abhay Nishad,9450000093,2024-04-08 14:24:03,99,voice,786,"Alambagh PS Tower, Lucknow"
UP-CDR-001460,UP00014,Bablu Bind,8006000014,UP00095,Akhilesh Tomar,8006000095,2024-01-13 11:13:02,13,sms,44,"Katra PS Tower, Prayagraj"
UP-CDR-001461,UP00058,Suresh Jaiswal,7007000058,UP00341,Mahesh Siddiqui,8840000341,2024-03-13 01:57:00,73,sms,1052,"Govind Nagar PS Tower, Kanpur Nagar"
UP-CDR-001462,UP00190,Pappu Rawat,9415000190,UP00030,Ramesh Maurya,9125000030,2024-08-15 14:52:18,228,voice,33,"Kotwali PS Tower, Ghaziabad"
UP-CDR-001463,UP02565,Munna Gautam,9839002565,UP02475,Ajay Siddiqui,9125002475,2024-07-01 15:56:58,183,voice,557,"Kotwali PS Tower, Jhansi"
UP-CDR-001464,UP00193,Rizwan Pal,9719000193,UP00096,Chhotu Dubey,9412000096,2024-03-14 22:51:23,74,sms,927,"Sihani Gate PS Tower, Ghaziabad"
UP-CDR-001465,UP00585,Satish Tyagi,7500000585,UP00043,Bablu Singh,9450000043,2024-07-31 08:02:24,213,voice,757,"Ayodhya Kotwali PS Tower, Ayodhya"
UP-CDR-001466,UP00212,Akhilesh Nagar,9927000212,UP00082,Ramesh Pandey,9125000082,2024-07-15 16:30:50,197,voice,1105,"Govind Nagar PS Tower, Kanpur Nagar"
UP-CDR-001467,UP00597,Anil Ansari,9839000597,UP00383,Alok Khan,9125000383,2024-07-02 01:22:14,184,sms,103,"Chakeri PS Tower, Kanpur Nagar"
UP-CDR-001468,UP00338,Sonu Shukla,7500000338,UP00530,Amit Nagar,9415000530,2024-03-22 02:29:58,82,voice,305,"Govind Nagar PS Tower, Kanpur Nagar"
UP-CDR-001469,UP00237,Sunil Gupta,9415000237,UP00116,Tariq Gautam,9839000116,2024-01-02 04:53:30,2,voice,299,"Baradari PS Tower, Bareilly"
UP-CDR-001470,UP00126,Tariq Pandey,8840000126,UP00239,Pappu Rajput,9412000239,2024-06-10 16:48:02,162,voice,490,"Tiwaripur PS Tower, Gorakhpur"
UP-CDR-001471,UP00480,Rakesh Nishad,9839000480,UP00283,Akhilesh Shukla,8840000283,2024-03-14 17:43:16,74,voice,740,"Dhoomanganj PS Tower, Prayagraj"
UP-CDR-001472,UP00479,Manoj Singh,9415000479,UP00487,Ajay Rajput,9927000487,2024-07-30 08:49:37,212,sms,1051,"Cantt PS Tower, Gorakhpur"
UP-CDR-001473,UP02406,Mahesh Gupta,9927002406,UP00705,Santosh Singh,9412000705,2024-07-10 14:57:18,192,sms,148,"Chowk PS Tower, Lucknow"
UP-CDR-001474,UP00341,Mahesh Siddiqui,8840000341,UP00022,Rizwan Nagar,8006000022,2024-01-30 08:15:34,30,voice,1009,"Kotwali PS Tower, Ayodhya"
UP-CDR-001475,UP00534,Imran Jaiswal,9415000534,UP02459,Atiq Gurjar,8840002459,2024-07-31 05:55:18,213,voice,271,"Tiwaripur PS Tower, Gorakhpur"
UP-CDR-001476,UP02537,Ravindra Rawat,9839002537,UP01557,Sanjay Chauhan,9839001557,2024-04-15 21:27:26,106,sms,1050,"George Town PS Tower, Prayagraj"
UP-CDR-001477,UP00566,Ajay Rajput,8006000566,UP00964,Pappu Khan,7500000964,2024-03-21 04:29:48,81,voice,696,"Kotwali PS Tower, Bareilly"
UP-CDR-001478,UP00164,Akhilesh Yadav,9837000164,UP00052,Amit Yadav,9125000052,2024-02-27 04:21:24,58,voice,1126,"Shivpur PS Tower, Varanasi"
UP-CDR-001479,UP00250,Rajesh Gurjar,9927000250,UP01113,Dhananjay Nishad,8006001113,2024-02-13 14:48:08,44,voice,173,"Ayodhya Kotwali PS Tower, Ayodhya"
UP-CDR-001480,UP00170,Rakesh Srivastav,7500000170,UP00331,Sanjay Dubey,8006000331,2024-04-07 03:43:00,98,voice,1043,"Sikandra PS Tower, Agra"
UP-CDR-001481,UP00537,Guddu Srivastav,9839000537,UP00405,Sonu Gautam,7007000405,2024-03-19 19:02:41,79,voice,1005,"Chakeri PS Tower, Kanpur Nagar"
UP-CDR-001482,UP00277,Dharmendra Gautam,9837000277,UP00234,Virendra Nagar,9415000234,2024-08-22 14:58:58,235,voice,337,"Ayodhya Kotwali PS Tower, Ayodhya"
UP-CDR-001483,UP00578,Santosh Yadav,9125000578,UP00070,Pankaj Tiwari,9927000070,2024-01-25 19:34:43,25,voice,42,"Kotwali PS Tower, Gorakhpur"
UP-CDR-001484,UP00377,Santosh Singh,7007000377,UP00386,Guddu Pal,9837000386,2024-02-02 02:49:00,33,voice,1195,"Prem Nagar PS Tower, Bareilly"
UP-CDR-001485,UP00045,Tariq Tiwari,9412000045,UP00434,Brijesh Srivastav,9839000434,2024-05-12 18:31:54,133,voice,967,"Chakeri PS Tower, Kanpur Nagar"
UP-CDR-001486,UP02223,Pankaj Jaiswal,9837002223,UP01704,Rizwan Mishra,8840001704,2024-07-27 05:41:42,209,voice,577,"Kareli PS Tower, Prayagraj"
UP-CDR-001487,UP00471,Imran Gupta,9125000471,UP00352,Chhotu Tomar,8006000352,2024-01-13 07:09:20,13,voice,198,"Alambagh PS Tower, Lucknow"
UP-CDR-001488,UP00091,Rakesh Pal,9125000091,UP00326,Abhay Pal,9839000326,2024-03-11 22:09:12,71,voice,732,"Nawabad PS Tower, Jhansi"
UP-CDR-001489,UP00017,Dharmendra Yadav,7500000017,UP00399,Mukhtar Kushwaha,8840000399,2024-08-14 00:30:26,227,sms,218,"Kotwali PS Tower, Ayodhya"
UP-CDR-001490,UP00447,Deepak Tripathi,9450000447,UP00289,Dharmendra Dubey,9450000289,2024-06-22 14:36:43,174,voice,834,"Govind Nagar PS Tower, Kanpur Nagar"
UP-CDR-001491,UP01383,Sonu Srivastav,7007001383,UP02158,Santosh Tiwari,9415002158,2024-03-15 08:25:10,75,voice,339,"Kareli PS Tower, Prayagraj"
UP-CDR-001492,UP00310,Sanjay Dubey,7500000310,UP00021,Mahesh Qureshi,9415000021,2024-04-11 23:22:14,102,voice,985,"Sipri Bazar PS Tower, Jhansi"
UP-CDR-001493,UP00499,Akhilesh Bind,7500000499,UP00166,Guddu Shukla,7500000166,2024-06-19 20:08:47,171,voice,440,"Hari Parbat PS Tower, Agra"
UP-CDR-001494,UP00035,Rizwan Nagar,9450000035,UP00214,Imran Yadav,9450000214,2024-07-12 15:26:15,194,voice,364,"Kotwali PS Tower, Jhansi"
UP-CDR-001495,UP01923,Atiq Tiwari,9839001923,UP01616,Chhotu Gautam,9412001616,2024-03-07 22:08:26,67,voice,635,"Barra PS Tower, Kanpur Nagar"
UP-CDR-001496,UP02086,Tariq Nagar,7007002086,UP02220,Guddu Rajput,9839002220,2024-02-14 01:06:49,45,voice,399,"Kotwali PS Tower, Gorakhpur"
UP-CDR-001497,UP00263,Ajay Gautam,8840000263,UP00388,Mahesh Tripathi,9839000388,2024-02-24 00:33:04,55,voice,721,"Sector 24 PS Tower, Gautam Buddha Nagar (Noida)"
UP-CDR-001498,UP00299,Santosh Maurya,9927000299,UP00194,Santosh Jaiswal,7500000194,2024-06-07 02:14:57,159,sms,986,"Brahmpuri PS Tower, Meerut"
UP-CDR-001499,UP00404,Imran Srivastav,9412000404,UP00203,Tariq Siddiqui,9839000203,2024-07-25 09:59:03,207,voice,374,"Gorakhnath PS Tower, Gorakhpur"
UP-CDR-001500,UP00525,Abhay Verma,9839000525,UP00168,Ravindra Srivastav,9412000168,2024-04-21 12:31:22,112,voice,810,"Kotwali PS Tower, Bareilly"
UP-CDR-001501,UP00284,Brijesh Kushwaha,9450000284,UP00555,Anil Srivastav,9415000555,2024-04-03 23:00:53,94,voice,547,"Kotwali PS Tower, Ghaziabad"
UP-CDR-001502,UP00521,Rizwan Kushwaha,9125000521,UP00113,Imran Siddiqui,9125000113,2024-05-10 21:30:15,131,voice,929,"Lisari Gate PS Tower, Meerut"
UP-CDR-001503,UP02012,Anil Tripathi,7007002012,UP00687,Dhananjay Khan,9450000687,2024-03-06 07:52:34,66,sms,693,"Dashashwamedh PS Tower, Varanasi"
UP-CDR-001504,UP00162,Deepak Pal,9450000162,UP00412,Atiq Qureshi,9927000412,2024-05-04 04:34:38,125,voice,276,"Shahganj PS Tower, Agra"
UP-CDR-001505,UP00272,Neeraj Chauhan,9450000272,UP00357,Amit Shukla,9719000357,2024-03-25 13:23:01,85,voice,186,"Knowledge Park PS Tower, Gautam Buddha Nagar (Noida)"
UP-CDR-001506,UP02567,Babloo Dubey,9125002567,UP01579,Pramod Verma,9927001579,2024-05-27 12:20:17,148,voice,518,"Sikandra PS Tower, Agra"
UP-CDR-001507,UP00304,Rajesh Mishra,8006000304,UP00347,Babloo Tripathi,8006000347,2024-04-22 01:59:46,113,voice,499,"Prem Nagar PS Tower, Jhansi"
UP-CDR-001508,UP00391,Dhananjay Pandey,9125000391,UP00055,Pappu Pandey,8840000055,2024-05-08 16:53:58,129,voice,819,"Sikandra PS Tower, Agra"
UP-CDR-001509,UP02285,Babloo Siddiqui,8840002285,UP02210,Pramod Khan,9412002210,2024-06-15 04:43:54,167,voice,804,"Shahpur PS Tower, Gorakhpur"
UP-CDR-001510,UP00043,Bablu Singh,9450000043,UP00254,Gufran Ansari,9415000254,2024-06-17 12:19:13,169,voice,49,"Shivpur PS Tower, Varanasi"
UP-CDR-001511,UP02823,Rakesh Maurya,9839002823,UP02192,Suresh Dubey,9412002192,2024-07-02 00:58:19,184,sms,1017,"Lisari Gate PS Tower, Meerut"
UP-CDR-001512,UP00446,Pramod Khan,9719000446,UP00377,Santosh Singh,7007000377,2024-03-13 02:35:57,73,voice,648,"Baradari PS Tower, Bareilly"
UP-CDR-001513,UP00385,Rajesh Kushwaha,8006000385,UP00293,Imran Singh,9839000293,2024-02-11 22:59:04,42,voice,1103,"Tajganj PS Tower, Agra"
UP-CDR-001514,UP00151,Dharmendra Nishad,8840000151,UP00347,Babloo Tripathi,8006000347,2024-06-27 18:32:44,179,voice,518,"Tiwaripur PS Tower, Gorakhpur"
UP-CDR-001515,UP00470,Tariq Chaudhary,7500000470,UP00425,Brijesh Tomar,9719000425,2024-02-04 01:32:25,35,voice,59,"Kotwali PS Tower, Kanpur Nagar"
UP-CDR-001516,UP02115,Dharmendra Bind,9125002115,UP01697,Pankaj Yadav,9839001697,2024-03-24 15:44:11,84,voice,644,"Dhoomanganj PS Tower, Prayagraj"
UP-CDR-001517,UP00027,Vikram Singh,9837000027,UP00240,Deepak Bind,9719000240,2024-06-27 21:37:02,179,voice,1101,"Rakabganj PS Tower, Agra"
UP-CDR-001518,UP00302,Dharmendra Dubey,9450000302,UP00345,Vikram Dubey,9125000345,2024-01-18 07:05:38,18,voice,601,"Prem Nagar PS Tower, Jhansi"
UP-CDR-001519,UP00303,Ravindra Chaudhary,9412000303,UP00418,Ajay Maurya,9450000418,2024-07-18 12:10:32,200,voice,463,"Shivpur PS Tower, Varanasi"
UP-CDR-001520,UP00452,Imran Nagar,7007000452,UP00083,Anil Mishra,7007000083,2024-04-23 12:05:49,114,sms,969,"Collectorganj PS Tower, Kanpur Nagar"
UP-CDR-001521,UP00199,Rizwan Yadav,7500000199,UP00431,Dhananjay Bind,7007000431,2024-01-23 06:42:59,23,sms,376,"Dashashwamedh PS Tower, Varanasi"
UP-CDR-001522,UP00444,Virendra Mishra,7500000444,UP00493,Imran Tomar,9125000493,2024-01-22 11:07:20,22,voice,607,"Sikandra PS Tower, Agra"
UP-CDR-001523,UP00229,Satish Verma,9839000229,UP00068,Mahesh Tomar,9450000068,2024-03-30 01:13:16,90,voice,227,"Kotwali PS Tower, Jhansi"
UP-CDR-001524,UP00379,Ajay Qureshi,9719000379,UP00536,Brijesh Gautam,9927000536,2024-06-25 07:52:39,177,voice,127,"Chowk PS Tower, Lucknow"
UP-CDR-001525,UP00288,Bablu Qureshi,9719000288,UP00019,Tariq Gautam,8840000019,2024-05-15 09:41:01,136,voice,748,"Sihani Gate PS Tower, Ghaziabad"
UP-CDR-001526,UP00017,Dharmendra Yadav,7500000017,UP02832,Deepak Kushwaha,8006002832,2024-06-13 00:37:04,165,voice,634,"Ayodhya Kotwali PS Tower, Ayodhya"
UP-CDR-001527,UP00216,Gufran Chauhan,9719000216,UP01724,Rajesh Chaudhary,9415001724,2024-04-14 21:33:06,105,sms,1076,"Kareli PS Tower, Prayagraj"
UP-CDR-001528,UP00241,Guddu Srivastav,9415000241,UP00102,Deepak Gautam,9415000102,2024-07-01 04:14:34,183,voice,1186,"Kotwali PS Tower, Ayodhya"
UP-CDR-001529,UP00585,Satish Tyagi,7500000585,UP00028,Akhilesh Kushwaha,9125000028,2024-05-25 23:38:27,146,sms,450,"Cantt PS Tower, Varanasi"
UP-CDR-001530,UP00054,Sonu Chaudhary,7500000054,UP00058,Suresh Jaiswal,7007000058,2024-02-10 23:46:13,41,sms,75,"Nawabad PS Tower, Jhansi"
UP-CDR-001531,UP01225,Brijesh Tripathi,7007001225,UP00383,Alok Khan,9125000383,2024-06-29 09:19:21,181,voice,343,"Partapur PS Tower, Meerut"
UP-CDR-001532,UP00477,Chhotu Rajput,9839000477,UP00662,Pankaj Rajput,9927000662,2024-03-05 16:15:25,65,sms,991,"Ayodhya Kotwali PS Tower, Ayodhya"
UP-CDR-001533,UP02469,Mahesh Gautam,8006002469,UP02806,Dharmendra Siddiqui,7500002806,2024-08-02 23:34:19,215,voice,504,"Shahganj PS Tower, Agra"
UP-CDR-001534,UP02788,Tariq Pal,7007002788,UP01922,Dharmendra Qureshi,8840001922,2024-08-16 05:09:11,229,voice,1011,"Lisari Gate PS Tower, Meerut"
UP-CDR-001535,UP00139,Manoj Bind,9927000139,UP00568,Brijesh Gautam,9927000568,2024-02-22 07:12:05,53,voice,250,"Hari Parbat PS Tower, Agra"
UP-CDR-001536,UP02306,Suresh Pandey,7500002306,UP02120,Mahesh Bind,7007002120,2024-08-19 05:22:21,232,voice,189,"Naini PS Tower, Prayagraj"
UP-CDR-001537,UP02591,Mahesh Mishra,7500002591,UP00136,Anil Qureshi,9837000136,2024-05-06 02:26:20,127,voice,852,"Prem Nagar PS Tower, Bareilly"
UP-CDR-001538,UP00080,Ramesh Verma,9125000080,UP00567,Tariq Pandey,9839000567,2024-03-14 13:50:38,74,voice,110,"Sikandra PS Tower, Agra"
UP-CDR-001539,UP00476,Sonu Siddiqui,7007000476,UP00451,Alok Chaudhary,9839000451,2024-04-25 17:40:50,116,voice,174,"Gorakhnath PS Tower, Gorakhpur"
UP-CDR-001540,UP00094,Dharmendra Shukla,8840000094,UP00420,Munna Yadav,7007000420,2024-01-04 16:00:06,4,voice,1169,"Kotwali PS Tower, Gorakhpur"
UP-CDR-001541,UP01439,Suresh Khan,8006001439,UP02340,Tariq Kushwaha,7500002340,2024-06-26 06:17:44,178,sms,47,"Izzatnagar PS Tower, Bareilly"
UP-CDR-001542,UP01162,Rizwan Dubey,9415001162,UP00136,Anil Qureshi,9837000136,2024-08-25 02:18:01,238,voice,1125,"Kotwali PS Tower, Ayodhya"
UP-CDR-001543,UP01322,Mahesh Kushwaha,9125001322,UP02776,Amit Tripathi,9719002776,2024-04-29 06:14:04,120,voice,680,"Dashashwamedh PS Tower, Varanasi"
UP-CDR-001544,UP00293,Imran Singh,9839000293,UP00500,Vikram Gurjar,8840000500,2024-06-18 10:45:33,170,voice,551,"Dhoomanganj PS Tower, Prayagraj"
UP-CDR-001545,UP00036,Amit Kushwaha,9927000036,UP00085,Munna Verma,9927000085,2024-01-12 18:47:45,12,voice,161,"Prem Nagar PS Tower, Jhansi"
UP-CDR-001546,UP02296,Anil Rawat,7500002296,UP00097,Atiq Pandey,7500000097,2024-07-10 05:23:33,192,voice,251,"Chowk PS Tower, Lucknow"
UP-CDR-001547,UP01197,Rizwan Gupta,9837001197,UP01338,Brijesh Nishad,9450001338,2024-05-25 20:13:04,146,voice,717,"Kotwali PS Tower, Bareilly"
UP-CDR-001548,UP00139,Manoj Bind,9927000139,UP00569,Neeraj Qureshi,8006000569,2024-03-24 18:16:40,84,voice,373,"Shahganj PS Tower, Agra"
UP-CDR-001549,UP00498,Imran Pandey,9927000498,UP00428,Vikram Shukla,8840000428,2024-03-31 09:36:56,91,sms,1199,"Prem Nagar PS Tower, Bareilly"
UP-CDR-001550,UP00318,Abhay Rawat,7500000318,UP00011,Chhotu Gupta,7500000011,2024-06-13 08:35:42,165,voice,886,"Baradari PS Tower, Bareilly"
UP-CDR-001551,UP00040,Rizwan Mishra,8006000040,UP00356,Alok Gautam,9837000356,2024-08-14 19:51:02,227,voice,701,"Sipri Bazar PS Tower, Jhansi"
UP-CDR-001552,UP00397,Dhananjay Nagar,7500000397,UP00343,Tariq Kushwaha,7007000343,2024-07-26 04:24:02,208,voice,1181,"Shahpur PS Tower, Gorakhpur"
UP-CDR-001553,UP00043,Bablu Singh,9450000043,UP00205,Anil Dubey,9719000205,2024-05-17 14:30:01,138,voice,541,"Kotwali PS Tower, Jhansi"
UP-CDR-001554,UP00135,Sunil Shukla,9412000135,UP00434,Brijesh Srivastav,9839000434,2024-06-29 03:36:39,181,voice,1122,"Sihani Gate PS Tower, Ghaziabad"
UP-CDR-001555,UP01333,Rizwan Chauhan,8006001333,UP00637,Rizwan Tiwari,8840000637,2024-07-21 18:46:56,203,voice,363,"Sigra PS Tower, Varanasi"
UP-CDR-001556,UP00361,Chhotu Nishad,9450000361,UP00011,Chhotu Gupta,7500000011,2024-02-07 22:29:02,38,voice,545,"Partapur PS Tower, Meerut"
UP-CDR-001557,UP00387,Ravindra Rajput,8006000387,UP00375,Santosh Jaiswal,9839000375,2024-02-20 22:57:49,51,voice,1185,"Ayodhya Kotwali PS Tower, Ayodhya"
UP-CDR-001558,UP00076,Mahesh Mishra,9450000076,UP00433,Sanjay Mishra,9719000433,2024-03-04 17:27:11,64,voice,870,"Raunahi PS Tower, Ayodhya"
UP-CDR-001559,UP00944,Chhotu Nishad,8840000944,UP01074,Rizwan Chauhan,9719001074,2024-02-11 05:58:32,42,sms,963,"Kotwali PS Tower, Gorakhpur"
UP-CDR-001560,UP00207,Dhananjay Pandey,8006000207,UP00094,Dharmendra Shukla,8840000094,2024-04-04 07:20:36,95,sms,109,"Katra PS Tower, Prayagraj"
UP-CDR-001561,UP00225,Abhay Tripathi,9450000225,UP00259,Amit Chauhan,7007000259,2024-08-04 11:09:38,217,voice,1199,"Ramgarh Tal PS Tower, Gorakhpur"
UP-CDR-001562,UP01848,Tariq Ansari,7007001848,UP01025,Munna Tripathi,8840001025,2024-07-31 04:37:57,213,voice,745,"Raunahi PS Tower, Ayodhya"
UP-CDR-001563,UP01566,Aslam Gautam,9415001566,UP02195,Sonu Pandey,7007002195,2024-05-24 07:21:53,145,voice,502,"Sikandra PS Tower, Agra"
UP-CDR-001564,UP00396,Munna Gurjar,7007000396,UP00361,Chhotu Nishad,9450000361,2024-04-27 00:17:37,118,voice,1084,"Ramgarh Tal PS Tower, Gorakhpur"
UP-CDR-001565,UP00469,Dhananjay Dubey,9125000469,UP00213,Neeraj Maurya,9415000213,2024-08-19 12:06:38,232,voice,203,"Mahanagar PS Tower, Lucknow"
UP-CDR-001566,UP02641,Imran Khan,8006002641,UP01880,Abhay Srivastav,9450001880,2024-01-19 12:03:08,19,voice,487,"Ramgarh Tal PS Tower, Gorakhpur"
UP-CDR-001567,UP01054,Atiq Gautam,9837001054,UP01648,Atiq Khan,7500001648,2024-07-27 17:22:05,209,voice,1031,"Raunahi PS Tower, Ayodhya"
UP-CDR-001568,UP00391,Dhananjay Pandey,9125000391,UP00411,Amit Rajput,7007000411,2024-05-17 20:28:35,138,voice,394,"Kavi Nagar PS Tower, Ghaziabad"
UP-CDR-001569,UP02878,Deepak Gautam,9412002878,UP01871,Tariq Gurjar,9125001871,2024-05-16 16:37:04,137,voice,15,"Alambagh PS Tower, Lucknow"
UP-CDR-001570,UP00109,Satish Ansari,9839000109,UP00089,Santosh Siddiqui,9927000089,2024-03-17 02:15:39,77,voice,192,"Chetganj PS Tower, Varanasi"
UP-CDR-001571,UP00215,Guddu Khan,9927000215,UP00055,Pappu Pandey,8840000055,2024-02-08 13:11:58,39,voice,195,"Brahmpuri PS Tower, Meerut"
UP-CDR-001572,UP02668,Bablu Siddiqui,7007002668,UP02112,Satish Jaiswal,9839002112,2024-07-27 16:37:28,209,voice,874,"Govind Nagar PS Tower, Kanpur Nagar"
UP-CDR-001573,UP00347,Babloo Tripathi,8006000347,UP00462,Mahesh Srivastav,9412000462,2024-02-01 02:15:43,32,voice,110,"Kotwali PS Tower, Kanpur Nagar"
UP-CDR-001574,UP02398,Dharmendra Tyagi,9927002398,UP00106,Mahesh Chauhan,7500000106,2024-02-22 04:21:22,53,voice,488,"Sikandra PS Tower, Agra"
UP-CDR-001575,UP00449,Tariq Verma,8840000449,UP00105,Rizwan Tiwari,9125000105,2024-03-02 04:45:55,62,voice,819,"Raunahi PS Tower, Ayodhya"
UP-CDR-001576,UP00294,Akhilesh Mishra,9450000294,UP00528,Rakesh Rawat,9412000528,2024-06-08 04:22:39,160,voice,1160,"Chinhat PS Tower, Lucknow"
UP-CDR-001577,UP00459,Alok Chauhan,7500000459,UP00019,Tariq Gautam,8840000019,2024-03-21 13:03:49,81,voice,699,"Indirapuram PS Tower, Ghaziabad"
UP-CDR-001578,UP00316,Satish Pal,7007000316,UP00223,Rakesh Bind,9125000223,2024-03-15 08:18:38,75,sms,531,"Izzatnagar PS Tower, Bareilly"
UP-CDR-001579,UP00288,Bablu Qureshi,9719000288,UP00532,Amit Qureshi,7500000532,2024-02-13 16:45:25,44,voice,543,"Sigra PS Tower, Varanasi"
UP-CDR-001580,UP01979,Vikram Tomar,9927001979,UP01762,Babloo Rawat,7007001762,2024-07-16 14:59:14,198,voice,1200,"Shivpur PS Tower, Varanasi"
UP-CDR-001581,UP00492,Virendra Nagar,9415000492,UP00494,Amit Gautam,8840000494,2024-06-05 03:18:43,157,voice,611,"Izzatnagar PS Tower, Bareilly"
UP-CDR-001582,UP02248,Sunil Singh,7500002248,UP02188,Sanjay Mishra,9839002188,2024-02-26 09:49:29,57,voice,596,"Tajganj PS Tower, Agra"
UP-CDR-001583,UP00449,Tariq Verma,8840000449,UP00132,Chhotu Singh,9837000132,2024-05-31 16:25:19,152,voice,367,"Hari Parbat PS Tower, Agra"
UP-CDR-001584,UP02595,Tariq Yadav,9719002595,UP00342,Pramod Yadav,9839000342,2024-04-12 03:15:54,103,voice,1013,"Mahanagar PS Tower, Lucknow"
UP-CDR-001585,UP00322,Rajesh Verma,9415000322,UP00197,Rajesh Nagar,9837000197,2024-07-03 09:09:03,185,voice,322,"Katra PS Tower, Prayagraj"
UP-CDR-001586,UP00445,Manoj Chauhan,9412000445,UP00207,Dhananjay Pandey,8006000207,2024-02-04 01:01:40,35,sms,575,"George Town PS Tower, Prayagraj"
UP-CDR-001587,UP00379,Ajay Qureshi,9719000379,UP00294,Akhilesh Mishra,9450000294,2024-02-21 04:26:58,52,sms,850,"Ramgarh Tal PS Tower, Gorakhpur"
UP-CDR-001588,UP00421,Akhilesh Mishra,9450000421,UP00027,Vikram Singh,9837000027,2024-06-08 08:45:20,160,voice,179,"Kavi Nagar PS Tower, Ghaziabad"
UP-CDR-001589,UP00504,Anil Tiwari,9839000504,UP00170,Rakesh Srivastav,7500000170,2024-05-30 13:29:42,151,voice,1150,"Govind Nagar PS Tower, Kanpur Nagar"
UP-CDR-001590,UP00062,Manoj Chauhan,7500000062,UP00367,Abhay Srivastav,9837000367,2024-01-07 16:10:49,7,voice,1171,"Sigra PS Tower, Varanasi"
UP-CDR-001591,UP00033,Aslam Tomar,9412000033,UP00575,Suresh Gautam,7007000575,2024-06-19 09:58:35,171,voice,903,"George Town PS Tower, Prayagraj"
UP-CDR-001592,UP00179,Pramod Gurjar,9837000179,UP00345,Vikram Dubey,9125000345,2024-01-30 18:51:43,30,voice,404,"Etmadpur PS Tower, Agra"
UP-CDR-001593,UP02067,Pappu Verma,9450002067,UP00777,Suresh Gurjar,9450000777,2024-06-07 18:37:06,159,voice,1016,"Hari Parbat PS Tower, Agra"
UP-CDR-001594,UP00359,Atiq Qureshi,9412000359,UP00562,Anil Bind,9927000562,2024-08-16 22:34:15,229,voice,772,"Cantt PS Tower, Ayodhya"
UP-CDR-001595,UP00532,Amit Qureshi,7500000532,UP00165,Mukhtar Nagar,7007000165,2024-06-13 01:41:04,165,voice,790,"Indirapuram PS Tower, Ghaziabad"
UP-CDR-001596,UP00672,Brijesh Singh,9412000672,UP00396,Munna Gurjar,7007000396,2024-02-26 12:57:57,57,voice,712,"Etmadpur PS Tower, Agra"
UP-CDR-001597,UP00164,Akhilesh Yadav,9837000164,UP00399,Mukhtar Kushwaha,8840000399,2024-01-11 15:20:07,11,voice,303,"Sihani Gate PS Tower, Ghaziabad"
UP-CDR-001598,UP00903,Sonu Singh,9839000903,UP00891,Ajay Singh,9450000891,2024-06-07 16:05:03,159,voice,1048,"Raunahi PS Tower, Ayodhya"
UP-CDR-001599,UP00343,Tariq Kushwaha,7007000343,UP00968,Dharmendra Gurjar,9450000968,2024-01-07 07:59:56,7,voice,163,"Cantt PS Tower, Gorakhpur"
UP-CDR-001600,UP00553,Pramod Chaudhary,9839000553,UP00469,Dhananjay Dubey,9125000469,2024-08-06 06:30:40,219,voice,424,"Prem Nagar PS Tower, Jhansi"
UP-CDR-001601,UP00211,Satish Shukla,9837000211,UP00210,Rizwan Nishad,9412000210,2024-06-26 09:36:00,178,voice,614,"Cantt PS Tower, Varanasi"
UP-CDR-001602,UP01671,Ajay Tyagi,9837001671,UP00659,Abhay Verma,9837000659,2024-04-29 20:06:33,120,voice,1036,"Kareli PS Tower, Prayagraj"
UP-CDR-001603,UP00332,Pankaj Qureshi,7500000332,UP00055,Pappu Pandey,8840000055,2024-07-11 12:11:29,193,voice,730,"Cantt PS Tower, Gorakhpur"
UP-CDR-001604,UP02826,Ajay Qureshi,8840002826,UP02814,Satish Ansari,9839002814,2024-07-02 07:04:12,184,sms,325,"Raunahi PS Tower, Ayodhya"
UP-CDR-001605,UP00192,Gufran Chauhan,9839000192,UP00416,Satish Jaiswal,9450000416,2024-07-10 04:19:01,192,voice,366,"Govind Nagar PS Tower, Kanpur Nagar"
UP-CDR-001606,UP00003,Abhay Tripathi,7007000003,UP00288,Bablu Qureshi,9719000288,2024-03-28 03:57:12,88,sms,584,"Kalyanpur PS Tower, Kanpur Nagar"
UP-CDR-001607,UP00359,Atiq Qureshi,9412000359,UP00280,Pappu Gupta,7500000280,2024-03-30 05:22:25,90,voice,15,"Ramgarh Tal PS Tower, Gorakhpur"
UP-CDR-001608,UP00754,Pappu Gupta,9839000754,UP01043,Aslam Shukla,7007001043,2024-01-20 18:05:06,20,voice,941,"Etmadpur PS Tower, Agra"
UP-CDR-001609,UP00053,Rajesh Chauhan,9719000053,UP00487,Ajay Rajput,9927000487,2024-03-19 16:25:03,79,voice,938,"Cantt PS Tower, Ayodhya"
UP-CDR-001610,UP00136,Anil Qureshi,9837000136,UP00264,Imran Gupta,9450000264,2024-07-16 00:20:09,198,voice,415,"Nauchandi PS Tower, Meerut"
UP-CDR-001611,UP00083,Anil Mishra,7007000083,UP00366,Mukhtar Tripathi,9719000366,2024-06-18 02:46:42,170,voice,1134,"Shahganj PS Tower, Agra"
UP-CDR-001612,UP00582,Imran Kushwaha,9837000582,UP00479,Manoj Singh,9415000479,2024-04-30 12:48:05,121,voice,312,"Kareli PS Tower, Prayagraj"
UP-CDR-001613,UP00124,Chhotu Chaudhary,9839000124,UP00435,Sanjay Tomar,9415000435,2024-02-06 14:44:23,37,voice,899,"Raunahi PS Tower, Ayodhya"
UP-CDR-001614,UP00590,Atiq Jaiswal,9415000590,UP00201,Chhotu Maurya,9839000201,2024-06-02 05:34:13,154,voice,385,"Kotwali PS Tower, Jhansi"
UP-CDR-001615,UP00894,Pramod Pal,9415000894,UP02505,Munna Khan,7007002505,2024-04-16 19:35:45,107,sms,468,"Kavi Nagar PS Tower, Ghaziabad"
UP-CDR-001616,UP00010,Babloo Tiwari,9415000010,UP00378,Abhay Rawat,8840000378,2024-08-15 08:42:52,228,voice,300,"Kotwali PS Tower, Ayodhya"
UP-CDR-001617,UP00196,Gufran Jaiswal,8006000196,UP00260,Munna Rajput,9415000260,2024-03-22 21:09:39,82,voice,64,"Sipri Bazar PS Tower, Jhansi"
UP-CDR-001618,UP00093,Abhay Nishad,9450000093,UP00056,Ajay Jaiswal,9839000056,2024-01-06 03:45:33,6,voice,486,"Kotwali PS Tower, Gorakhpur"
UP-CDR-001619,UP00021,Mahesh Qureshi,9415000021,UP00597,Anil Ansari,9839000597,2024-06-22 05:48:26,174,voice,49,"Tajganj PS Tower, Agra"
UP-CDR-001620,UP00204,Atiq Tomar,9125000204,UP00409,Anil Nishad,7007000409,2024-02-13 16:56:15,44,voice,903,"Kalyanpur PS Tower, Kanpur Nagar"
UP-CDR-001621,UP00066,Sanjay Nishad,9415000066,UP00116,Tariq Gautam,9839000116,2024-07-30 23:56:19,212,voice,165,"Govind Nagar PS Tower, Kanpur Nagar"
UP-CDR-001622,UP02112,Satish Jaiswal,9839002112,UP01577,Virendra Srivastav,9125001577,2024-08-24 10:57:47,237,voice,254,"Knowledge Park PS Tower, Gautam Buddha Nagar (Noida)"
UP-CDR-001623,UP00170,Rakesh Srivastav,7500000170,UP00214,Imran Yadav,9450000214,2024-03-10 04:05:23,70,voice,419,"Sihani Gate PS Tower, Ghaziabad"
UP-CDR-001624,UP00256,Alok Pandey,9450000256,UP00429,Suresh Rawat,9415000429,2024-06-12 22:10:43,164,voice,338,"Sihani Gate PS Tower, Ghaziabad"
UP-CDR-001625,UP00421,Akhilesh Mishra,9450000421,UP00403,Imran Verma,9839000403,2024-04-16 12:01:40,107,voice,423,"Indirapuram PS Tower, Ghaziabad"
UP-CDR-001626,UP01615,Neeraj Tyagi,9839001615,UP01114,Guddu Chaudhary,9837001114,2024-07-30 05:55:54,212,sms,1169,"Indirapuram PS Tower, Ghaziabad"
UP-CDR-001627,UP00113,Imran Siddiqui,9125000113,UP00221,Deepak Kushwaha,8006000221,2024-05-10 19:05:43,131,sms,723,"Brahmpuri PS Tower, Meerut"
UP-CDR-001628,UP00537,Guddu Srivastav,9839000537,UP00067,Rakesh Mishra,8006000067,2024-06-07 12:25:55,159,voice,903,"Cantt PS Tower, Varanasi"
UP-CDR-001629,UP00348,Rakesh Pal,7500000348,UP00538,Suresh Pal,8006000538,2024-06-20 19:12:57,172,sms,831,"Subhash Nagar PS Tower, Bareilly"
UP-CDR-001630,UP00529,Dhananjay Kushwaha,9839000529,UP00593,Vikram Dubey,9412000593,2024-08-01 06:16:20,214,voice,1192,"Kotwali PS Tower, Kanpur Nagar"
UP-CDR-001631,UP02608,Amit Rawat,9839002608,UP02197,Manoj Jaiswal,9837002197,2024-06-20 10:01:00,172,voice,655,"Sahibabad PS Tower, Ghaziabad"
UP-CDR-001632,UP00896,Abhay Singh,9125000896,UP01910,Guddu Ansari,9415001910,2024-05-12 12:56:07,133,voice,487,"Partapur PS Tower, Meerut"
UP-CDR-001633,UP00543,Mahesh Jaiswal,9719000543,UP00523,Imran Shukla,9412000523,2024-01-16 20:16:28,16,voice,535,"Shahpur PS Tower, Gorakhpur"
UP-CDR-001634,UP00427,Mahesh Mishra,9415000427,UP00401,Akhilesh Kushwaha,9837000401,2024-03-07 05:48:40,67,voice,22,"Mahanagar PS Tower, Lucknow"
UP-CDR-001635,UP00008,Gufran Tripathi,9412000008,UP00249,Neeraj Pandey,9412000249,2024-02-19 22:23:08,50,voice,386,"Brahmpuri PS Tower, Meerut"
UP-CDR-001636,UP00354,Akhilesh Rajput,8840000354,UP00295,Neeraj Bind,9839000295,2024-07-08 11:43:07,190,voice,928,"Sikandra PS Tower, Agra"
UP-CDR-001637,UP00393,Rajesh Pal,9415000393,UP00385,Rajesh Kushwaha,8006000385,2024-06-21 05:58:47,173,voice,104,"Sector 39 PS Tower, Gautam Buddha Nagar (Noida)"
UP-CDR-001638,UP00331,Sanjay Dubey,8006000331,UP02304,Satish Tyagi,9450002304,2024-02-23 11:13:10,54,voice,383,"Shahpur PS Tower, Gorakhpur"
UP-CDR-001639,UP00392,Brijesh Tyagi,9415000392,UP00526,Rajesh Nishad,9415000526,2024-05-27 00:41:56,148,voice,968,"Tajganj PS Tower, Agra"
UP-CDR-001640,UP00348,Rakesh Pal,7500000348,UP00498,Imran Pandey,9927000498,2024-01-13 19:18:56,13,sms,467,"Civil Lines PS Tower, Prayagraj"
UP-CDR-001641,UP00586,Mahesh Srivastav,9839000586,UP00116,Tariq Gautam,9839000116,2024-08-10 22:12:04,223,voice,178,"Sigra PS Tower, Varanasi"
UP-CDR-001642,UP00409,Anil Nishad,7007000409,UP00537,Guddu Srivastav,9839000537,2024-06-24 14:44:40,176,voice,33,"Rakabganj PS Tower, Agra"
UP-CDR-001643,UP00175,Munna Rajput,7500000175,UP00464,Dhananjay Ansari,9412000464,2024-04-16 07:51:37,107,voice,1025,"Sector 39 PS Tower, Gautam Buddha Nagar (Noida)"
UP-CDR-001644,UP00176,Amit Tiwari,9839000176,UP00337,Ravindra Pal,7007000337,2024-05-21 22:44:39,142,voice,863,"Collectorganj PS Tower, Kanpur Nagar"
UP-CDR-001645,UP00112,Sunil Srivastav,9415000112,UP00378,Abhay Rawat,8840000378,2024-07-08 15:56:35,190,voice,900,"Hazratganj PS Tower, Lucknow"
UP-CDR-001646,UP00398,Manoj Nishad,7007000398,UP00496,Ravindra Yadav,9412000496,2024-03-25 08:51:34,85,voice,1010,"Hari Parbat PS Tower, Agra"
UP-CDR-001647,UP00521,Rizwan Kushwaha,9125000521,UP00115,Virendra Tripathi,9927000115,2024-02-15 07:20:39,46,voice,926,"Ayodhya Kotwali PS Tower, Ayodhya"
UP-CDR-001648,UP00201,Chhotu Maurya,9839000201,UP00465,Abhay Nagar,9839000465,2024-06-20 12:56:58,172,voice,563,"Lisari Gate PS Tower, Meerut"
UP-CDR-001649,UP00296,Imran Bind,9415000296,UP00205,Anil Dubey,9719000205,2024-02-24 12:24:14,55,voice,683,"Sipri Bazar PS Tower, Jhansi"
UP-CDR-001650,UP00033,Aslam Tomar,9412000033,UP00251,Santosh Rajput,8840000251,2024-04-30 01:53:33,121,voice,931,"Chakeri PS Tower, Kanpur Nagar"
UP-CDR-001651,UP01774,Satish Tiwari,9839001774,UP02538,Pramod Nishad,9415002538,2024-07-04 11:44:54,186,voice,488,"Bhelupur PS Tower, Varanasi"
UP-CDR-001652,UP01882,Abhay Khan,9927001882,UP00225,Abhay Tripathi,9450000225,2024-01-03 11:45:20,3,voice,869,"Kotwali PS Tower, Jhansi"
UP-CDR-001653,UP02662,Pankaj Dubey,9837002662,UP00380,Brijesh Gurjar,9125000380,2024-07-16 09:04:17,198,voice,921,"Shahpur PS Tower, Gorakhpur"
UP-CDR-001654,UP00462,Mahesh Srivastav,9412000462,UP00481,Ajay Ansari,8006000481,2024-03-20 07:23:32,80,voice,117,"Barra PS Tower, Kanpur Nagar"
UP-CDR-001655,UP00010,Babloo Tiwari,9415000010,UP00323,Rajesh Siddiqui,9450000323,2024-06-12 00:49:07,164,voice,1131,"Cantt PS Tower, Ayodhya"
UP-CDR-001656,UP00527,Suresh Pandey,8006000527,UP00302,Dharmendra Dubey,9450000302,2024-07-13 23:18:21,195,voice,506,"Nawabad PS Tower, Jhansi"
UP-CDR-001657,UP00264,Imran Gupta,9450000264,UP00170,Rakesh Srivastav,7500000170,2024-04-18 17:44:42,109,voice,754,"Prem Nagar PS Tower, Jhansi"
UP-CDR-001658,UP01566,Aslam Gautam,9415001566,UP02069,Sunil Nishad,9450002069,2024-02-29 12:13:54,60,voice,827,"Sector 39 PS Tower, Gautam Buddha Nagar (Noida)"
UP-CDR-001659,UP02490,Dharmendra Tripathi,9412002490,UP01854,Aslam Mishra,9450001854,2024-08-07 23:11:31,220,voice,761,"Nawabad PS Tower, Jhansi"
UP-CDR-001660,UP00047,Chhotu Tripathi,9125000047,UP00525,Abhay Verma,9839000525,2024-06-18 17:31:54,170,voice,255,"Civil Lines PS Tower, Meerut"
UP-CDR-001661,UP00255,Gufran Tomar,9125000255,UP00016,Sonu Tiwari,9125000016,2024-01-31 12:07:06,31,voice,113,"Nawabad PS Tower, Jhansi"
UP-CDR-001662,UP00593,Vikram Dubey,9412000593,UP00329,Amit Kushwaha,7007000329,2024-05-09 06:42:20,130,voice,842,"Subhash Nagar PS Tower, Bareilly"
UP-CDR-001663,UP00269,Rajesh Tripathi,9839000269,UP00387,Ravindra Rajput,8006000387,2024-08-05 11:03:01,218,sms,43,"Kotwali PS Tower, Jhansi"
UP-CDR-001664,UP00457,Dharmendra Gupta,9837000457,UP00268,Abhay Bind,8840000268,2024-06-22 11:22:28,174,voice,1159,"George Town PS Tower, Prayagraj"
UP-CDR-001665,UP00090,Mukhtar Dubey,9450000090,UP00132,Chhotu Singh,9837000132,2024-02-11 22:58:10,42,voice,1043,"Kotwali PS Tower, Jhansi"
UP-CDR-001666,UP00198,Tariq Bind,9837000198,UP00248,Manoj Gupta,9839000248,2024-01-30 21:14:44,30,voice,1011,"Cantt PS Tower, Ayodhya"
UP-CDR-001667,UP00481,Ajay Ansari,8006000481,UP00047,Chhotu Tripathi,9125000047,2024-01-19 09:39:48,19,sms,446,"Sahibabad PS Tower, Ghaziabad"
UP-CDR-001668,UP00533,Manoj Jaiswal,9839000533,UP00569,Neeraj Qureshi,8006000569,2024-02-25 04:48:59,56,voice,245,"Sipri Bazar PS Tower, Jhansi"
UP-CDR-001669,UP00555,Anil Srivastav,9415000555,UP00565,Ravindra Tomar,9450000565,2024-08-27 17:34:28,240,voice,737,"Sector 20 PS Tower, Gautam Buddha Nagar (Noida)"
UP-CDR-001670,UP01486,Vikram Qureshi,9125001486,UP02091,Neeraj Mishra,9839002091,2024-08-02 09:00:14,215,voice,306,"Cantt PS Tower, Varanasi"
UP-CDR-001671,UP01200,Akhilesh Srivastav,8006001200,UP01365,Bablu Dubey,9125001365,2024-02-13 17:41:57,44,voice,1068,"Prem Nagar PS Tower, Bareilly"
UP-CDR-001672,UP00122,Neeraj Gurjar,9450000122,UP00588,Mukhtar Kushwaha,7007000588,2024-03-25 16:20:37,85,voice,1039,"Tiwaripur PS Tower, Gorakhpur"
UP-CDR-001673,UP01328,Pankaj Khan,9839001328,UP00697,Chhotu Srivastav,9412000697,2024-05-15 05:30:56,136,voice,793,"Cantt PS Tower, Gorakhpur"
UP-CDR-001674,UP00947,Sunil Nagar,9125000947,UP00708,Sonu Tripathi,8840000708,2024-06-17 09:59:19,169,voice,363,"Sigra PS Tower, Varanasi"
UP-CDR-001675,UP00527,Suresh Pandey,8006000527,UP00232,Ajay Tripathi,9125000232,2024-04-26 18:55:29,117,voice,710,"Bhelupur PS Tower, Varanasi"
UP-CDR-001676,UP00365,Brijesh Yadav,9927000365,UP00517,Gufran Bind,9719000517,2024-01-08 06:53:33,8,voice,826,"Kotwali PS Tower, Bareilly"
UP-CDR-001677,UP00454,Tariq Shukla,9839000454,UP00095,Akhilesh Tomar,8006000095,2024-04-21 07:17:19,112,voice,166,"Kotwali PS Tower, Ghaziabad"
UP-CDR-001678,UP00058,Suresh Jaiswal,7007000058,UP00493,Imran Tomar,9125000493,2024-04-19 06:13:42,110,voice,299,"Kotwali PS Tower, Ayodhya"
UP-CDR-001679,UP00446,Pramod Khan,9719000446,UP00218,Dharmendra Gupta,9927000218,2024-06-03 17:29:42,155,voice,154,"Kotwali PS Tower, Ayodhya"
UP-CDR-001680,UP00343,Tariq Kushwaha,7007000343,UP02839,Gufran Gautam,9719002839,2024-02-21 10:33:35,52,voice,257,"Indirapuram PS Tower, Ghaziabad"
UP-CDR-001681,UP00451,Alok Chaudhary,9839000451,UP00035,Rizwan Nagar,9450000035,2024-04-05 01:20:40,96,voice,905,"Sadar Bazar PS Tower, Meerut"
UP-CDR-001682,UP00167,Sunil Kushwaha,9839000167,UP00020,Santosh Gurjar,7007000020,2024-01-01 04:14:36,1,voice,1113,"Kareli PS Tower, Prayagraj"
UP-CDR-001683,UP00236,Pankaj Mishra,9412000236,UP00090,Mukhtar Dubey,9450000090,2024-05-06 09:29:28,127,sms,1109,"Phase 2 PS Tower, Gautam Buddha Nagar (Noida)"
UP-CDR-001684,UP00567,Tariq Pandey,9839000567,UP00597,Anil Ansari,9839000597,2024-02-20 07:56:55,51,voice,233,"Hazratganj PS Tower, Lucknow"
UP-CDR-001685,UP00168,Ravindra Srivastav,9412000168,UP00519,Deepak Gautam,9415000519,2024-07-01 04:45:57,183,sms,211,"Chakeri PS Tower, Kanpur Nagar"
UP-CDR-001686,UP00236,Pankaj Mishra,9412000236,UP00456,Rajesh Srivastav,9415000456,2024-05-06 16:18:05,127,voice,460,"Prem Nagar PS Tower, Jhansi"
UP-CDR-001687,UP00370,Neeraj Chaudhary,9719000370,UP00341,Mahesh Siddiqui,8840000341,2024-02-24 12:01:52,55,voice,777,"Tiwaripur PS Tower, Gorakhpur"
UP-CDR-001688,UP02345,Santosh Dubey,7007002345,UP01315,Imran Maurya,9839001315,2024-01-24 15:40:48,24,voice,267,"Kotwali PS Tower, Jhansi"
UP-CDR-001689,UP02447,Virendra Rawat,9415002447,UP02485,Bablu Rajput,9125002485,2024-01-10 19:54:32,10,voice,168,"Kareli PS Tower, Prayagraj"
UP-CDR-001690,UP00329,Amit Kushwaha,7007000329,UP00169,Atiq Qureshi,9125000169,2024-05-27 07:44:43,148,voice,512,"Baradari PS Tower, Bareilly"
UP-CDR-001691,UP02982,Ravindra Tomar,9450002982,UP02751,Sanjay Yadav,8840002751,2024-06-19 05:53:08,171,voice,1148,"Kotwali PS Tower, Jhansi"
UP-CDR-001692,UP00491,Anil Rawat,7007000491,UP00165,Mukhtar Nagar,7007000165,2024-05-28 05:32:38,149,voice,671,"Sihani Gate PS Tower, Ghaziabad"
UP-CDR-001693,UP00132,Chhotu Singh,9837000132,UP00407,Guddu Tomar,9927000407,2024-01-13 01:31:41,13,voice,414,"Shahpur PS Tower, Gorakhpur"
UP-CDR-001694,UP01236,Dhananjay Pal,8006001236,UP01081,Munna Rajput,7007001081,2024-06-09 07:58:44,161,sms,984,"Raunahi PS Tower, Ayodhya"
UP-CDR-001695,UP00225,Abhay Tripathi,9450000225,UP00336,Dhananjay Rawat,8006000336,2024-01-01 22:14:58,1,sms,1109,"Kotwali PS Tower, Jhansi"
UP-CDR-001696,UP00152,Sonu Rajput,9837000152,UP00409,Anil Nishad,7007000409,2024-03-21 01:52:22,81,voice,354,"Izzatnagar PS Tower, Bareilly"
UP-CDR-001697,UP02115,Dharmendra Bind,9125002115,UP02536,Guddu Gautam,8840002536,2024-01-25 14:04:34,25,sms,1076,"Dashashwamedh PS Tower, Varanasi"
UP-CDR-001698,UP00071,Babloo Chauhan,7007000071,UP00418,Ajay Maurya,9450000418,2024-04-09 17:58:37,100,voice,917,"Ramgarh Tal PS Tower, Gorakhpur"
UP-CDR-001699,UP01501,Rizwan Pandey,8006001501,UP02454,Brijesh Ansari,9839002454,2024-01-23 06:39:39,23,voice,1027,"Sadar Bazar PS Tower, Meerut"
UP-CDR-001700,UP00471,Imran Gupta,9125000471,UP00008,Gufran Tripathi,9412000008,2024-02-05 06:30:04,36,voice,1095,"Kotwali PS Tower, Ayodhya"
UP-CDR-001701,UP01194,Munna Pandey,9125001194,UP02112,Satish Jaiswal,9839002112,2024-05-23 10:17:11,144,sms,466,"Chowk PS Tower, Lucknow"
UP-CDR-001702,UP00045,Tariq Tiwari,9412000045,UP00098,Sonu Qureshi,8006000098,2024-06-12 09:24:53,164,voice,558,"Sahibabad PS Tower, Ghaziabad"
UP-CDR-001703,UP00159,Santosh Pandey,9839000159,UP00291,Rakesh Rawat,8840000291,2024-07-04 17:54:06,186,voice,926,"Naini PS Tower, Prayagraj"
UP-CDR-001704,UP00550,Babloo Maurya,7007000550,UP00438,Satish Jaiswal,9415000438,2024-07-29 12:06:54,211,voice,1021,"Katra PS Tower, Prayagraj"
UP-CDR-001705,UP00386,Guddu Pal,9837000386,UP02447,Virendra Rawat,9415002447,2024-07-20 05:24:48,202,voice,947,"Dhoomanganj PS Tower, Prayagraj"
UP-CDR-001706,UP02504,Bablu Chaudhary,7500002504,UP02804,Brijesh Gurjar,7007002804,2024-07-06 22:15:02,188,voice,456,"Chakeri PS Tower, Kanpur Nagar"
UP-CDR-001707,UP02539,Amit Kushwaha,9927002539,UP01607,Akhilesh Singh,9450001607,2024-07-06 16:13:31,188,sms,500,"Brahmpuri PS Tower, Meerut"
UP-CDR-001708,UP01996,Mahesh Nagar,9412001996,UP01277,Mukhtar Kushwaha,7007001277,2024-07-16 09:58:30,198,voice,311,"George Town PS Tower, Prayagraj"
UP-CDR-001709,UP00402,Ajay Dubey,7500000402,UP00560,Guddu Verma,9927000560,2024-03-10 09:56:24,70,voice,857,"Kotwali PS Tower, Bareilly"
UP-CDR-001710,UP00301,Mukhtar Siddiqui,7007000301,UP00646,Ravindra Verma,9450000646,2024-02-24 07:51:52,55,voice,444,"Nawabad PS Tower, Jhansi"
UP-CDR-001711,UP00529,Dhananjay Kushwaha,9839000529,UP00497,Munna Rajput,9839000497,2024-01-17 21:13:37,17,voice,765,"Mahanagar PS Tower, Lucknow"
UP-CDR-001712,UP01433,Ravindra Jaiswal,7007001433,UP00312,Dharmendra Singh,9839000312,2024-02-10 17:26:42,41,voice,1114,"Kotwali PS Tower, Jhansi"
UP-CDR-001713,UP00266,Gufran Khan,7500000266,UP00366,Mukhtar Tripathi,9719000366,2024-07-22 15:13:33,204,voice,764,"Cantt PS Tower, Varanasi"
UP-CDR-001714,UP01347,Pappu Nishad,9412001347,UP02517,Chhotu Yadav,8840002517,2024-05-08 03:59:03,129,voice,611,"Shahganj PS Tower, Agra"
UP-CDR-001715,UP00635,Deepak Tomar,9415000635,UP00911,Brijesh Tripathi,7007000911,2024-03-23 15:29:25,83,voice,1072,"Lisari Gate PS Tower, Meerut"
UP-CDR-001716,UP00008,Gufran Tripathi,9412000008,UP00555,Anil Srivastav,9415000555,2024-07-25 13:07:37,207,voice,18,"Ayodhya Kotwali PS Tower, Ayodhya"
UP-CDR-001717,UP00304,Rajesh Mishra,8006000304,UP00132,Chhotu Singh,9837000132,2024-01-07 19:55:15,7,voice,847,"Katra PS Tower, Prayagraj"
UP-CDR-001718,UP00194,Santosh Jaiswal,7500000194,UP00541,Sonu Tiwari,9415000541,2024-07-31 17:15:57,213,sms,468,"Ayodhya Kotwali PS Tower, Ayodhya"
UP-CDR-001719,UP00345,Vikram Dubey,9125000345,UP02285,Babloo Siddiqui,8840002285,2024-04-23 15:59:13,114,voice,688,"Chinhat PS Tower, Lucknow"
UP-CDR-001720,UP00740,Guddu Tripathi,8840000740,UP02415,Gufran Pal,9927002415,2024-03-27 09:40:45,87,sms,655,"Baradari PS Tower, Bareilly"
UP-CDR-001721,UP00488,Suresh Pandey,7007000488,UP00124,Chhotu Chaudhary,9839000124,2024-02-14 03:29:21,45,voice,864,"Etmadpur PS Tower, Agra"
UP-CDR-001722,UP02238,Amit Siddiqui,9927002238,UP00882,Aslam Dubey,9450000882,2024-01-17 21:32:14,17,voice,413,"Indirapuram PS Tower, Ghaziabad"
UP-CDR-001723,UP02509,Imran Rawat,8006002509,UP00288,Bablu Qureshi,9719000288,2024-02-18 16:12:32,49,voice,579,"Dashashwamedh PS Tower, Varanasi"
UP-CDR-001724,UP02520,Rakesh Shukla,9125002520,UP01103,Pankaj Chaudhary,8840001103,2024-02-12 21:52:43,43,voice,839,"Chowk PS Tower, Lucknow"
UP-CDR-001725,UP00029,Ramesh Gautam,9450000029,UP00367,Abhay Srivastav,9837000367,2024-03-06 10:25:35,66,voice,301,"Kotwali PS Tower, Gorakhpur"
UP-CDR-001726,UP00381,Chhotu Gurjar,7007000381,UP00108,Deepak Pandey,9839000108,2024-03-03 15:00:52,63,voice,954,"Tajganj PS Tower, Agra"
UP-CDR-001727,UP00010,Babloo Tiwari,9415000010,UP00117,Munna Gurjar,9415000117,2024-02-09 19:50:01,40,voice,1162,"Hazratganj PS Tower, Lucknow"
UP-CDR-001728,UP00035,Rizwan Nagar,9450000035,UP00202,Pramod Tiwari,8840000202,2024-08-28 02:13:07,241,sms,1068,"Phase 2 PS Tower, Gautam Buddha Nagar (Noida)"
UP-CDR-001729,UP00582,Imran Kushwaha,9837000582,UP00234,Virendra Nagar,9415000234,2024-07-19 17:50:48,201,voice,1055,"Chowk PS Tower, Lucknow"
UP-CDR-001730,UP00435,Sanjay Tomar,9415000435,UP00352,Chhotu Tomar,8006000352,2024-08-16 07:55:10,229,voice,817,"Etmadpur PS Tower, Agra"
UP-CDR-001731,UP00524,Pankaj Nagar,9927000524,UP00539,Akhilesh Pandey,8840000539,2024-05-21 18:42:25,142,voice,789,"Tiwaripur PS Tower, Gorakhpur"
UP-CDR-001732,UP00214,Imran Yadav,9450000214,UP00390,Guddu Siddiqui,8840000390,2024-01-18 08:16:10,18,voice,926,"Sahibabad PS Tower, Ghaziabad"
UP-CDR-001733,UP01520,Alok Tripathi,9125001520,UP01475,Deepak Singh,7500001475,2024-01-04 01:53:32,4,voice,684,"Prem Nagar PS Tower, Bareilly"
UP-CDR-001734,UP00216,Gufran Chauhan,9719000216,UP00570,Mahesh Bind,8006000570,2024-03-04 22:44:54,64,voice,426,"Lisari Gate PS Tower, Meerut"
UP-CDR-001735,UP02996,Suresh Rawat,8006002996,UP01802,Rakesh Ansari,7007001802,2024-02-22 08:30:28,53,voice,550,"Naini PS Tower, Prayagraj"
UP-CDR-001736,UP00257,Abhay Dubey,7007000257,UP00039,Deepak Bind,9415000039,2024-05-08 05:06:42,129,voice,917,"Sipri Bazar PS Tower, Jhansi"
UP-CDR-001737,UP02482,Aslam Pal,9450002482,UP00520,Bablu Gurjar,7500000520,2024-05-31 04:28:10,152,voice,960,"Nawabad PS Tower, Jhansi"
UP-CDR-001738,UP00056,Ajay Jaiswal,9839000056,UP00342,Pramod Yadav,9839000342,2024-07-08 07:49:26,190,sms,118,"Kotwali PS Tower, Jhansi"
UP-CDR-001739,UP00483,Abhay Yadav,9125000483,UP00320,Ramesh Nagar,9415000320,2024-08-28 10:15:45,241,voice,532,"Shahganj PS Tower, Agra"
UP-CDR-001740,UP00507,Amit Singh,8840000507,UP00591,Anil Ansari,9927000591,2024-02-13 01:42:22,44,voice,793,"Etmadpur PS Tower, Agra"
UP-CDR-001741,UP02290,Babloo Yadav,9450002290,UP01428,Bablu Srivastav,8840001428,2024-07-02 02:42:54,184,voice,673,"Chinhat PS Tower, Lucknow"
UP-CDR-001742,UP00522,Pankaj Srivastav,9837000522,UP00038,Sunil Tiwari,9415000038,2024-02-20 14:06:23,51,voice,900,"Bhelupur PS Tower, Varanasi"
UP-CDR-001743,UP00142,Sonu Chaudhary,9450000142,UP00224,Neeraj Pandey,8840000224,2024-04-02 14:36:34,93,voice,896,"Rakabganj PS Tower, Agra"
UP-CDR-001744,UP00050,Akhilesh Rawat,8840000050,UP00551,Rajesh Gupta,7500000551,2024-04-04 12:37:40,95,voice,29,"Izzatnagar PS Tower, Bareilly"
UP-CDR-001745,UP00365,Brijesh Yadav,9927000365,UP00566,Ajay Rajput,8006000566,2024-07-02 03:29:00,184,sms,484,"Chakeri PS Tower, Kanpur Nagar"
UP-CDR-001746,UP00449,Tariq Verma,8840000449,UP00514,Akhilesh Maurya,9927000514,2024-08-11 10:43:44,224,voice,407,"Etmadpur PS Tower, Agra"
UP-CDR-001747,UP01127,Sanjay Tripathi,8840001127,UP02367,Santosh Dubey,9839002367,2024-06-02 11:35:23,154,voice,1189,"Kotwali PS Tower, Gorakhpur"
UP-CDR-001748,UP02878,Deepak Gautam,9412002878,UP02255,Akhilesh Nishad,9450002255,2024-03-02 20:54:39,62,sms,937,"Civil Lines PS Tower, Prayagraj"
UP-CDR-001749,UP00347,Babloo Tripathi,8006000347,UP00451,Alok Chaudhary,9839000451,2024-04-30 03:30:19,121,sms,678,"Mahanagar PS Tower, Lucknow"
UP-CDR-001750,UP01040,Virendra Yadav,9125001040,UP02730,Aslam Tiwari,9450002730,2024-08-19 02:36:18,232,voice,248,"Knowledge Park PS Tower, Gautam Buddha Nagar (Noida)"
UP-CDR-001751,UP00406,Satish Shukla,7007000406,UP00426,Rakesh Khan,9450000426,2024-06-11 01:17:52,163,voice,782,"Lisari Gate PS Tower, Meerut"
UP-CDR-001752,UP01154,Rajesh Tomar,8840001154,UP02878,Deepak Gautam,9412002878,2024-05-06 18:34:37,127,voice,259,"Sahibabad PS Tower, Ghaziabad"
UP-CDR-001753,UP02501,Bablu Jaiswal,8840002501,UP00846,Babloo Srivastav,9839000846,2024-05-19 13:15:49,140,voice,1191,"Naini PS Tower, Prayagraj"
UP-CDR-001754,UP00374,Ramesh Rajput,9837000374,UP00586,Mahesh Srivastav,9839000586,2024-01-07 12:09:47,7,voice,334,"Knowledge Park PS Tower, Gautam Buddha Nagar (Noida)"
UP-CDR-001755,UP00156,Imran Verma,9927000156,UP00467,Mahesh Pal,9125000467,2024-03-01 10:13:59,61,voice,913,"Kotwali PS Tower, Ghaziabad"
UP-CDR-001756,UP00099,Alok Tomar,9412000099,UP00546,Chhotu Rawat,9125000546,2024-04-11 18:30:30,102,voice,954,"Chetganj PS Tower, Varanasi"
UP-CDR-001757,UP01384,Dharmendra Kushwaha,7500001384,UP01899,Bablu Gautam,9415001899,2024-04-16 12:10:43,107,voice,925,"Kotwali PS Tower, Ghaziabad"
UP-CDR-001758,UP00555,Anil Srivastav,9415000555,UP00100,Rakesh Srivastav,9412000100,2024-01-19 04:30:50,19,sms,696,"Ramgarh Tal PS Tower, Gorakhpur"
UP-CDR-001759,UP00137,Deepak Jaiswal,9415000137,UP00355,Santosh Chauhan,9415000355,2024-05-12 04:06:45,133,voice,1064,"Gorakhnath PS Tower, Gorakhpur"
UP-CDR-001760,UP00135,Sunil Shukla,9412000135,UP00468,Mukhtar Verma,9415000468,2024-06-15 21:18:46,167,voice,484,"Kareli PS Tower, Prayagraj"
UP-CDR-001761,UP00528,Rakesh Rawat,9412000528,UP00378,Abhay Rawat,8840000378,2024-08-26 08:24:25,239,voice,34,"Indirapuram PS Tower, Ghaziabad"
UP-CDR-001762,UP00029,Ramesh Gautam,9450000029,UP00523,Imran Shukla,9412000523,2024-02-20 20:30:04,51,voice,104,"Shahpur PS Tower, Gorakhpur"
UP-CDR-001763,UP00224,Neeraj Pandey,8840000224,UP00186,Sunil Rajput,9839000186,2024-07-17 12:22:40,199,sms,631,"Surajpur PS Tower, Gautam Buddha Nagar (Noida)"
UP-CDR-001764,UP00198,Tariq Bind,9837000198,UP00250,Rajesh Gurjar,9927000250,2024-01-11 03:41:01,11,voice,716,"Indirapuram PS Tower, Ghaziabad"
UP-CDR-001765,UP00026,Rajesh Shukla,9412000026,UP00312,Dharmendra Singh,9839000312,2024-05-22 01:37:40,143,voice,767,"Baradari PS Tower, Bareilly"
UP-CDR-001766,UP00135,Sunil Shukla,9412000135,UP00495,Tariq Chaudhary,7007000495,2024-08-15 09:34:52,228,voice,445,"Ayodhya Kotwali PS Tower, Ayodhya"
UP-CDR-001767,UP00246,Rakesh Shukla,9412000246,UP00330,Akhilesh Yadav,9927000330,2024-07-22 17:10:38,204,voice,163,"Tajganj PS Tower, Agra"
UP-CDR-001768,UP02820,Pappu Chaudhary,9450002820,UP01553,Brijesh Bind,9415001553,2024-04-07 00:11:50,98,sms,1015,"Kotwali PS Tower, Ayodhya"
UP-CDR-001769,UP00039,Deepak Bind,9415000039,UP02083,Ravindra Nishad,7007002083,2024-03-19 11:48:26,79,voice,1139,"Subhash Nagar PS Tower, Bareilly"
UP-CDR-001770,UP00005,Ravindra Kushwaha,9839000005,UP00508,Babloo Maurya,7007000508,2024-03-04 12:18:12,64,voice,631,"Shahpur PS Tower, Gorakhpur"
UP-CDR-001771,UP00335,Pankaj Srivastav,9839000335,UP00264,Imran Gupta,9450000264,2024-05-12 20:45:06,133,voice,53,"Kotwali PS Tower, Bareilly"
UP-CDR-001772,UP00023,Sanjay Jaiswal,8006000023,UP00540,Ramesh Khan,9839000540,2024-05-07 00:23:42,128,voice,656,"Etmadpur PS Tower, Agra"
UP-CDR-001773,UP02125,Akhilesh Tripathi,9839002125,UP02460,Gufran Nishad,8840002460,2024-06-09 15:24:13,161,voice,917,"Rakabganj PS Tower, Agra"
UP-CDR-001774,UP00267,Aslam Rawat,9125000267,UP00416,Satish Jaiswal,9450000416,2024-06-27 03:59:43,179,sms,925,"Phase 2 PS Tower, Gautam Buddha Nagar (Noida)"
UP-CDR-001775,UP00838,Dhananjay Rajput,8840000838,UP02092,Dhananjay Mishra,9450002092,2024-01-11 09:55:56,11,sms,172,"Sipri Bazar PS Tower, Jhansi"
UP-CDR-001776,UP00077,Suresh Khan,8006000077,UP00401,Akhilesh Kushwaha,9837000401,2024-06-03 07:10:29,155,voice,856,"Nauchandi PS Tower, Meerut"
UP-CDR-001777,UP00103,Mukhtar Tripathi,7007000103,UP00325,Guddu Siddiqui,8840000325,2024-01-09 13:36:20,9,voice,977,"Ayodhya Kotwali PS Tower, Ayodhya"
UP-CDR-001778,UP00470,Tariq Chaudhary,7500000470,UP00477,Chhotu Rajput,9839000477,2024-07-07 16:50:46,189,voice,805,"Raunahi PS Tower, Ayodhya"
UP-CDR-001779,UP00064,Alok Nagar,9125000064,UP00228,Manoj Verma,9927000228,2024-08-11 14:26:47,224,voice,1115,"Barra PS Tower, Kanpur Nagar"
UP-CDR-001780,UP00505,Rakesh Siddiqui,8006000505,UP00246,Rakesh Shukla,9412000246,2024-07-06 12:03:48,188,voice,888,"Raunahi PS Tower, Ayodhya"
UP-CDR-001781,UP00662,Pankaj Rajput,9927000662,UP01569,Pramod Kushwaha,7500001569,2024-04-02 19:27:17,93,voice,1056,"Shahpur PS Tower, Gorakhpur"
UP-CDR-001782,UP01251,Vikram Shukla,8006001251,UP01062,Mukhtar Shukla,9415001062,2024-04-14 21:02:36,105,voice,1106,"Ayodhya Kotwali PS Tower, Ayodhya"
UP-CDR-001783,UP00471,Imran Gupta,9125000471,UP00569,Neeraj Qureshi,8006000569,2024-07-04 06:58:33,186,sms,1135,"Kotwali PS Tower, Bareilly"
UP-CDR-001784,UP00219,Abhay Shukla,9412000219,UP00009,Chhotu Maurya,8006000009,2024-01-25 01:13:05,25,voice,266,"Sikandra PS Tower, Agra"
UP-CDR-001785,UP00474,Neeraj Pal,8840000474,UP00184,Imran Nishad,7007000184,2024-08-27 06:46:20,240,voice,556,"Barra PS Tower, Kanpur Nagar"
UP-CDR-001786,UP00523,Imran Shukla,9412000523,UP00187,Rakesh Mishra,9927000187,2024-02-28 20:54:27,59,voice,392,"Ayodhya Kotwali PS Tower, Ayodhya"
UP-CDR-001787,UP00311,Babloo Ansari,9412000311,UP00139,Manoj Bind,9927000139,2024-07-10 23:43:05,192,voice,157,"Civil Lines PS Tower, Meerut"
UP-CDR-001788,UP00452,Imran Nagar,7007000452,UP00459,Alok Chauhan,7500000459,2024-08-11 21:07:39,224,voice,24,"Sadar Bazar PS Tower, Meerut"
UP-CDR-001789,UP00594,Alok Gurjar,9450000594,UP00506,Ravindra Shukla,9415000506,2024-01-07 09:17:52,7,voice,970,"Lisari Gate PS Tower, Meerut"
UP-CDR-001790,UP02643,Rakesh Pal,7007002643,UP00878,Suresh Shukla,9450000878,2024-06-23 10:41:06,175,voice,175,"Prem Nagar PS Tower, Jhansi"
UP-CDR-001791,UP02116,Santosh Dubey,9839002116,UP02421,Munna Maurya,9450002421,2024-03-16 09:59:01,76,sms,843,"George Town PS Tower, Prayagraj"
UP-CDR-001792,UP00208,Akhilesh Mishra,7500000208,UP00333,Satish Chauhan,8840000333,2024-03-26 23:39:40,86,sms,1059,"Dashashwamedh PS Tower, Varanasi"
UP-CDR-001793,UP02698,Imran Pal,9412002698,UP00326,Abhay Pal,9839000326,2024-05-25 08:38:11,146,voice,867,"Tiwaripur PS Tower, Gorakhpur"
UP-CDR-001794,UP00369,Sonu Gautam,9125000369,UP00180,Aslam Tyagi,7500000180,2024-05-13 15:32:51,134,voice,785,"Rakabganj PS Tower, Agra"
UP-CDR-001795,UP00484,Dhananjay Nishad,9450000484,UP00013,Satish Siddiqui,7500000013,2024-02-23 04:57:27,54,voice,944,"Kotwali PS Tower, Ayodhya"
UP-CDR-001796,UP00050,Akhilesh Rawat,8840000050,UP00016,Sonu Tiwari,9125000016,2024-03-04 00:57:55,64,voice,996,"Kotwali PS Tower, Jhansi"
UP-CDR-001797,UP00576,Babloo Shukla,9450000576,UP00278,Babloo Gautam,9927000278,2024-03-20 00:30:41,80,voice,168,"Sector 39 PS Tower, Gautam Buddha Nagar (Noida)"
UP-CDR-001798,UP00109,Satish Ansari,9839000109,UP00022,Rizwan Nagar,8006000022,2024-01-17 15:06:44,17,voice,908,"Katra PS Tower, Prayagraj"
UP-CDR-001799,UP00447,Deepak Tripathi,9450000447,UP00026,Rajesh Shukla,9412000026,2024-05-31 13:46:33,152,voice,459,"Izzatnagar PS Tower, Bareilly"
UP-CDR-001800,UP00253,Mahesh Chaudhary,9927000253,UP00063,Sanjay Pandey,7007000063,2024-08-18 21:11:43,231,voice,442,"Cantt PS Tower, Varanasi"
UP-CDR-001801,UP00300,Aslam Dubey,9125000300,UP00075,Anil Chauhan,9837000075,2024-01-29 09:10:40,29,voice,693,"Cantt PS Tower, Varanasi"
UP-CDR-001802,UP01439,Suresh Khan,8006001439,UP02294,Manoj Rawat,9415002294,2024-03-27 00:28:00,87,voice,240,"Chakeri PS Tower, Kanpur Nagar"
UP-CDR-001803,UP00064,Alok Nagar,9125000064,UP00529,Dhananjay Kushwaha,9839000529,2024-07-30 19:19:20,212,voice,687,"Sector 39 PS Tower, Gautam Buddha Nagar (Noida)"
UP-CDR-001804,UP00549,Mahesh Tyagi,7007000549,UP02852,Babloo Gupta,9927002852,2024-07-09 08:04:55,191,voice,224,"Cantt PS Tower, Gorakhpur"
UP-CDR-001805,UP00411,Amit Rajput,7007000411,UP00227,Santosh Gupta,7007000227,2024-03-28 08:55:41,88,voice,1076,"Kotwali PS Tower, Gorakhpur"
UP-CDR-001806,UP00590,Atiq Jaiswal,9415000590,UP00263,Ajay Gautam,8840000263,2024-04-04 05:14:58,95,sms,948,"Ayodhya Kotwali PS Tower, Ayodhya"
UP-CDR-001807,UP02005,Amit Chauhan,9125002005,UP02785,Pappu Nagar,7007002785,2024-06-04 12:20:12,156,sms,1039,"Collectorganj PS Tower, Kanpur Nagar"
UP-CDR-001808,UP00106,Mahesh Chauhan,7500000106,UP00418,Ajay Maurya,9450000418,2024-07-23 14:31:36,205,voice,710,"Raunahi PS Tower, Ayodhya"
UP-CDR-001809,UP00157,Imran Singh,9125000157,UP00408,Mahesh Mishra,8006000408,2024-05-19 06:03:04,140,voice,292,"Prem Nagar PS Tower, Jhansi"
UP-CDR-001810,UP00426,Rakesh Khan,9450000426,UP00279,Ravindra Chaudhary,9450000279,2024-01-07 09:40:45,7,sms,588,"Sector 20 PS Tower, Gautam Buddha Nagar (Noida)"
UP-CDR-001811,UP00870,Deepak Siddiqui,9125000870,UP00126,Tariq Pandey,8840000126,2024-05-30 19:25:59,151,voice,909,"Knowledge Park PS Tower, Gautam Buddha Nagar (Noida)"
UP-CDR-001812,UP00195,Pramod Siddiqui,9927000195,UP00567,Tariq Pandey,9839000567,2024-05-17 06:53:19,138,voice,1075,"Bhelupur PS Tower, Varanasi"
UP-CDR-001813,UP00157,Imran Singh,9125000157,UP00342,Pramod Yadav,9839000342,2024-07-15 18:30:48,197,voice,885,"Katra PS Tower, Prayagraj"
UP-CDR-001814,UP02391,Ravindra Tyagi,9719002391,UP01215,Satish Mishra,9927001215,2024-05-25 03:12:32,146,voice,933,"Rakabganj PS Tower, Agra"
UP-CDR-001815,UP00338,Sonu Shukla,7500000338,UP00489,Pramod Srivastav,7007000489,2024-01-16 00:32:59,16,sms,469,"Barra PS Tower, Kanpur Nagar"
UP-CDR-001816,UP00067,Rakesh Mishra,8006000067,UP00316,Satish Pal,7007000316,2024-03-10 03:01:06,70,voice,1011,"Subhash Nagar PS Tower, Bareilly"
UP-CDR-001817,UP00481,Ajay Ansari,8006000481,UP00589,Babloo Pandey,8006000589,2024-06-03 11:03:57,155,voice,40,"Etmadpur PS Tower, Agra"
UP-CDR-001818,UP00519,Deepak Gautam,9415000519,UP00120,Alok Srivastav,9927000120,2024-03-13 21:21:50,73,voice,304,"Shahganj PS Tower, Agra"
UP-CDR-001819,UP00249,Neeraj Pandey,9412000249,UP00337,Ravindra Pal,7007000337,2024-07-06 07:54:41,188,voice,487,"Brahmpuri PS Tower, Meerut"
UP-CDR-001820,UP00451,Alok Chaudhary,9839000451,UP00199,Rizwan Yadav,7500000199,2024-07-19 08:47:45,201,voice,230,"Sector 39 PS Tower, Gautam Buddha Nagar (Noida)"
UP-CDR-001821,UP00116,Tariq Gautam,9839000116,UP00373,Mukhtar Dubey,7007000373,2024-03-08 18:41:06,68,sms,273,"Hazratganj PS Tower, Lucknow"
UP-CDR-001822,UP00123,Manoj Rajput,9719000123,UP00577,Pappu Pandey,9415000577,2024-07-09 23:19:21,191,voice,942,"Dashashwamedh PS Tower, Varanasi"
UP-CDR-001823,UP00404,Imran Srivastav,9412000404,UP00078,Rizwan Gurjar,9125000078,2024-06-24 23:31:02,176,voice,1149,"George Town PS Tower, Prayagraj"
UP-CDR-001824,UP00027,Vikram Singh,9837000027,UP00449,Tariq Verma,8840000449,2024-06-05 14:39:16,157,voice,676,"Kareli PS Tower, Prayagraj"
UP-CDR-001825,UP00058,Suresh Jaiswal,7007000058,UP00466,Aslam Tripathi,9412000466,2024-04-14 13:30:01,105,voice,1128,"Alambagh PS Tower, Lucknow"
UP-CDR-001826,UP00668,Abhay Srivastav,8006000668,UP00240,Deepak Bind,9719000240,2024-01-18 14:22:21,18,voice,963,"Barra PS Tower, Kanpur Nagar"
UP-CDR-001827,UP00410,Amit Maurya,9927000410,UP00147,Suresh Pal,9415000147,2024-01-27 22:59:36,27,voice,506,"Katra PS Tower, Prayagraj"
UP-CDR-001828,UP00040,Rizwan Mishra,8006000040,UP00526,Rajesh Nishad,9415000526,2024-07-17 10:49:27,199,voice,980,"Cantt PS Tower, Gorakhpur"
UP-CDR-001829,UP00491,Anil Rawat,7007000491,UP00090,Mukhtar Dubey,9450000090,2024-01-03 01:23:53,3,voice,869,"Kotwali PS Tower, Ayodhya"
UP-CDR-001830,UP00266,Gufran Khan,7500000266,UP01065,Mukhtar Khan,9415001065,2024-08-06 06:52:52,219,voice,1118,"Katra PS Tower, Prayagraj"
UP-CDR-001831,UP00592,Guddu Gurjar,8006000592,UP00118,Tariq Qureshi,8840000118,2024-03-09 11:19:31,69,voice,859,"Subhash Nagar PS Tower, Bareilly"
UP-CDR-001832,UP00836,Gufran Tiwari,9450000836,UP01187,Pankaj Mishra,9837001187,2024-08-02 19:55:35,215,voice,301,"Sigra PS Tower, Varanasi"
UP-CDR-001833,UP00179,Pramod Gurjar,9837000179,UP00053,Rajesh Chauhan,9719000053,2024-04-02 14:34:01,93,voice,17,"Sadar Bazar PS Tower, Meerut"
UP-CDR-001834,UP00509,Manoj Shukla,9837000509,UP00110,Manoj Khan,7007000110,2024-06-10 16:52:29,162,voice,228,"Rakabganj PS Tower, Agra"
UP-CDR-001835,UP00568,Brijesh Gautam,9927000568,UP00453,Ravindra Tripathi,9415000453,2024-01-27 16:52:33,27,voice,884,"Subhash Nagar PS Tower, Bareilly"
UP-CDR-001836,UP01841,Pankaj Chaudhary,8840001841,UP01921,Imran Bind,8840001921,2024-08-18 00:40:52,231,voice,548,"Nauchandi PS Tower, Meerut"
UP-CDR-001837,UP00114,Atiq Chaudhary,7500000114,UP00505,Rakesh Siddiqui,8006000505,2024-08-05 04:36:07,218,sms,1190,"Prem Nagar PS Tower, Bareilly"
UP-CDR-001838,UP00301,Mukhtar Siddiqui,7007000301,UP00477,Chhotu Rajput,9839000477,2024-03-23 13:19:47,83,voice,587,"Kalyanpur PS Tower, Kanpur Nagar"
UP-CDR-001839,UP02488,Ravindra Gupta,9719002488,UP00788,Mahesh Qureshi,9719000788,2024-01-16 23:26:04,16,sms,325,"Subhash Nagar PS Tower, Bareilly"
UP-CDR-001840,UP00090,Mukhtar Dubey,9450000090,UP00445,Manoj Chauhan,9412000445,2024-05-09 14:52:07,130,voice,1037,"Etmadpur PS Tower, Agra"
UP-CDR-001841,UP01020,Gufran Pandey,9412001020,UP01270,Brijesh Pal,9927001270,2024-01-12 01:18:56,12,voice,648,"Shahpur PS Tower, Gorakhpur"
UP-CDR-001842,UP00114,Atiq Chaudhary,7500000114,UP00019,Tariq Gautam,8840000019,2024-06-06 16:15:45,158,voice,307,"Shivpur PS Tower, Varanasi"
UP-CDR-001843,UP02938,Ajay Tiwari,9125002938,UP01474,Pankaj Gurjar,8840001474,2024-01-01 00:43:51,1,voice,206,"Kotwali PS Tower, Gorakhpur"
UP-CDR-001844,UP00236,Pankaj Mishra,9412000236,UP00353,Brijesh Dubey,9125000353,2024-05-26 03:10:38,147,voice,511,"Sipri Bazar PS Tower, Jhansi"
UP-CDR-001845,UP02393,Dharmendra Rajput,8006002393,UP00376,Gufran Pal,9415000376,2024-06-02 10:54:58,154,voice,122,"Kotwali PS Tower, Jhansi"
UP-CDR-001846,UP00527,Suresh Pandey,8006000527,UP00592,Guddu Gurjar,8006000592,2024-03-22 10:05:52,82,voice,70,"Kotwali PS Tower, Kanpur Nagar"
UP-CDR-001847,UP00223,Rakesh Bind,9125000223,UP00382,Atiq Nagar,9415000382,2024-01-06 02:58:19,6,voice,769,"Kotwali PS Tower, Jhansi"
UP-CDR-001848,UP00187,Rakesh Mishra,9927000187,UP00180,Aslam Tyagi,7500000180,2024-08-06 17:25:37,219,sms,1165,"Indirapuram PS Tower, Ghaziabad"
UP-CDR-001849,UP00444,Virendra Mishra,7500000444,UP00280,Pappu Gupta,7500000280,2024-05-05 20:20:15,126,voice,1098,"Sipri Bazar PS Tower, Jhansi"
UP-CDR-001850,UP00503,Ajay Kushwaha,9719000503,UP00564,Sanjay Chauhan,7500000564,2024-08-12 18:01:35,225,sms,120,"Kotwali PS Tower, Bareilly"
UP-CDR-001851,UP01532,Gufran Ansari,9837001532,UP02870,Dhananjay Maurya,8006002870,2024-08-01 21:31:13,214,voice,205,"Tajganj PS Tower, Agra"
UP-CDR-001852,UP01894,Ajay Tiwari,8840001894,UP02945,Gufran Chaudhary,9450002945,2024-05-27 07:36:25,148,sms,409,"Kotwali PS Tower, Jhansi"
UP-CDR-001853,UP00272,Neeraj Chauhan,9450000272,UP00041,Neeraj Pal,9839000041,2024-05-12 01:41:16,133,voice,838,"George Town PS Tower, Prayagraj"
UP-CDR-001854,UP00240,Deepak Bind,9719000240,UP00021,Mahesh Qureshi,9415000021,2024-07-08 18:45:24,190,sms,994,"Barra PS Tower, Kanpur Nagar"
UP-CDR-001855,UP00095,Akhilesh Tomar,8006000095,UP00200,Sonu Khan,9837000200,2024-08-05 02:43:08,218,voice,1074,"Kotwali PS Tower, Gorakhpur"
UP-CDR-001856,UP00221,Deepak Kushwaha,8006000221,UP00027,Vikram Singh,9837000027,2024-06-04 05:38:58,156,voice,207,"Kotwali PS Tower, Jhansi"
UP-CDR-001857,UP02075,Ajay Qureshi,8006002075,UP02914,Chhotu Maurya,8006002914,2024-04-17 13:35:07,108,voice,159,"Govind Nagar PS Tower, Kanpur Nagar"
UP-CDR-001858,UP00283,Akhilesh Shukla,8840000283,UP00151,Dharmendra Nishad,8840000151,2024-04-05 03:54:49,96,voice,242,"Knowledge Park PS Tower, Gautam Buddha Nagar (Noida)"
UP-CDR-001859,UP00303,Ravindra Chaudhary,9412000303,UP00458,Rizwan Pandey,9927000458,2024-07-30 20:32:52,212,voice,334,"Raunahi PS Tower, Ayodhya"
UP-CDR-001860,UP00460,Brijesh Nagar,7500000460,UP00109,Satish Ansari,9839000109,2024-03-27 10:32:39,87,voice,371,"Cantt PS Tower, Ayodhya"
UP-CDR-001861,UP00042,Brijesh Tripathi,9412000042,UP00245,Babloo Ansari,7007000245,2024-02-19 02:49:13,50,voice,831,"Subhash Nagar PS Tower, Bareilly"
UP-CDR-001862,UP01472,Imran Pandey,9415001472,UP01867,Munna Srivastav,7007001867,2024-05-19 16:08:27,140,voice,41,"Rakabganj PS Tower, Agra"
UP-CDR-001863,UP00222,Babloo Siddiqui,9719000222,UP00158,Rakesh Pal,9125000158,2024-04-22 18:37:15,113,sms,880,"Prem Nagar PS Tower, Bareilly"
UP-CDR-001864,UP01602,Ravindra Ansari,9450001602,UP01936,Aslam Qureshi,9415001936,2024-01-10 18:19:54,10,voice,324,"Indirapuram PS Tower, Ghaziabad"
UP-CDR-001865,UP00545,Ravindra Qureshi,9719000545,UP00136,Anil Qureshi,9837000136,2024-03-15 11:31:25,75,voice,406,"Shahganj PS Tower, Agra"
UP-CDR-001866,UP01799,Aslam Ansari,9412001799,UP02054,Babloo Singh,9412002054,2024-08-05 00:01:09,218,voice,381,"Alambagh PS Tower, Lucknow"
UP-CDR-001867,UP00617,Suresh Nishad,8840000617,UP02863,Bablu Nagar,9415002863,2024-08-06 11:55:39,219,voice,813,"Sipri Bazar PS Tower, Jhansi"
UP-CDR-001868,UP00204,Atiq Tomar,9125000204,UP00094,Dharmendra Shukla,8840000094,2024-04-05 17:46:09,96,voice,18,"Sadar Bazar PS Tower, Meerut"
UP-CDR-001869,UP00004,Imran Nishad,7500000004,UP00414,Suresh Shukla,9415000414,2024-04-09 14:16:05,100,sms,812,"Bhelupur PS Tower, Varanasi"
UP-CDR-001870,UP00112,Sunil Srivastav,9415000112,UP00691,Rizwan Srivastav,9839000691,2024-03-22 00:34:15,82,voice,69,"Izzatnagar PS Tower, Bareilly"
UP-CDR-001871,UP01576,Akhilesh Pandey,9839001576,UP02232,Ajay Ansari,9837002232,2024-02-14 13:31:51,45,voice,925,"Etmadpur PS Tower, Agra"
UP-CDR-001872,UP00342,Pramod Yadav,9839000342,UP00518,Babloo Bind,9125000518,2024-04-25 11:12:57,116,voice,605,"Alambagh PS Tower, Lucknow"
UP-CDR-001873,UP00552,Abhay Khan,9450000552,UP00211,Satish Shukla,9837000211,2024-07-23 02:26:53,205,voice,934,"Kotwali PS Tower, Jhansi"
UP-CDR-001874,UP00551,Rajesh Gupta,7500000551,UP00076,Mahesh Mishra,9450000076,2024-04-01 17:59:05,92,voice,1061,"Brahmpuri PS Tower, Meerut"
UP-CDR-001875,UP00495,Tariq Chaudhary,7007000495,UP00240,Deepak Bind,9719000240,2024-05-03 19:03:17,124,voice,394,"Kavi Nagar PS Tower, Ghaziabad"
UP-CDR-001876,UP00064,Alok Nagar,9125000064,UP00294,Akhilesh Mishra,9450000294,2024-03-02 12:53:04,62,voice,402,"Bhelupur PS Tower, Varanasi"
UP-CDR-001877,UP00034,Satish Jaiswal,9415000034,UP00598,Virendra Mishra,9415000598,2024-04-12 23:55:19,103,voice,25,"Kotwali PS Tower, Gorakhpur"
UP-CDR-001878,UP00543,Mahesh Jaiswal,9719000543,UP00493,Imran Tomar,9125000493,2024-04-10 07:36:33,101,sms,276,"Kotwali PS Tower, Ghaziabad"
UP-CDR-001879,UP00173,Sonu Dubey,9415000173,UP00116,Tariq Gautam,9839000116,2024-08-06 01:57:25,219,sms,541,"Kotwali PS Tower, Ayodhya"
UP-CDR-001880,UP00023,Sanjay Jaiswal,8006000023,UP01094,Pankaj Ansari,9839001094,2024-03-21 18:45:39,81,voice,537,"Sipri Bazar PS Tower, Jhansi"
UP-CDR-001881,UP00386,Guddu Pal,9837000386,UP00178,Rizwan Siddiqui,8006000178,2024-02-21 11:02:11,52,voice,362,"Tajganj PS Tower, Agra"
UP-CDR-001882,UP00010,Babloo Tiwari,9415000010,UP00424,Atiq Bind,7500000424,2024-08-18 02:05:25,231,voice,745,"Sahibabad PS Tower, Ghaziabad"
UP-CDR-001883,UP00845,Abhay Kushwaha,8840000845,UP02227,Abhay Verma,9412002227,2024-07-24 10:57:13,206,voice,389,"George Town PS Tower, Prayagraj"
UP-CDR-001884,UP01773,Rakesh Siddiqui,7007001773,UP01751,Satish Dubey,9837001751,2024-02-18 21:56:55,49,voice,370,"Phase 2 PS Tower, Gautam Buddha Nagar (Noida)"
UP-CDR-001885,UP00277,Dharmendra Gautam,9837000277,UP00319,Vikram Chauhan,9719000319,2024-07-30 22:27:37,212,voice,928,"Raunahi PS Tower, Ayodhya"
UP-CDR-001886,UP00563,Guddu Chauhan,9450000563,UP00501,Ravindra Maurya,9125000501,2024-07-10 06:24:05,192,voice,754,"Shivpur PS Tower, Varanasi"
UP-CDR-001887,UP00501,Ravindra Maurya,9125000501,UP00266,Gufran Khan,7500000266,2024-01-31 14:55:36,31,sms,995,"Knowledge Park PS Tower, Gautam Buddha Nagar (Noida)"
UP-CDR-001888,UP00075,Anil Chauhan,9837000075,UP00459,Alok Chauhan,7500000459,2024-04-06 18:08:23,97,voice,1018,"Sahibabad PS Tower, Ghaziabad"
UP-CDR-001889,UP00248,Manoj Gupta,9839000248,UP00475,Pramod Gupta,8006000475,2024-05-12 21:08:29,133,voice,471,"Subhash Nagar PS Tower, Bareilly"
UP-CDR-001890,UP00071,Babloo Chauhan,7007000071,UP00492,Virendra Nagar,9415000492,2024-01-21 20:24:51,21,voice,372,"Cantt PS Tower, Ayodhya"
UP-CDR-001891,UP00192,Gufran Chauhan,9839000192,UP00093,Abhay Nishad,9450000093,2024-01-16 11:58:08,16,voice,265,"Shahpur PS Tower, Gorakhpur"
UP-CDR-001892,UP00953,Munna Tomar,9412000953,UP00167,Sunil Kushwaha,9839000167,2024-04-25 05:59:33,116,voice,881,"Govind Nagar PS Tower, Kanpur Nagar"
UP-CDR-001893,UP00266,Gufran Khan,7500000266,UP00555,Anil Srivastav,9415000555,2024-03-23 11:52:42,83,voice,1153,"Sihani Gate PS Tower, Ghaziabad"
UP-CDR-001894,UP00430,Satish Gurjar,9839000430,UP00299,Santosh Maurya,9927000299,2024-06-25 19:23:34,177,voice,955,"Sihani Gate PS Tower, Ghaziabad"
UP-CDR-001895,UP00216,Gufran Chauhan,9719000216,UP00582,Imran Kushwaha,9837000582,2024-08-21 15:06:24,234,voice,730,"Civil Lines PS Tower, Prayagraj"
UP-CDR-001896,UP00568,Brijesh Gautam,9927000568,UP00271,Atiq Yadav,9719000271,2024-07-30 10:01:04,212,voice,487,"Nauchandi PS Tower, Meerut"
UP-CDR-001897,UP00622,Dharmendra Tyagi,7007000622,UP01379,Brijesh Gurjar,8840001379,2024-05-25 02:57:07,146,voice,451,"Naini PS Tower, Prayagraj"
UP-CDR-001898,UP00009,Chhotu Maurya,8006000009,UP00043,Bablu Singh,9450000043,2024-06-14 00:20:50,166,voice,1186,"Alambagh PS Tower, Lucknow"
UP-CDR-001899,UP00462,Mahesh Srivastav,9412000462,UP00998,Ajay Tomar,9927000998,2024-08-13 03:00:07,226,sms,139,"Kotwali PS Tower, Ayodhya"
UP-CDR-001900,UP00058,Suresh Jaiswal,7007000058,UP00107,Ravindra Jaiswal,9839000107,2024-03-02 00:10:27,62,sms,70,"Sikandra PS Tower, Agra"
UP-CDR-001901,UP00187,Rakesh Mishra,9927000187,UP00490,Mukhtar Mishra,9415000490,2024-03-09 09:08:19,69,sms,30,"Hazratganj PS Tower, Lucknow"
UP-CDR-001902,UP00391,Dhananjay Pandey,9125000391,UP00549,Mahesh Tyagi,7007000549,2024-07-13 06:35:55,195,voice,899,"Kotwali PS Tower, Ghaziabad"
UP-CDR-001903,UP00026,Rajesh Shukla,9412000026,UP00191,Suresh Pal,9125000191,2024-06-25 04:07:31,177,voice,608,"Sigra PS Tower, Varanasi"
UP-CDR-001904,UP00600,Imran Chaudhary,7007000600,UP00181,Sanjay Yadav,9837000181,2024-06-03 12:01:49,155,voice,1154,"Dhoomanganj PS Tower, Prayagraj"
UP-CDR-001905,UP00155,Satish Tyagi,9125000155,UP00417,Amit Verma,9125000417,2024-01-25 23:01:18,25,voice,755,"Sector 39 PS Tower, Gautam Buddha Nagar (Noida)"
UP-CDR-001906,UP00575,Suresh Gautam,7007000575,UP00345,Vikram Dubey,9125000345,2024-07-24 19:26:29,206,voice,962,"Surajpur PS Tower, Gautam Buddha Nagar (Noida)"
UP-CDR-001907,UP00266,Gufran Khan,7500000266,UP00221,Deepak Kushwaha,8006000221,2024-03-04 09:43:41,64,voice,819,"Mahanagar PS Tower, Lucknow"
UP-CDR-001908,UP00240,Deepak Bind,9719000240,UP00224,Neeraj Pandey,8840000224,2024-01-16 14:41:21,16,voice,540,"Raunahi PS Tower, Ayodhya"
UP-CDR-001909,UP00219,Abhay Shukla,9412000219,UP00350,Aslam Pandey,9719000350,2024-04-15 07:11:45,106,sms,233,"Kotwali PS Tower, Kanpur Nagar"
UP-CDR-001910,UP00940,Imran Gautam,9719000940,UP01580,Deepak Srivastav,8006001580,2024-03-15 10:19:45,75,sms,568,"Sahibabad PS Tower, Ghaziabad"
UP-CDR-001911,UP00507,Amit Singh,8840000507,UP00079,Pramod Gautam,9450000079,2024-08-20 04:36:07,233,voice,385,"Hari Parbat PS Tower, Agra"
UP-CDR-001912,UP00782,Aslam Kushwaha,9125000782,UP00839,Munna Singh,7007000839,2024-07-18 20:31:18,200,sms,273,"Kotwali PS Tower, Ayodhya"
UP-CDR-001913,UP00451,Alok Chaudhary,9839000451,UP00134,Chhotu Tripathi,9837000134,2024-01-29 05:36:00,29,voice,252,"Dashashwamedh PS Tower, Varanasi"
UP-CDR-001914,UP00395,Ramesh Pal,9415000395,UP01235,Chhotu Yadav,9837001235,2024-01-24 00:59:37,24,voice,432,"Govind Nagar PS Tower, Kanpur Nagar"
UP-CDR-001915,UP00291,Rakesh Rawat,8840000291,UP00182,Bablu Pandey,8840000182,2024-08-13 00:50:33,226,voice,570,"Nawabad PS Tower, Jhansi"
UP-CDR-001916,UP00395,Ramesh Pal,9415000395,UP00583,Vikram Gurjar,9839000583,2024-02-04 06:20:10,35,voice,981,"Sector 24 PS Tower, Gautam Buddha Nagar (Noida)"
UP-CDR-001917,UP00456,Rajesh Srivastav,9415000456,UP00020,Santosh Gurjar,7007000020,2024-07-01 15:57:06,183,voice,585,"Sector 39 PS Tower, Gautam Buddha Nagar (Noida)"
UP-CDR-001918,UP00483,Abhay Yadav,9125000483,UP00141,Mahesh Dubey,9412000141,2024-07-10 01:41:20,192,voice,744,"Shahpur PS Tower, Gorakhpur"
UP-CDR-001919,UP00501,Ravindra Maurya,9125000501,UP00300,Aslam Dubey,9125000300,2024-08-03 05:02:06,216,voice,621,"Chakeri PS Tower, Kanpur Nagar"
UP-CDR-001920,UP01869,Pramod Tomar,9839001869,UP02493,Tariq Bind,9927002493,2024-05-25 09:43:23,146,voice,168,"Alambagh PS Tower, Lucknow"
UP-CDR-001921,UP00419,Gufran Dubey,8006000419,UP00058,Suresh Jaiswal,7007000058,2024-04-26 04:57:12,117,voice,178,"Brahmpuri PS Tower, Meerut"
UP-CDR-001922,UP00394,Manoj Siddiqui,9839000394,UP01469,Sonu Khan,9839001469,2024-06-02 10:13:42,154,voice,348,"Shahganj PS Tower, Agra"
UP-CDR-001923,UP00277,Dharmendra Gautam,9837000277,UP00065,Munna Srivastav,9839000065,2024-08-28 04:49:03,241,voice,944,"Kotwali PS Tower, Bareilly"
UP-CDR-001924,UP00451,Alok Chaudhary,9839000451,UP00388,Mahesh Tripathi,9839000388,2024-05-19 01:40:54,140,voice,820,"Tajganj PS Tower, Agra"
UP-CDR-001925,UP02275,Brijesh Tomar,9412002275,UP00904,Pappu Khan,9125000904,2024-06-12 16:38:37,164,voice,235,"Etmadpur PS Tower, Agra"
UP-CDR-001926,UP02758,Satish Rajput,9415002758,UP00491,Anil Rawat,7007000491,2024-02-12 12:07:08,43,voice,387,"Brahmpuri PS Tower, Meerut"
UP-CDR-001927,UP00467,Mahesh Pal,9125000467,UP00272,Neeraj Chauhan,9450000272,2024-05-09 04:47:27,130,voice,1150,"Cantt PS Tower, Ayodhya"
UP-CDR-001928,UP00225,Abhay Tripathi,9450000225,UP00053,Rajesh Chauhan,9719000053,2024-06-29 18:46:49,181,voice,740,"Chakeri PS Tower, Kanpur Nagar"
UP-CDR-001929,UP00117,Munna Gurjar,9415000117,UP00552,Abhay Khan,9450000552,2024-08-08 14:05:23,221,voice,666,"Sector 39 PS Tower, Gautam Buddha Nagar (Noida)"
UP-CDR-001930,UP00340,Akhilesh Tomar,9450000340,UP00480,Rakesh Nishad,9839000480,2024-04-08 22:13:24,99,voice,114,"Nauchandi PS Tower, Meerut"
UP-CDR-001931,UP01007,Deepak Rawat,7500001007,UP01259,Tariq Gautam,9412001259,2024-05-27 19:25:36,148,voice,1002,"Rakabganj PS Tower, Agra"
UP-CDR-001932,UP00906,Sonu Tyagi,9412000906,UP01572,Amit Pal,9415001572,2024-07-09 03:38:19,191,voice,75,"Kotwali PS Tower, Jhansi"
UP-CDR-001933,UP01064,Rizwan Gautam,9837001064,UP02971,Akhilesh Rawat,9415002971,2024-08-13 17:37:32,226,sms,681,"Kavi Nagar PS Tower, Ghaziabad"
UP-CDR-001934,UP00387,Ravindra Rajput,8006000387,UP00149,Neeraj Khan,9450000149,2024-04-11 00:58:33,102,voice,312,"Sector 24 PS Tower, Gautam Buddha Nagar (Noida)"
UP-CDR-001935,UP02271,Vikram Mishra,8006002271,UP00709,Anil Shukla,9415000709,2024-06-24 10:35:11,176,sms,1075,"Subhash Nagar PS Tower, Bareilly"
UP-CDR-001936,UP00004,Imran Nishad,7500000004,UP00455,Sonu Jaiswal,8840000455,2024-05-10 00:18:24,131,voice,281,"George Town PS Tower, Prayagraj"
UP-CDR-001937,UP00041,Neeraj Pal,9839000041,UP00116,Tariq Gautam,9839000116,2024-06-22 20:59:09,174,voice,811,"Cantt PS Tower, Ayodhya"
UP-CDR-001938,UP00380,Brijesh Gurjar,9125000380,UP00396,Munna Gurjar,7007000396,2024-03-19 17:56:45,79,sms,976,"Sector 24 PS Tower, Gautam Buddha Nagar (Noida)"
UP-CDR-001939,UP00139,Manoj Bind,9927000139,UP00293,Imran Singh,9839000293,2024-04-09 16:58:02,100,sms,1158,"Gorakhnath PS Tower, Gorakhpur"
UP-CDR-001940,UP00138,Deepak Tiwari,9839000138,UP00252,Atiq Dubey,9415000252,2024-05-21 14:49:18,142,voice,823,"Nawabad PS Tower, Jhansi"
UP-CDR-001941,UP00560,Guddu Verma,9927000560,UP00012,Akhilesh Nagar,9450000012,2024-06-24 06:34:41,176,voice,1146,"Phase 2 PS Tower, Gautam Buddha Nagar (Noida)"
UP-CDR-001942,UP00040,Rizwan Mishra,8006000040,UP00253,Mahesh Chaudhary,9927000253,2024-07-17 02:27:30,199,voice,1199,"Kavi Nagar PS Tower, Ghaziabad"
UP-CDR-001943,UP00465,Abhay Nagar,9839000465,UP00013,Satish Siddiqui,7500000013,2024-02-13 17:02:20,44,voice,717,"Shivpur PS Tower, Varanasi"
UP-CDR-001944,UP00076,Mahesh Mishra,9450000076,UP00106,Mahesh Chauhan,7500000106,2024-06-12 10:48:42,164,voice,61,"Nawabad PS Tower, Jhansi"
UP-CDR-001945,UP00489,Pramod Srivastav,7007000489,UP01495,Gufran Chauhan,8840001495,2024-08-19 14:40:15,232,voice,516,"Alambagh PS Tower, Lucknow"
UP-CDR-001946,UP00468,Mukhtar Verma,9415000468,UP00561,Rizwan Verma,8006000561,2024-06-25 19:25:48,177,voice,502,"Dhoomanganj PS Tower, Prayagraj"
UP-CDR-001947,UP00486,Deepak Rawat,7007000486,UP00200,Sonu Khan,9837000200,2024-04-11 20:46:52,102,voice,1103,"Sector 39 PS Tower, Gautam Buddha Nagar (Noida)"
UP-CDR-001948,UP00905,Babloo Tiwari,9450000905,UP01182,Pramod Maurya,7007001182,2024-03-12 03:26:41,72,voice,713,"Collectorganj PS Tower, Kanpur Nagar"
UP-CDR-001949,UP00352,Chhotu Tomar,8006000352,UP00317,Satish Tiwari,9450000317,2024-05-16 15:50:47,137,sms,168,"George Town PS Tower, Prayagraj"
UP-CDR-001950,UP02854,Ajay Yadav,9415002854,UP00384,Dharmendra Singh,9927000384,2024-07-10 08:01:25,192,voice,493,"Brahmpuri PS Tower, Meerut"
UP-CDR-001951,UP00302,Dharmendra Dubey,9450000302,UP00037,Sunil Gautam,8840000037,2024-01-19 03:09:36,19,voice,643,"Chinhat PS Tower, Lucknow"
UP-CDR-001952,UP00223,Rakesh Bind,9125000223,UP00577,Pappu Pandey,9415000577,2024-06-07 07:17:08,159,voice,561,"Knowledge Park PS Tower, Gautam Buddha Nagar (Noida)"
UP-CDR-001953,UP00523,Imran Shukla,9412000523,UP00581,Ravindra Chauhan,7007000581,2024-07-13 03:55:29,195,sms,89,"Izzatnagar PS Tower, Bareilly"
UP-CDR-001954,UP00328,Atiq Chauhan,9927000328,UP00169,Atiq Qureshi,9125000169,2024-07-10 23:34:45,192,sms,882,"Tiwaripur PS Tower, Gorakhpur"
UP-CDR-001955,UP00043,Bablu Singh,9450000043,UP00344,Neeraj Kushwaha,9837000344,2024-07-17 16:38:47,199,voice,847,"Sihani Gate PS Tower, Ghaziabad"
UP-CDR-001956,UP00043,Bablu Singh,9450000043,UP00367,Abhay Srivastav,9837000367,2024-02-11 04:47:31,42,voice,708,"Collectorganj PS Tower, Kanpur Nagar"
UP-CDR-001957,UP01751,Satish Dubey,9837001751,UP00347,Babloo Tripathi,8006000347,2024-04-23 01:19:53,114,voice,186,"Chakeri PS Tower, Kanpur Nagar"
UP-CDR-001958,UP00463,Suresh Tripathi,9837000463,UP00870,Deepak Siddiqui,9125000870,2024-07-20 05:54:09,202,voice,241,"Kotwali PS Tower, Kanpur Nagar"
UP-CDR-001959,UP00439,Tariq Maurya,9125000439,UP00254,Gufran Ansari,9415000254,2024-06-18 21:18:53,170,voice,951,"Kotwali PS Tower, Ghaziabad"
UP-CDR-001960,UP00287,Rajesh Gautam,9125000287,UP00006,Rizwan Chaudhary,8006000006,2024-01-14 19:13:54,14,voice,546,"Kavi Nagar PS Tower, Ghaziabad"
UP-CDR-001961,UP00431,Dhananjay Bind,7007000431,UP00126,Tariq Pandey,8840000126,2024-05-25 17:41:44,146,voice,440,"Prem Nagar PS Tower, Jhansi"
UP-CDR-001962,UP00262,Tariq Tiwari,8006000262,UP00440,Guddu Mishra,9450000440,2024-02-19 19:10:28,50,voice,740,"Sector 20 PS Tower, Gautam Buddha Nagar (Noida)"
UP-CDR-001963,UP00130,Brijesh Nagar,9412000130,UP00421,Akhilesh Mishra,9450000421,2024-04-22 16:02:25,113,voice,1070,"Sahibabad PS Tower, Ghaziabad"
UP-CDR-001964,UP02771,Dhananjay Chauhan,9450002771,UP00586,Mahesh Srivastav,9839000586,2024-08-14 16:53:03,227,voice,944,"Chowk PS Tower, Lucknow"
UP-CDR-001965,UP00507,Amit Singh,8840000507,UP00522,Pankaj Srivastav,9837000522,2024-01-18 21:20:43,18,voice,240,"Sigra PS Tower, Varanasi"
UP-CDR-001966,UP00727,Pappu Pal,9450000727,UP02693,Pappu Rajput,9412002693,2024-04-20 05:09:11,111,voice,513,"Shahpur PS Tower, Gorakhpur"
UP-CDR-001967,UP00588,Mukhtar Kushwaha,7007000588,UP02972,Anil Gautam,8840002972,2024-07-04 13:49:17,186,voice,622,"Mahanagar PS Tower, Lucknow"
UP-CDR-001968,UP00406,Satish Shukla,7007000406,UP00331,Sanjay Dubey,8006000331,2024-07-27 12:10:36,209,voice,942,"Rakabganj PS Tower, Agra"
UP-CDR-001969,UP00434,Brijesh Srivastav,9839000434,UP00206,Pramod Yadav,7500000206,2024-08-09 23:14:02,222,sms,1083,"Sigra PS Tower, Varanasi"
UP-CDR-001970,UP01605,Ravindra Gupta,9415001605,UP02574,Satish Chaudhary,9837002574,2024-01-15 03:35:09,15,voice,564,"Civil Lines PS Tower, Prayagraj"
UP-CDR-001971,UP00312,Dharmendra Singh,9839000312,UP00089,Santosh Siddiqui,9927000089,2024-02-29 08:07:19,60,sms,772,"Gorakhnath PS Tower, Gorakhpur"
UP-CDR-001972,UP00127,Akhilesh Pandey,9125000127,UP00151,Dharmendra Nishad,8840000151,2024-04-03 01:39:29,94,voice,267,"Prem Nagar PS Tower, Jhansi"
UP-CDR-001973,UP00136,Anil Qureshi,9837000136,UP00011,Chhotu Gupta,7500000011,2024-02-25 01:38:17,56,voice,466,"Phase 2 PS Tower, Gautam Buddha Nagar (Noida)"
UP-CDR-001974,UP00343,Tariq Kushwaha,7007000343,UP00210,Rizwan Nishad,9412000210,2024-05-23 23:50:31,144,voice,656,"Cantt PS Tower, Varanasi"
UP-CDR-001975,UP00088,Pankaj Tomar,9839000088,UP00183,Vikram Tripathi,8840000183,2024-02-22 22:05:26,53,voice,1127,"Izzatnagar PS Tower, Bareilly"
UP-CDR-001976,UP00191,Suresh Pal,9125000191,UP00345,Vikram Dubey,9125000345,2024-03-08 19:06:25,68,voice,1035,"Gorakhnath PS Tower, Gorakhpur"
UP-CDR-001977,UP00271,Atiq Yadav,9719000271,UP00304,Rajesh Mishra,8006000304,2024-05-22 18:38:02,143,voice,147,"Surajpur PS Tower, Gautam Buddha Nagar (Noida)"
UP-CDR-001978,UP00078,Rizwan Gurjar,9125000078,UP00148,Pappu Gupta,9839000148,2024-06-05 07:43:12,157,voice,982,"Govind Nagar PS Tower, Kanpur Nagar"
UP-CDR-001979,UP00529,Dhananjay Kushwaha,9839000529,UP00426,Rakesh Khan,9450000426,2024-03-15 00:41:51,75,voice,1073,"Nawabad PS Tower, Jhansi"
UP-CDR-001980,UP02122,Gufran Gurjar,7500002122,UP01534,Vikram Verma,9837001534,2024-08-03 22:36:26,216,voice,181,"Prem Nagar PS Tower, Bareilly"
UP-CDR-001981,UP01200,Akhilesh Srivastav,8006001200,UP00936,Ravindra Siddiqui,9837000936,2024-03-28 22:49:59,88,voice,908,"Dhoomanganj PS Tower, Prayagraj"
UP-CDR-001982,UP01302,Sunil Gupta,9125001302,UP00414,Suresh Shukla,9415000414,2024-02-23 00:39:20,54,sms,708,"Baradari PS Tower, Bareilly"
UP-CDR-001983,UP00492,Virendra Nagar,9415000492,UP00311,Babloo Ansari,9412000311,2024-02-29 14:58:56,60,voice,519,"Prem Nagar PS Tower, Bareilly"
UP-CDR-001984,UP00518,Babloo Bind,9125000518,UP00279,Ravindra Chaudhary,9450000279,2024-01-18 00:02:16,18,voice,620,"Sigra PS Tower, Varanasi"
UP-CDR-001985,UP00031,Imran Tomar,7500000031,UP00295,Neeraj Bind,9839000295,2024-02-13 13:28:13,44,voice,487,"Collectorganj PS Tower, Kanpur Nagar"
UP-CDR-001986,UP00525,Abhay Verma,9839000525,UP00456,Rajesh Srivastav,9415000456,2024-03-11 01:20:15,71,voice,170,"Prem Nagar PS Tower, Bareilly"
UP-CDR-001987,UP00344,Neeraj Kushwaha,9837000344,UP00186,Sunil Rajput,9839000186,2024-01-16 00:06:45,16,sms,346,"Indirapuram PS Tower, Ghaziabad"
UP-CDR-001988,UP02194,Virendra Nishad,9415002194,UP02455,Tariq Siddiqui,9839002455,2024-07-16 11:54:41,198,voice,397,"Chowk PS Tower, Lucknow"
UP-CDR-001989,UP02809,Anil Rajput,9415002809,UP02079,Neeraj Singh,8006002079,2024-01-14 01:58:32,14,voice,798,"Ramgarh Tal PS Tower, Gorakhpur"
UP-CDR-001990,UP00087,Alok Tyagi,9839000087,UP00319,Vikram Chauhan,9719000319,2024-01-27 00:47:31,27,voice,301,"Dashashwamedh PS Tower, Varanasi"
UP-CDR-001991,UP00482,Munna Singh,7007000482,UP00095,Akhilesh Tomar,8006000095,2024-06-14 22:01:43,166,voice,620,"Cantt PS Tower, Varanasi"
UP-CDR-001992,UP00129,Amit Srivastav,9412000129,UP00111,Deepak Yadav,9415000111,2024-08-05 01:09:19,218,voice,1018,"Alambagh PS Tower, Lucknow"
UP-CDR-001993,UP00320,Ramesh Nagar,9415000320,UP00167,Sunil Kushwaha,9839000167,2024-07-29 19:28:03,211,sms,968,"Tajganj PS Tower, Agra"
UP-CDR-001994,UP01108,Guddu Singh,9839001108,UP02266,Santosh Tripathi,7007002266,2024-07-08 19:39:19,190,voice,833,"Rakabganj PS Tower, Agra"
UP-CDR-001995,UP00413,Pramod Nagar,8840000413,UP00500,Vikram Gurjar,8840000500,2024-01-04 15:27:37,4,voice,1116,"Kotwali PS Tower, Ayodhya"
UP-CDR-001996,UP00538,Suresh Pal,8006000538,UP00561,Rizwan Verma,8006000561,2024-03-29 17:36:54,89,voice,29,"Kotwali PS Tower, Jhansi"
UP-CDR-001997,UP00198,Tariq Bind,9837000198,UP00202,Pramod Tiwari,8840000202,2024-01-09 19:55:16,9,voice,1047,"Kotwali PS Tower, Kanpur Nagar"
UP-CDR-001998,UP01003,Pappu Ansari,9412001003,UP01553,Brijesh Bind,9415001553,2024-05-10 06:01:05,131,voice,279,"Nauchandi PS Tower, Meerut"
UP-CDR-001999,UP00186,Sunil Rajput,9839000186,UP00014,Bablu Bind,8006000014,2024-08-08 11:27:01,221,voice,39,"Tajganj PS Tower, Agra"
UP-CDR-002000,UP00732,Pramod Nishad,9927000732,UP02855,Brijesh Rawat,9719002855,2024-08-09 08:51:07,222,sms,472,"Kotwali PS Tower, Gorakhpur"
UP-CDR-002001,UP00474,Neeraj Pal,8840000474,UP00431,Dhananjay Bind,7007000431,2024-03-10 22:22:11,70,sms,429,"Raunahi PS Tower, Ayodhya"
UP-CDR-002002,UP00144,Rakesh Rajput,9927000144,UP00530,Amit Nagar,9415000530,2024-05-08 02:29:04,129,voice,771,"Partapur PS Tower, Meerut"
UP-CDR-002003,UP01946,Akhilesh Rajput,9450001946,UP00754,Pappu Gupta,9839000754,2024-01-12 00:52:05,12,voice,920,"Dhoomanganj PS Tower, Prayagraj"
UP-CDR-002004,UP01429,Dharmendra Tyagi,9412001429,UP01661,Imran Gurjar,8840001661,2024-05-10 23:58:38,131,voice,562,"Civil Lines PS Tower, Prayagraj"
UP-CDR-002005,UP02939,Vikram Chauhan,9719002939,UP02496,Tariq Pal,7007002496,2024-03-31 00:12:18,91,voice,1140,"Cantt PS Tower, Varanasi"
UP-CDR-002006,UP00422,Alok Shukla,9450000422,UP00361,Chhotu Nishad,9450000361,2024-01-12 02:46:17,12,voice,180,"Kalyanpur PS Tower, Kanpur Nagar"
UP-CDR-002007,UP00510,Rajesh Qureshi,8840000510,UP00093,Abhay Nishad,9450000093,2024-04-19 08:43:32,110,voice,500,"Kotwali PS Tower, Bareilly"
UP-CDR-002008,UP00445,Manoj Chauhan,9412000445,UP00007,Gufran Siddiqui,9719000007,2024-07-20 23:07:27,202,sms,95,"Nawabad PS Tower, Jhansi"
UP-CDR-002009,UP00591,Anil Ansari,9927000591,UP00415,Deepak Pandey,9719000415,2024-03-06 00:16:10,66,voice,384,"Cantt PS Tower, Gorakhpur"
UP-CDR-002010,UP00257,Abhay Dubey,7007000257,UP00155,Satish Tyagi,9125000155,2024-01-24 12:43:30,24,sms,847,"Brahmpuri PS Tower, Meerut"
UP-CDR-002011,UP02299,Atiq Qureshi,9412002299,UP01952,Gufran Gautam,9415001952,2024-07-13 18:48:27,195,voice,733,"Surajpur PS Tower, Gautam Buddha Nagar (Noida)"
UP-CDR-002012,UP01045,Guddu Gupta,8006001045,UP00006,Rizwan Chaudhary,8006000006,2024-04-22 21:04:20,113,voice,865,"Kotwali PS Tower, Jhansi"
UP-CDR-002013,UP00298,Munna Gurjar,9415000298,UP00165,Mukhtar Nagar,7007000165,2024-01-17 08:33:44,17,sms,173,"Chakeri PS Tower, Kanpur Nagar"
UP-CDR-002014,UP00156,Imran Verma,9927000156,UP00279,Ravindra Chaudhary,9450000279,2024-03-06 22:47:04,66,voice,923,"Katra PS Tower, Prayagraj"
UP-CDR-002015,UP02614,Tariq Ansari,9839002614,UP00319,Vikram Chauhan,9719000319,2024-03-12 13:49:49,72,voice,1034,"Tiwaripur PS Tower, Gorakhpur"
UP-CDR-002016,UP02764,Rizwan Gurjar,9415002764,UP01136,Aslam Tiwari,8006001136,2024-02-15 07:41:52,46,voice,806,"Bhelupur PS Tower, Varanasi"
UP-CDR-002017,UP00572,Rakesh Ansari,9450000572,UP00198,Tariq Bind,9837000198,2024-07-13 19:07:00,195,voice,821,"Kotwali PS Tower, Kanpur Nagar"
UP-CDR-002018,UP00575,Suresh Gautam,7007000575,UP00479,Manoj Singh,9415000479,2024-01-21 06:49:25,21,voice,690,"Knowledge Park PS Tower, Gautam Buddha Nagar (Noida)"
UP-CDR-002019,UP01548,Mahesh Jaiswal,9450001548,UP02332,Deepak Chaudhary,7007002332,2024-03-01 14:29:04,61,voice,238,"Kotwali PS Tower, Kanpur Nagar"
UP-CDR-002020,UP00421,Akhilesh Mishra,9450000421,UP00156,Imran Verma,9927000156,2024-08-28 02:24:51,241,voice,1086,"Bhelupur PS Tower, Varanasi"
UP-CDR-002021,UP00225,Abhay Tripathi,9450000225,UP00587,Mukhtar Yadav,8840000587,2024-03-19 06:17:52,79,voice,1097,"Bhelupur PS Tower, Varanasi"
UP-CDR-002022,UP01671,Ajay Tyagi,9837001671,UP02947,Santosh Nishad,9412002947,2024-01-30 07:18:37,30,voice,359,"Sihani Gate PS Tower, Ghaziabad"
UP-CDR-002023,UP00169,Atiq Qureshi,9125000169,UP02355,Amit Gautam,9125002355,2024-08-20 12:44:29,233,sms,166,"Sikandra PS Tower, Agra"
UP-CDR-002024,UP00116,Tariq Gautam,9839000116,UP00020,Santosh Gurjar,7007000020,2024-07-03 14:02:17,185,voice,608,"Raunahi PS Tower, Ayodhya"
UP-CDR-002025,UP00435,Sanjay Tomar,9415000435,UP00583,Vikram Gurjar,9839000583,2024-03-23 09:12:09,83,sms,889,"Kotwali PS Tower, Ayodhya"
UP-CDR-002026,UP00055,Pappu Pandey,8840000055,UP00410,Amit Maurya,9927000410,2024-06-17 08:06:54,169,sms,469,"Kotwali PS Tower, Gorakhpur"
UP-CDR-002027,UP00112,Sunil Srivastav,9415000112,UP02231,Rizwan Mishra,9837002231,2024-02-05 01:28:00,36,voice,1185,"Partapur PS Tower, Meerut"
UP-CDR-002028,UP00562,Anil Bind,9927000562,UP00251,Santosh Rajput,8840000251,2024-05-22 15:39:03,143,voice,211,"Ayodhya Kotwali PS Tower, Ayodhya"
UP-CDR-002029,UP00202,Pramod Tiwari,8840000202,UP00428,Vikram Shukla,8840000428,2024-05-11 15:20:04,132,voice,849,"Katra PS Tower, Prayagraj"
UP-CDR-002030,UP00176,Amit Tiwari,9839000176,UP00029,Ramesh Gautam,9450000029,2024-06-25 10:47:23,177,voice,188,"Hazratganj PS Tower, Lucknow"
UP-CDR-002031,UP02224,Brijesh Chauhan,8006002224,UP01486,Vikram Qureshi,9125001486,2024-06-05 07:11:51,157,voice,1126,"Ramgarh Tal PS Tower, Gorakhpur"
UP-CDR-002032,UP00050,Akhilesh Rawat,8840000050,UP00328,Atiq Chauhan,9927000328,2024-02-26 19:38:00,57,voice,631,"Mahanagar PS Tower, Lucknow"
UP-CDR-002033,UP00238,Virendra Tiwari,9415000238,UP00093,Abhay Nishad,9450000093,2024-01-01 19:04:30,1,voice,134,"Kotwali PS Tower, Ghaziabad"
UP-CDR-002034,UP00532,Amit Qureshi,7500000532,UP01066,Bablu Ansari,9415001066,2024-01-02 14:16:56,2,sms,1102,"Sikandra PS Tower, Agra"
UP-CDR-002035,UP02553,Sonu Singh,9415002553,UP00526,Rajesh Nishad,9415000526,2024-02-06 00:19:31,37,voice,139,"Rakabganj PS Tower, Agra"
UP-CDR-002036,UP02692,Ravindra Dubey,8840002692,UP02168,Brijesh Chauhan,9450002168,2024-04-29 18:28:45,120,voice,716,"Knowledge Park PS Tower, Gautam Buddha Nagar (Noida)"
UP-CDR-002037,UP02527,Sunil Chauhan,7007002527,UP01726,Mukhtar Chaudhary,9719001726,2024-04-28 14:23:45,119,voice,963,"Etmadpur PS Tower, Agra"
UP-CDR-002038,UP00021,Mahesh Qureshi,9415000021,UP00513,Satish Shukla,9450000513,2024-04-26 14:54:49,117,voice,573,"Bhelupur PS Tower, Varanasi"
UP-CDR-002039,UP01571,Neeraj Gupta,7500001571,UP00498,Imran Pandey,9927000498,2024-06-12 02:27:38,164,voice,258,"Sihani Gate PS Tower, Ghaziabad"
UP-CDR-002040,UP02044,Babloo Pal,9719002044,UP00169,Atiq Qureshi,9125000169,2024-05-14 11:36:51,135,voice,165,"Baradari PS Tower, Bareilly"
UP-CDR-002041,UP00488,Suresh Pandey,7007000488,UP02842,Dhananjay Gupta,7500002842,2024-07-31 16:43:53,213,voice,1012,"Nawabad PS Tower, Jhansi"
UP-CDR-002042,UP00032,Babloo Tomar,9125000032,UP00519,Deepak Gautam,9415000519,2024-07-12 21:19:12,194,voice,121,"Shivpur PS Tower, Varanasi"
UP-CDR-002043,UP01252,Aslam Mishra,9839001252,UP01743,Sanjay Kushwaha,9450001743,2024-04-12 18:09:29,103,voice,425,"Surajpur PS Tower, Gautam Buddha Nagar (Noida)"
UP-CDR-002044,UP00002,Rajesh Tiwari,9927000002,UP00460,Brijesh Nagar,7500000460,2024-01-26 00:41:03,26,voice,494,"Rakabganj PS Tower, Agra"
UP-CDR-002045,UP00160,Deepak Gautam,9450000160,UP00318,Abhay Rawat,7500000318,2024-01-26 18:15:40,26,voice,184,"Kotwali PS Tower, Ayodhya"
UP-CDR-002046,UP00129,Amit Srivastav,9412000129,UP00159,Santosh Pandey,9839000159,2024-01-29 06:57:28,29,voice,36,"Kotwali PS Tower, Kanpur Nagar"
UP-CDR-002047,UP00125,Babloo Gupta,8840000125,UP00385,Rajesh Kushwaha,8006000385,2024-03-12 15:27:27,72,voice,795,"Baradari PS Tower, Bareilly"
UP-CDR-002048,UP00245,Babloo Ansari,7007000245,UP00438,Satish Jaiswal,9415000438,2024-07-17 00:37:52,199,voice,50,"Prem Nagar PS Tower, Jhansi"
UP-CDR-002049,UP00581,Ravindra Chauhan,7007000581,UP00593,Vikram Dubey,9412000593,2024-02-14 08:53:20,45,voice,136,"Indirapuram PS Tower, Ghaziabad"
UP-CDR-002050,UP00397,Dhananjay Nagar,7500000397,UP00037,Sunil Gautam,8840000037,2024-04-02 02:55:06,93,voice,157,"Partapur PS Tower, Meerut"
UP-CDR-002051,UP00432,Manoj Qureshi,8840000432,UP00232,Ajay Tripathi,9125000232,2024-07-12 18:08:24,194,sms,934,"Hazratganj PS Tower, Lucknow"
UP-CDR-002052,UP00439,Tariq Maurya,9125000439,UP00527,Suresh Pandey,8006000527,2024-03-29 01:46:08,89,sms,914,"Baradari PS Tower, Bareilly"
UP-CDR-002053,UP00093,Abhay Nishad,9450000093,UP00531,Atiq Siddiqui,9125000531,2024-03-05 11:18:06,65,voice,853,"Sihani Gate PS Tower, Ghaziabad"
UP-CDR-002054,UP00011,Chhotu Gupta,7500000011,UP00155,Satish Tyagi,9125000155,2024-01-09 20:43:14,9,voice,1057,"Kotwali PS Tower, Jhansi"
UP-CDR-002055,UP00370,Neeraj Chaudhary,9719000370,UP00345,Vikram Dubey,9125000345,2024-07-05 05:18:38,187,voice,270,"Kotwali PS Tower, Ayodhya"
UP-CDR-002056,UP01443,Pappu Verma,9927001443,UP02053,Ajay Maurya,9412002053,2024-06-07 23:37:00,159,voice,902,"Rakabganj PS Tower, Agra"
UP-CDR-002057,UP00511,Munna Jaiswal,8840000511,UP00018,Pankaj Siddiqui,7500000018,2024-06-01 11:22:57,153,voice,948,"Sector 24 PS Tower, Gautam Buddha Nagar (Noida)"
UP-CDR-002058,UP00358,Akhilesh Nagar,9839000358,UP00506,Ravindra Shukla,9415000506,2024-06-02 02:42:00,154,voice,182,"Chakeri PS Tower, Kanpur Nagar"
UP-CDR-002059,UP00323,Rajesh Siddiqui,9450000323,UP00015,Amit Tyagi,9415000015,2024-02-23 11:32:27,54,sms,637,"Etmadpur PS Tower, Agra"
UP-CDR-002060,UP00586,Mahesh Srivastav,9839000586,UP00155,Satish Tyagi,9125000155,2024-08-14 19:47:13,227,voice,139,"Dhoomanganj PS Tower, Prayagraj"
UP-CDR-002061,UP02280,Bablu Dubey,9719002280,UP00699,Deepak Shukla,8840000699,2024-05-01 22:54:37,122,sms,1120,"Kotwali PS Tower, Bareilly"
UP-CDR-002062,UP00411,Amit Rajput,7007000411,UP00540,Ramesh Khan,9839000540,2024-02-09 18:31:44,40,voice,709,"Rakabganj PS Tower, Agra"
UP-CDR-002063,UP01415,Pankaj Tomar,9927001415,UP02087,Pramod Pal,7500002087,2024-07-25 19:09:35,207,voice,162,"Sector 24 PS Tower, Gautam Buddha Nagar (Noida)"
UP-CDR-002064,UP00050,Akhilesh Rawat,8840000050,UP00589,Babloo Pandey,8006000589,2024-07-10 22:45:19,192,sms,364,"Tajganj PS Tower, Agra"
UP-CDR-002065,UP00001,Rajesh Rajput,9125000001,UP00385,Rajesh Kushwaha,8006000385,2024-04-04 01:10:32,95,voice,580,"Mahanagar PS Tower, Lucknow"
UP-CDR-002066,UP00312,Dharmendra Singh,9839000312,UP02161,Santosh Chauhan,9412002161,2024-04-15 13:34:37,106,voice,639,"Gorakhnath PS Tower, Gorakhpur"
UP-CDR-002067,UP00264,Imran Gupta,9450000264,UP00386,Guddu Pal,9837000386,2024-06-13 11:09:05,165,voice,960,"Govind Nagar PS Tower, Kanpur Nagar"
UP-CDR-002068,UP01103,Pankaj Chaudhary,8840001103,UP02420,Alok Yadav,9415002420,2024-04-06 20:35:00,97,sms,691,"Kotwali PS Tower, Jhansi"
UP-CDR-002069,UP00107,Ravindra Jaiswal,9839000107,UP00070,Pankaj Tiwari,9927000070,2024-03-15 20:28:54,75,voice,855,"Izzatnagar PS Tower, Bareilly"
UP-CDR-002070,UP00108,Deepak Pandey,9839000108,UP00056,Ajay Jaiswal,9839000056,2024-05-15 04:11:33,136,voice,1084,"Collectorganj PS Tower, Kanpur Nagar"
UP-CDR-002071,UP00532,Amit Qureshi,7500000532,UP00335,Pankaj Srivastav,9839000335,2024-01-08 22:03:39,8,voice,52,"Sihani Gate PS Tower, Ghaziabad"
UP-CDR-002072,UP01924,Dharmendra Khan,7007001924,UP02396,Aslam Jaiswal,9450002396,2024-06-04 08:15:23,156,voice,368,"Gorakhnath PS Tower, Gorakhpur"
UP-CDR-002073,UP00115,Virendra Tripathi,9927000115,UP00001,Rajesh Rajput,9125000001,2024-07-06 03:00:41,188,voice,1074,"Kotwali PS Tower, Kanpur Nagar"
UP-CDR-002074,UP00457,Dharmendra Gupta,9837000457,UP00035,Rizwan Nagar,9450000035,2024-06-16 03:50:33,168,voice,318,"Shahganj PS Tower, Agra"
UP-CDR-002075,UP00119,Alok Gupta,9450000119,UP00449,Tariq Verma,8840000449,2024-03-25 01:19:35,85,sms,361,"Kotwali PS Tower, Ghaziabad"
UP-CDR-002076,UP00563,Guddu Chauhan,9450000563,UP00112,Sunil Srivastav,9415000112,2024-01-11 23:13:06,11,voice,555,"Sihani Gate PS Tower, Ghaziabad"
UP-CDR-002077,UP00580,Sunil Bind,9125000580,UP00032,Babloo Tomar,9125000032,2024-08-20 04:40:04,233,voice,116,"Sector 24 PS Tower, Gautam Buddha Nagar (Noida)"
UP-CDR-002078,UP01465,Tariq Tyagi,9125001465,UP02274,Pappu Siddiqui,9412002274,2024-06-01 09:51:00,153,voice,1080,"Sipri Bazar PS Tower, Jhansi"
UP-CDR-002079,UP00055,Pappu Pandey,8840000055,UP00145,Akhilesh Shukla,7007000145,2024-05-20 04:41:03,141,voice,123,"Prem Nagar PS Tower, Jhansi"
UP-CDR-002080,UP00512,Dhananjay Srivastav,9412000512,UP00249,Neeraj Pandey,9412000249,2024-03-03 12:42:28,63,voice,825,"Indirapuram PS Tower, Ghaziabad"
UP-CDR-002081,UP00405,Sonu Gautam,7007000405,UP00243,Dharmendra Chaudhary,8840000243,2024-03-11 14:42:17,71,voice,653,"Cantt PS Tower, Gorakhpur"
UP-CDR-002082,UP00204,Atiq Tomar,9125000204,UP00090,Mukhtar Dubey,9450000090,2024-01-31 21:36:37,31,sms,992,"Partapur PS Tower, Meerut"
UP-CDR-002083,UP00534,Imran Jaiswal,9415000534,UP00445,Manoj Chauhan,9412000445,2024-06-29 17:51:55,181,voice,167,"Nauchandi PS Tower, Meerut"
UP-CDR-002084,UP01699,Mahesh Srivastav,9125001699,UP01329,Santosh Chauhan,9125001329,2024-03-22 09:06:46,82,sms,1155,"Nauchandi PS Tower, Meerut"
UP-CDR-002085,UP01988,Chhotu Pal,7500001988,UP00856,Rajesh Maurya,9125000856,2024-03-24 04:08:38,84,voice,758,"Shivpur PS Tower, Varanasi"
UP-CDR-002086,UP02206,Chhotu Kushwaha,9719002206,UP02243,Mukhtar Maurya,7007002243,2024-05-11 11:40:55,132,voice,217,"Kotwali PS Tower, Ayodhya"
UP-CDR-002087,UP02855,Brijesh Rawat,9719002855,UP00805,Sonu Mishra,9412000805,2024-06-04 01:42:46,156,sms,988,"Mahanagar PS Tower, Lucknow"
UP-CDR-002088,UP00526,Rajesh Nishad,9415000526,UP00289,Dharmendra Dubey,9450000289,2024-05-03 20:03:11,124,voice,468,"Knowledge Park PS Tower, Gautam Buddha Nagar (Noida)"
UP-CDR-002089,UP00275,Sanjay Ansari,9837000275,UP00587,Mukhtar Yadav,8840000587,2024-05-14 23:52:33,135,voice,1022,"Izzatnagar PS Tower, Bareilly"
UP-CDR-002090,UP01263,Ramesh Pal,8006001263,UP00782,Aslam Kushwaha,9125000782,2024-03-13 10:32:35,73,voice,165,"Baradari PS Tower, Bareilly"
UP-CDR-002091,UP02705,Chhotu Nishad,7007002705,UP01113,Dhananjay Nishad,8006001113,2024-06-24 15:18:04,176,voice,1145,"Bhelupur PS Tower, Varanasi"
UP-CDR-002092,UP00194,Santosh Jaiswal,7500000194,UP00290,Pramod Yadav,9839000290,2024-02-10 11:49:38,41,sms,482,"Kalyanpur PS Tower, Kanpur Nagar"
UP-CDR-002093,UP00254,Gufran Ansari,9415000254,UP00295,Neeraj Bind,9839000295,2024-07-22 00:13:44,204,sms,772,"Kotwali PS Tower, Ayodhya"
UP-CDR-002094,UP00599,Sanjay Gupta,9415000599,UP00405,Sonu Gautam,7007000405,2024-03-29 01:43:41,89,sms,766,"Hazratganj PS Tower, Lucknow"
UP-CDR-002095,UP00099,Alok Tomar,9412000099,UP00256,Alok Pandey,9450000256,2024-06-01 08:51:09,153,voice,968,"Kotwali PS Tower, Jhansi"
UP-CDR-002096,UP00034,Satish Jaiswal,9415000034,UP00552,Abhay Khan,9450000552,2024-03-30 08:09:57,90,sms,179,"Partapur PS Tower, Meerut"
UP-CDR-002097,UP00331,Sanjay Dubey,8006000331,UP02678,Ramesh Yadav,7500002678,2024-03-05 09:48:38,65,voice,280,"Knowledge Park PS Tower, Gautam Buddha Nagar (Noida)"
UP-CDR-002098,UP00165,Mukhtar Nagar,7007000165,UP00010,Babloo Tiwari,9415000010,2024-04-17 23:59:55,108,voice,585,"Phase 2 PS Tower, Gautam Buddha Nagar (Noida)"
UP-CDR-002099,UP00488,Suresh Pandey,7007000488,UP00349,Dharmendra Ansari,9415000349,2024-05-30 20:36:47,151,voice,629,"Kalyanpur PS Tower, Kanpur Nagar"
UP-CDR-002100,UP00530,Amit Nagar,9415000530,UP00431,Dhananjay Bind,7007000431,2024-04-21 00:04:29,112,voice,1030,"Tajganj PS Tower, Agra"
UP-CDR-002101,UP02845,Virendra Jaiswal,8840002845,UP02783,Gufran Rajput,9412002783,2024-01-30 03:05:39,30,voice,594,"Mahanagar PS Tower, Lucknow"
UP-CDR-002102,UP01146,Suresh Srivastav,9719001146,UP00290,Pramod Yadav,9839000290,2024-04-17 20:37:25,108,voice,472,"Sector 24 PS Tower, Gautam Buddha Nagar (Noida)"
UP-CDR-002103,UP00314,Chhotu Rajput,9450000314,UP00242,Abhay Maurya,8840000242,2024-01-10 04:25:21,10,voice,1109,"Partapur PS Tower, Meerut"
UP-CDR-002104,UP01619,Pankaj Tomar,8840001619,UP01282,Rakesh Nishad,9450001282,2024-02-22 00:25:28,53,sms,310,"Tiwaripur PS Tower, Gorakhpur"
UP-CDR-002105,UP00376,Gufran Pal,9415000376,UP00047,Chhotu Tripathi,9125000047,2024-07-18 00:38:18,200,voice,18,"Knowledge Park PS Tower, Gautam Buddha Nagar (Noida)"
UP-CDR-002106,UP00434,Brijesh Srivastav,9839000434,UP00188,Pankaj Yadav,7500000188,2024-08-18 13:48:07,231,voice,1166,"Naini PS Tower, Prayagraj"
UP-CDR-002107,UP02734,Manoj Jaiswal,7007002734,UP02745,Neeraj Srivastav,9450002745,2024-08-21 10:16:32,234,sms,721,"Alambagh PS Tower, Lucknow"
UP-CDR-002108,UP00118,Tariq Qureshi,8840000118,UP00474,Neeraj Pal,8840000474,2024-03-18 03:13:20,78,voice,1064,"Cantt PS Tower, Ayodhya"
UP-CDR-002109,UP00204,Atiq Tomar,9125000204,UP00189,Anil Jaiswal,7500000189,2024-02-06 09:26:12,37,voice,777,"George Town PS Tower, Prayagraj"
UP-CDR-002110,UP02634,Pappu Gurjar,9837002634,UP02367,Santosh Dubey,9839002367,2024-05-05 13:25:15,126,voice,890,"Hari Parbat PS Tower, Agra"
UP-CDR-002111,UP00323,Rajesh Siddiqui,9450000323,UP00307,Neeraj Shukla,9415000307,2024-02-24 12:01:09,55,sms,518,"Sahibabad PS Tower, Ghaziabad"
UP-CDR-002112,UP00244,Satish Bind,8840000244,UP00082,Ramesh Pandey,9125000082,2024-04-19 14:10:27,110,voice,546,"Barra PS Tower, Kanpur Nagar"
UP-CDR-002113,UP00507,Amit Singh,8840000507,UP00080,Ramesh Verma,9125000080,2024-06-25 04:57:14,177,voice,432,"Prem Nagar PS Tower, Jhansi"
UP-CDR-002114,UP00095,Akhilesh Tomar,8006000095,UP00062,Manoj Chauhan,7500000062,2024-08-09 06:11:17,222,voice,783,"Etmadpur PS Tower, Agra"
UP-CDR-002115,UP00370,Neeraj Chaudhary,9719000370,UP00437,Satish Verma,7007000437,2024-05-02 20:23:09,123,voice,823,"Sikandra PS Tower, Agra"
UP-CDR-002116,UP00251,Santosh Rajput,8840000251,UP00200,Sonu Khan,9837000200,2024-06-14 21:15:36,166,voice,55,"Kareli PS Tower, Prayagraj"
UP-CDR-002117,UP00510,Rajesh Qureshi,8840000510,UP00007,Gufran Siddiqui,9719000007,2024-01-22 20:11:50,22,voice,1162,"Kareli PS Tower, Prayagraj"
UP-CDR-002118,UP02974,Suresh Gupta,8006002974,UP00703,Sonu Gupta,7500000703,2024-06-30 22:00:38,182,voice,1006,"Tajganj PS Tower, Agra"
UP-CDR-002119,UP00490,Mukhtar Mishra,9415000490,UP00242,Abhay Maurya,8840000242,2024-06-28 19:58:53,180,sms,779,"Raunahi PS Tower, Ayodhya"
UP-CDR-002120,UP00135,Sunil Shukla,9412000135,UP00455,Sonu Jaiswal,8840000455,2024-06-08 19:09:16,160,voice,747,"Rakabganj PS Tower, Agra"
UP-CDR-002121,UP00476,Sonu Siddiqui,7007000476,UP00207,Dhananjay Pandey,8006000207,2024-04-10 16:43:25,101,voice,664,"Sector 24 PS Tower, Gautam Buddha Nagar (Noida)"
UP-CDR-002122,UP00360,Atiq Chaudhary,9415000360,UP00119,Alok Gupta,9450000119,2024-02-28 18:48:38,59,sms,532,"Collectorganj PS Tower, Kanpur Nagar"
UP-CDR-002123,UP00447,Deepak Tripathi,9450000447,UP00066,Sanjay Nishad,9415000066,2024-06-06 15:24:52,158,voice,805,"Knowledge Park PS Tower, Gautam Buddha Nagar (Noida)"
UP-CDR-002124,UP00431,Dhananjay Bind,7007000431,UP00318,Abhay Rawat,7500000318,2024-02-17 07:32:00,48,voice,269,"Shahpur PS Tower, Gorakhpur"
UP-CDR-002125,UP00716,Amit Chaudhary,9412000716,UP02851,Ajay Yadav,8840002851,2024-06-03 02:37:25,155,sms,644,"Sahibabad PS Tower, Ghaziabad"
UP-CDR-002126,UP00238,Virendra Tiwari,9415000238,UP00415,Deepak Pandey,9719000415,2024-06-21 10:22:01,173,voice,480,"Collectorganj PS Tower, Kanpur Nagar"
UP-CDR-002127,UP00345,Vikram Dubey,9125000345,UP00046,Rajesh Dubey,8840000046,2024-02-14 18:24:50,45,voice,423,"Sipri Bazar PS Tower, Jhansi"
UP-CDR-002128,UP00284,Brijesh Kushwaha,9450000284,UP00043,Bablu Singh,9450000043,2024-06-07 10:40:21,159,voice,391,"Sihani Gate PS Tower, Ghaziabad"
UP-CDR-002129,UP01042,Satish Tomar,9837001042,UP01731,Sanjay Tripathi,9450001731,2024-06-27 13:24:05,179,voice,951,"Kotwali PS Tower, Ghaziabad"
UP-CDR-002130,UP00473,Chhotu Srivastav,9415000473,UP00514,Akhilesh Maurya,9927000514,2024-07-27 23:05:53,209,voice,844,"Sihani Gate PS Tower, Ghaziabad"
UP-CDR-002131,UP01876,Pramod Tomar,7500001876,UP00284,Brijesh Kushwaha,9450000284,2024-04-15 23:34:42,106,voice,105,"Sigra PS Tower, Varanasi"
UP-CDR-002132,UP00504,Anil Tiwari,9839000504,UP00551,Rajesh Gupta,7500000551,2024-08-13 15:07:01,226,voice,991,"Ayodhya Kotwali PS Tower, Ayodhya"
UP-CDR-002133,UP00040,Rizwan Mishra,8006000040,UP00206,Pramod Yadav,7500000206,2024-08-16 18:25:31,229,voice,879,"Ayodhya Kotwali PS Tower, Ayodhya"
UP-CDR-002134,UP00409,Anil Nishad,7007000409,UP00013,Satish Siddiqui,7500000013,2024-07-10 07:00:14,192,voice,647,"Cantt PS Tower, Ayodhya"
UP-CDR-002135,UP00153,Sunil Shukla,9837000153,UP00457,Dharmendra Gupta,9837000457,2024-02-16 16:45:49,47,voice,974,"Chinhat PS Tower, Lucknow"
UP-CDR-002136,UP00419,Gufran Dubey,8006000419,UP00501,Ravindra Maurya,9125000501,2024-01-25 04:08:28,25,voice,367,"Barra PS Tower, Kanpur Nagar"
UP-CDR-002137,UP00037,Sunil Gautam,8840000037,UP00072,Chhotu Nagar,7007000072,2024-08-11 00:29:39,224,voice,531,"Chakeri PS Tower, Kanpur Nagar"
UP-CDR-002138,UP00550,Babloo Maurya,7007000550,UP00252,Atiq Dubey,9415000252,2024-03-05 12:44:40,65,sms,460,"Knowledge Park PS Tower, Gautam Buddha Nagar (Noida)"
UP-CDR-002139,UP00229,Satish Verma,9839000229,UP00536,Brijesh Gautam,9927000536,2024-06-12 10:52:17,164,voice,1126,"Sector 24 PS Tower, Gautam Buddha Nagar (Noida)"
UP-CDR-002140,UP00436,Tariq Verma,9415000436,UP00395,Ramesh Pal,9415000395,2024-08-04 08:13:10,217,voice,1198,"Chakeri PS Tower, Kanpur Nagar"
UP-CDR-002141,UP01579,Pramod Verma,9927001579,UP00045,Tariq Tiwari,9412000045,2024-02-11 14:29:27,42,voice,513,"Lisari Gate PS Tower, Meerut"
UP-CDR-002142,UP00499,Akhilesh Bind,7500000499,UP00298,Munna Gurjar,9415000298,2024-04-02 12:08:47,93,voice,736,"Kotwali PS Tower, Bareilly"
UP-CDR-002143,UP00514,Akhilesh Maurya,9927000514,UP00063,Sanjay Pandey,7007000063,2024-08-23 15:29:40,236,voice,547,"Kotwali PS Tower, Bareilly"
UP-CDR-002144,UP00590,Atiq Jaiswal,9415000590,UP00208,Akhilesh Mishra,7500000208,2024-02-01 02:12:38,32,voice,105,"Kavi Nagar PS Tower, Ghaziabad"
UP-CDR-002145,UP00439,Tariq Maurya,9125000439,UP00238,Virendra Tiwari,9415000238,2024-04-25 07:27:27,116,voice,394,"Raunahi PS Tower, Ayodhya"
UP-CDR-002146,UP00176,Amit Tiwari,9839000176,UP00173,Sonu Dubey,9415000173,2024-02-01 14:33:27,32,voice,345,"Tiwaripur PS Tower, Gorakhpur"
UP-CDR-002147,UP00141,Mahesh Dubey,9412000141,UP00458,Rizwan Pandey,9927000458,2024-07-26 12:54:57,208,voice,361,"Raunahi PS Tower, Ayodhya"
UP-CDR-002148,UP00293,Imran Singh,9839000293,UP00521,Rizwan Kushwaha,9125000521,2024-03-15 14:12:46,75,voice,810,"Collectorganj PS Tower, Kanpur Nagar"
UP-CDR-002149,UP00010,Babloo Tiwari,9415000010,UP00473,Chhotu Srivastav,9415000473,2024-03-20 14:52:30,80,sms,1139,"Bhelupur PS Tower, Varanasi"
UP-CDR-002150,UP00395,Ramesh Pal,9415000395,UP01777,Babloo Pandey,9839001777,2024-01-10 16:40:03,10,voice,109,"Govind Nagar PS Tower, Kanpur Nagar"
UP-CDR-002151,UP00262,Tariq Tiwari,8006000262,UP00003,Abhay Tripathi,7007000003,2024-04-17 17:28:27,108,voice,872,"Sahibabad PS Tower, Ghaziabad"
UP-CDR-002152,UP00284,Brijesh Kushwaha,9450000284,UP00546,Chhotu Rawat,9125000546,2024-05-18 16:50:30,139,voice,877,"Kareli PS Tower, Prayagraj"
UP-CDR-002153,UP00125,Babloo Gupta,8840000125,UP00162,Deepak Pal,9450000162,2024-08-08 09:54:30,221,voice,692,"Kotwali PS Tower, Jhansi"
UP-CDR-002154,UP00150,Virendra Yadav,9450000150,UP00052,Amit Yadav,9125000052,2024-03-10 19:10:20,70,voice,577,"Prem Nagar PS Tower, Jhansi"
UP-CDR-002155,UP02441,Santosh Jaiswal,9450002441,UP00192,Gufran Chauhan,9839000192,2024-05-11 00:35:41,132,sms,1015,"Subhash Nagar PS Tower, Bareilly"
UP-CDR-002156,UP00129,Amit Srivastav,9412000129,UP00326,Abhay Pal,9839000326,2024-08-21 16:39:00,234,voice,949,"Barra PS Tower, Kanpur Nagar"
UP-CDR-002157,UP00028,Akhilesh Kushwaha,9125000028,UP00436,Tariq Verma,9415000436,2024-07-05 07:02:32,187,voice,1077,"Kotwali PS Tower, Ayodhya"
UP-CDR-002158,UP00236,Pankaj Mishra,9412000236,UP00138,Deepak Tiwari,9839000138,2024-04-16 21:25:36,107,voice,25,"Dashashwamedh PS Tower, Varanasi"
UP-CDR-002159,UP00369,Sonu Gautam,9125000369,UP00235,Imran Srivastav,9927000235,2024-05-08 06:40:32,129,voice,400,"Chowk PS Tower, Lucknow"
UP-CDR-002160,UP00553,Pramod Chaudhary,9839000553,UP00371,Rizwan Pandey,9412000371,2024-04-28 02:03:27,119,voice,514,"Ramgarh Tal PS Tower, Gorakhpur"
UP-CDR-002161,UP00262,Tariq Tiwari,8006000262,UP00544,Deepak Verma,9125000544,2024-06-23 22:39:38,175,sms,710,"Gomti Nagar PS Tower, Lucknow"
UP-CDR-002162,UP00141,Mahesh Dubey,9412000141,UP00250,Rajesh Gurjar,9927000250,2024-05-23 18:05:30,144,voice,594,"Naini PS Tower, Prayagraj"
UP-CDR-002163,UP00003,Abhay Tripathi,7007000003,UP00299,Santosh Maurya,9927000299,2024-04-03 19:02:27,94,sms,656,"Bhelupur PS Tower, Varanasi"
UP-CDR-002164,UP00164,Akhilesh Yadav,9837000164,UP00038,Sunil Tiwari,9415000038,2024-06-04 08:20:50,156,voice,541,"Govind Nagar PS Tower, Kanpur Nagar"
UP-CDR-002165,UP00856,Rajesh Maurya,9125000856,UP01628,Mukhtar Gupta,8840001628,2024-01-16 04:38:13,16,voice,889,"Kotwali PS Tower, Ayodhya"
UP-CDR-002166,UP00045,Tariq Tiwari,9412000045,UP02941,Ajay Bind,9839002941,2024-04-04 14:50:57,95,voice,1122,"Cantt PS Tower, Gorakhpur"
UP-CDR-002167,UP02430,Akhilesh Tyagi,9837002430,UP02725,Alok Khan,9125002725,2024-02-09 09:28:49,40,voice,448,"Kotwali PS Tower, Bareilly"
UP-CDR-002168,UP00177,Imran Srivastav,8006000177,UP00260,Munna Rajput,9415000260,2024-02-20 17:42:24,51,sms,1039,"Ayodhya Kotwali PS Tower, Ayodhya"
UP-CDR-002169,UP00544,Deepak Verma,9125000544,UP00015,Amit Tyagi,9415000015,2024-01-03 02:40:38,3,voice,861,"Alambagh PS Tower, Lucknow"
UP-CDR-002170,UP00069,Pramod Yadav,9125000069,UP00398,Manoj Nishad,7007000398,2024-07-16 14:33:48,198,voice,207,"Partapur PS Tower, Meerut"
UP-CDR-002171,UP00457,Dharmendra Gupta,9837000457,UP00281,Abhay Yadav,9927000281,2024-05-23 10:43:35,144,sms,102,"Chinhat PS Tower, Lucknow"
UP-CDR-002172,UP00025,Dhananjay Pal,8006000025,UP00342,Pramod Yadav,9839000342,2024-05-19 04:26:22,140,voice,360,"Civil Lines PS Tower, Meerut"
UP-CDR-002173,UP00238,Virendra Tiwari,9415000238,UP00074,Rajesh Tripathi,9837000074,2024-08-11 16:18:45,224,voice,620,"Prem Nagar PS Tower, Jhansi"
UP-CDR-002174,UP01727,Rakesh Verma,9839001727,UP00155,Satish Tyagi,9125000155,2024-05-12 06:38:42,133,voice,241,"Prem Nagar PS Tower, Jhansi"
UP-CDR-002175,UP00537,Guddu Srivastav,9839000537,UP00553,Pramod Chaudhary,9839000553,2024-06-26 12:32:56,178,voice,676,"Ramgarh Tal PS Tower, Gorakhpur"
UP-CDR-002176,UP00255,Gufran Tomar,9125000255,UP00546,Chhotu Rawat,9125000546,2024-08-23 00:19:02,236,sms,258,"Kotwali PS Tower, Jhansi"
UP-CDR-002177,UP02509,Imran Rawat,8006002509,UP02598,Satish Srivastav,9415002598,2024-07-01 21:47:54,183,sms,519,"Baradari PS Tower, Bareilly"
UP-CDR-002178,UP01392,Dhananjay Tyagi,9839001392,UP02740,Akhilesh Nagar,9125002740,2024-01-03 01:20:41,3,voice,554,"Kotwali PS Tower, Ghaziabad"
UP-CDR-002179,UP00502,Neeraj Qureshi,9719000502,UP00206,Pramod Yadav,7500000206,2024-07-02 02:15:06,184,sms,546,"Kotwali PS Tower, Kanpur Nagar"
UP-CDR-002180,UP00650,Imran Nishad,8840000650,UP01873,Chhotu Yadav,8840001873,2024-06-16 17:27:47,168,voice,114,"Hazratganj PS Tower, Lucknow"
UP-CDR-002181,UP01229,Pramod Srivastav,8840001229,UP00049,Virendra Tyagi,9719000049,2024-02-20 10:06:23,51,sms,77,"Raunahi PS Tower, Ayodhya"
UP-CDR-002182,UP00152,Sonu Rajput,9837000152,UP00250,Rajesh Gurjar,9927000250,2024-06-21 01:21:01,173,voice,656,"Kotwali PS Tower, Bareilly"
UP-CDR-002183,UP00385,Rajesh Kushwaha,8006000385,UP00046,Rajesh Dubey,8840000046,2024-01-22 22:57:58,22,voice,866,"Lisari Gate PS Tower, Meerut"
UP-CDR-002184,UP00261,Rajesh Verma,7007000261,UP00095,Akhilesh Tomar,8006000095,2024-06-01 23:32:04,153,voice,569,"Shivpur PS Tower, Varanasi"
UP-CDR-002185,UP00249,Neeraj Pandey,9412000249,UP00597,Anil Ansari,9839000597,2024-04-05 15:44:38,96,voice,932,"Govind Nagar PS Tower, Kanpur Nagar"
UP-CDR-002186,UP01022,Guddu Rawat,8840001022,UP01379,Brijesh Gurjar,8840001379,2024-06-16 00:58:00,168,sms,958,"Shivpur PS Tower, Varanasi"
UP-CDR-002187,UP02838,Bablu Siddiqui,7500002838,UP02008,Amit Rawat,9927002008,2024-07-27 19:52:13,209,sms,625,"Kotwali PS Tower, Bareilly"
UP-CDR-002188,UP00087,Alok Tyagi,9839000087,UP00050,Akhilesh Rawat,8840000050,2024-03-21 16:22:24,81,voice,1094,"Kavi Nagar PS Tower, Ghaziabad"
UP-CDR-002189,UP00411,Amit Rajput,7007000411,UP00089,Santosh Siddiqui,9927000089,2024-06-14 18:56:17,166,sms,911,"Collectorganj PS Tower, Kanpur Nagar"
UP-CDR-002190,UP00285,Abhay Yadav,9412000285,UP00556,Aslam Pal,9927000556,2024-02-18 12:30:37,49,voice,645,"Nauchandi PS Tower, Meerut"
UP-CDR-002191,UP00333,Satish Chauhan,8840000333,UP00024,Deepak Gautam,9412000024,2024-06-18 20:02:41,170,voice,200,"Rakabganj PS Tower, Agra"
UP-CDR-002192,UP00522,Pankaj Srivastav,9837000522,UP00248,Manoj Gupta,9839000248,2024-02-05 19:45:40,36,sms,67,"Naini PS Tower, Prayagraj"
UP-CDR-002193,UP00088,Pankaj Tomar,9839000088,UP00499,Akhilesh Bind,7500000499,2024-01-19 20:58:46,19,voice,253,"Prem Nagar PS Tower, Bareilly"
UP-CDR-002194,UP01295,Ajay Tripathi,9837001295,UP00741,Satish Chauhan,9719000741,2024-07-31 18:58:32,213,voice,201,"Rakabganj PS Tower, Agra"
UP-CDR-002195,UP00011,Chhotu Gupta,7500000011,UP00412,Atiq Qureshi,9927000412,2024-01-04 19:58:07,4,voice,1105,"Gorakhnath PS Tower, Gorakhpur"
UP-CDR-002196,UP00179,Pramod Gurjar,9837000179,UP00290,Pramod Yadav,9839000290,2024-05-17 15:47:57,138,voice,1073,"Kareli PS Tower, Prayagraj"
UP-CDR-002197,UP00526,Rajesh Nishad,9415000526,UP00466,Aslam Tripathi,9412000466,2024-04-19 09:38:46,110,voice,206,"Ayodhya Kotwali PS Tower, Ayodhya"
UP-CDR-002198,UP00466,Aslam Tripathi,9412000466,UP00291,Rakesh Rawat,8840000291,2024-07-20 09:59:22,202,sms,799,"Bhelupur PS Tower, Varanasi"
UP-CDR-002199,UP00373,Mukhtar Dubey,7007000373,UP00309,Suresh Gupta,9125000309,2024-01-02 18:10:49,2,voice,108,"Kotwali PS Tower, Kanpur Nagar"
UP-CDR-002200,UP00451,Alok Chaudhary,9839000451,UP00414,Suresh Shukla,9415000414,2024-01-29 01:16:02,29,voice,972,"Sector 39 PS Tower, Gautam Buddha Nagar (Noida)"
UP-CDR-002201,UP02449,Mahesh Jaiswal,7500002449,UP00302,Dharmendra Dubey,9450000302,2024-03-29 06:36:54,89,voice,814,"Katra PS Tower, Prayagraj"
UP-CDR-002202,UP00415,Deepak Pandey,9719000415,UP00458,Rizwan Pandey,9927000458,2024-08-18 19:40:12,231,voice,442,"Barra PS Tower, Kanpur Nagar"
UP-CDR-002203,UP02037,Tariq Gupta,9839002037,UP00919,Akhilesh Maurya,7007000919,2024-02-23 16:09:45,54,voice,603,"Dhoomanganj PS Tower, Prayagraj"
UP-CDR-002204,UP00495,Tariq Chaudhary,7007000495,UP00518,Babloo Bind,9125000518,2024-08-16 10:22:31,229,sms,637,"Kotwali PS Tower, Ayodhya"
UP-CDR-002205,UP00173,Sonu Dubey,9415000173,UP00378,Abhay Rawat,8840000378,2024-07-18 10:43:39,200,voice,319,"Etmadpur PS Tower, Agra"
UP-CDR-002206,UP00559,Sunil Nishad,9415000559,UP00371,Rizwan Pandey,9412000371,2024-05-10 11:16:20,131,voice,233,"Kotwali PS Tower, Bareilly"
UP-CDR-002207,UP01222,Abhay Khan,9927001222,UP01988,Chhotu Pal,7500001988,2024-01-21 10:19:58,21,voice,403,"Knowledge Park PS Tower, Gautam Buddha Nagar (Noida)"
UP-CDR-002208,UP00099,Alok Tomar,9412000099,UP00361,Chhotu Nishad,9450000361,2024-06-07 05:08:32,159,voice,437,"Shivpur PS Tower, Varanasi"
UP-CDR-002209,UP00309,Suresh Gupta,9125000309,UP00423,Pramod Kushwaha,9125000423,2024-08-05 14:54:09,218,voice,1010,"Baradari PS Tower, Bareilly"
UP-CDR-002210,UP00396,Munna Gurjar,7007000396,UP00219,Abhay Shukla,9412000219,2024-02-09 06:29:29,40,voice,1118,"Kotwali PS Tower, Kanpur Nagar"
UP-CDR-002211,UP00038,Sunil Tiwari,9415000038,UP00175,Munna Rajput,7500000175,2024-01-25 21:37:43,25,voice,955,"Hazratganj PS Tower, Lucknow"
UP-CDR-002212,UP00247,Vikram Khan,9125000247,UP00218,Dharmendra Gupta,9927000218,2024-08-11 06:36:20,224,voice,576,"Sipri Bazar PS Tower, Jhansi"
UP-CDR-002213,UP00575,Suresh Gautam,7007000575,UP00253,Mahesh Chaudhary,9927000253,2024-07-18 08:22:10,200,voice,234,"Sector 39 PS Tower, Gautam Buddha Nagar (Noida)"
UP-CDR-002214,UP00259,Amit Chauhan,7007000259,UP00119,Alok Gupta,9450000119,2024-02-03 12:31:12,34,voice,89,"Kalyanpur PS Tower, Kanpur Nagar"
UP-CDR-002215,UP00403,Imran Verma,9839000403,UP00369,Sonu Gautam,9125000369,2024-03-03 00:10:32,63,voice,758,"Gorakhnath PS Tower, Gorakhpur"
UP-CDR-002216,UP01144,Bablu Gurjar,9839001144,UP02921,Rizwan Gautam,7500002921,2024-02-21 00:24:53,52,voice,1005,"Nauchandi PS Tower, Meerut"
UP-CDR-002217,UP00299,Santosh Maurya,9927000299,UP00291,Rakesh Rawat,8840000291,2024-06-05 05:19:19,157,voice,1038,"Sipri Bazar PS Tower, Jhansi"
UP-CDR-002218,UP00047,Chhotu Tripathi,9125000047,UP00337,Ravindra Pal,7007000337,2024-06-07 15:22:41,159,voice,663,"Gomti Nagar PS Tower, Lucknow"
UP-CDR-002219,UP00379,Ajay Qureshi,9719000379,UP00514,Akhilesh Maurya,9927000514,2024-03-13 23:23:33,73,sms,120,"Prem Nagar PS Tower, Jhansi"
UP-CDR-002220,UP00136,Anil Qureshi,9837000136,UP00420,Munna Yadav,7007000420,2024-02-21 17:26:29,52,voice,847,"Indirapuram PS Tower, Ghaziabad"
UP-CDR-002221,UP00407,Guddu Tomar,9927000407,UP00596,Neeraj Shukla,9415000596,2024-03-11 01:32:44,71,voice,200,"Shahganj PS Tower, Agra"
UP-CDR-002222,UP00378,Abhay Rawat,8840000378,UP00566,Ajay Rajput,8006000566,2024-03-28 11:12:02,88,voice,782,"Sikandra PS Tower, Agra"
UP-CDR-002223,UP01651,Mukhtar Gautam,9415001651,UP02929,Neeraj Pal,8006002929,2024-04-15 14:32:55,106,voice,332,"Raunahi PS Tower, Ayodhya"
UP-CDR-002224,UP00195,Pramod Siddiqui,9927000195,UP00569,Neeraj Qureshi,8006000569,2024-05-27 10:05:33,148,voice,229,"Kotwali PS Tower, Jhansi"
UP-CDR-002225,UP00055,Pappu Pandey,8840000055,UP00134,Chhotu Tripathi,9837000134,2024-04-14 20:19:39,105,voice,359,"Cantt PS Tower, Gorakhpur"
UP-CDR-002226,UP00540,Ramesh Khan,9839000540,UP00387,Ravindra Rajput,8006000387,2024-02-15 18:21:52,46,voice,719,"Nauchandi PS Tower, Meerut"
UP-CDR-002227,UP00239,Pappu Rajput,9412000239,UP00559,Sunil Nishad,9415000559,2024-03-16 06:20:31,76,voice,1090,"Tiwaripur PS Tower, Gorakhpur"
UP-CDR-002228,UP00990,Sunil Khan,8840000990,UP02042,Brijesh Siddiqui,8006002042,2024-01-13 16:13:48,13,sms,787,"Phase 2 PS Tower, Gautam Buddha Nagar (Noida)"
UP-CDR-002229,UP00348,Rakesh Pal,7500000348,UP00244,Satish Bind,8840000244,2024-05-04 08:19:36,125,voice,1147,"Chetganj PS Tower, Varanasi"
UP-CDR-002230,UP00583,Vikram Gurjar,9839000583,UP00379,Ajay Qureshi,9719000379,2024-03-07 22:32:17,67,voice,514,"Sector 20 PS Tower, Gautam Buddha Nagar (Noida)"
UP-CDR-002231,UP00560,Guddu Verma,9927000560,UP00162,Deepak Pal,9450000162,2024-04-08 08:09:17,99,voice,535,"Knowledge Park PS Tower, Gautam Buddha Nagar (Noida)"
UP-CDR-002232,UP00189,Anil Jaiswal,7500000189,UP00145,Akhilesh Shukla,7007000145,2024-03-19 06:36:41,79,voice,734,"Hazratganj PS Tower, Lucknow"
UP-CDR-002233,UP00057,Akhilesh Chauhan,9125000057,UP00459,Alok Chauhan,7500000459,2024-01-25 16:01:00,25,voice,188,"Chakeri PS Tower, Kanpur Nagar"
UP-CDR-002234,UP00351,Deepak Qureshi,9125000351,UP00044,Mahesh Pandey,9719000044,2024-02-12 02:52:05,43,voice,1046,"Sahibabad PS Tower, Ghaziabad"
UP-CDR-002235,UP00089,Santosh Siddiqui,9927000089,UP00114,Atiq Chaudhary,7500000114,2024-01-26 20:52:06,26,voice,941,"Raunahi PS Tower, Ayodhya"
UP-CDR-002236,UP00369,Sonu Gautam,9125000369,UP00511,Munna Jaiswal,8840000511,2024-04-21 19:52:19,112,voice,300,"Sigra PS Tower, Varanasi"
UP-CDR-002237,UP00521,Rizwan Kushwaha,9125000521,UP00050,Akhilesh Rawat,8840000050,2024-08-24 04:48:03,237,voice,333,"Nawabad PS Tower, Jhansi"
UP-CDR-002238,UP00290,Pramod Yadav,9839000290,UP01882,Abhay Khan,9927001882,2024-07-16 04:26:13,198,voice,298,"Nawabad PS Tower, Jhansi"
UP-CDR-002239,UP02840,Abhay Pandey,8840002840,UP02183,Tariq Gupta,9839002183,2024-07-22 16:57:40,204,sms,1051,"Prem Nagar PS Tower, Bareilly"
UP-CDR-002240,UP00576,Babloo Shukla,9450000576,UP00111,Deepak Yadav,9415000111,2024-06-10 13:17:51,162,sms,197,"Kavi Nagar PS Tower, Ghaziabad"
UP-CDR-002241,UP00523,Imran Shukla,9412000523,UP00475,Pramod Gupta,8006000475,2024-07-14 15:15:02,196,voice,476,"Phase 2 PS Tower, Gautam Buddha Nagar (Noida)"
UP-CDR-002242,UP00065,Munna Srivastav,9839000065,UP00276,Alok Gupta,7500000276,2024-05-25 03:38:27,146,voice,1147,"Govind Nagar PS Tower, Kanpur Nagar"
UP-CDR-002243,UP00485,Sonu Singh,9125000485,UP00184,Imran Nishad,7007000184,2024-05-21 21:50:17,142,voice,335,"Lisari Gate PS Tower, Meerut"
UP-CDR-002244,UP00389,Atiq Yadav,9415000389,UP00288,Bablu Qureshi,9719000288,2024-06-22 19:07:13,174,voice,565,"Izzatnagar PS Tower, Bareilly"
UP-CDR-002245,UP02272,Pramod Tomar,9719002272,UP01733,Ramesh Tomar,9125001733,2024-02-22 21:42:38,53,voice,290,"Chetganj PS Tower, Varanasi"
UP-CDR-002246,UP02968,Munna Nagar,8840002968,UP00485,Sonu Singh,9125000485,2024-05-29 10:12:50,150,voice,168,"Chinhat PS Tower, Lucknow"
UP-CDR-002247,UP00105,Rizwan Tiwari,9125000105,UP00550,Babloo Maurya,7007000550,2024-08-11 12:30:16,224,voice,1176,"Raunahi PS Tower, Ayodhya"
UP-CDR-002248,UP00007,Gufran Siddiqui,9719000007,UP00257,Abhay Dubey,7007000257,2024-04-25 04:01:27,116,voice,464,"Tajganj PS Tower, Agra"
UP-CDR-002249,UP00293,Imran Singh,9839000293,UP00383,Alok Khan,9125000383,2024-01-03 12:57:50,3,voice,1033,"Brahmpuri PS Tower, Meerut"
UP-CDR-002250,UP00157,Imran Singh,9125000157,UP00316,Satish Pal,7007000316,2024-04-22 21:08:35,113,voice,922,"Raunahi PS Tower, Ayodhya"
UP-CDR-002251,UP02717,Tariq Dubey,9415002717,UP00700,Dhananjay Tripathi,9412000700,2024-02-26 10:42:28,57,sms,297,"Katra PS Tower, Prayagraj"
UP-CDR-002252,UP00050,Akhilesh Rawat,8840000050,UP00585,Satish Tyagi,7500000585,2024-02-08 23:37:28,39,voice,336,"Collectorganj PS Tower, Kanpur Nagar"
UP-CDR-002253,UP00076,Mahesh Mishra,9450000076,UP00400,Abhay Nagar,9837000400,2024-01-08 07:10:00,8,voice,212,"Chakeri PS Tower, Kanpur Nagar"
UP-CDR-002254,UP00176,Amit Tiwari,9839000176,UP00074,Rajesh Tripathi,9837000074,2024-03-12 23:18:41,72,voice,315,"Hazratganj PS Tower, Lucknow"
UP-CDR-002255,UP00315,Pramod Gautam,9125000315,UP00531,Atiq Siddiqui,9125000531,2024-04-21 03:40:09,112,voice,576,"Kotwali PS Tower, Ayodhya"
UP-CDR-002256,UP00202,Pramod Tiwari,8840000202,UP00336,Dhananjay Rawat,8006000336,2024-01-12 10:51:39,12,voice,845,"Cantt PS Tower, Gorakhpur"
UP-CDR-002257,UP00432,Manoj Qureshi,8840000432,UP02684,Mukhtar Rawat,7007002684,2024-08-19 12:37:05,232,voice,108,"Hari Parbat PS Tower, Agra"
UP-CDR-002258,UP01965,Tariq Chauhan,9719001965,UP00950,Amit Singh,9412000950,2024-06-03 13:03:14,155,voice,269,"Partapur PS Tower, Meerut"
UP-CDR-002259,UP02428,Akhilesh Khan,9450002428,UP01668,Pankaj Tiwari,9125001668,2024-03-07 14:07:43,67,voice,437,"Nawabad PS Tower, Jhansi"
UP-CDR-002260,UP00080,Ramesh Verma,9125000080,UP01267,Munna Bind,7500001267,2024-05-04 20:37:37,125,voice,756,"Prem Nagar PS Tower, Bareilly"
UP-CDR-002261,UP00072,Chhotu Nagar,7007000072,UP00659,Abhay Verma,9837000659,2024-08-17 15:40:41,230,voice,1001,"Sector 20 PS Tower, Gautam Buddha Nagar (Noida)"
UP-CDR-002262,UP00406,Satish Shukla,7007000406,UP00466,Aslam Tripathi,9412000466,2024-04-19 07:18:55,110,voice,1059,"Shahganj PS Tower, Agra"
UP-CDR-002263,UP00542,Virendra Kushwaha,9450000542,UP00427,Mahesh Mishra,9415000427,2024-01-10 06:01:08,10,sms,1079,"Kotwali PS Tower, Ayodhya"
UP-CDR-002264,UP00398,Manoj Nishad,7007000398,UP00599,Sanjay Gupta,9415000599,2024-01-13 15:18:31,13,sms,739,"Prem Nagar PS Tower, Jhansi"
UP-CDR-002265,UP02330,Ajay Gurjar,9125002330,UP00047,Chhotu Tripathi,9125000047,2024-06-25 17:30:55,177,voice,774,"Sahibabad PS Tower, Ghaziabad"
UP-CDR-002266,UP00523,Imran Shukla,9412000523,UP01899,Bablu Gautam,9415001899,2024-06-20 01:34:03,172,voice,373,"Knowledge Park PS Tower, Gautam Buddha Nagar (Noida)"
UP-CDR-002267,UP00480,Rakesh Nishad,9839000480,UP00351,Deepak Qureshi,9125000351,2024-06-20 02:54:11,172,sms,191,"Kotwali PS Tower, Jhansi"
UP-CDR-002268,UP00478,Rakesh Chauhan,9837000478,UP00014,Bablu Bind,8006000014,2024-06-08 08:31:48,160,voice,801,"Nawabad PS Tower, Jhansi"
UP-CDR-002269,UP00443,Imran Shukla,9927000443,UP00178,Rizwan Siddiqui,8006000178,2024-08-24 04:49:21,237,sms,914,"Sigra PS Tower, Varanasi"
UP-CDR-002270,UP00375,Santosh Jaiswal,9839000375,UP00339,Atiq Pal,9412000339,2024-06-20 03:11:09,172,voice,1170,"Shahpur PS Tower, Gorakhpur"
UP-CDR-002271,UP00129,Amit Srivastav,9412000129,UP00423,Pramod Kushwaha,9125000423,2024-06-13 23:55:22,165,voice,536,"Ramgarh Tal PS Tower, Gorakhpur"
UP-CDR-002272,UP02107,Munna Gupta,7007002107,UP00808,Dhananjay Chauhan,9412000808,2024-04-04 17:07:50,95,voice,1051,"Knowledge Park PS Tower, Gautam Buddha Nagar (Noida)"
UP-CDR-002273,UP00291,Rakesh Rawat,8840000291,UP00354,Akhilesh Rajput,8840000354,2024-04-05 11:32:54,96,voice,1173,"Shivpur PS Tower, Varanasi"
UP-CDR-002274,UP00054,Sonu Chaudhary,7500000054,UP00195,Pramod Siddiqui,9927000195,2024-03-18 16:06:54,78,voice,628,"Nauchandi PS Tower, Meerut"
UP-CDR-002275,UP00222,Babloo Siddiqui,9719000222,UP00566,Ajay Rajput,8006000566,2024-01-20 07:44:25,20,voice,577,"Sihani Gate PS Tower, Ghaziabad"
UP-CDR-002276,UP00501,Ravindra Maurya,9125000501,UP00172,Sonu Chauhan,8840000172,2024-04-10 16:11:52,101,voice,738,"Sadar Bazar PS Tower, Meerut"
UP-CDR-002277,UP00461,Ajay Rawat,8840000461,UP00343,Tariq Kushwaha,7007000343,2024-01-12 09:25:19,12,voice,579,"Kotwali PS Tower, Gorakhpur"
UP-CDR-002278,UP00481,Ajay Ansari,8006000481,UP00139,Manoj Bind,9927000139,2024-03-04 16:58:43,64,voice,409,"Bhelupur PS Tower, Varanasi"
UP-CDR-002279,UP00272,Neeraj Chauhan,9450000272,UP00361,Chhotu Nishad,9450000361,2024-06-22 11:43:24,174,voice,893,"Knowledge Park PS Tower, Gautam Buddha Nagar (Noida)"
UP-CDR-002280,UP00713,Dhananjay Qureshi,7500000713,UP02505,Munna Khan,7007002505,2024-01-01 07:40:55,1,voice,966,"Kotwali PS Tower, Jhansi"
UP-CDR-002281,UP00346,Tariq Verma,9719000346,UP00011,Chhotu Gupta,7500000011,2024-04-16 18:15:54,107,voice,1051,"Kotwali PS Tower, Jhansi"
UP-CDR-002282,UP00969,Manoj Kushwaha,9412000969,UP01085,Gufran Shukla,9450001085,2024-05-26 11:25:33,147,sms,669,"Cantt PS Tower, Ayodhya"
UP-CDR-002283,UP00217,Abhay Bind,9450000217,UP00159,Santosh Pandey,9839000159,2024-08-25 03:47:20,238,sms,1175,"Lisari Gate PS Tower, Meerut"
UP-CDR-002284,UP00599,Sanjay Gupta,9415000599,UP00573,Imran Dubey,9415000573,2024-03-19 08:29:24,79,voice,401,"Sipri Bazar PS Tower, Jhansi"
UP-CDR-002285,UP00485,Sonu Singh,9125000485,UP00072,Chhotu Nagar,7007000072,2024-02-14 06:56:42,45,sms,1101,"Kotwali PS Tower, Bareilly"
UP-CDR-002286,UP00005,Ravindra Kushwaha,9839000005,UP00396,Munna Gurjar,7007000396,2024-05-06 06:08:21,127,voice,996,"Sikandra PS Tower, Agra"
UP-CDR-002287,UP00151,Dharmendra Nishad,8840000151,UP00239,Pappu Rajput,9412000239,2024-05-09 00:34:33,130,voice,1034,"Tajganj PS Tower, Agra"
UP-CDR-002288,UP00543,Mahesh Jaiswal,9719000543,UP00096,Chhotu Dubey,9412000096,2024-06-21 22:00:44,173,voice,517,"Nawabad PS Tower, Jhansi"
UP-CDR-002289,UP00116,Tariq Gautam,9839000116,UP00275,Sanjay Ansari,9837000275,2024-08-05 09:13:51,218,voice,950,"Civil Lines PS Tower, Meerut"
UP-CDR-002290,UP00025,Dhananjay Pal,8006000025,UP00246,Rakesh Shukla,9412000246,2024-07-31 16:43:42,213,sms,1005,"Barra PS Tower, Kanpur Nagar"
UP-CDR-002291,UP01511,Alok Rawat,9450001511,UP00292,Rakesh Rajput,9837000292,2024-04-20 07:25:36,111,sms,556,"Dhoomanganj PS Tower, Prayagraj"
UP-CDR-002292,UP00287,Rajesh Gautam,9125000287,UP00106,Mahesh Chauhan,7500000106,2024-05-26 18:31:53,147,sms,663,"Sector 24 PS Tower, Gautam Buddha Nagar (Noida)"
UP-CDR-002293,UP00121,Anil Tiwari,9412000121,UP00572,Rakesh Ansari,9450000572,2024-02-25 02:24:04,56,voice,963,"Bhelupur PS Tower, Varanasi"
UP-CDR-002294,UP01920,Munna Pandey,9719001920,UP00061,Sonu Khan,8006000061,2024-07-11 00:32:04,193,voice,1199,"Surajpur PS Tower, Gautam Buddha Nagar (Noida)"
UP-CDR-002295,UP01632,Akhilesh Srivastav,9125001632,UP01748,Dharmendra Verma,9125001748,2024-03-19 00:01:20,79,voice,419,"Prem Nagar PS Tower, Bareilly"
UP-CDR-002296,UP00409,Anil Nishad,7007000409,UP00418,Ajay Maurya,9450000418,2024-08-26 19:55:29,239,voice,336,"Hazratganj PS Tower, Lucknow"
UP-CDR-002297,UP00243,Dharmendra Chaudhary,8840000243,UP00240,Deepak Bind,9719000240,2024-06-18 05:26:29,170,voice,340,"Kotwali PS Tower, Jhansi"
UP-CDR-002298,UP00080,Ramesh Verma,9125000080,UP00062,Manoj Chauhan,7500000062,2024-04-02 03:04:56,93,voice,368,"Surajpur PS Tower, Gautam Buddha Nagar (Noida)"
UP-CDR-002299,UP00297,Vikram Yadav,7007000297,UP00496,Ravindra Yadav,9412000496,2024-06-20 11:54:32,172,voice,460,"Surajpur PS Tower, Gautam Buddha Nagar (Noida)"
UP-CDR-002300,UP00190,Pappu Rawat,9415000190,UP00034,Satish Jaiswal,9415000034,2024-06-09 07:34:26,161,voice,1146,"Tiwaripur PS Tower, Gorakhpur"
UP-CDR-002301,UP00116,Tariq Gautam,9839000116,UP00221,Deepak Kushwaha,8006000221,2024-06-21 07:42:59,173,voice,121,"Baradari PS Tower, Bareilly"
UP-CDR-002302,UP02722,Sonu Pal,9415002722,UP02856,Pramod Yadav,8840002856,2024-04-01 10:25:59,92,voice,548,"Govind Nagar PS Tower, Kanpur Nagar"
UP-CDR-002303,UP00410,Amit Maurya,9927000410,UP00348,Rakesh Pal,7500000348,2024-07-10 11:23:51,192,voice,541,"Prem Nagar PS Tower, Jhansi"
UP-CDR-002304,UP00337,Ravindra Pal,7007000337,UP00328,Atiq Chauhan,9927000328,2024-04-15 01:31:51,106,voice,890,"Hazratganj PS Tower, Lucknow"
UP-CDR-002305,UP00090,Mukhtar Dubey,9450000090,UP00032,Babloo Tomar,9125000032,2024-02-12 23:40:20,43,voice,1147,"Sector 20 PS Tower, Gautam Buddha Nagar (Noida)"
UP-CDR-002306,UP00256,Alok Pandey,9450000256,UP00396,Munna Gurjar,7007000396,2024-06-12 18:03:56,164,voice,875,"Chowk PS Tower, Lucknow"
UP-CDR-002307,UP01519,Manoj Maurya,7007001519,UP01525,Vikram Chauhan,8840001525,2024-07-16 15:53:32,198,voice,78,"Dhoomanganj PS Tower, Prayagraj"
UP-CDR-002308,UP00022,Rizwan Nagar,8006000022,UP00174,Ramesh Kushwaha,7007000174,2024-05-29 02:24:25,150,voice,370,"Hari Parbat PS Tower, Agra"
UP-CDR-002309,UP02937,Satish Qureshi,9719002937,UP02656,Abhay Rawat,9927002656,2024-06-28 04:43:44,180,voice,406,"Kotwali PS Tower, Kanpur Nagar"
UP-CDR-002310,UP00326,Abhay Pal,9839000326,UP00090,Mukhtar Dubey,9450000090,2024-04-06 00:56:08,97,voice,180,"Kotwali PS Tower, Kanpur Nagar"
UP-CDR-002311,UP00446,Pramod Khan,9719000446,UP00445,Manoj Chauhan,9412000445,2024-07-06 22:58:43,188,voice,796,"Sector 39 PS Tower, Gautam Buddha Nagar (Noida)"
UP-CDR-002312,UP00597,Anil Ansari,9839000597,UP00371,Rizwan Pandey,9412000371,2024-02-06 04:11:06,37,voice,435,"Sector 39 PS Tower, Gautam Buddha Nagar (Noida)"
UP-CDR-002313,UP00407,Guddu Tomar,9927000407,UP00490,Mukhtar Mishra,9415000490,2024-02-13 14:09:04,44,voice,1075,"Dhoomanganj PS Tower, Prayagraj"
UP-CDR-002314,UP00058,Suresh Jaiswal,7007000058,UP00361,Chhotu Nishad,9450000361,2024-02-12 13:38:14,43,voice,850,"Kotwali PS Tower, Gorakhpur"
UP-CDR-002315,UP00088,Pankaj Tomar,9839000088,UP00476,Sonu Siddiqui,7007000476,2024-07-26 09:52:12,208,sms,969,"Civil Lines PS Tower, Meerut"
UP-CDR-002316,UP00547,Aslam Dubey,8006000547,UP00420,Munna Yadav,7007000420,2024-03-13 08:48:08,73,sms,558,"Knowledge Park PS Tower, Gautam Buddha Nagar (Noida)"
UP-CDR-002317,UP00568,Brijesh Gautam,9927000568,UP00324,Abhay Gupta,9450000324,2024-06-27 08:25:15,179,voice,785,"Civil Lines PS Tower, Prayagraj"
UP-CDR-002318,UP00134,Chhotu Tripathi,9837000134,UP00356,Alok Gautam,9837000356,2024-08-27 15:12:45,240,voice,479,"Kotwali PS Tower, Ayodhya"
UP-CDR-002319,UP02543,Bablu Khan,8006002543,UP00489,Pramod Srivastav,7007000489,2024-04-27 09:51:17,118,voice,923,"Naini PS Tower, Prayagraj"
UP-CDR-002320,UP02805,Deepak Tyagi,9839002805,UP01714,Neeraj Nagar,8840001714,2024-08-26 19:37:43,239,voice,1106,"Sector 20 PS Tower, Gautam Buddha Nagar (Noida)"
UP-CDR-002321,UP00357,Amit Shukla,9719000357,UP01043,Aslam Shukla,7007001043,2024-02-15 15:14:08,46,voice,540,"Chetganj PS Tower, Varanasi"
UP-CDR-002322,UP00183,Vikram Tripathi,8840000183,UP00605,Mahesh Kushwaha,7500000605,2024-05-27 09:51:06,148,voice,1124,"Govind Nagar PS Tower, Kanpur Nagar"
UP-CDR-002323,UP00596,Neeraj Shukla,9415000596,UP01726,Mukhtar Chaudhary,9719001726,2024-04-26 08:43:10,117,voice,532,"Partapur PS Tower, Meerut"
UP-CDR-002324,UP00317,Satish Tiwari,9450000317,UP00374,Ramesh Rajput,9837000374,2024-01-13 09:43:04,13,voice,322,"Katra PS Tower, Prayagraj"
UP-CDR-002325,UP00165,Mukhtar Nagar,7007000165,UP00086,Guddu Srivastav,9839000086,2024-02-02 10:04:58,33,voice,637,"Prem Nagar PS Tower, Jhansi"
UP-CDR-002326,UP00053,Rajesh Chauhan,9719000053,UP00142,Sonu Chaudhary,9450000142,2024-02-13 11:32:59,44,voice,788,"Kavi Nagar PS Tower, Ghaziabad"
UP-CDR-002327,UP00342,Pramod Yadav,9839000342,UP00152,Sonu Rajput,9837000152,2024-03-30 02:29:39,90,sms,106,"Kotwali PS Tower, Bareilly"
UP-CDR-002328,UP00133,Anil Nishad,9837000133,UP00306,Imran Rawat,8006000306,2024-07-19 20:36:25,201,voice,324,"Sihani Gate PS Tower, Ghaziabad"
UP-CDR-002329,UP00330,Akhilesh Yadav,9927000330,UP00323,Rajesh Siddiqui,9450000323,2024-01-07 17:43:57,7,voice,950,"Gomti Nagar PS Tower, Lucknow"
UP-CDR-002330,UP00595,Aslam Maurya,8840000595,UP00192,Gufran Chauhan,9839000192,2024-07-28 07:02:26,210,voice,324,"Dhoomanganj PS Tower, Prayagraj"
UP-CDR-002331,UP01211,Bablu Ansari,9415001211,UP02494,Gufran Maurya,9125002494,2024-08-01 19:01:23,214,sms,514,"Barra PS Tower, Kanpur Nagar"
UP-CDR-002332,UP01196,Imran Gautam,9412001196,UP00719,Ravindra Rawat,9837000719,2024-07-09 13:26:16,191,sms,315,"Chakeri PS Tower, Kanpur Nagar"
UP-CDR-002333,UP00122,Neeraj Gurjar,9450000122,UP00102,Deepak Gautam,9415000102,2024-04-08 07:07:34,99,voice,468,"Subhash Nagar PS Tower, Bareilly"
UP-CDR-002334,UP00133,Anil Nishad,9837000133,UP00416,Satish Jaiswal,9450000416,2024-06-28 00:05:01,180,voice,1009,"Knowledge Park PS Tower, Gautam Buddha Nagar (Noida)"
UP-CDR-002335,UP01223,Rakesh Mishra,9450001223,UP01002,Suresh Gautam,9450001002,2024-07-15 17:38:09,197,voice,996,"Kotwali PS Tower, Ayodhya"
UP-CDR-002336,UP00496,Ravindra Yadav,9412000496,UP00543,Mahesh Jaiswal,9719000543,2024-06-14 10:35:09,166,voice,29,"Tiwaripur PS Tower, Gorakhpur"
UP-CDR-002337,UP00177,Imran Srivastav,8006000177,UP00029,Ramesh Gautam,9450000029,2024-03-23 00:55:09,83,voice,689,"Sipri Bazar PS Tower, Jhansi"
UP-CDR-002338,UP00173,Sonu Dubey,9415000173,UP00056,Ajay Jaiswal,9839000056,2024-04-17 23:58:06,108,voice,216,"Baradari PS Tower, Bareilly"
UP-CDR-002339,UP00237,Sunil Gupta,9415000237,UP01500,Rajesh Chauhan,9837001500,2024-05-07 13:24:00,128,voice,973,"Chakeri PS Tower, Kanpur Nagar"
UP-CDR-002340,UP00048,Imran Maurya,8840000048,UP00388,Mahesh Tripathi,9839000388,2024-05-31 09:37:32,152,voice,1040,"Phase 2 PS Tower, Gautam Buddha Nagar (Noida)"
UP-CDR-002341,UP00516,Imran Dubey,9719000516,UP00130,Brijesh Nagar,9412000130,2024-05-07 10:12:51,128,voice,960,"Sikandra PS Tower, Agra"
UP-CDR-002342,UP00491,Anil Rawat,7007000491,UP00386,Guddu Pal,9837000386,2024-05-25 19:55:25,146,voice,498,"Kotwali PS Tower, Ayodhya"
UP-CDR-002343,UP00522,Pankaj Srivastav,9837000522,UP00208,Akhilesh Mishra,7500000208,2024-06-17 05:19:46,169,sms,371,"Govind Nagar PS Tower, Kanpur Nagar"
UP-CDR-002344,UP00137,Deepak Jaiswal,9415000137,UP00120,Alok Srivastav,9927000120,2024-02-10 18:39:51,41,voice,95,"Brahmpuri PS Tower, Meerut"
UP-CDR-002345,UP00452,Imran Nagar,7007000452,UP00255,Gufran Tomar,9125000255,2024-05-15 00:06:02,136,voice,939,"George Town PS Tower, Prayagraj"
UP-CDR-002346,UP00477,Chhotu Rajput,9839000477,UP00324,Abhay Gupta,9450000324,2024-03-18 09:41:59,78,voice,1154,"Alambagh PS Tower, Lucknow"
UP-CDR-002347,UP02617,Ajay Siddiqui,9837002617,UP01028,Mukhtar Tiwari,9837001028,2024-01-20 14:28:00,20,voice,680,"Nawabad PS Tower, Jhansi"
UP-CDR-002348,UP00505,Rakesh Siddiqui,8006000505,UP00010,Babloo Tiwari,9415000010,2024-08-15 09:49:40,228,voice,1003,"Raunahi PS Tower, Ayodhya"
UP-CDR-002349,UP00394,Manoj Siddiqui,9839000394,UP00171,Babloo Qureshi,8840000171,2024-04-03 14:56:03,94,voice,356,"Kotwali PS Tower, Ghaziabad"
UP-CDR-002350,UP02863,Bablu Nagar,9415002863,UP00317,Satish Tiwari,9450000317,2024-04-20 23:26:58,111,sms,984,"Subhash Nagar PS Tower, Bareilly"
UP-CDR-002351,UP00352,Chhotu Tomar,8006000352,UP00172,Sonu Chauhan,8840000172,2024-08-17 08:01:42,230,voice,83,"Tiwaripur PS Tower, Gorakhpur"
UP-CDR-002352,UP00575,Suresh Gautam,7007000575,UP00361,Chhotu Nishad,9450000361,2024-01-14 23:31:10,14,voice,1057,"Sipri Bazar PS Tower, Jhansi"
UP-CDR-002353,UP00582,Imran Kushwaha,9837000582,UP00091,Rakesh Pal,9125000091,2024-06-05 22:16:40,157,voice,841,"Collectorganj PS Tower, Kanpur Nagar"
UP-CDR-002354,UP01845,Dharmendra Chaudhary,9415001845,UP01314,Imran Rajput,9412001314,2024-06-10 14:50:34,162,voice,882,"Indirapuram PS Tower, Ghaziabad"
UP-CDR-002355,UP00437,Satish Verma,7007000437,UP00597,Anil Ansari,9839000597,2024-08-22 22:21:31,235,voice,700,"Raunahi PS Tower, Ayodhya"
UP-CDR-002356,UP00199,Rizwan Yadav,7500000199,UP00167,Sunil Kushwaha,9839000167,2024-06-04 22:12:03,156,sms,875,"Baradari PS Tower, Bareilly"
UP-CDR-002357,UP00921,Gufran Chaudhary,9125000921,UP01422,Sunil Shukla,9415001422,2024-01-27 01:27:55,27,voice,494,"Civil Lines PS Tower, Meerut"
UP-CDR-002358,UP00248,Manoj Gupta,9839000248,UP00008,Gufran Tripathi,9412000008,2024-06-06 01:43:42,158,voice,297,"Chinhat PS Tower, Lucknow"
UP-CDR-002359,UP00062,Manoj Chauhan,7500000062,UP00209,Satish Pal,9719000209,2024-05-29 01:19:16,150,voice,1048,"Ramgarh Tal PS Tower, Gorakhpur"
UP-CDR-002360,UP00175,Munna Rajput,7500000175,UP00476,Sonu Siddiqui,7007000476,2024-05-31 05:15:16,152,voice,864,"Sector 39 PS Tower, Gautam Buddha Nagar (Noida)"
UP-CDR-002361,UP00204,Atiq Tomar,9125000204,UP00059,Aslam Chauhan,9450000059,2024-01-06 17:34:23,6,sms,103,"Bhelupur PS Tower, Varanasi"
UP-CDR-002362,UP00020,Santosh Gurjar,7007000020,UP00332,Pankaj Qureshi,7500000332,2024-07-09 03:26:37,191,voice,327,"Etmadpur PS Tower, Agra"
UP-CDR-002363,UP00342,Pramod Yadav,9839000342,UP00418,Ajay Maurya,9450000418,2024-02-13 15:19:00,44,voice,462,"Izzatnagar PS Tower, Bareilly"
UP-CDR-002364,UP00311,Babloo Ansari,9412000311,UP00264,Imran Gupta,9450000264,2024-04-21 01:50:45,112,voice,652,"Izzatnagar PS Tower, Bareilly"
UP-CDR-002365,UP00174,Ramesh Kushwaha,7007000174,UP00054,Sonu Chaudhary,7500000054,2024-02-22 13:59:34,53,voice,342,"Civil Lines PS Tower, Meerut"
UP-CDR-002366,UP00809,Imran Tripathi,8840000809,UP01847,Rakesh Gupta,7007001847,2024-01-20 20:22:54,20,voice,216,"George Town PS Tower, Prayagraj"
UP-CDR-002367,UP00579,Mukhtar Tripathi,9837000579,UP00390,Guddu Siddiqui,8840000390,2024-03-09 09:15:46,69,voice,281,"Sadar Bazar PS Tower, Meerut"
UP-CDR-002368,UP00508,Babloo Maurya,7007000508,UP00239,Pappu Rajput,9412000239,2024-03-21 21:16:50,81,voice,782,"Kalyanpur PS Tower, Kanpur Nagar"
UP-CDR-002369,UP00191,Suresh Pal,9125000191,UP00491,Anil Rawat,7007000491,2024-08-16 23:35:57,229,voice,348,"Prem Nagar PS Tower, Bareilly"
UP-CDR-002370,UP00406,Satish Shukla,7007000406,UP01807,Abhay Shukla,9125001807,2024-07-01 01:05:39,183,voice,51,"Cantt PS Tower, Ayodhya"
UP-CDR-002371,UP02261,Manoj Chauhan,9412002261,UP02482,Aslam Pal,9450002482,2024-01-03 08:37:00,3,voice,542,"Nawabad PS Tower, Jhansi"
UP-CDR-002372,UP00172,Sonu Chauhan,8840000172,UP00189,Anil Jaiswal,7500000189,2024-07-08 00:00:41,190,voice,177,"Sadar Bazar PS Tower, Meerut"
UP-CDR-002373,UP00231,Vikram Chauhan,7500000231,UP00222,Babloo Siddiqui,9719000222,2024-01-07 11:27:56,7,voice,664,"Cantt PS Tower, Varanasi"
UP-CDR-002374,UP00595,Aslam Maurya,8840000595,UP00478,Rakesh Chauhan,9837000478,2024-02-01 11:49:06,32,sms,104,"Kavi Nagar PS Tower, Ghaziabad"
UP-CDR-002375,UP00446,Pramod Khan,9719000446,UP02725,Alok Khan,9125002725,2024-07-21 21:22:19,203,voice,245,"Katra PS Tower, Prayagraj"
UP-CDR-002376,UP00156,Imran Verma,9927000156,UP00050,Akhilesh Rawat,8840000050,2024-08-25 22:07:24,238,voice,37,"Raunahi PS Tower, Ayodhya"
UP-CDR-002377,UP00186,Sunil Rajput,9839000186,UP00065,Munna Srivastav,9839000065,2024-02-21 23:11:45,52,voice,382,"Shivpur PS Tower, Varanasi"
UP-CDR-002378,UP00535,Mahesh Srivastav,9839000535,UP00332,Pankaj Qureshi,7500000332,2024-07-09 23:06:48,191,voice,394,"Hazratganj PS Tower, Lucknow"
UP-CDR-002379,UP00551,Rajesh Gupta,7500000551,UP00420,Munna Yadav,7007000420,2024-03-28 10:42:58,88,voice,90,"Partapur PS Tower, Meerut"
UP-CDR-002380,UP01971,Amit Nishad,9415001971,UP00475,Pramod Gupta,8006000475,2024-06-25 19:20:24,177,voice,676,"Sahibabad PS Tower, Ghaziabad"
UP-CDR-002381,UP00541,Sonu Tiwari,9415000541,UP00331,Sanjay Dubey,8006000331,2024-05-24 03:55:29,145,sms,586,"Naini PS Tower, Prayagraj"
UP-CDR-002382,UP00573,Imran Dubey,9415000573,UP00596,Neeraj Shukla,9415000596,2024-02-14 16:02:19,45,voice,642,"Indirapuram PS Tower, Ghaziabad"
UP-CDR-002383,UP02061,Ajay Dubey,9837002061,UP01833,Rajesh Nagar,9125001833,2024-02-10 07:15:57,41,voice,26,"Subhash Nagar PS Tower, Bareilly"
UP-CDR-002384,UP00585,Satish Tyagi,7500000585,UP00448,Babloo Pandey,9412000448,2024-07-21 20:31:48,203,voice,1110,"Katra PS Tower, Prayagraj"
UP-CDR-002385,UP00352,Chhotu Tomar,8006000352,UP00266,Gufran Khan,7500000266,2024-08-27 05:27:24,240,voice,103,"Kotwali PS Tower, Kanpur Nagar"
UP-CDR-002386,UP00835,Deepak Tiwari,9719000835,UP02337,Dhananjay Verma,9125002337,2024-02-09 12:00:33,40,voice,324,"Sector 39 PS Tower, Gautam Buddha Nagar (Noida)"
UP-CDR-002387,UP00345,Vikram Dubey,9125000345,UP00174,Ramesh Kushwaha,7007000174,2024-02-07 14:58:42,38,voice,828,"Dashashwamedh PS Tower, Varanasi"
UP-CDR-002388,UP01861,Mahesh Pal,9927001861,UP00426,Rakesh Khan,9450000426,2024-07-06 06:40:43,188,voice,854,"Sihani Gate PS Tower, Ghaziabad"
UP-CDR-002389,UP02877,Pankaj Ansari,7007002877,UP01240,Suresh Dubey,9412001240,2024-04-26 09:56:05,117,sms,1083,"Kotwali PS Tower, Ayodhya"
UP-CDR-002390,UP01224,Neeraj Tyagi,8840001224,UP02612,Rizwan Rajput,7500002612,2024-06-13 08:50:28,165,voice,674,"Civil Lines PS Tower, Meerut"
UP-CDR-002391,UP00104,Alok Nagar,9450000104,UP00074,Rajesh Tripathi,9837000074,2024-06-14 05:49:38,166,voice,686,"Surajpur PS Tower, Gautam Buddha Nagar (Noida)"
UP-CDR-002392,UP00411,Amit Rajput,7007000411,UP00117,Munna Gurjar,9415000117,2024-05-10 10:55:09,131,voice,69,"Gorakhnath PS Tower, Gorakhpur"
UP-CDR-002393,UP01354,Deepak Verma,9837001354,UP00122,Neeraj Gurjar,9450000122,2024-02-19 22:37:50,50,voice,234,"Sihani Gate PS Tower, Ghaziabad"
UP-CDR-002394,UP01191,Suresh Chaudhary,7007001191,UP01521,Neeraj Kushwaha,7007001521,2024-06-19 10:50:42,171,voice,307,"Shahganj PS Tower, Agra"
UP-CDR-002395,UP01378,Mahesh Shukla,9927001378,UP02188,Sanjay Mishra,9839002188,2024-04-22 11:08:58,113,voice,438,"Ramgarh Tal PS Tower, Gorakhpur"
UP-CDR-002396,UP00544,Deepak Verma,9125000544,UP00097,Atiq Pandey,7500000097,2024-08-06 06:16:56,219,voice,666,"Brahmpuri PS Tower, Meerut"
UP-CDR-002397,UP00478,Rakesh Chauhan,9837000478,UP00018,Pankaj Siddiqui,7500000018,2024-02-21 21:55:29,52,sms,86,"Chowk PS Tower, Lucknow"
UP-CDR-002398,UP00042,Brijesh Tripathi,9412000042,UP00487,Ajay Rajput,9927000487,2024-04-10 16:59:02,101,voice,193,"Sikandra PS Tower, Agra"
UP-CDR-002399,UP00546,Chhotu Rawat,9125000546,UP00080,Ramesh Verma,9125000080,2024-06-22 19:45:06,174,voice,808,"Gorakhnath PS Tower, Gorakhpur"
UP-CDR-002400,UP00580,Sunil Bind,9125000580,UP00421,Akhilesh Mishra,9450000421,2024-06-24 01:40:36,176,voice,128,"Dhoomanganj PS Tower, Prayagraj"
UP-CDR-002401,UP00204,Atiq Tomar,9125000204,UP00067,Rakesh Mishra,8006000067,2024-08-23 06:39:37,236,voice,46,"Ayodhya Kotwali PS Tower, Ayodhya"
UP-CDR-002402,UP02488,Ravindra Gupta,9719002488,UP00279,Ravindra Chaudhary,9450000279,2024-05-02 11:04:47,123,voice,591,"Chinhat PS Tower, Lucknow"
UP-CDR-002403,UP01818,Pankaj Mishra,8840001818,UP00863,Pramod Nagar,9415000863,2024-06-14 09:14:37,166,voice,548,"Cantt PS Tower, Ayodhya"
UP-CDR-002404,UP01681,Atiq Chauhan,9719001681,UP01168,Santosh Chaudhary,9837001168,2024-01-22 08:29:07,22,voice,301,"Cantt PS Tower, Varanasi"
UP-CDR-002405,UP00384,Dharmendra Singh,9927000384,UP00153,Sunil Shukla,9837000153,2024-02-08 17:57:47,39,voice,335,"Dhoomanganj PS Tower, Prayagraj"
UP-CDR-002406,UP00168,Ravindra Srivastav,9412000168,UP00594,Alok Gurjar,9450000594,2024-04-09 03:58:20,100,voice,1123,"Shivpur PS Tower, Varanasi"
UP-CDR-002407,UP00122,Neeraj Gurjar,9450000122,UP00166,Guddu Shukla,7500000166,2024-01-21 07:54:43,21,sms,642,"Barra PS Tower, Kanpur Nagar"
UP-CDR-002408,UP00369,Sonu Gautam,9125000369,UP00052,Amit Yadav,9125000052,2024-05-20 20:03:48,141,voice,417,"Hari Parbat PS Tower, Agra"
UP-CDR-002409,UP00465,Abhay Nagar,9839000465,UP00877,Amit Pal,9412000877,2024-04-24 20:27:53,115,voice,1099,"Raunahi PS Tower, Ayodhya"
UP-CDR-002410,UP00090,Mukhtar Dubey,9450000090,UP00070,Pankaj Tiwari,9927000070,2024-04-17 00:22:15,108,voice,1171,"Bhelupur PS Tower, Varanasi"
UP-CDR-002411,UP01276,Santosh Tiwari,9719001276,UP02634,Pappu Gurjar,9837002634,2024-03-13 01:13:07,73,sms,37,"Hari Parbat PS Tower, Agra"
UP-CDR-002412,UP00165,Mukhtar Nagar,7007000165,UP00499,Akhilesh Bind,7500000499,2024-07-22 22:32:24,204,voice,955,"Lisari Gate PS Tower, Meerut"
UP-CDR-002413,UP00316,Satish Pal,7007000316,UP00189,Anil Jaiswal,7500000189,2024-04-21 02:52:16,112,voice,414,"Izzatnagar PS Tower, Bareilly"
UP-CDR-002414,UP00452,Imran Nagar,7007000452,UP00263,Ajay Gautam,8840000263,2024-02-17 12:12:21,48,voice,582,"Shahganj PS Tower, Agra"
UP-CDR-002415,UP02566,Sonu Mishra,8840002566,UP02370,Rakesh Chauhan,9450002370,2024-01-20 17:37:33,20,sms,966,"Ramgarh Tal PS Tower, Gorakhpur"
UP-CDR-002416,UP00066,Sanjay Nishad,9415000066,UP00275,Sanjay Ansari,9837000275,2024-03-25 21:09:09,85,voice,443,"Sipri Bazar PS Tower, Jhansi"
UP-CDR-002417,UP01453,Tariq Chaudhary,9450001453,UP00796,Abhay Dubey,8006000796,2024-08-20 14:12:50,233,voice,1014,"Gorakhnath PS Tower, Gorakhpur"
UP-CDR-002418,UP00147,Suresh Pal,9415000147,UP00292,Rakesh Rajput,9837000292,2024-07-04 02:49:13,186,voice,461,"Kotwali PS Tower, Gorakhpur"
UP-CDR-002419,UP00289,Dharmendra Dubey,9450000289,UP00445,Manoj Chauhan,9412000445,2024-03-07 04:30:43,67,voice,1041,"Sector 24 PS Tower, Gautam Buddha Nagar (Noida)"
UP-CDR-002420,UP00094,Dharmendra Shukla,8840000094,UP00062,Manoj Chauhan,7500000062,2024-06-10 14:57:12,162,voice,864,"Surajpur PS Tower, Gautam Buddha Nagar (Noida)"
UP-CDR-002421,UP00180,Aslam Tyagi,7500000180,UP00509,Manoj Shukla,9837000509,2024-08-22 00:42:28,235,voice,966,"Chinhat PS Tower, Lucknow"
UP-CDR-002422,UP00277,Dharmendra Gautam,9837000277,UP00323,Rajesh Siddiqui,9450000323,2024-06-02 22:51:13,154,sms,516,"Ramgarh Tal PS Tower, Gorakhpur"
UP-CDR-002423,UP01687,Tariq Maurya,9450001687,UP01117,Bablu Yadav,9839001117,2024-01-30 01:11:34,30,voice,815,"Kotwali PS Tower, Jhansi"
UP-CDR-002424,UP00446,Pramod Khan,9719000446,UP00305,Abhay Tyagi,9927000305,2024-04-17 00:45:26,108,voice,909,"Subhash Nagar PS Tower, Bareilly"
UP-CDR-002425,UP00463,Suresh Tripathi,9837000463,UP00224,Neeraj Pandey,8840000224,2024-08-20 22:25:27,233,voice,783,"Sector 39 PS Tower, Gautam Buddha Nagar (Noida)"
UP-CDR-002426,UP00177,Imran Srivastav,8006000177,UP00150,Virendra Yadav,9450000150,2024-02-21 08:18:14,52,sms,855,"Kotwali PS Tower, Jhansi"
UP-CDR-002427,UP00455,Sonu Jaiswal,8840000455,UP00348,Rakesh Pal,7500000348,2024-06-27 15:30:32,179,voice,184,"Baradari PS Tower, Bareilly"
UP-CDR-002428,UP01523,Dharmendra Gautam,9927001523,UP00153,Sunil Shukla,9837000153,2024-07-23 18:56:13,205,voice,1059,"Sector 39 PS Tower, Gautam Buddha Nagar (Noida)"
UP-CDR-002429,UP00534,Imran Jaiswal,9415000534,UP00257,Abhay Dubey,7007000257,2024-05-30 05:21:02,151,voice,495,"Civil Lines PS Tower, Prayagraj"
UP-CDR-002430,UP00312,Dharmendra Singh,9839000312,UP00203,Tariq Siddiqui,9839000203,2024-07-29 23:17:20,211,voice,240,"Ayodhya Kotwali PS Tower, Ayodhya"
UP-CDR-002431,UP00139,Manoj Bind,9927000139,UP00036,Amit Kushwaha,9927000036,2024-05-23 15:28:15,144,voice,1169,"Prem Nagar PS Tower, Bareilly"
UP-CDR-002432,UP00971,Sunil Shukla,7500000971,UP00832,Vikram Shukla,7500000832,2024-03-14 00:07:29,74,voice,744,"Ramgarh Tal PS Tower, Gorakhpur"
UP-CDR-002433,UP00248,Manoj Gupta,9839000248,UP00234,Virendra Nagar,9415000234,2024-03-14 23:55:08,74,voice,484,"Baradari PS Tower, Bareilly"
UP-CDR-002434,UP02093,Vikram Gautam,9839002093,UP02253,Manoj Maurya,9837002253,2024-08-28 10:44:59,241,voice,275,"Barra PS Tower, Kanpur Nagar"
UP-CDR-002435,UP00519,Deepak Gautam,9415000519,UP00066,Sanjay Nishad,9415000066,2024-08-21 13:08:07,234,voice,1189,"Chetganj PS Tower, Varanasi"
UP-CDR-002436,UP01257,Abhay Maurya,7500001257,UP02694,Virendra Gurjar,7500002694,2024-04-22 11:14:20,113,voice,1165,"Barra PS Tower, Kanpur Nagar"
UP-CDR-002437,UP01800,Guddu Rajput,9839001800,UP02119,Rizwan Nishad,7007002119,2024-05-20 16:53:56,141,voice,689,"Cantt PS Tower, Gorakhpur"
UP-CDR-002438,UP00859,Brijesh Singh,9412000859,UP00062,Manoj Chauhan,7500000062,2024-06-02 05:01:57,154,voice,424,"Barra PS Tower, Kanpur Nagar"
UP-CDR-002439,UP00266,Gufran Khan,7500000266,UP00375,Santosh Jaiswal,9839000375,2024-06-06 18:33:57,158,voice,871,"Mahanagar PS Tower, Lucknow"
UP-CDR-002440,UP00588,Mukhtar Kushwaha,7007000588,UP00277,Dharmendra Gautam,9837000277,2024-01-15 18:41:17,15,voice,277,"Kotwali PS Tower, Gorakhpur"
UP-CDR-002441,UP00487,Ajay Rajput,9927000487,UP00474,Neeraj Pal,8840000474,2024-08-27 06:38:27,240,voice,382,"Raunahi PS Tower, Ayodhya"
UP-CDR-002442,UP00452,Imran Nagar,7007000452,UP00442,Dhananjay Gupta,9450000442,2024-02-09 10:07:21,40,voice,798,"Knowledge Park PS Tower, Gautam Buddha Nagar (Noida)"
UP-CDR-002443,UP00596,Neeraj Shukla,9415000596,UP00142,Sonu Chaudhary,9450000142,2024-08-03 20:34:33,216,voice,682,"Shahganj PS Tower, Agra"
UP-CDR-002444,UP00562,Anil Bind,9927000562,UP00372,Alok Bind,9927000372,2024-07-18 08:30:12,200,voice,469,"Hazratganj PS Tower, Lucknow"
UP-CDR-002445,UP00472,Rajesh Jaiswal,9412000472,UP00512,Dhananjay Srivastav,9412000512,2024-05-16 03:36:14,137,voice,1130,"Cantt PS Tower, Varanasi"
UP-CDR-002446,UP02411,Anil Rawat,7500002411,UP01875,Sanjay Gautam,9415001875,2024-01-19 04:31:00,19,voice,389,"Sigra PS Tower, Varanasi"
UP-CDR-002447,UP00034,Satish Jaiswal,9415000034,UP00522,Pankaj Srivastav,9837000522,2024-04-09 22:48:04,100,voice,723,"Kotwali PS Tower, Ayodhya"
UP-CDR-002448,UP00523,Imran Shukla,9412000523,UP00049,Virendra Tyagi,9719000049,2024-03-03 01:05:21,63,sms,1032,"Sigra PS Tower, Varanasi"
UP-CDR-002449,UP00167,Sunil Kushwaha,9839000167,UP00386,Guddu Pal,9837000386,2024-06-18 07:06:42,170,voice,897,"Civil Lines PS Tower, Prayagraj"
UP-CDR-002450,UP00247,Vikram Khan,9125000247,UP01806,Satish Srivastav,9927001806,2024-03-30 12:50:37,90,voice,893,"Ayodhya Kotwali PS Tower, Ayodhya"
UP-CDR-002451,UP00597,Anil Ansari,9839000597,UP02833,Rizwan Tripathi,9412002833,2024-05-11 16:17:02,132,voice,21,"Shahpur PS Tower, Gorakhpur"
UP-CDR-002452,UP00292,Rakesh Rajput,9837000292,UP01068,Guddu Tiwari,9450001068,2024-01-07 16:31:12,7,voice,319,"Indirapuram PS Tower, Ghaziabad"
UP-CDR-002453,UP00511,Munna Jaiswal,8840000511,UP00168,Ravindra Srivastav,9412000168,2024-03-03 15:50:48,63,voice,1039,"Bhelupur PS Tower, Varanasi"
UP-CDR-002454,UP00475,Pramod Gupta,8006000475,UP00519,Deepak Gautam,9415000519,2024-06-15 23:52:45,167,voice,469,"Bhelupur PS Tower, Varanasi"
UP-CDR-002455,UP00239,Pappu Rajput,9412000239,UP00334,Sonu Mishra,9125000334,2024-01-02 15:30:20,2,voice,423,"Sikandra PS Tower, Agra"
UP-CDR-002456,UP01949,Rizwan Qureshi,9450001949,UP02202,Ajay Mishra,9125002202,2024-02-13 14:19:40,44,voice,650,"Govind Nagar PS Tower, Kanpur Nagar"
UP-CDR-002457,UP00116,Tariq Gautam,9839000116,UP00222,Babloo Siddiqui,9719000222,2024-08-17 23:42:46,230,voice,712,"Kotwali PS Tower, Ghaziabad"
UP-CDR-002458,UP00053,Rajesh Chauhan,9719000053,UP00463,Suresh Tripathi,9837000463,2024-04-05 20:21:11,96,voice,129,"Sihani Gate PS Tower, Ghaziabad"
UP-CDR-002459,UP02581,Ramesh Yadav,9927002581,UP00277,Dharmendra Gautam,9837000277,2024-06-23 17:31:29,175,voice,694,"Civil Lines PS Tower, Prayagraj"
UP-CDR-002460,UP00501,Ravindra Maurya,9125000501,UP00484,Dhananjay Nishad,9450000484,2024-04-12 22:14:22,103,voice,756,"Sector 24 PS Tower, Gautam Buddha Nagar (Noida)"
UP-CDR-002461,UP01290,Anil Chaudhary,7500001290,UP01078,Babloo Shukla,9125001078,2024-05-06 02:51:51,127,voice,260,"Sector 20 PS Tower, Gautam Buddha Nagar (Noida)"
UP-CDR-002462,UP00109,Satish Ansari,9839000109,UP00478,Rakesh Chauhan,9837000478,2024-07-12 04:39:14,194,voice,1128,"Kalyanpur PS Tower, Kanpur Nagar"
UP-CDR-002463,UP00576,Babloo Shukla,9450000576,UP02904,Deepak Kushwaha,9839002904,2024-05-07 00:41:56,128,voice,359,"Sector 39 PS Tower, Gautam Buddha Nagar (Noida)"
UP-CDR-002464,UP00103,Mukhtar Tripathi,7007000103,UP00207,Dhananjay Pandey,8006000207,2024-03-11 13:35:38,71,voice,1042,"Indirapuram PS Tower, Ghaziabad"
UP-CDR-002465,UP01985,Ravindra Gautam,7007001985,UP01598,Guddu Mishra,9927001598,2024-07-02 08:49:08,184,voice,611,"Prem Nagar PS Tower, Bareilly"
UP-CDR-002466,UP00698,Rakesh Singh,9125000698,UP00232,Ajay Tripathi,9125000232,2024-07-20 18:53:45,202,voice,294,"Collectorganj PS Tower, Kanpur Nagar"
UP-CDR-002467,UP00531,Atiq Siddiqui,9125000531,UP00108,Deepak Pandey,9839000108,2024-05-21 06:55:31,142,voice,422,"Kotwali PS Tower, Jhansi"
UP-CDR-002468,UP00042,Brijesh Tripathi,9412000042,UP00572,Rakesh Ansari,9450000572,2024-03-15 10:08:52,75,voice,556,"Indirapuram PS Tower, Ghaziabad"
UP-CDR-002469,UP00438,Satish Jaiswal,9415000438,UP00275,Sanjay Ansari,9837000275,2024-07-23 00:36:30,205,voice,731,"Etmadpur PS Tower, Agra"
UP-CDR-002470,UP00363,Munna Tomar,8006000363,UP00360,Atiq Chaudhary,9415000360,2024-01-07 11:57:14,7,voice,399,"Shahganj PS Tower, Agra"
UP-CDR-002471,UP02955,Abhay Dubey,8840002955,UP00519,Deepak Gautam,9415000519,2024-01-26 15:33:27,26,voice,813,"Kotwali PS Tower, Kanpur Nagar"
UP-CDR-002472,UP00005,Ravindra Kushwaha,9839000005,UP00065,Munna Srivastav,9839000065,2024-07-07 00:20:01,189,voice,1182,"Katra PS Tower, Prayagraj"
UP-CDR-002473,UP00328,Atiq Chauhan,9927000328,UP00190,Pappu Rawat,9415000190,2024-04-30 11:20:35,121,voice,1085,"Collectorganj PS Tower, Kanpur Nagar"
UP-CDR-002474,UP01790,Ravindra Verma,7007001790,UP01550,Ramesh Bind,7500001550,2024-04-20 22:39:50,111,voice,322,"Sikandra PS Tower, Agra"
UP-CDR-002475,UP00455,Sonu Jaiswal,8840000455,UP00525,Abhay Verma,9839000525,2024-01-01 08:55:15,1,voice,214,"Brahmpuri PS Tower, Meerut"
UP-CDR-002476,UP00109,Satish Ansari,9839000109,UP00386,Guddu Pal,9837000386,2024-01-31 12:45:24,31,voice,476,"Bhelupur PS Tower, Varanasi"
UP-CDR-002477,UP00241,Guddu Srivastav,9415000241,UP00157,Imran Singh,9125000157,2024-03-28 10:22:14,88,voice,492,"Kalyanpur PS Tower, Kanpur Nagar"
UP-CDR-002478,UP00302,Dharmendra Dubey,9450000302,UP00379,Ajay Qureshi,9719000379,2024-06-24 05:04:35,176,voice,87,"Brahmpuri PS Tower, Meerut"
UP-CDR-002479,UP00555,Anil Srivastav,9415000555,UP00179,Pramod Gurjar,9837000179,2024-02-24 16:29:53,55,voice,106,"Kotwali PS Tower, Ghaziabad"
UP-CDR-002480,UP00105,Rizwan Tiwari,9125000105,UP00177,Imran Srivastav,8006000177,2024-07-21 12:11:17,203,voice,297,"Prem Nagar PS Tower, Jhansi"
UP-CDR-002481,UP02592,Rakesh Tiwari,7500002592,UP01221,Santosh Gautam,7007001221,2024-08-25 09:11:39,238,voice,1003,"Kotwali PS Tower, Kanpur Nagar"
UP-CDR-002482,UP00326,Abhay Pal,9839000326,UP00541,Sonu Tiwari,9415000541,2024-05-21 17:50:12,142,voice,990,"Civil Lines PS Tower, Meerut"
UP-CDR-002483,UP00230,Tariq Qureshi,7007000230,UP00064,Alok Nagar,9125000064,2024-05-30 11:42:47,151,voice,777,"Rakabganj PS Tower, Agra"
UP-CDR-002484,UP01588,Rakesh Shukla,9450001588,UP02028,Anil Yadav,9415002028,2024-04-22 05:20:44,113,sms,292,"Cantt PS Tower, Ayodhya"
UP-CDR-002485,UP00593,Vikram Dubey,9412000593,UP00368,Brijesh Chauhan,9412000368,2024-02-13 16:53:04,44,voice,1094,"Ayodhya Kotwali PS Tower, Ayodhya"
UP-CDR-002486,UP01663,Dharmendra Shukla,9837001663,UP00696,Munna Qureshi,9837000696,2024-04-03 00:20:19,94,voice,904,"Kavi Nagar PS Tower, Ghaziabad"
UP-CDR-002487,UP00164,Akhilesh Yadav,9837000164,UP00501,Ravindra Maurya,9125000501,2024-05-18 22:03:33,139,voice,214,"Nauchandi PS Tower, Meerut"
UP-CDR-002488,UP00197,Rajesh Nagar,9837000197,UP00344,Neeraj Kushwaha,9837000344,2024-06-29 06:49:10,181,voice,28,"Prem Nagar PS Tower, Jhansi"
UP-CDR-002489,UP00303,Ravindra Chaudhary,9412000303,UP00084,Guddu Nishad,7500000084,2024-08-04 01:01:31,217,sms,380,"Cantt PS Tower, Gorakhpur"
UP-CDR-002490,UP00481,Ajay Ansari,8006000481,UP00335,Pankaj Srivastav,9839000335,2024-04-05 22:09:50,96,voice,814,"Raunahi PS Tower, Ayodhya"
UP-CDR-002491,UP00159,Santosh Pandey,9839000159,UP00125,Babloo Gupta,8840000125,2024-01-04 14:04:20,4,voice,550,"Kotwali PS Tower, Gorakhpur"
UP-CDR-002492,UP01298,Vikram Nishad,9927001298,UP00811,Anil Maurya,7500000811,2024-04-20 02:37:06,111,voice,466,"Nauchandi PS Tower, Meerut"
UP-CDR-002493,UP02033,Mukhtar Verma,7007002033,UP02711,Chhotu Qureshi,9125002711,2024-01-08 18:21:03,8,voice,223,"Chetganj PS Tower, Varanasi"
UP-CDR-002494,UP00721,Abhay Kushwaha,7500000721,UP01468,Dhananjay Rajput,7007001468,2024-05-02 11:37:11,123,voice,660,"Sadar Bazar PS Tower, Meerut"
UP-CDR-002495,UP02542,Ravindra Nagar,9839002542,UP00952,Deepak Gurjar,9415000952,2024-02-13 09:39:55,44,sms,497,"Gomti Nagar PS Tower, Lucknow"
UP-CDR-002496,UP00362,Neeraj Gautam,7500000362,UP00078,Rizwan Gurjar,9125000078,2024-05-09 00:28:07,130,voice,167,"Kotwali PS Tower, Bareilly"
UP-CDR-002497,UP01536,Mahesh Nishad,8006001536,UP00168,Ravindra Srivastav,9412000168,2024-03-12 21:28:54,72,voice,1200,"Civil Lines PS Tower, Prayagraj"
UP-CDR-002498,UP00584,Alok Pandey,9927000584,UP00308,Imran Jaiswal,8006000308,2024-04-04 20:50:01,95,voice,277,"Ayodhya Kotwali PS Tower, Ayodhya"
UP-CDR-002499,UP01342,Sanjay Mishra,9412001342,UP02986,Sanjay Pandey,8840002986,2024-02-19 18:06:15,50,voice,558,"Chinhat PS Tower, Lucknow"
