txn_id,sender_id,sender_name,sender_account,receiver_id,receiver_name,receiver_account,amount_inr,timestamp,day,txn_type,ground_truth_flag
UP-TXN-00001,UP00420,Munna Yadav,SBIN000000000420,UP00498,Imran Pandey,SBIN000000000498,152060,2024-06-07 18:37:00,159,NEFT,none
UP-TXN-00002,UP00113,Imran Siddiqui,SBIN000000000113,UP00575,Suresh Gautam,PUNB000000000575,305712,2024-03-16 13:39:00,76,RTGS,none
UP-TXN-00003,UP00154,Santosh Gupta,SBIN000000000154,UP00037,Sunil Gautam,PUNB000000000037,365007,2024-04-29 18:47:00,120,RTGS,none
UP-TXN-00004,UP00163,Rakesh Dubey,PUNB000000000163,UP00053,Rajesh Chauhan,PUNB000000000053,48172,2024-02-09 13:37:00,40,UPI,hawala_structuring
UP-TXN-00005,UP00094,Dharmendra Shukla,BARB000000000094,UP00389,Atiq Yadav,PUNB000000000389,140068,2024-05-24 10:55:00,145,IMPS,none
UP-TXN-00006,UP00182,Bablu Pandey,UBIN000000000182,UP00113,Imran Siddiqui,SBIN000000000113,47138,2024-07-24 14:54:00,206,IMPS,hawala_structuring
UP-TXN-00007,UP00053,Rajesh Chauhan,PUNB000000000053,UP00420,Munna Yadav,SBIN000000000420,266922,2024-04-18 16:58:00,109,RTGS,none
UP-TXN-00008,UP00298,Munna Gurjar,SBIN000000000298,UP00358,Akhilesh Nagar,UBIN000000000358,159573,2024-06-20 19:42:00,172,Bank Transfer,none
UP-TXN-00009,UP00348,Rakesh Pal,PUNB000000000348,UP00395,Ramesh Pal,SBIN000000000395,46131,2024-03-14 09:16:00,74,NEFT,hawala_structuring
UP-TXN-00010,UP00254,Gufran Ansari,SBIN000000000254,UP00109,Satish Ansari,UBIN000000000109,46391,2024-01-06 16:01:00,6,UPI,hawala_structuring
UP-TXN-00011,UP00357,Amit Shukla,HDFC000000000357,UP00514,Akhilesh Maurya,HDFC000000000514,48572,2024-03-16 18:39:00,76,IMPS,hawala_structuring
UP-TXN-00012,UP00552,Abhay Khan,SBIN000000000552,UP00377,Santosh Singh,UBIN000000000377,332406,2024-07-11 17:20:00,193,RTGS,none
UP-TXN-00013,UP00001,Rajesh Rajput,BARB000000000001,UP00534,Imran Jaiswal,PUNB000000000534,49321,2024-03-20 16:08:00,80,NEFT,hawala_structuring
UP-TXN-00014,UP00319,Vikram Chauhan,HDFC000000000319,UP00143,Vikram Pal,PUNB000000000143,39653,2024-05-02 13:29:00,123,NEFT,none
UP-TXN-00015,UP00058,Suresh Jaiswal,UBIN000000000058,UP00403,Imran Verma,SBIN000000000403,49515,2024-02-23 16:55:00,54,NEFT,hawala_structuring
UP-TXN-00016,UP00092,Vikram Rawat,SBIN000000000092,UP00159,Santosh Pandey,BARB000000000159,46027,2024-04-11 18:11:00,102,NEFT,hawala_structuring
UP-TXN-00017,UP00041,Neeraj Pal,SBIN000000000041,UP00331,Sanjay Dubey,SBIN000000000331,135817,2024-07-19 10:49:00,201,NEFT,none
UP-TXN-00018,UP00191,Suresh Pal,SBIN000000000191,UP00088,Pankaj Tomar,BARB000000000088,204433,2024-05-25 10:57:00,146,RTGS,none
UP-TXN-00019,UP00141,Mahesh Dubey,UBIN000000000141,UP00339,Atiq Pal,PUNB000000000339,49927,2024-08-17 11:35:00,230,UPI,hawala_structuring
UP-TXN-00020,UP00521,Rizwan Kushwaha,UBIN000000000521,UP00182,Bablu Pandey,UBIN000000000182,47765,2024-08-14 16:50:00,227,NEFT,hawala_structuring
UP-TXN-00021,UP00469,Dhananjay Dubey,SBIN000000000469,UP00226,Ramesh Rawat,SBIN000000000226,46963,2024-07-23 19:01:00,205,UPI,hawala_structuring
UP-TXN-00022,UP00303,Ravindra Chaudhary,BARB000000000303,UP00508,Babloo Maurya,SBIN000000000508,209767,2024-04-30 17:56:00,121,RTGS,none
UP-TXN-00023,UP00228,Manoj Verma,HDFC000000000228,UP00367,Abhay Srivastav,HDFC000000000367,49216,2024-07-07 11:22:00,189,NEFT,hawala_structuring
UP-TXN-00024,UP00349,Dharmendra Ansari,SBIN000000000349,UP00239,Pappu Rajput,SBIN000000000239,106516,2024-05-21 16:20:00,142,NEFT,none
UP-TXN-00025,UP00250,Rajesh Gurjar,UBIN000000000250,UP00487,Ajay Rajput,PUNB000000000487,147718,2024-06-23 11:08:00,175,NEFT,none
UP-TXN-00026,UP00294,Akhilesh Mishra,SBIN000000000294,UP00045,Tariq Tiwari,UBIN000000000045,45515,2024-04-06 12:18:00,97,NEFT,hawala_structuring
UP-TXN-00027,UP00530,Amit Nagar,UBIN000000000530,UP00309,Suresh Gupta,SBIN000000000309,379370,2024-03-30 12:29:00,90,RTGS,none
UP-TXN-00028,UP00395,Ramesh Pal,SBIN000000000395,UP00002,Rajesh Tiwari,HDFC000000000002,145986,2024-08-21 18:50:00,234,IMPS,none
UP-TXN-00029,UP00038,Sunil Tiwari,PUNB000000000038,UP00295,Neeraj Bind,SBIN000000000295,336503,2024-04-09 15:03:00,100,RTGS,none
UP-TXN-00030,UP00537,Guddu Srivastav,SBIN000000000537,UP00070,Pankaj Tiwari,SBIN000000000070,110316,2024-04-10 17:59:00,101,NEFT,none
UP-TXN-00031,UP00590,Atiq Jaiswal,BARB000000000590,UP00010,Babloo Tiwari,PUNB000000000010,49268,2024-02-01 12:19:00,32,NEFT,hawala_structuring
UP-TXN-00032,UP00344,Neeraj Kushwaha,HDFC000000000344,UP00153,Sunil Shukla,HDFC000000000153,46557,2024-01-13 13:15:00,13,NEFT,hawala_structuring
UP-TXN-00033,UP00013,Satish Siddiqui,SBIN000000000013,UP00001,Rajesh Rajput,BARB000000000001,347703,2024-08-19 17:30:00,232,RTGS,none
UP-TXN-00034,UP00442,Dhananjay Gupta,PUNB000000000442,UP00150,Virendra Yadav,PUNB000000000150,206991,2024-07-04 14:52:00,186,RTGS,none
UP-TXN-00035,UP00442,Dhananjay Gupta,PUNB000000000442,UP00470,Tariq Chaudhary,SBIN000000000470,97819,2024-06-05 09:12:00,157,NEFT,none
UP-TXN-00036,UP00499,Akhilesh Bind,SBIN000000000499,UP00313,Satish Gurjar,SBIN000000000313,68134,2024-07-23 14:48:00,205,Bank Transfer,none
UP-TXN-00037,UP00047,Chhotu Tripathi,BARB000000000047,UP00167,Sunil Kushwaha,BARB000000000167,46309,2024-03-30 11:04:00,90,NEFT,hawala_structuring
UP-TXN-00038,UP00482,Munna Singh,SBIN000000000482,UP00175,Munna Rajput,HDFC000000000175,163544,2024-08-04 10:22:00,217,IMPS,none
UP-TXN-00039,UP00516,Imran Dubey,UBIN000000000516,UP00545,Ravindra Qureshi,HDFC000000000545,46631,2024-01-29 15:48:00,29,IMPS,hawala_structuring
UP-TXN-00040,UP00333,Satish Chauhan,SBIN000000000333,UP00062,Manoj Chauhan,UBIN000000000062,166732,2024-06-18 10:09:00,170,NEFT,none
UP-TXN-00041,UP00268,Abhay Bind,PUNB000000000268,UP00181,Sanjay Yadav,UBIN000000000181,198476,2024-07-28 09:42:00,210,IMPS,none
UP-TXN-00042,UP00015,Amit Tyagi,SBIN000000000015,UP00215,Guddu Khan,HDFC000000000215,259581,2024-07-16 19:19:00,198,RTGS,none
UP-TXN-00043,UP00560,Guddu Verma,UBIN000000000560,UP00340,Akhilesh Tomar,SBIN000000000340,48274,2024-07-20 16:24:00,202,IMPS,hawala_structuring
UP-TXN-00044,UP00066,Sanjay Nishad,BARB000000000066,UP00197,Rajesh Nagar,PUNB000000000197,279756,2024-01-02 16:18:00,2,RTGS,none
UP-TXN-00045,UP00144,Rakesh Rajput,PUNB000000000144,UP00334,Sonu Mishra,UBIN000000000334,177957,2024-08-01 09:27:00,214,NEFT,none
UP-TXN-00046,UP00278,Babloo Gautam,SBIN000000000278,UP00515,Aslam Shukla,SBIN000000000515,248982,2024-02-14 17:20:00,45,RTGS,none
UP-TXN-00047,UP00112,Sunil Srivastav,SBIN000000000112,UP00262,Tariq Tiwari,PUNB000000000262,18299,2024-07-02 16:22:00,184,IMPS,none
UP-TXN-00048,UP00416,Satish Jaiswal,SBIN000000000416,UP00096,Chhotu Dubey,HDFC000000000096,46480,2024-04-29 09:53:00,120,IMPS,hawala_structuring
UP-TXN-00049,UP00477,Chhotu Rajput,SBIN000000000477,UP00153,Sunil Shukla,HDFC000000000153,258304,2024-06-19 11:10:00,171,RTGS,none
UP-TXN-00050,UP00030,Ramesh Maurya,PUNB000000000030,UP00571,Abhay Srivastav,SBIN000000000571,49899,2024-07-17 09:03:00,199,NEFT,hawala_structuring
UP-TXN-00051,UP00467,Mahesh Pal,SBIN000000000467,UP00066,Sanjay Nishad,BARB000000000066,155580,2024-07-23 18:33:00,205,NEFT,none
UP-TXN-00052,UP00249,Neeraj Pandey,HDFC000000000249,UP00550,Babloo Maurya,PUNB000000000550,49203,2024-05-07 14:54:00,128,NEFT,hawala_structuring
UP-TXN-00053,UP00236,Pankaj Mishra,HDFC000000000236,UP00268,Abhay Bind,PUNB000000000268,243711,2024-01-12 10:11:00,12,RTGS,none
UP-TXN-00054,UP00016,Sonu Tiwari,SBIN000000000016,UP00057,Akhilesh Chauhan,SBIN000000000057,48080,2024-07-23 15:43:00,205,UPI,hawala_structuring
UP-TXN-00055,UP00461,Ajay Rawat,UBIN000000000461,UP00582,Imran Kushwaha,HDFC000000000582,446330,2024-02-06 12:49:00,37,RTGS,none
UP-TXN-00056,UP00544,Deepak Verma,PUNB000000000544,UP00469,Dhananjay Dubey,SBIN000000000469,280984,2024-01-28 17:41:00,28,RTGS,none
UP-TXN-00057,UP00305,Abhay Tyagi,UBIN000000000305,UP00376,Gufran Pal,BARB000000000376,308751,2024-05-18 15:42:00,139,RTGS,none
UP-TXN-00058,UP00079,Pramod Gautam,PUNB000000000079,UP00235,Imran Srivastav,UBIN000000000235,254971,2024-04-27 12:46:00,118,RTGS,none
UP-TXN-00059,UP00191,Suresh Pal,SBIN000000000191,UP00522,Pankaj Srivastav,UBIN000000000522,303669,2024-05-17 16:43:00,138,RTGS,none
UP-TXN-00060,UP00086,Guddu Srivastav,SBIN000000000086,UP00085,Munna Verma,UBIN000000000085,195056,2024-04-20 09:32:00,111,IMPS,none
UP-TXN-00061,UP00443,Imran Shukla,UBIN000000000443,UP00224,Neeraj Pandey,BARB000000000224,256181,2024-01-25 10:05:00,25,RTGS,none
UP-TXN-00062,UP00284,Brijesh Kushwaha,SBIN000000000284,UP00108,Deepak Pandey,UBIN000000000108,45469,2024-02-27 15:31:00,58,IMPS,hawala_structuring
UP-TXN-00063,UP00486,Deepak Rawat,BARB000000000486,UP00220,Vikram Shukla,UBIN000000000220,132687,2024-04-11 13:52:00,102,IMPS,none
UP-TXN-00064,UP00350,Aslam Pandey,BARB000000000350,UP00443,Imran Shukla,UBIN000000000443,119975,2024-01-06 12:10:00,6,Bank Transfer,none
UP-TXN-00065,UP00518,Babloo Bind,PUNB000000000518,UP00208,Akhilesh Mishra,UBIN000000000208,49265,2024-04-07 09:08:00,98,IMPS,hawala_structuring
UP-TXN-00066,UP00250,Rajesh Gurjar,UBIN000000000250,UP00323,Rajesh Siddiqui,PUNB000000000323,48099,2024-08-04 18:17:00,217,UPI,hawala_structuring
UP-TXN-00067,UP00517,Gufran Bind,UBIN000000000517,UP00515,Aslam Shukla,SBIN000000000515,396574,2024-08-24 17:26:00,237,RTGS,none
UP-TXN-00068,UP00350,Aslam Pandey,BARB000000000350,UP00513,Satish Shukla,PUNB000000000513,206338,2024-06-27 19:16:00,179,RTGS,none
UP-TXN-00069,UP00528,Rakesh Rawat,HDFC000000000528,UP00206,Pramod Yadav,BARB000000000206,47195,2024-07-02 17:52:00,184,UPI,hawala_structuring
UP-TXN-00070,UP00211,Satish Shukla,SBIN000000000211,UP00075,Anil Chauhan,PUNB000000000075,45053,2024-03-11 14:48:00,71,IMPS,hawala_structuring
UP-TXN-00071,UP00462,Mahesh Srivastav,PUNB000000000462,UP00499,Akhilesh Bind,SBIN000000000499,46697,2024-07-10 09:18:00,192,UPI,hawala_structuring
UP-TXN-00072,UP00235,Imran Srivastav,UBIN000000000235,UP00209,Satish Pal,HDFC000000000209,45341,2024-08-09 17:37:00,222,IMPS,hawala_structuring
UP-TXN-00073,UP00598,Virendra Mishra,UBIN000000000598,UP00486,Deepak Rawat,BARB000000000486,248485,2024-04-22 13:54:00,113,RTGS,none
UP-TXN-00074,UP00579,Mukhtar Tripathi,BARB000000000579,UP00310,Sanjay Dubey,SBIN000000000310,413219,2024-08-17 09:03:00,230,RTGS,none
UP-TXN-00075,UP00260,Munna Rajput,SBIN000000000260,UP00061,Sonu Khan,SBIN000000000061,46060,2024-03-05 17:07:00,65,IMPS,hawala_structuring
UP-TXN-00076,UP00168,Ravindra Srivastav,PUNB000000000168,UP00255,Gufran Tomar,SBIN000000000255,49153,2024-08-05 18:00:00,218,NEFT,hawala_structuring
UP-TXN-00077,UP00565,Ravindra Tomar,PUNB000000000565,UP00451,Alok Chaudhary,UBIN000000000451,99527,2024-08-22 17:13:00,235,Bank Transfer,none
UP-TXN-00078,UP00263,Ajay Gautam,UBIN000000000263,UP00181,Sanjay Yadav,UBIN000000000181,48651,2024-05-20 17:17:00,141,IMPS,hawala_structuring
UP-TXN-00079,UP00442,Dhananjay Gupta,PUNB000000000442,UP00130,Brijesh Nagar,BARB000000000130,48739,2024-02-17 18:55:00,48,IMPS,hawala_structuring
UP-TXN-00080,UP00562,Anil Bind,BARB000000000562,UP00196,Gufran Jaiswal,BARB000000000196,130284,2024-03-18 16:21:00,78,Bank Transfer,none
UP-TXN-00081,UP00405,Sonu Gautam,UBIN000000000405,UP00141,Mahesh Dubey,UBIN000000000141,46457,2024-06-27 10:13:00,179,IMPS,hawala_structuring
UP-TXN-00082,UP00097,Atiq Pandey,HDFC000000000097,UP00065,Munna Srivastav,PUNB000000000065,49400,2024-06-16 15:09:00,168,IMPS,hawala_structuring
UP-TXN-00083,UP00551,Rajesh Gupta,HDFC000000000551,UP00459,Alok Chauhan,PUNB000000000459,194896,2024-05-25 16:33:00,146,IMPS,none
UP-TXN-00084,UP00110,Manoj Khan,SBIN000000000110,UP00574,Chhotu Rajput,SBIN000000000574,48854,2024-07-20 19:21:00,202,NEFT,hawala_structuring
UP-TXN-00085,UP00066,Sanjay Nishad,BARB000000000066,UP00534,Imran Jaiswal,PUNB000000000534,45337,2024-03-06 15:44:00,66,UPI,hawala_structuring
UP-TXN-00086,UP00600,Imran Chaudhary,SBIN000000000600,UP00260,Munna Rajput,SBIN000000000260,355281,2024-08-23 19:25:00,236,RTGS,none
UP-TXN-00087,UP00313,Satish Gurjar,SBIN000000000313,UP00445,Manoj Chauhan,PUNB000000000445,375588,2024-07-03 13:48:00,185,RTGS,none
UP-TXN-00088,UP00091,Rakesh Pal,SBIN000000000091,UP00062,Manoj Chauhan,UBIN000000000062,75309,2024-05-29 14:41:00,150,IMPS,none
UP-TXN-00089,UP00195,Pramod Siddiqui,PUNB000000000195,UP00162,Deepak Pal,PUNB000000000162,308436,2024-02-16 14:22:00,47,RTGS,none
UP-TXN-00090,UP00566,Ajay Rajput,PUNB000000000566,UP00495,Tariq Chaudhary,PUNB000000000495,384982,2024-07-03 10:53:00,185,RTGS,none
UP-TXN-00091,UP00223,Rakesh Bind,SBIN000000000223,UP00145,Akhilesh Shukla,SBIN000000000145,47808,2024-03-13 11:13:00,73,IMPS,hawala_structuring
UP-TXN-00092,UP00365,Brijesh Yadav,PUNB000000000365,UP00477,Chhotu Rajput,SBIN000000000477,49518,2024-03-10 09:13:00,70,UPI,hawala_structuring
UP-TXN-00093,UP00596,Neeraj Shukla,PUNB000000000596,UP00347,Babloo Tripathi,UBIN000000000347,48791,2024-03-02 10:53:00,62,NEFT,hawala_structuring
UP-TXN-00094,UP00570,Mahesh Bind,BARB000000000570,UP00528,Rakesh Rawat,HDFC000000000528,45449,2024-02-07 17:30:00,38,NEFT,hawala_structuring
UP-TXN-00095,UP00418,Ajay Maurya,PUNB000000000418,UP00485,Sonu Singh,SBIN000000000485,82106,2024-04-05 10:47:00,96,NEFT,none
UP-TXN-00096,UP00368,Brijesh Chauhan,BARB000000000368,UP00450,Neeraj Nagar,UBIN000000000450,49487,2024-08-11 17:33:00,224,NEFT,hawala_structuring
UP-TXN-00097,UP00076,Mahesh Mishra,PUNB000000000076,UP00403,Imran Verma,SBIN000000000403,49158,2024-02-08 19:31:00,39,NEFT,hawala_structuring
UP-TXN-00098,UP00102,Deepak Gautam,SBIN000000000102,UP00473,Chhotu Srivastav,SBIN000000000473,437944,2024-07-29 18:03:00,211,RTGS,none
UP-TXN-00099,UP00338,Sonu Shukla,PUNB000000000338,UP00207,Dhananjay Pandey,SBIN000000000207,45056,2024-03-16 12:49:00,76,NEFT,hawala_structuring
UP-TXN-00100,UP00553,Pramod Chaudhary,PUNB000000000553,UP00280,Pappu Gupta,HDFC000000000280,72742,2024-05-23 12:10:00,144,Bank Transfer,none
UP-TXN-00101,UP00466,Aslam Tripathi,UBIN000000000466,UP00474,Neeraj Pal,BARB000000000474,446119,2024-04-26 19:39:00,117,RTGS,none
UP-TXN-00102,UP00382,Atiq Nagar,PUNB000000000382,UP00221,Deepak Kushwaha,SBIN000000000221,46343,2024-01-27 11:28:00,27,IMPS,hawala_structuring
UP-TXN-00103,UP00568,Brijesh Gautam,BARB000000000568,UP00467,Mahesh Pal,SBIN000000000467,45379,2024-05-22 09:35:00,143,IMPS,hawala_structuring
UP-TXN-00104,UP00599,Sanjay Gupta,PUNB000000000599,UP00373,Mukhtar Dubey,SBIN000000000373,358409,2024-05-03 09:36:00,124,RTGS,none
UP-TXN-00105,UP00233,Pappu Tripathi,SBIN000000000233,UP00402,Ajay Dubey,SBIN000000000402,48928,2024-08-23 19:04:00,236,NEFT,hawala_structuring
UP-TXN-00106,UP00485,Sonu Singh,SBIN000000000485,UP00567,Tariq Pandey,SBIN000000000567,187362,2024-05-03 12:27:00,124,IMPS,none
UP-TXN-00107,UP00196,Gufran Jaiswal,BARB000000000196,UP00067,Rakesh Mishra,BARB000000000067,287031,2024-02-15 13:43:00,46,RTGS,none
UP-TXN-00108,UP00360,Atiq Chaudhary,UBIN000000000360,UP00319,Vikram Chauhan,HDFC000000000319,185326,2024-03-06 16:54:00,66,Bank Transfer,none
UP-TXN-00109,UP00073,Akhilesh Khan,PUNB000000000073,UP00170,Rakesh Srivastav,UBIN000000000170,46437,2024-03-07 11:02:00,67,IMPS,hawala_structuring
UP-TXN-00110,UP00579,Mukhtar Tripathi,BARB000000000579,UP00307,Neeraj Shukla,SBIN000000000307,27057,2024-03-10 11:22:00,70,NEFT,none
UP-TXN-00111,UP00510,Rajesh Qureshi,BARB000000000510,UP00447,Deepak Tripathi,PUNB000000000447,46504,2024-03-22 16:07:00,82,IMPS,hawala_structuring
UP-TXN-00112,UP00406,Satish Shukla,PUNB000000000406,UP00496,Ravindra Yadav,HDFC000000000496,305724,2024-06-19 19:41:00,171,RTGS,none
UP-TXN-00113,UP00479,Manoj Singh,PUNB000000000479,UP00066,Sanjay Nishad,BARB000000000066,364985,2024-05-12 12:02:00,133,RTGS,none
UP-TXN-00114,UP00230,Tariq Qureshi,PUNB000000000230,UP00135,Sunil Shukla,HDFC000000000135,234946,2024-03-11 12:29:00,71,RTGS,none
UP-TXN-00115,UP00368,Brijesh Chauhan,BARB000000000368,UP00104,Alok Nagar,BARB000000000104,45353,2024-08-18 15:55:00,231,NEFT,hawala_structuring
UP-TXN-00116,UP00023,Sanjay Jaiswal,PUNB000000000023,UP00215,Guddu Khan,HDFC000000000215,46260,2024-05-26 13:13:00,147,UPI,hawala_structuring
UP-TXN-00117,UP00217,Abhay Bind,BARB000000000217,UP00575,Suresh Gautam,PUNB000000000575,49284,2024-08-21 16:18:00,234,IMPS,hawala_structuring
UP-TXN-00118,UP00003,Abhay Tripathi,SBIN000000000003,UP00324,Abhay Gupta,SBIN000000000324,47332,2024-01-13 14:05:00,13,IMPS,hawala_structuring
UP-TXN-00119,UP00512,Dhananjay Srivastav,UBIN000000000512,UP00222,Babloo Siddiqui,UBIN000000000222,292427,2024-07-19 19:56:00,201,RTGS,none
UP-TXN-00120,UP00580,Sunil Bind,SBIN000000000580,UP00482,Munna Singh,SBIN000000000482,46244,2024-05-01 12:01:00,122,Bank Transfer,hawala_structuring
UP-TXN-00121,UP00411,Amit Rajput,SBIN000000000411,UP00151,Dharmendra Nishad,PUNB000000000151,268127,2024-02-01 10:01:00,32,RTGS,none
UP-TXN-00122,UP00466,Aslam Tripathi,UBIN000000000466,UP00358,Akhilesh Nagar,UBIN000000000358,25521,2024-03-27 18:51:00,87,IMPS,none
UP-TXN-00123,UP00093,Abhay Nishad,UBIN000000000093,UP00365,Brijesh Yadav,PUNB000000000365,64197,2024-04-21 09:20:00,112,NEFT,none
UP-TXN-00124,UP00221,Deepak Kushwaha,SBIN000000000221,UP00354,Akhilesh Rajput,PUNB000000000354,48802,2024-08-09 10:56:00,222,IMPS,hawala_structuring
UP-TXN-00125,UP00569,Neeraj Qureshi,HDFC000000000569,UP00511,Munna Jaiswal,UBIN000000000511,45684,2024-02-03 11:29:00,34,IMPS,hawala_structuring
UP-TXN-00126,UP00301,Mukhtar Siddiqui,PUNB000000000301,UP00593,Vikram Dubey,UBIN000000000593,49591,2024-03-04 18:18:00,64,NEFT,hawala_structuring
UP-TXN-00127,UP00074,Rajesh Tripathi,PUNB000000000074,UP00006,Rizwan Chaudhary,BARB000000000006,48967,2024-06-14 16:57:00,166,IMPS,hawala_structuring
UP-TXN-00128,UP00244,Satish Bind,UBIN000000000244,UP00474,Neeraj Pal,BARB000000000474,46767,2024-03-22 12:31:00,82,UPI,hawala_structuring
UP-TXN-00129,UP00595,Aslam Maurya,SBIN000000000595,UP00493,Imran Tomar,PUNB000000000493,280140,2024-04-18 13:02:00,109,RTGS,none
UP-TXN-00130,UP00245,Babloo Ansari,BARB000000000245,UP00019,Tariq Gautam,PUNB000000000019,364630,2024-03-22 15:01:00,82,RTGS,none
UP-TXN-00131,UP00542,Virendra Kushwaha,SBIN000000000542,UP00212,Akhilesh Nagar,HDFC000000000212,374947,2024-01-05 19:39:00,5,RTGS,none
UP-TXN-00132,UP00120,Alok Srivastav,PUNB000000000120,UP00046,Rajesh Dubey,SBIN000000000046,50895,2024-08-11 12:34:00,224,IMPS,none
UP-TXN-00133,UP00349,Dharmendra Ansari,SBIN000000000349,UP00016,Sonu Tiwari,SBIN000000000016,46940,2024-06-08 17:12:00,160,UPI,hawala_structuring
UP-TXN-00134,UP00058,Suresh Jaiswal,UBIN000000000058,UP00218,Dharmendra Gupta,UBIN000000000218,47549,2024-04-06 16:27:00,97,IMPS,hawala_structuring
UP-TXN-00135,UP00290,Pramod Yadav,PUNB000000000290,UP00164,Akhilesh Yadav,HDFC000000000164,300206,2024-03-20 11:27:00,80,RTGS,none
UP-TXN-00136,UP00539,Akhilesh Pandey,PUNB000000000539,UP00306,Imran Rawat,SBIN000000000306,42077,2024-08-04 09:22:00,217,Bank Transfer,none
UP-TXN-00137,UP00546,Chhotu Rawat,SBIN000000000546,UP00092,Vikram Rawat,SBIN000000000092,189706,2024-07-28 16:32:00,210,IMPS,none
UP-TXN-00138,UP00293,Imran Singh,PUNB000000000293,UP00183,Vikram Tripathi,PUNB000000000183,60896,2024-05-16 14:54:00,137,IMPS,none
UP-TXN-00139,UP00130,Brijesh Nagar,BARB000000000130,UP00321,Imran Dubey,UBIN000000000321,51780,2024-08-15 10:00:00,228,Bank Transfer,none
UP-TXN-00140,UP00032,Babloo Tomar,SBIN000000000032,UP00018,Pankaj Siddiqui,SBIN000000000018,85967,2024-04-16 12:23:00,107,Bank Transfer,none
UP-TXN-00141,UP00592,Guddu Gurjar,SBIN000000000592,UP00063,Sanjay Pandey,SBIN000000000063,48525,2024-03-26 16:30:00,86,NEFT,hawala_structuring
UP-TXN-00142,UP00166,Guddu Shukla,UBIN000000000166,UP00029,Ramesh Gautam,PUNB000000000029,48137,2024-04-22 10:14:00,113,IMPS,hawala_structuring
UP-TXN-00143,UP00241,Guddu Srivastav,SBIN000000000241,UP00104,Alok Nagar,BARB000000000104,86124,2024-03-25 17:34:00,85,NEFT,none
UP-TXN-00144,UP00002,Rajesh Tiwari,HDFC000000000002,UP00287,Rajesh Gautam,SBIN000000000287,380846,2024-04-22 09:56:00,113,RTGS,none
UP-TXN-00145,UP00082,Ramesh Pandey,SBIN000000000082,UP00135,Sunil Shukla,HDFC000000000135,48710,2024-03-02 10:19:00,62,IMPS,hawala_structuring
UP-TXN-00146,UP00100,Rakesh Srivastav,HDFC000000000100,UP00584,Alok Pandey,PUNB000000000584,49313,2024-05-16 09:39:00,137,IMPS,hawala_structuring
UP-TXN-00147,UP00537,Guddu Srivastav,SBIN000000000537,UP00237,Sunil Gupta,SBIN000000000237,45998,2024-04-19 17:31:00,110,UPI,hawala_structuring
UP-TXN-00148,UP00369,Sonu Gautam,PUNB000000000369,UP00475,Pramod Gupta,UBIN000000000475,448887,2024-05-31 17:04:00,152,RTGS,none
UP-TXN-00149,UP00116,Tariq Gautam,PUNB000000000116,UP00060,Gufran Khan,SBIN000000000060,249189,2024-01-01 14:21:00,1,RTGS,none
UP-TXN-00150,UP00567,Tariq Pandey,SBIN000000000567,UP00078,Rizwan Gurjar,SBIN000000000078,46544,2024-03-23 16:21:00,83,UPI,hawala_structuring
UP-TXN-00151,UP00318,Abhay Rawat,BARB000000000318,UP00035,Rizwan Nagar,SBIN000000000035,47206,2024-08-16 14:47:00,229,IMPS,hawala_structuring
UP-TXN-00152,UP00147,Suresh Pal,PUNB000000000147,UP00272,Neeraj Chauhan,SBIN000000000272,245638,2024-06-06 19:02:00,158,RTGS,none
UP-TXN-00153,UP00576,Babloo Shukla,SBIN000000000576,UP00076,Mahesh Mishra,PUNB000000000076,157220,2024-06-26 16:38:00,178,Bank Transfer,none
UP-TXN-00154,UP00186,Sunil Rajput,SBIN000000000186,UP00397,Dhananjay Nagar,BARB000000000397,45723,2024-02-06 11:52:00,37,Bank Transfer,hawala_structuring
UP-TXN-00155,UP00518,Babloo Bind,PUNB000000000518,UP00485,Sonu Singh,SBIN000000000485,49561,2024-07-19 13:48:00,201,UPI,hawala_structuring
UP-TXN-00156,UP00499,Akhilesh Bind,SBIN000000000499,UP00354,Akhilesh Rajput,PUNB000000000354,284229,2024-08-04 09:02:00,217,RTGS,none
UP-TXN-00157,UP00201,Chhotu Maurya,BARB000000000201,UP00383,Alok Khan,BARB000000000383,46102,2024-03-28 14:51:00,88,UPI,hawala_structuring
UP-TXN-00158,UP00391,Dhananjay Pandey,BARB000000000391,UP00192,Gufran Chauhan,UBIN000000000192,209394,2024-05-11 19:19:00,132,RTGS,none
UP-TXN-00159,UP00276,Alok Gupta,PUNB000000000276,UP00171,Babloo Qureshi,PUNB000000000171,10960,2024-04-15 10:31:00,106,IMPS,none
UP-TXN-00160,UP00452,Imran Nagar,PUNB000000000452,UP00296,Imran Bind,SBIN000000000296,135964,2024-02-26 16:08:00,57,IMPS,none
UP-TXN-00161,UP00503,Ajay Kushwaha,SBIN000000000503,UP00502,Neeraj Qureshi,UBIN000000000502,376225,2024-03-03 14:38:00,63,RTGS,none
UP-TXN-00162,UP00417,Amit Verma,SBIN000000000417,UP00540,Ramesh Khan,PUNB000000000540,46194,2024-01-14 11:14:00,14,NEFT,hawala_structuring
UP-TXN-00163,UP00465,Abhay Nagar,SBIN000000000465,UP00230,Tariq Qureshi,PUNB000000000230,45191,2024-02-24 13:08:00,55,NEFT,hawala_structuring
UP-TXN-00164,UP00464,Dhananjay Ansari,BARB000000000464,UP00448,Babloo Pandey,BARB000000000448,276630,2024-05-01 18:21:00,122,RTGS,none
UP-TXN-00165,UP00041,Neeraj Pal,SBIN000000000041,UP00479,Manoj Singh,PUNB000000000479,313569,2024-08-16 17:19:00,229,RTGS,none
UP-TXN-00166,UP00248,Manoj Gupta,SBIN000000000248,UP00150,Virendra Yadav,PUNB000000000150,49214,2024-01-12 19:27:00,12,NEFT,hawala_structuring
UP-TXN-00167,UP00360,Atiq Chaudhary,UBIN000000000360,UP00176,Amit Tiwari,UBIN000000000176,48181,2024-04-27 17:41:00,118,IMPS,hawala_structuring
UP-TXN-00168,UP00359,Atiq Qureshi,UBIN000000000359,UP00055,Pappu Pandey,SBIN000000000055,386468,2024-03-08 16:12:00,68,RTGS,none
UP-TXN-00169,UP00567,Tariq Pandey,SBIN000000000567,UP00290,Pramod Yadav,PUNB000000000290,49169,2024-06-23 14:34:00,175,UPI,hawala_structuring
UP-TXN-00170,UP00051,Suresh Dubey,SBIN000000000051,UP00382,Atiq Nagar,PUNB000000000382,423011,2024-05-23 19:47:00,144,RTGS,none
UP-TXN-00171,UP00237,Sunil Gupta,SBIN000000000237,UP00339,Atiq Pal,PUNB000000000339,30035,2024-03-18 17:35:00,78,IMPS,none
UP-TXN-00172,UP00417,Amit Verma,SBIN000000000417,UP00040,Rizwan Mishra,UBIN000000000040,84764,2024-01-20 11:05:00,20,NEFT,none
UP-TXN-00173,UP00466,Aslam Tripathi,UBIN000000000466,UP00222,Babloo Siddiqui,UBIN000000000222,47491,2024-02-14 12:59:00,45,NEFT,hawala_structuring
UP-TXN-00174,UP00404,Imran Srivastav,SBIN000000000404,UP00364,Akhilesh Gautam,SBIN000000000364,38194,2024-01-31 10:04:00,31,IMPS,none
UP-TXN-00175,UP00196,Gufran Jaiswal,BARB000000000196,UP00415,Deepak Pandey,HDFC000000000415,48175,2024-06-01 16:32:00,153,IMPS,hawala_structuring
UP-TXN-00176,UP00146,Abhay Rajput,UBIN000000000146,UP00296,Imran Bind,SBIN000000000296,240789,2024-06-10 17:31:00,162,RTGS,none
UP-TXN-00177,UP00504,Anil Tiwari,PUNB000000000504,UP00158,Rakesh Pal,BARB000000000158,29928,2024-03-27 18:28:00,87,Bank Transfer,none
UP-TXN-00178,UP00030,Ramesh Maurya,PUNB000000000030,UP00375,Santosh Jaiswal,BARB000000000375,170930,2024-02-10 11:21:00,41,IMPS,none
UP-TXN-00179,UP00040,Rizwan Mishra,UBIN000000000040,UP00316,Satish Pal,BARB000000000316,299137,2024-08-18 12:50:00,231,RTGS,none
UP-TXN-00180,UP00056,Ajay Jaiswal,SBIN000000000056,UP00325,Guddu Siddiqui,PUNB000000000325,49649,2024-08-04 15:47:00,217,UPI,hawala_structuring
UP-TXN-00181,UP00468,Mukhtar Verma,BARB000000000468,UP00127,Akhilesh Pandey,SBIN000000000127,112877,2024-02-08 13:04:00,39,NEFT,none
UP-TXN-00182,UP00516,Imran Dubey,UBIN000000000516,UP00348,Rakesh Pal,PUNB000000000348,60437,2024-03-31 18:52:00,91,NEFT,none
UP-TXN-00183,UP00095,Akhilesh Tomar,BARB000000000095,UP00011,Chhotu Gupta,PUNB000000000011,49862,2024-02-03 15:13:00,34,IMPS,hawala_structuring
UP-TXN-00184,UP00010,Babloo Tiwari,PUNB000000000010,UP00395,Ramesh Pal,SBIN000000000395,366455,2024-04-29 13:54:00,120,RTGS,none
UP-TXN-00185,UP00503,Ajay Kushwaha,SBIN000000000503,UP00163,Rakesh Dubey,PUNB000000000163,315254,2024-06-11 10:31:00,163,RTGS,none
UP-TXN-00186,UP00460,Brijesh Nagar,UBIN000000000460,UP00079,Pramod Gautam,PUNB000000000079,244116,2024-06-16 13:23:00,168,RTGS,none
UP-TXN-00187,UP00033,Aslam Tomar,PUNB000000000033,UP00584,Alok Pandey,PUNB000000000584,45866,2024-04-09 15:12:00,100,IMPS,hawala_structuring
UP-TXN-00188,UP00547,Aslam Dubey,PUNB000000000547,UP00405,Sonu Gautam,UBIN000000000405,388144,2024-03-06 12:02:00,66,RTGS,none
UP-TXN-00189,UP00106,Mahesh Chauhan,BARB000000000106,UP00222,Babloo Siddiqui,UBIN000000000222,86275,2024-06-18 12:38:00,170,NEFT,none
UP-TXN-00190,UP00448,Babloo Pandey,BARB000000000448,UP00141,Mahesh Dubey,UBIN000000000141,80310,2024-01-21 09:23:00,21,NEFT,none
UP-TXN-00191,UP00492,Virendra Nagar,SBIN000000000492,UP00451,Alok Chaudhary,UBIN000000000451,39146,2024-01-05 10:07:00,5,NEFT,none
UP-TXN-00192,UP00150,Virendra Yadav,PUNB000000000150,UP00193,Rizwan Pal,SBIN000000000193,223257,2024-04-07 16:25:00,98,RTGS,none
UP-TXN-00193,UP00408,Mahesh Mishra,BARB000000000408,UP00446,Pramod Khan,BARB000000000446,189072,2024-02-01 11:36:00,32,IMPS,none
UP-TXN-00194,UP00012,Akhilesh Nagar,SBIN000000000012,UP00380,Brijesh Gurjar,PUNB000000000380,45282,2024-02-19 13:08:00,50,IMPS,hawala_structuring
UP-TXN-00195,UP00361,Chhotu Nishad,PUNB000000000361,UP00589,Babloo Pandey,BARB000000000589,161693,2024-01-11 12:59:00,11,Bank Transfer,none
UP-TXN-00196,UP00212,Akhilesh Nagar,HDFC000000000212,UP00347,Babloo Tripathi,UBIN000000000347,360345,2024-04-16 19:03:00,107,RTGS,none
UP-TXN-00197,UP00578,Santosh Yadav,SBIN000000000578,UP00380,Brijesh Gurjar,PUNB000000000380,48876,2024-03-06 13:09:00,66,IMPS,hawala_structuring
UP-TXN-00198,UP00071,Babloo Chauhan,UBIN000000000071,UP00005,Ravindra Kushwaha,UBIN000000000005,228219,2024-04-30 12:30:00,121,RTGS,none
UP-TXN-00199,UP00250,Rajesh Gurjar,UBIN000000000250,UP00249,Neeraj Pandey,HDFC000000000249,416921,2024-06-04 11:55:00,156,RTGS,none
UP-TXN-00200,UP00058,Suresh Jaiswal,UBIN000000000058,UP00477,Chhotu Rajput,SBIN000000000477,400397,2024-07-30 16:20:00,212,RTGS,none
UP-TXN-00201,UP00308,Imran Jaiswal,UBIN000000000308,UP00056,Ajay Jaiswal,SBIN000000000056,66421,2024-08-21 10:13:00,234,IMPS,none
UP-TXN-00202,UP00387,Ravindra Rajput,PUNB000000000387,UP00216,Gufran Chauhan,HDFC000000000216,371496,2024-07-11 18:53:00,193,RTGS,none
UP-TXN-00203,UP00064,Alok Nagar,SBIN000000000064,UP00154,Santosh Gupta,SBIN000000000154,46038,2024-07-29 17:34:00,211,UPI,hawala_structuring
UP-TXN-00204,UP00150,Virendra Yadav,PUNB000000000150,UP00426,Rakesh Khan,PUNB000000000426,147453,2024-02-04 09:53:00,35,IMPS,none
UP-TXN-00205,UP00449,Tariq Verma,SBIN000000000449,UP00083,Anil Mishra,SBIN000000000083,106990,2024-04-17 15:31:00,108,IMPS,none
UP-TXN-00206,UP00557,Neeraj Pandey,UBIN000000000557,UP00329,Amit Kushwaha,PUNB000000000329,211376,2024-03-13 12:06:00,73,RTGS,none
UP-TXN-00207,UP00417,Amit Verma,SBIN000000000417,UP00058,Suresh Jaiswal,UBIN000000000058,47202,2024-03-09 16:40:00,69,UPI,hawala_structuring
UP-TXN-00208,UP00321,Imran Dubey,UBIN000000000321,UP00016,Sonu Tiwari,SBIN000000000016,46708,2024-07-23 14:01:00,205,UPI,hawala_structuring
UP-TXN-00209,UP00168,Ravindra Srivastav,PUNB000000000168,UP00489,Pramod Srivastav,SBIN000000000489,293413,2024-06-02 14:05:00,154,RTGS,none
UP-TXN-00210,UP00348,Rakesh Pal,PUNB000000000348,UP00208,Akhilesh Mishra,UBIN000000000208,411659,2024-08-25 12:38:00,238,RTGS,none
UP-TXN-00211,UP00496,Ravindra Yadav,HDFC000000000496,UP00266,Gufran Khan,BARB000000000266,314806,2024-08-24 09:38:00,237,RTGS,none
UP-TXN-00212,UP00122,Neeraj Gurjar,SBIN000000000122,UP00158,Rakesh Pal,BARB000000000158,165179,2024-03-04 16:36:00,64,Bank Transfer,none
UP-TXN-00213,UP00043,Bablu Singh,PUNB000000000043,UP00307,Neeraj Shukla,SBIN000000000307,290282,2024-05-17 19:03:00,138,RTGS,none
UP-TXN-00214,UP00482,Munna Singh,SBIN000000000482,UP00178,Rizwan Siddiqui,PUNB000000000178,107774,2024-07-10 09:43:00,192,IMPS,none
UP-TXN-00215,UP00264,Imran Gupta,SBIN000000000264,UP00427,Mahesh Mishra,PUNB000000000427,286692,2024-08-24 13:43:00,237,RTGS,none
UP-TXN-00216,UP00422,Alok Shukla,BARB000000000422,UP00519,Deepak Gautam,PUNB000000000519,49179,2024-06-01 17:09:00,153,NEFT,hawala_structuring
UP-TXN-00217,UP00546,Chhotu Rawat,SBIN000000000546,UP00297,Vikram Yadav,UBIN000000000297,46018,2024-07-07 09:08:00,189,IMPS,hawala_structuring
UP-TXN-00218,UP00036,Amit Kushwaha,SBIN000000000036,UP00193,Rizwan Pal,SBIN000000000193,49438,2024-07-13 12:19:00,195,NEFT,hawala_structuring
UP-TXN-00219,UP00451,Alok Chaudhary,UBIN000000000451,UP00061,Sonu Khan,SBIN000000000061,48313,2024-04-11 11:23:00,102,NEFT,hawala_structuring
UP-TXN-00220,UP00088,Pankaj Tomar,BARB000000000088,UP00359,Atiq Qureshi,UBIN000000000359,45742,2024-07-03 15:29:00,185,UPI,hawala_structuring
UP-TXN-00221,UP00019,Tariq Gautam,PUNB000000000019,UP00570,Mahesh Bind,BARB000000000570,49550,2024-07-07 15:18:00,189,IMPS,hawala_structuring
UP-TXN-00222,UP00505,Rakesh Siddiqui,UBIN000000000505,UP00015,Amit Tyagi,SBIN000000000015,216443,2024-04-16 19:53:00,107,RTGS,none
UP-TXN-00223,UP00070,Pankaj Tiwari,SBIN000000000070,UP00352,Chhotu Tomar,UBIN000000000352,145266,2024-02-22 14:22:00,53,IMPS,none
UP-TXN-00224,UP00459,Alok Chauhan,PUNB000000000459,UP00014,Bablu Bind,BARB000000000014,46357,2024-03-18 11:32:00,78,UPI,hawala_structuring
UP-TXN-00225,UP00425,Brijesh Tomar,HDFC000000000425,UP00548,Aslam Tiwari,PUNB000000000548,356039,2024-01-25 16:15:00,25,RTGS,none
UP-TXN-00226,UP00159,Santosh Pandey,BARB000000000159,UP00007,Gufran Siddiqui,PUNB000000000007,214327,2024-01-19 18:11:00,19,RTGS,none
UP-TXN-00227,UP00413,Pramod Nagar,BARB000000000413,UP00284,Brijesh Kushwaha,SBIN000000000284,46271,2024-07-24 18:49:00,206,NEFT,hawala_structuring
UP-TXN-00228,UP00522,Pankaj Srivastav,UBIN000000000522,UP00064,Alok Nagar,SBIN000000000064,48938,2024-03-29 18:41:00,89,IMPS,hawala_structuring
UP-TXN-00229,UP00510,Rajesh Qureshi,BARB000000000510,UP00060,Gufran Khan,SBIN000000000060,243453,2024-01-21 10:17:00,21,RTGS,none
UP-TXN-00230,UP00440,Guddu Mishra,UBIN000000000440,UP00436,Tariq Verma,SBIN000000000436,46670,2024-05-12 11:00:00,133,NEFT,hawala_structuring
UP-TXN-00231,UP00217,Abhay Bind,BARB000000000217,UP00087,Alok Tyagi,SBIN000000000087,170917,2024-04-27 14:57:00,118,Bank Transfer,none
UP-TXN-00232,UP00373,Mukhtar Dubey,SBIN000000000373,UP00167,Sunil Kushwaha,BARB000000000167,153394,2024-01-22 17:07:00,22,NEFT,none
UP-TXN-00233,UP00421,Akhilesh Mishra,SBIN000000000421,UP00083,Anil Mishra,SBIN000000000083,45034,2024-04-04 19:44:00,95,IMPS,hawala_structuring
UP-TXN-00234,UP00199,Rizwan Yadav,PUNB000000000199,UP00079,Pramod Gautam,PUNB000000000079,48986,2024-06-28 16:33:00,180,UPI,hawala_structuring
UP-TXN-00235,UP00389,Atiq Yadav,PUNB000000000389,UP00387,Ravindra Rajput,PUNB000000000387,125744,2024-07-11 17:16:00,193,NEFT,none
UP-TXN-00236,UP00025,Dhananjay Pal,SBIN000000000025,UP00044,Mahesh Pandey,BARB000000000044,48347,2024-08-09 15:14:00,222,NEFT,hawala_structuring
UP-TXN-00237,UP00256,Alok Pandey,SBIN000000000256,UP00216,Gufran Chauhan,HDFC000000000216,47018,2024-04-15 17:50:00,106,IMPS,hawala_structuring
UP-TXN-00238,UP00409,Anil Nishad,BARB000000000409,UP00328,Atiq Chauhan,PUNB000000000328,115198,2024-06-12 12:12:00,164,IMPS,none
UP-TXN-00239,UP00359,Atiq Qureshi,UBIN000000000359,UP00281,Abhay Yadav,SBIN000000000281,118712,2024-01-06 12:03:00,6,Bank Transfer,none
UP-TXN-00240,UP00375,Santosh Jaiswal,BARB000000000375,UP00084,Guddu Nishad,UBIN000000000084,49851,2024-02-06 18:15:00,37,UPI,hawala_structuring
UP-TXN-00241,UP00307,Neeraj Shukla,SBIN000000000307,UP00351,Deepak Qureshi,SBIN000000000351,22279,2024-08-06 09:16:00,219,IMPS,none
UP-TXN-00242,UP00257,Abhay Dubey,SBIN000000000257,UP00344,Neeraj Kushwaha,HDFC000000000344,139503,2024-06-29 09:53:00,181,NEFT,none
UP-TXN-00243,UP00260,Munna Rajput,SBIN000000000260,UP00258,Suresh Pal,UBIN000000000258,48793,2024-03-17 15:12:00,77,UPI,hawala_structuring
UP-TXN-00244,UP00171,Babloo Qureshi,PUNB000000000171,UP00278,Babloo Gautam,SBIN000000000278,45218,2024-07-23 15:54:00,205,NEFT,hawala_structuring
UP-TXN-00245,UP00531,Atiq Siddiqui,BARB000000000531,UP00500,Vikram Gurjar,PUNB000000000500,320397,2024-08-14 15:24:00,227,RTGS,none
UP-TXN-00246,UP00381,Chhotu Gurjar,PUNB000000000381,UP00172,Sonu Chauhan,UBIN000000000172,176031,2024-05-14 14:06:00,135,NEFT,none
UP-TXN-00247,UP00029,Ramesh Gautam,PUNB000000000029,UP00293,Imran Singh,PUNB000000000293,306780,2024-08-14 12:03:00,227,RTGS,none
UP-TXN-00248,UP00134,Chhotu Tripathi,SBIN000000000134,UP00469,Dhananjay Dubey,SBIN000000000469,48525,2024-05-27 10:35:00,148,NEFT,hawala_structuring
UP-TXN-00249,UP00104,Alok Nagar,BARB000000000104,UP00157,Imran Singh,PUNB000000000157,45627,2024-05-06 19:40:00,127,UPI,hawala_structuring
UP-TXN-00250,UP00052,Amit Yadav,UBIN000000000052,UP00006,Rizwan Chaudhary,BARB000000000006,48527,2024-01-03 11:11:00,3,UPI,hawala_structuring
UP-TXN-00251,UP00477,Chhotu Rajput,SBIN000000000477,UP00313,Satish Gurjar,SBIN000000000313,365884,2024-01-02 15:42:00,2,RTGS,none
UP-TXN-00252,UP00257,Abhay Dubey,SBIN000000000257,UP00562,Anil Bind,BARB000000000562,47966,2024-02-01 10:21:00,32,IMPS,hawala_structuring
UP-TXN-00253,UP00192,Gufran Chauhan,UBIN000000000192,UP00304,Rajesh Mishra,BARB000000000304,49629,2024-08-23 09:20:00,236,NEFT,hawala_structuring
UP-TXN-00254,UP00079,Pramod Gautam,PUNB000000000079,UP00250,Rajesh Gurjar,UBIN000000000250,45310,2024-04-15 19:17:00,106,UPI,hawala_structuring
UP-TXN-00255,UP00180,Aslam Tyagi,UBIN000000000180,UP00567,Tariq Pandey,SBIN000000000567,45025,2024-02-11 14:57:00,42,UPI,hawala_structuring
UP-TXN-00256,UP00470,Tariq Chaudhary,SBIN000000000470,UP00316,Satish Pal,BARB000000000316,97049,2024-03-27 09:56:00,87,NEFT,none
UP-TXN-00257,UP00052,Amit Yadav,UBIN000000000052,UP00278,Babloo Gautam,SBIN000000000278,46462,2024-05-24 17:39:00,145,UPI,hawala_structuring
UP-TXN-00258,UP00352,Chhotu Tomar,UBIN000000000352,UP00067,Rakesh Mishra,BARB000000000067,135743,2024-05-13 16:41:00,134,Bank Transfer,none
UP-TXN-00259,UP00200,Sonu Khan,PUNB000000000200,UP00493,Imran Tomar,PUNB000000000493,276083,2024-01-02 18:55:00,2,RTGS,none
UP-TXN-00260,UP00296,Imran Bind,SBIN000000000296,UP00595,Aslam Maurya,SBIN000000000595,107698,2024-07-04 09:29:00,186,IMPS,none
UP-TXN-00261,UP00257,Abhay Dubey,SBIN000000000257,UP00052,Amit Yadav,UBIN000000000052,48674,2024-02-04 16:25:00,35,IMPS,hawala_structuring
UP-TXN-00262,UP00378,Abhay Rawat,SBIN000000000378,UP00183,Vikram Tripathi,PUNB000000000183,46475,2024-01-28 16:53:00,28,UPI,hawala_structuring
UP-TXN-00263,UP00423,Pramod Kushwaha,SBIN000000000423,UP00461,Ajay Rawat,UBIN000000000461,46005,2024-02-14 13:53:00,45,NEFT,hawala_structuring
UP-TXN-00264,UP00024,Deepak Gautam,BARB000000000024,UP00479,Manoj Singh,PUNB000000000479,48823,2024-05-09 19:43:00,130,UPI,hawala_structuring
UP-TXN-00265,UP00142,Sonu Chaudhary,SBIN000000000142,UP00513,Satish Shukla,PUNB000000000513,129281,2024-05-04 19:45:00,125,IMPS,none
UP-TXN-00266,UP00350,Aslam Pandey,BARB000000000350,UP00218,Dharmendra Gupta,UBIN000000000218,320897,2024-07-28 09:09:00,210,RTGS,none
UP-TXN-00267,UP00323,Rajesh Siddiqui,PUNB000000000323,UP00338,Sonu Shukla,PUNB000000000338,47529,2024-01-29 10:52:00,29,NEFT,hawala_structuring
UP-TXN-00268,UP00419,Gufran Dubey,SBIN000000000419,UP00429,Suresh Rawat,SBIN000000000429,177590,2024-08-03 09:46:00,216,IMPS,none
UP-TXN-00269,UP00568,Brijesh Gautam,BARB000000000568,UP00598,Virendra Mishra,UBIN000000000598,304714,2024-01-04 17:01:00,4,RTGS,none
UP-TXN-00270,UP00209,Satish Pal,HDFC000000000209,UP00401,Akhilesh Kushwaha,UBIN000000000401,47734,2024-04-19 19:08:00,110,UPI,hawala_structuring
UP-TXN-00271,UP00123,Manoj Rajput,BARB000000000123,UP00282,Tariq Dubey,SBIN000000000282,45964,2024-03-20 18:18:00,80,NEFT,hawala_structuring
UP-TXN-00272,UP00271,Atiq Yadav,BARB000000000271,UP00429,Suresh Rawat,SBIN000000000429,193274,2024-03-18 09:36:00,78,Bank Transfer,none
UP-TXN-00273,UP00168,Ravindra Srivastav,PUNB000000000168,UP00556,Aslam Pal,UBIN000000000556,400681,2024-07-28 14:20:00,210,RTGS,none
UP-TXN-00274,UP00492,Virendra Nagar,SBIN000000000492,UP00241,Guddu Srivastav,SBIN000000000241,47230,2024-04-23 17:13:00,114,NEFT,hawala_structuring
UP-TXN-00275,UP00528,Rakesh Rawat,HDFC000000000528,UP00488,Suresh Pandey,SBIN000000000488,49310,2024-05-25 18:34:00,146,UPI,hawala_structuring
UP-TXN-00276,UP00578,Santosh Yadav,SBIN000000000578,UP00226,Ramesh Rawat,SBIN000000000226,167315,2024-07-25 12:50:00,207,IMPS,none
UP-TXN-00277,UP00317,Satish Tiwari,SBIN000000000317,UP00169,Atiq Qureshi,BARB000000000169,28926,2024-03-06 12:46:00,66,IMPS,none
UP-TXN-00278,UP00599,Sanjay Gupta,PUNB000000000599,UP00144,Rakesh Rajput,PUNB000000000144,167454,2024-02-17 14:38:00,48,NEFT,none
UP-TXN-00279,UP00012,Akhilesh Nagar,SBIN000000000012,UP00493,Imran Tomar,PUNB000000000493,352168,2024-05-18 13:02:00,139,RTGS,none
UP-TXN-00280,UP00396,Munna Gurjar,BARB000000000396,UP00318,Abhay Rawat,BARB000000000318,48524,2024-04-28 17:05:00,119,UPI,hawala_structuring
UP-TXN-00281,UP00242,Abhay Maurya,BARB000000000242,UP00027,Vikram Singh,PUNB000000000027,240577,2024-04-04 18:44:00,95,RTGS,none
UP-TXN-00282,UP00593,Vikram Dubey,UBIN000000000593,UP00015,Amit Tyagi,SBIN000000000015,290023,2024-04-16 13:12:00,107,RTGS,none
UP-TXN-00283,UP00494,Amit Gautam,SBIN000000000494,UP00008,Gufran Tripathi,BARB000000000008,49697,2024-02-16 13:20:00,47,IMPS,hawala_structuring
UP-TXN-00284,UP00305,Abhay Tyagi,UBIN000000000305,UP00100,Rakesh Srivastav,HDFC000000000100,80812,2024-04-15 13:05:00,106,Bank Transfer,none
UP-TXN-00285,UP00515,Aslam Shukla,SBIN000000000515,UP00006,Rizwan Chaudhary,BARB000000000006,322581,2024-05-26 19:28:00,147,RTGS,none
UP-TXN-00286,UP00579,Mukhtar Tripathi,BARB000000000579,UP00539,Akhilesh Pandey,PUNB000000000539,48983,2024-05-05 13:03:00,126,UPI,hawala_structuring
UP-TXN-00287,UP00254,Gufran Ansari,SBIN000000000254,UP00016,Sonu Tiwari,SBIN000000000016,262107,2024-07-12 14:09:00,194,RTGS,none
UP-TXN-00288,UP00099,Alok Tomar,PUNB000000000099,UP00570,Mahesh Bind,BARB000000000570,175603,2024-03-16 16:16:00,76,IMPS,none
UP-TXN-00289,UP00200,Sonu Khan,PUNB000000000200,UP00429,Suresh Rawat,SBIN000000000429,61653,2024-04-29 12:47:00,120,IMPS,none
UP-TXN-00290,UP00528,Rakesh Rawat,HDFC000000000528,UP00408,Mahesh Mishra,BARB000000000408,37069,2024-07-02 11:44:00,184,NEFT,none
UP-TXN-00291,UP00407,Guddu Tomar,UBIN000000000407,UP00181,Sanjay Yadav,UBIN000000000181,49112,2024-05-29 11:41:00,150,IMPS,hawala_structuring
UP-TXN-00292,UP00435,Sanjay Tomar,SBIN000000000435,UP00073,Akhilesh Khan,PUNB000000000073,49858,2024-08-12 16:51:00,225,NEFT,hawala_structuring
UP-TXN-00293,UP00541,Sonu Tiwari,UBIN000000000541,UP00344,Neeraj Kushwaha,HDFC000000000344,48269,2024-04-26 09:22:00,117,NEFT,hawala_structuring
UP-TXN-00294,UP00443,Imran Shukla,UBIN000000000443,UP00418,Ajay Maurya,PUNB000000000418,268939,2024-08-02 09:58:00,215,RTGS,none
UP-TXN-00295,UP00168,Ravindra Srivastav,PUNB000000000168,UP00526,Rajesh Nishad,SBIN000000000526,317158,2024-06-26 13:23:00,178,RTGS,none
UP-TXN-00296,UP00407,Guddu Tomar,UBIN000000000407,UP00402,Ajay Dubey,SBIN000000000402,34097,2024-03-19 09:36:00,79,Bank Transfer,none
UP-TXN-00297,UP00013,Satish Siddiqui,SBIN000000000013,UP00248,Manoj Gupta,SBIN000000000248,192564,2024-03-22 18:32:00,82,NEFT,none
UP-TXN-00298,UP00007,Gufran Siddiqui,PUNB000000000007,UP00490,Mukhtar Mishra,PUNB000000000490,116085,2024-04-05 19:27:00,96,NEFT,none
UP-TXN-00299,UP00331,Sanjay Dubey,SBIN000000000331,UP00512,Dhananjay Srivastav,UBIN000000000512,447280,2024-01-23 09:29:00,23,RTGS,none
UP-TXN-00300,UP00253,Mahesh Chaudhary,HDFC000000000253,UP00380,Brijesh Gurjar,PUNB000000000380,45618,2024-05-09 17:14:00,130,UPI,hawala_structuring
UP-TXN-00301,UP00271,Atiq Yadav,BARB000000000271,UP00470,Tariq Chaudhary,SBIN000000000470,83133,2024-04-26 13:38:00,117,NEFT,none
UP-TXN-00302,UP00392,Brijesh Tyagi,SBIN000000000392,UP00123,Manoj Rajput,BARB000000000123,47107,2024-06-18 10:29:00,170,UPI,hawala_structuring
UP-TXN-00303,UP00490,Mukhtar Mishra,PUNB000000000490,UP00035,Rizwan Nagar,SBIN000000000035,48117,2024-02-04 09:07:00,35,UPI,hawala_structuring
UP-TXN-00304,UP00391,Dhananjay Pandey,BARB000000000391,UP00497,Munna Rajput,SBIN000000000497,47914,2024-05-26 16:39:00,147,IMPS,hawala_structuring
UP-TXN-00305,UP00250,Rajesh Gurjar,UBIN000000000250,UP00240,Deepak Bind,SBIN000000000240,47889,2024-03-02 19:25:00,62,UPI,hawala_structuring
UP-TXN-00306,UP00573,Imran Dubey,UBIN000000000573,UP00277,Dharmendra Gautam,SBIN000000000277,9577,2024-06-12 17:51:00,164,NEFT,none
UP-TXN-00307,UP00139,Manoj Bind,HDFC000000000139,UP00169,Atiq Qureshi,BARB000000000169,257586,2024-06-25 16:00:00,177,RTGS,none
UP-TXN-00308,UP00062,Manoj Chauhan,UBIN000000000062,UP00201,Chhotu Maurya,BARB000000000201,334112,2024-07-07 09:40:00,189,RTGS,none
UP-TXN-00309,UP00292,Rakesh Rajput,BARB000000000292,UP00561,Rizwan Verma,HDFC000000000561,46536,2024-03-21 17:00:00,81,UPI,hawala_structuring
UP-TXN-00310,UP00329,Amit Kushwaha,PUNB000000000329,UP00519,Deepak Gautam,PUNB000000000519,46869,2024-03-29 10:59:00,89,IMPS,hawala_structuring
UP-TXN-00311,UP00255,Gufran Tomar,SBIN000000000255,UP00587,Mukhtar Yadav,PUNB000000000587,49832,2024-03-24 10:41:00,84,UPI,hawala_structuring
UP-TXN-00312,UP00060,Gufran Khan,SBIN000000000060,UP00517,Gufran Bind,UBIN000000000517,79109,2024-06-28 14:25:00,180,IMPS,none
UP-TXN-00313,UP00318,Abhay Rawat,BARB000000000318,UP00205,Anil Dubey,BARB000000000205,46729,2024-02-25 10:49:00,56,UPI,hawala_structuring
UP-TXN-00314,UP00209,Satish Pal,HDFC000000000209,UP00063,Sanjay Pandey,SBIN000000000063,46573,2024-07-19 18:39:00,201,IMPS,hawala_structuring
UP-TXN-00315,UP00142,Sonu Chaudhary,SBIN000000000142,UP00583,Vikram Gurjar,SBIN000000000583,436785,2024-02-24 19:42:00,55,RTGS,none
UP-TXN-00316,UP00039,Deepak Bind,PUNB000000000039,UP00162,Deepak Pal,PUNB000000000162,48284,2024-06-03 14:22:00,155,NEFT,hawala_structuring
UP-TXN-00317,UP00042,Brijesh Tripathi,SBIN000000000042,UP00435,Sanjay Tomar,SBIN000000000435,389175,2024-07-23 13:43:00,205,RTGS,none
UP-TXN-00318,UP00091,Rakesh Pal,SBIN000000000091,UP00153,Sunil Shukla,HDFC000000000153,363677,2024-07-16 14:26:00,198,RTGS,none
UP-TXN-00319,UP00343,Tariq Kushwaha,PUNB000000000343,UP00021,Mahesh Qureshi,UBIN000000000021,47068,2024-01-03 09:56:00,3,IMPS,hawala_structuring
UP-TXN-00320,UP00345,Vikram Dubey,SBIN000000000345,UP00362,Neeraj Gautam,PUNB000000000362,319665,2024-06-25 17:19:00,177,RTGS,none
UP-TXN-00321,UP00404,Imran Srivastav,SBIN000000000404,UP00326,Abhay Pal,PUNB000000000326,216786,2024-02-11 17:08:00,42,RTGS,none
UP-TXN-00322,UP00093,Abhay Nishad,UBIN000000000093,UP00373,Mukhtar Dubey,SBIN000000000373,61995,2024-05-28 12:09:00,149,NEFT,none
UP-TXN-00323,UP00348,Rakesh Pal,PUNB000000000348,UP00435,Sanjay Tomar,SBIN000000000435,47769,2024-03-26 12:24:00,86,UPI,hawala_structuring
UP-TXN-00324,UP00290,Pramod Yadav,PUNB000000000290,UP00366,Mukhtar Tripathi,SBIN000000000366,157483,2024-03-02 16:10:00,62,Bank Transfer,none
UP-TXN-00325,UP00465,Abhay Nagar,SBIN000000000465,UP00175,Munna Rajput,HDFC000000000175,406006,2024-06-05 09:15:00,157,RTGS,none
UP-TXN-00326,UP00354,Akhilesh Rajput,PUNB000000000354,UP00358,Akhilesh Nagar,UBIN000000000358,267427,2024-06-28 19:19:00,180,RTGS,none
UP-TXN-00327,UP00210,Rizwan Nishad,HDFC000000000210,UP00352,Chhotu Tomar,UBIN000000000352,342117,2024-05-04 12:10:00,125,RTGS,none
UP-TXN-00328,UP00157,Imran Singh,PUNB000000000157,UP00589,Babloo Pandey,BARB000000000589,48653,2024-06-02 17:56:00,154,IMPS,hawala_structuring
UP-TXN-00329,UP00545,Ravindra Qureshi,HDFC000000000545,UP00423,Pramod Kushwaha,SBIN000000000423,230706,2024-07-20 12:27:00,202,RTGS,none
UP-TXN-00330,UP00401,Akhilesh Kushwaha,UBIN000000000401,UP00529,Dhananjay Kushwaha,SBIN000000000529,157649,2024-05-29 17:33:00,150,NEFT,none
UP-TXN-00331,UP00138,Deepak Tiwari,SBIN000000000138,UP00297,Vikram Yadav,UBIN000000000297,45211,2024-04-18 18:12:00,109,IMPS,hawala_structuring
UP-TXN-00332,UP00481,Ajay Ansari,BARB000000000481,UP00535,Mahesh Srivastav,SBIN000000000535,47464,2024-06-23 18:03:00,175,NEFT,hawala_structuring
UP-TXN-00333,UP00439,Tariq Maurya,SBIN000000000439,UP00567,Tariq Pandey,SBIN000000000567,306877,2024-04-13 10:07:00,104,RTGS,none
UP-TXN-00334,UP00453,Ravindra Tripathi,PUNB000000000453,UP00028,Akhilesh Kushwaha,BARB000000000028,334487,2024-03-23 10:32:00,83,RTGS,none
UP-TXN-00335,UP00478,Rakesh Chauhan,BARB000000000478,UP00378,Abhay Rawat,SBIN000000000378,367432,2024-08-05 10:59:00,218,RTGS,none
UP-TXN-00336,UP00582,Imran Kushwaha,HDFC000000000582,UP00367,Abhay Srivastav,HDFC000000000367,125057,2024-07-08 10:51:00,190,NEFT,none
UP-TXN-00337,UP00521,Rizwan Kushwaha,UBIN000000000521,UP00267,Aslam Rawat,SBIN000000000267,166620,2024-06-15 10:23:00,167,IMPS,none
UP-TXN-00338,UP00474,Neeraj Pal,BARB000000000474,UP00567,Tariq Pandey,SBIN000000000567,141817,2024-07-16 13:58:00,198,Bank Transfer,none
UP-TXN-00339,UP00082,Ramesh Pandey,SBIN000000000082,UP00437,Satish Verma,PUNB000000000437,49007,2024-04-17 12:18:00,108,UPI,hawala_structuring
UP-TXN-00340,UP00538,Suresh Pal,BARB000000000538,UP00046,Rajesh Dubey,SBIN000000000046,49871,2024-06-11 14:29:00,163,UPI,hawala_structuring
UP-TXN-00341,UP00357,Amit Shukla,HDFC000000000357,UP00144,Rakesh Rajput,PUNB000000000144,47210,2024-01-22 12:56:00,22,UPI,hawala_structuring
UP-TXN-00342,UP00440,Guddu Mishra,UBIN000000000440,UP00487,Ajay Rajput,PUNB000000000487,276273,2024-01-24 17:31:00,24,RTGS,none
UP-TXN-00343,UP00541,Sonu Tiwari,UBIN000000000541,UP00302,Dharmendra Dubey,SBIN000000000302,156771,2024-08-15 18:22:00,228,IMPS,none
UP-TXN-00344,UP00029,Ramesh Gautam,PUNB000000000029,UP00219,Abhay Shukla,BARB000000000219,310794,2024-05-04 15:37:00,125,RTGS,none
UP-TXN-00345,UP00126,Tariq Pandey,PUNB000000000126,UP00432,Manoj Qureshi,BARB000000000432,48456,2024-06-26 19:12:00,178,NEFT,hawala_structuring
UP-TXN-00346,UP00430,Satish Gurjar,SBIN000000000430,UP00391,Dhananjay Pandey,BARB000000000391,47084,2024-07-09 12:37:00,191,IMPS,hawala_structuring
UP-TXN-00347,UP00579,Mukhtar Tripathi,BARB000000000579,UP00286,Abhay Jaiswal,HDFC000000000286,46482,2024-06-20 09:39:00,172,IMPS,hawala_structuring
UP-TXN-00348,UP00342,Pramod Yadav,BARB000000000342,UP00348,Rakesh Pal,PUNB000000000348,246420,2024-07-08 16:08:00,190,RTGS,none
UP-TXN-00349,UP00047,Chhotu Tripathi,BARB000000000047,UP00145,Akhilesh Shukla,SBIN000000000145,45260,2024-03-31 15:07:00,91,NEFT,hawala_structuring
UP-TXN-00350,UP00009,Chhotu Maurya,HDFC000000000009,UP00199,Rizwan Yadav,PUNB000000000199,317473,2024-02-11 15:04:00,42,RTGS,none
UP-TXN-00351,UP00046,Rajesh Dubey,SBIN000000000046,UP00310,Sanjay Dubey,SBIN000000000310,49002,2024-07-05 12:09:00,187,NEFT,hawala_structuring
UP-TXN-00352,UP00501,Ravindra Maurya,SBIN000000000501,UP00220,Vikram Shukla,UBIN000000000220,359366,2024-06-22 14:54:00,174,RTGS,none
UP-TXN-00353,UP00239,Pappu Rajput,SBIN000000000239,UP00134,Chhotu Tripathi,SBIN000000000134,47133,2024-04-22 10:41:00,113,NEFT,hawala_structuring
UP-TXN-00354,UP00032,Babloo Tomar,SBIN000000000032,UP00523,Imran Shukla,SBIN000000000523,47785,2024-01-09 11:36:00,9,IMPS,hawala_structuring
UP-TXN-00355,UP00502,Neeraj Qureshi,UBIN000000000502,UP00530,Amit Nagar,UBIN000000000530,48302,2024-04-27 09:48:00,118,NEFT,hawala_structuring
UP-TXN-00356,UP00278,Babloo Gautam,SBIN000000000278,UP00029,Ramesh Gautam,PUNB000000000029,48542,2024-01-09 19:15:00,9,IMPS,hawala_structuring
UP-TXN-00357,UP00297,Vikram Yadav,UBIN000000000297,UP00230,Tariq Qureshi,PUNB000000000230,47199,2024-07-03 16:14:00,185,UPI,hawala_structuring
UP-TXN-00358,UP00168,Ravindra Srivastav,PUNB000000000168,UP00523,Imran Shukla,SBIN000000000523,49390,2024-01-18 19:52:00,18,IMPS,hawala_structuring
UP-TXN-00359,UP00483,Abhay Yadav,BARB000000000483,UP00468,Mukhtar Verma,BARB000000000468,205760,2024-03-26 18:59:00,86,RTGS,none
UP-TXN-00360,UP00548,Aslam Tiwari,PUNB000000000548,UP00333,Satish Chauhan,SBIN000000000333,340303,2024-06-15 10:11:00,167,RTGS,none
UP-TXN-00361,UP00381,Chhotu Gurjar,PUNB000000000381,UP00262,Tariq Tiwari,PUNB000000000262,373275,2024-04-01 13:57:00,92,RTGS,none
UP-TXN-00362,UP00241,Guddu Srivastav,SBIN000000000241,UP00072,Chhotu Nagar,SBIN000000000072,72571,2024-04-02 13:34:00,93,IMPS,none
UP-TXN-00363,UP00458,Rizwan Pandey,PUNB000000000458,UP00267,Aslam Rawat,SBIN000000000267,35241,2024-02-14 19:15:00,45,IMPS,none
UP-TXN-00364,UP00175,Munna Rajput,HDFC000000000175,UP00325,Guddu Siddiqui,PUNB000000000325,46882,2024-06-06 17:49:00,158,NEFT,hawala_structuring
UP-TXN-00365,UP00028,Akhilesh Kushwaha,BARB000000000028,UP00071,Babloo Chauhan,UBIN000000000071,45242,2024-02-27 16:47:00,58,IMPS,hawala_structuring
UP-TXN-00366,UP00438,Satish Jaiswal,BARB000000000438,UP00286,Abhay Jaiswal,HDFC000000000286,162216,2024-03-18 09:00:00,78,NEFT,none
UP-TXN-00367,UP00362,Neeraj Gautam,PUNB000000000362,UP00156,Imran Verma,BARB000000000156,112848,2024-04-24 17:15:00,115,NEFT,none
UP-TXN-00368,UP00102,Deepak Gautam,SBIN000000000102,UP00520,Bablu Gurjar,UBIN000000000520,49045,2024-07-16 09:04:00,198,UPI,hawala_structuring
UP-TXN-00369,UP00031,Imran Tomar,PUNB000000000031,UP00238,Virendra Tiwari,PUNB000000000238,189561,2024-05-26 12:40:00,147,NEFT,none
UP-TXN-00370,UP00380,Brijesh Gurjar,PUNB000000000380,UP00305,Abhay Tyagi,UBIN000000000305,322283,2024-03-06 12:56:00,66,RTGS,none
UP-TXN-00371,UP00036,Amit Kushwaha,SBIN000000000036,UP00371,Rizwan Pandey,SBIN000000000371,183902,2024-01-30 13:19:00,30,NEFT,none
UP-TXN-00372,UP00571,Abhay Srivastav,SBIN000000000571,UP00560,Guddu Verma,UBIN000000000560,162968,2024-07-02 12:13:00,184,IMPS,none
UP-TXN-00373,UP00532,Amit Qureshi,BARB000000000532,UP00405,Sonu Gautam,UBIN000000000405,49328,2024-04-28 12:23:00,119,NEFT,hawala_structuring
UP-TXN-00374,UP00391,Dhananjay Pandey,BARB000000000391,UP00431,Dhananjay Bind,BARB000000000431,362823,2024-07-19 16:40:00,201,RTGS,none
UP-TXN-00375,UP00208,Akhilesh Mishra,UBIN000000000208,UP00265,Santosh Yadav,SBIN000000000265,389419,2024-08-04 16:04:00,217,RTGS,none
UP-TXN-00376,UP00520,Bablu Gurjar,UBIN000000000520,UP00408,Mahesh Mishra,BARB000000000408,48745,2024-02-25 15:12:00,56,IMPS,hawala_structuring
UP-TXN-00377,UP00173,Sonu Dubey,PUNB000000000173,UP00039,Deepak Bind,PUNB000000000039,72894,2024-03-22 10:50:00,82,IMPS,none
UP-TXN-00378,UP00538,Suresh Pal,BARB000000000538,UP00528,Rakesh Rawat,HDFC000000000528,298505,2024-08-07 16:10:00,220,RTGS,none
UP-TXN-00379,UP00157,Imran Singh,PUNB000000000157,UP00060,Gufran Khan,SBIN000000000060,193297,2024-06-21 12:26:00,173,Bank Transfer,none
UP-TXN-00380,UP00405,Sonu Gautam,UBIN000000000405,UP00252,Atiq Dubey,UBIN000000000252,45115,2024-07-02 12:43:00,184,UPI,hawala_structuring
UP-TXN-00381,UP00152,Sonu Rajput,PUNB000000000152,UP00355,Santosh Chauhan,PUNB000000000355,46518,2024-02-23 10:22:00,54,NEFT,hawala_structuring
UP-TXN-00382,UP00391,Dhananjay Pandey,BARB000000000391,UP00248,Manoj Gupta,SBIN000000000248,46894,2024-02-08 14:34:00,39,IMPS,hawala_structuring
UP-TXN-00383,UP00264,Imran Gupta,SBIN000000000264,UP00247,Vikram Khan,SBIN000000000247,311409,2024-03-01 11:10:00,61,RTGS,none
UP-TXN-00384,UP00244,Satish Bind,UBIN000000000244,UP00436,Tariq Verma,SBIN000000000436,288029,2024-03-22 09:59:00,82,RTGS,none
UP-TXN-00385,UP00257,Abhay Dubey,SBIN000000000257,UP00197,Rajesh Nagar,PUNB000000000197,49163,2024-02-08 14:06:00,39,IMPS,hawala_structuring
UP-TXN-00386,UP00188,Pankaj Yadav,PUNB000000000188,UP00491,Anil Rawat,SBIN000000000491,47234,2024-08-20 12:23:00,233,IMPS,hawala_structuring
UP-TXN-00387,UP00554,Satish Rawat,SBIN000000000554,UP00109,Satish Ansari,UBIN000000000109,47734,2024-08-02 09:09:00,215,IMPS,hawala_structuring
UP-TXN-00388,UP00008,Gufran Tripathi,BARB000000000008,UP00116,Tariq Gautam,PUNB000000000116,48342,2024-05-18 12:37:00,139,UPI,hawala_structuring
UP-TXN-00389,UP00586,Mahesh Srivastav,PUNB000000000586,UP00455,Sonu Jaiswal,SBIN000000000455,47831,2024-02-03 16:51:00,34,UPI,hawala_structuring
UP-TXN-00390,UP00587,Mukhtar Yadav,PUNB000000000587,UP00016,Sonu Tiwari,SBIN000000000016,138523,2024-08-03 11:41:00,216,NEFT,none
UP-TXN-00391,UP00398,Manoj Nishad,PUNB000000000398,UP00195,Pramod Siddiqui,PUNB000000000195,380899,2024-04-25 15:39:00,116,RTGS,none
UP-TXN-00392,UP00018,Pankaj Siddiqui,SBIN000000000018,UP00077,Suresh Khan,PUNB000000000077,48090,2024-07-18 10:25:00,200,UPI,hawala_structuring
UP-TXN-00393,UP00080,Ramesh Verma,SBIN000000000080,UP00382,Atiq Nagar,PUNB000000000382,401805,2024-01-14 09:42:00,14,RTGS,none
UP-TXN-00394,UP00178,Rizwan Siddiqui,PUNB000000000178,UP00527,Suresh Pandey,SBIN000000000527,49801,2024-03-17 18:11:00,77,NEFT,hawala_structuring
UP-TXN-00395,UP00528,Rakesh Rawat,HDFC000000000528,UP00152,Sonu Rajput,PUNB000000000152,48907,2024-02-24 09:38:00,55,IMPS,hawala_structuring
UP-TXN-00396,UP00135,Sunil Shukla,HDFC000000000135,UP00442,Dhananjay Gupta,PUNB000000000442,319541,2024-07-23 18:27:00,205,RTGS,none
UP-TXN-00397,UP00060,Gufran Khan,SBIN000000000060,UP00106,Mahesh Chauhan,BARB000000000106,175806,2024-03-31 15:18:00,91,NEFT,none
UP-TXN-00398,UP00221,Deepak Kushwaha,SBIN000000000221,UP00054,Sonu Chaudhary,SBIN000000000054,47278,2024-06-16 11:08:00,168,NEFT,hawala_structuring
UP-TXN-00399,UP00182,Bablu Pandey,UBIN000000000182,UP00277,Dharmendra Gautam,SBIN000000000277,45483,2024-03-05 10:10:00,65,NEFT,hawala_structuring
UP-TXN-00400,UP00345,Vikram Dubey,SBIN000000000345,UP00238,Virendra Tiwari,PUNB000000000238,226993,2024-01-17 19:47:00,17,RTGS,none
UP-TXN-00401,UP00456,Rajesh Srivastav,BARB000000000456,UP00516,Imran Dubey,UBIN000000000516,47899,2024-04-24 18:12:00,115,IMPS,hawala_structuring
UP-TXN-00402,UP00264,Imran Gupta,SBIN000000000264,UP00055,Pappu Pandey,SBIN000000000055,49221,2024-08-20 17:56:00,233,NEFT,hawala_structuring
UP-TXN-00403,UP00180,Aslam Tyagi,UBIN000000000180,UP00423,Pramod Kushwaha,SBIN000000000423,416001,2024-05-12 11:42:00,133,RTGS,none
UP-TXN-00404,UP00273,Deepak Pandey,SBIN000000000273,UP00572,Rakesh Ansari,UBIN000000000572,202367,2024-02-02 10:42:00,33,RTGS,none
UP-TXN-00405,UP00082,Ramesh Pandey,SBIN000000000082,UP00444,Virendra Mishra,BARB000000000444,355522,2024-08-10 17:14:00,223,RTGS,none
UP-TXN-00406,UP00046,Rajesh Dubey,SBIN000000000046,UP00285,Abhay Yadav,BARB000000000285,45916,2024-07-21 17:59:00,203,NEFT,hawala_structuring
UP-TXN-00407,UP00083,Anil Mishra,SBIN000000000083,UP00041,Neeraj Pal,SBIN000000000041,414955,2024-08-27 18:57:00,240,RTGS,none
UP-TXN-00408,UP00518,Babloo Bind,PUNB000000000518,UP00226,Ramesh Rawat,SBIN000000000226,436514,2024-07-08 16:49:00,190,RTGS,none
UP-TXN-00409,UP00055,Pappu Pandey,SBIN000000000055,UP00071,Babloo Chauhan,UBIN000000000071,98964,2024-05-27 19:50:00,148,NEFT,none
UP-TXN-00410,UP00567,Tariq Pandey,SBIN000000000567,UP00020,Santosh Gurjar,BARB000000000020,171391,2024-04-11 11:02:00,102,NEFT,none
UP-TXN-00411,UP00233,Pappu Tripathi,SBIN000000000233,UP00199,Rizwan Yadav,PUNB000000000199,46765,2024-07-29 09:43:00,211,UPI,hawala_structuring
UP-TXN-00412,UP00142,Sonu Chaudhary,SBIN000000000142,UP00128,Atiq Siddiqui,SBIN000000000128,205025,2024-04-12 11:35:00,103,RTGS,none
UP-TXN-00413,UP00353,Brijesh Dubey,SBIN000000000353,UP00359,Atiq Qureshi,UBIN000000000359,261089,2024-01-13 18:36:00,13,RTGS,none
UP-TXN-00414,UP00121,Anil Tiwari,BARB000000000121,UP00305,Abhay Tyagi,UBIN000000000305,362002,2024-06-07 13:31:00,159,RTGS,none
UP-TXN-00415,UP00590,Atiq Jaiswal,BARB000000000590,UP00181,Sanjay Yadav,UBIN000000000181,291280,2024-08-10 17:49:00,223,RTGS,none
UP-TXN-00416,UP00459,Alok Chauhan,PUNB000000000459,UP00307,Neeraj Shukla,SBIN000000000307,49823,2024-02-13 09:56:00,44,NEFT,hawala_structuring
UP-TXN-00417,UP00089,Santosh Siddiqui,HDFC000000000089,UP00191,Suresh Pal,SBIN000000000191,356236,2024-01-26 16:22:00,26,RTGS,none
UP-TXN-00418,UP00298,Munna Gurjar,SBIN000000000298,UP00102,Deepak Gautam,SBIN000000000102,211696,2024-08-21 19:28:00,234,RTGS,none
UP-TXN-00419,UP00380,Brijesh Gurjar,PUNB000000000380,UP00145,Akhilesh Shukla,SBIN000000000145,135426,2024-07-20 17:42:00,202,Bank Transfer,none
UP-TXN-00420,UP00406,Satish Shukla,PUNB000000000406,UP00395,Ramesh Pal,SBIN000000000395,47295,2024-02-03 10:34:00,34,IMPS,hawala_structuring
UP-TXN-00421,UP00391,Dhananjay Pandey,BARB000000000391,UP00200,Sonu Khan,PUNB000000000200,390509,2024-08-11 12:56:00,224,RTGS,none
UP-TXN-00422,UP00036,Amit Kushwaha,SBIN000000000036,UP00431,Dhananjay Bind,BARB000000000431,56798,2024-05-26 19:34:00,147,NEFT,none
UP-TXN-00423,UP00532,Amit Qureshi,BARB000000000532,UP00328,Atiq Chauhan,PUNB000000000328,331909,2024-08-17 12:43:00,230,RTGS,none
UP-TXN-00424,UP00157,Imran Singh,PUNB000000000157,UP00070,Pankaj Tiwari,SBIN000000000070,49410,2024-04-16 11:09:00,107,UPI,hawala_structuring
UP-TXN-00425,UP00350,Aslam Pandey,BARB000000000350,UP00337,Ravindra Pal,PUNB000000000337,362313,2024-05-22 13:37:00,143,RTGS,none
UP-TXN-00426,UP00531,Atiq Siddiqui,BARB000000000531,UP00168,Ravindra Srivastav,PUNB000000000168,50382,2024-04-19 15:14:00,110,NEFT,none
UP-TXN-00427,UP00484,Dhananjay Nishad,PUNB000000000484,UP00333,Satish Chauhan,SBIN000000000333,309047,2024-02-18 19:05:00,49,RTGS,none
UP-TXN-00428,UP00050,Akhilesh Rawat,UBIN000000000050,UP00319,Vikram Chauhan,HDFC000000000319,132740,2024-06-26 19:05:00,178,Bank Transfer,none
UP-TXN-00429,UP00433,Sanjay Mishra,BARB000000000433,UP00061,Sonu Khan,SBIN000000000061,232846,2024-08-04 11:44:00,217,RTGS,none
UP-TXN-00430,UP00539,Akhilesh Pandey,PUNB000000000539,UP00355,Santosh Chauhan,PUNB000000000355,45797,2024-03-20 16:40:00,80,IMPS,hawala_structuring
UP-TXN-00431,UP00051,Suresh Dubey,SBIN000000000051,UP00385,Rajesh Kushwaha,SBIN000000000385,47915,2024-06-16 19:04:00,168,NEFT,hawala_structuring
UP-TXN-00432,UP00009,Chhotu Maurya,HDFC000000000009,UP00260,Munna Rajput,SBIN000000000260,322598,2024-03-24 19:55:00,84,RTGS,none
UP-TXN-00433,UP00549,Mahesh Tyagi,SBIN000000000549,UP00527,Suresh Pandey,SBIN000000000527,45688,2024-01-29 09:57:00,29,NEFT,hawala_structuring
UP-TXN-00434,UP00317,Satish Tiwari,SBIN000000000317,UP00143,Vikram Pal,PUNB000000000143,48816,2024-04-29 14:12:00,120,NEFT,hawala_structuring
UP-TXN-00435,UP00417,Amit Verma,SBIN000000000417,UP00207,Dhananjay Pandey,SBIN000000000207,82076,2024-04-09 14:43:00,100,IMPS,none
UP-TXN-00436,UP00243,Dharmendra Chaudhary,UBIN000000000243,UP00494,Amit Gautam,SBIN000000000494,47272,2024-01-08 17:53:00,8,NEFT,hawala_structuring
UP-TXN-00437,UP00054,Sonu Chaudhary,SBIN000000000054,UP00501,Ravindra Maurya,SBIN000000000501,47937,2024-01-13 14:06:00,13,IMPS,hawala_structuring
UP-TXN-00438,UP00033,Aslam Tomar,PUNB000000000033,UP00059,Aslam Chauhan,BARB000000000059,48101,2024-02-02 12:59:00,33,UPI,hawala_structuring
UP-TXN-00439,UP00582,Imran Kushwaha,HDFC000000000582,UP00194,Santosh Jaiswal,SBIN000000000194,223302,2024-01-22 18:08:00,22,RTGS,none
UP-TXN-00440,UP00277,Dharmendra Gautam,SBIN000000000277,UP00404,Imran Srivastav,SBIN000000000404,57253,2024-06-07 10:12:00,159,IMPS,none
UP-TXN-00441,UP00400,Abhay Nagar,PUNB000000000400,UP00066,Sanjay Nishad,BARB000000000066,257199,2024-07-05 14:07:00,187,RTGS,none
UP-TXN-00442,UP00169,Atiq Qureshi,BARB000000000169,UP00453,Ravindra Tripathi,PUNB000000000453,46823,2024-07-17 16:01:00,199,UPI,hawala_structuring
UP-TXN-00443,UP00424,Atiq Bind,HDFC000000000424,UP00569,Neeraj Qureshi,HDFC000000000569,427897,2024-07-04 16:24:00,186,RTGS,none
UP-TXN-00444,UP00040,Rizwan Mishra,UBIN000000000040,UP00165,Mukhtar Nagar,SBIN000000000165,46672,2024-05-24 14:12:00,145,IMPS,hawala_structuring
UP-TXN-00445,UP00337,Ravindra Pal,PUNB000000000337,UP00537,Guddu Srivastav,SBIN000000000537,45339,2024-06-04 11:42:00,156,IMPS,hawala_structuring
UP-TXN-00446,UP00089,Santosh Siddiqui,HDFC000000000089,UP00176,Amit Tiwari,UBIN000000000176,279511,2024-08-19 19:11:00,232,RTGS,none
UP-TXN-00447,UP00071,Babloo Chauhan,UBIN000000000071,UP00451,Alok Chaudhary,UBIN000000000451,45558,2024-06-15 12:04:00,167,IMPS,hawala_structuring
UP-TXN-00448,UP00290,Pramod Yadav,PUNB000000000290,UP00335,Pankaj Srivastav,UBIN000000000335,95805,2024-03-20 15:28:00,80,NEFT,none
UP-TXN-00449,UP00261,Rajesh Verma,UBIN000000000261,UP00259,Amit Chauhan,SBIN000000000259,48939,2024-01-17 15:27:00,17,UPI,hawala_structuring
UP-TXN-00450,UP00134,Chhotu Tripathi,SBIN000000000134,UP00443,Imran Shukla,UBIN000000000443,108204,2024-05-27 11:28:00,148,NEFT,none
UP-TXN-00451,UP00516,Imran Dubey,UBIN000000000516,UP00371,Rizwan Pandey,SBIN000000000371,445040,2024-06-13 09:35:00,165,RTGS,none
UP-TXN-00452,UP00089,Santosh Siddiqui,HDFC000000000089,UP00150,Virendra Yadav,PUNB000000000150,46914,2024-05-10 12:52:00,131,IMPS,hawala_structuring
UP-TXN-00453,UP00338,Sonu Shukla,PUNB000000000338,UP00262,Tariq Tiwari,PUNB000000000262,201217,2024-02-04 17:46:00,35,RTGS,none
UP-TXN-00454,UP00152,Sonu Rajput,PUNB000000000152,UP00011,Chhotu Gupta,PUNB000000000011,201336,2024-05-31 19:57:00,152,RTGS,none
UP-TXN-00455,UP00373,Mukhtar Dubey,SBIN000000000373,UP00448,Babloo Pandey,BARB000000000448,45532,2024-03-24 14:22:00,84,NEFT,hawala_structuring
UP-TXN-00456,UP00172,Sonu Chauhan,UBIN000000000172,UP00332,Pankaj Qureshi,PUNB000000000332,72015,2024-03-16 18:44:00,76,IMPS,none
UP-TXN-00457,UP00107,Ravindra Jaiswal,PUNB000000000107,UP00400,Abhay Nagar,PUNB000000000400,310755,2024-08-02 14:06:00,215,RTGS,none
UP-TXN-00458,UP00304,Rajesh Mishra,BARB000000000304,UP00246,Rakesh Shukla,SBIN000000000246,439106,2024-01-15 11:42:00,15,RTGS,none
UP-TXN-00459,UP00563,Guddu Chauhan,SBIN000000000563,UP00554,Satish Rawat,SBIN000000000554,84477,2024-06-30 14:23:00,182,IMPS,none
UP-TXN-00460,UP00117,Munna Gurjar,PUNB000000000117,UP00406,Satish Shukla,PUNB000000000406,178383,2024-06-18 18:10:00,170,NEFT,none
UP-TXN-00461,UP00189,Anil Jaiswal,UBIN000000000189,UP00409,Anil Nishad,BARB000000000409,434538,2024-05-26 17:16:00,147,RTGS,none
UP-TXN-00462,UP00515,Aslam Shukla,SBIN000000000515,UP00451,Alok Chaudhary,UBIN000000000451,45113,2024-04-20 12:50:00,111,IMPS,hawala_structuring
UP-TXN-00463,UP00144,Rakesh Rajput,PUNB000000000144,UP00390,Guddu Siddiqui,SBIN000000000390,58956,2024-05-02 09:33:00,123,Bank Transfer,none
UP-TXN-00464,UP00012,Akhilesh Nagar,SBIN000000000012,UP00174,Ramesh Kushwaha,SBIN000000000174,283923,2024-01-06 15:18:00,6,RTGS,none
UP-TXN-00465,UP00163,Rakesh Dubey,PUNB000000000163,UP00342,Pramod Yadav,BARB000000000342,182293,2024-06-23 11:38:00,175,IMPS,none
UP-TXN-00466,UP00536,Brijesh Gautam,BARB000000000536,UP00524,Pankaj Nagar,PUNB000000000524,48121,2024-05-23 11:57:00,144,UPI,hawala_structuring
UP-TXN-00467,UP00434,Brijesh Srivastav,BARB000000000434,UP00279,Ravindra Chaudhary,PUNB000000000279,39475,2024-08-04 19:06:00,217,IMPS,none
UP-TXN-00468,UP00105,Rizwan Tiwari,SBIN000000000105,UP00373,Mukhtar Dubey,SBIN000000000373,370136,2024-03-31 16:10:00,91,RTGS,none
UP-TXN-00469,UP00358,Akhilesh Nagar,UBIN000000000358,UP00021,Mahesh Qureshi,UBIN000000000021,234757,2024-07-02 16:15:00,184,RTGS,none
UP-TXN-00470,UP00366,Mukhtar Tripathi,SBIN000000000366,UP00322,Rajesh Verma,PUNB000000000322,46683,2024-08-24 18:40:00,237,IMPS,hawala_structuring
UP-TXN-00471,UP00041,Neeraj Pal,SBIN000000000041,UP00291,Rakesh Rawat,UBIN000000000291,154125,2024-01-12 13:10:00,12,Bank Transfer,none
UP-TXN-00472,UP00274,Ajay Singh,HDFC000000000274,UP00288,Bablu Qureshi,HDFC000000000288,378042,2024-07-25 16:03:00,207,RTGS,none
UP-TXN-00473,UP00419,Gufran Dubey,SBIN000000000419,UP00190,Pappu Rawat,SBIN000000000190,48650,2024-06-11 17:03:00,163,UPI,hawala_structuring
UP-TXN-00474,UP00058,Suresh Jaiswal,UBIN000000000058,UP00217,Abhay Bind,BARB000000000217,48917,2024-08-20 11:27:00,233,NEFT,hawala_structuring
UP-TXN-00475,UP00168,Ravindra Srivastav,PUNB000000000168,UP00284,Brijesh Kushwaha,SBIN000000000284,160917,2024-05-05 09:43:00,126,NEFT,none
UP-TXN-00476,UP00173,Sonu Dubey,PUNB000000000173,UP00382,Atiq Nagar,PUNB000000000382,262242,2024-02-04 10:25:00,35,RTGS,none
UP-TXN-00477,UP00550,Babloo Maurya,PUNB000000000550,UP00338,Sonu Shukla,PUNB000000000338,150215,2024-08-05 12:31:00,218,NEFT,none
UP-TXN-00478,UP00368,Brijesh Chauhan,BARB000000000368,UP00233,Pappu Tripathi,SBIN000000000233,275837,2024-01-10 14:34:00,10,RTGS,none
UP-TXN-00479,UP00057,Akhilesh Chauhan,SBIN000000000057,UP00085,Munna Verma,UBIN000000000085,49026,2024-08-04 09:05:00,217,NEFT,hawala_structuring
UP-TXN-00480,UP00151,Dharmendra Nishad,PUNB000000000151,UP00529,Dhananjay Kushwaha,SBIN000000000529,154969,2024-01-01 19:14:00,1,NEFT,none
UP-TXN-00481,UP00320,Ramesh Nagar,SBIN000000000320,UP00422,Alok Shukla,BARB000000000422,245476,2024-04-12 12:51:00,103,RTGS,none
UP-TXN-00482,UP00435,Sanjay Tomar,SBIN000000000435,UP00542,Virendra Kushwaha,SBIN000000000542,46566,2024-06-15 16:34:00,167,UPI,hawala_structuring
UP-TXN-00483,UP00188,Pankaj Yadav,PUNB000000000188,UP00078,Rizwan Gurjar,SBIN000000000078,371068,2024-06-03 11:20:00,155,RTGS,none
UP-TXN-00484,UP00332,Pankaj Qureshi,PUNB000000000332,UP00527,Suresh Pandey,SBIN000000000527,47086,2024-08-05 17:05:00,218,IMPS,hawala_structuring
UP-TXN-00485,UP00140,Chhotu Gupta,SBIN000000000140,UP00402,Ajay Dubey,SBIN000000000402,379892,2024-05-22 10:08:00,143,RTGS,none
UP-TXN-00486,UP00109,Satish Ansari,UBIN000000000109,UP00017,Dharmendra Yadav,UBIN000000000017,133583,2024-07-30 14:45:00,212,NEFT,none
UP-TXN-00487,UP00025,Dhananjay Pal,SBIN000000000025,UP00223,Rakesh Bind,SBIN000000000223,421538,2024-01-26 10:06:00,26,RTGS,none
UP-TXN-00488,UP00293,Imran Singh,PUNB000000000293,UP00183,Vikram Tripathi,PUNB000000000183,47742,2024-03-06 13:07:00,66,NEFT,hawala_structuring
UP-TXN-00489,UP00269,Rajesh Tripathi,SBIN000000000269,UP00488,Suresh Pandey,SBIN000000000488,233712,2024-05-29 09:34:00,150,RTGS,none
UP-TXN-00490,UP00481,Ajay Ansari,BARB000000000481,UP00402,Ajay Dubey,SBIN000000000402,309435,2024-07-21 15:50:00,203,RTGS,none
UP-TXN-00491,UP00253,Mahesh Chaudhary,HDFC000000000253,UP00052,Amit Yadav,UBIN000000000052,379556,2024-02-19 17:09:00,50,RTGS,none
UP-TXN-00492,UP00266,Gufran Khan,BARB000000000266,UP00229,Satish Verma,PUNB000000000229,48643,2024-01-01 10:33:00,1,IMPS,hawala_structuring
UP-TXN-00493,UP00286,Abhay Jaiswal,HDFC000000000286,UP00145,Akhilesh Shukla,SBIN000000000145,21078,2024-08-07 10:25:00,220,Bank Transfer,none
UP-TXN-00494,UP00538,Suresh Pal,BARB000000000538,UP00317,Satish Tiwari,SBIN000000000317,190638,2024-06-02 10:32:00,154,NEFT,none
UP-TXN-00495,UP00354,Akhilesh Rajput,PUNB000000000354,UP00237,Sunil Gupta,SBIN000000000237,132258,2024-04-16 09:20:00,107,NEFT,none
UP-TXN-00496,UP00497,Munna Rajput,SBIN000000000497,UP00562,Anil Bind,BARB000000000562,133167,2024-03-10 10:11:00,70,IMPS,none
UP-TXN-00497,UP00036,Amit Kushwaha,SBIN000000000036,UP00078,Rizwan Gurjar,SBIN000000000078,406287,2024-06-07 12:53:00,159,RTGS,none
UP-TXN-00498,UP00486,Deepak Rawat,BARB000000000486,UP00385,Rajesh Kushwaha,SBIN000000000385,272733,2024-06-06 19:59:00,158,RTGS,none
UP-TXN-00499,UP00367,Abhay Srivastav,HDFC000000000367,UP00310,Sanjay Dubey,SBIN000000000310,45779,2024-01-22 09:06:00,22,NEFT,hawala_structuring
UP-TXN-00500,UP00150,Virendra Yadav,PUNB000000000150,UP00013,Satish Siddiqui,SBIN000000000013,38175,2024-03-26 09:40:00,86,IMPS,none
UP-TXN-00501,UP00588,Mukhtar Kushwaha,SBIN000000000588,UP00185,Akhilesh Pal,SBIN000000000185,412929,2024-04-21 10:04:00,112,RTGS,none
UP-TXN-00502,UP00113,Imran Siddiqui,SBIN000000000113,UP00275,Sanjay Ansari,HDFC000000000275,132309,2024-07-13 19:40:00,195,NEFT,none
UP-TXN-00503,UP00260,Munna Rajput,SBIN000000000260,UP00555,Anil Srivastav,UBIN000000000555,46124,2024-06-03 09:05:00,155,IMPS,hawala_structuring
UP-TXN-00504,UP00102,Deepak Gautam,SBIN000000000102,UP00016,Sonu Tiwari,SBIN000000000016,246128,2024-08-27 09:31:00,240,RTGS,none
UP-TXN-00505,UP00388,Mahesh Tripathi,PUNB000000000388,UP00172,Sonu Chauhan,UBIN000000000172,45989,2024-02-18 11:22:00,49,UPI,hawala_structuring
UP-TXN-00506,UP00180,Aslam Tyagi,UBIN000000000180,UP00110,Manoj Khan,SBIN000000000110,439292,2024-06-29 14:46:00,181,RTGS,none
UP-TXN-00507,UP00355,Santosh Chauhan,PUNB000000000355,UP00261,Rajesh Verma,UBIN000000000261,74629,2024-03-14 15:07:00,74,IMPS,none
UP-TXN-00508,UP00375,Santosh Jaiswal,BARB000000000375,UP00020,Santosh Gurjar,BARB000000000020,265187,2024-04-08 13:59:00,99,RTGS,none
UP-TXN-00509,UP00102,Deepak Gautam,SBIN000000000102,UP00512,Dhananjay Srivastav,UBIN000000000512,45151,2024-03-15 19:07:00,75,IMPS,hawala_structuring
UP-TXN-00510,UP00139,Manoj Bind,HDFC000000000139,UP00462,Mahesh Srivastav,PUNB000000000462,21439,2024-01-15 16:19:00,15,Bank Transfer,none
UP-TXN-00511,UP00365,Brijesh Yadav,PUNB000000000365,UP00452,Imran Nagar,PUNB000000000452,46616,2024-02-06 09:33:00,37,NEFT,hawala_structuring
UP-TXN-00512,UP00529,Dhananjay Kushwaha,SBIN000000000529,UP00015,Amit Tyagi,SBIN000000000015,47322,2024-01-28 17:37:00,28,NEFT,hawala_structuring
UP-TXN-00513,UP00230,Tariq Qureshi,PUNB000000000230,UP00333,Satish Chauhan,SBIN000000000333,49915,2024-03-28 12:51:00,88,NEFT,hawala_structuring
UP-TXN-00514,UP00180,Aslam Tyagi,UBIN000000000180,UP00307,Neeraj Shukla,SBIN000000000307,48383,2024-02-18 10:53:00,49,NEFT,hawala_structuring
UP-TXN-00515,UP00016,Sonu Tiwari,SBIN000000000016,UP00230,Tariq Qureshi,PUNB000000000230,170267,2024-08-09 19:56:00,222,IMPS,none
UP-TXN-00516,UP00187,Rakesh Mishra,UBIN000000000187,UP00165,Mukhtar Nagar,SBIN000000000165,49642,2024-06-09 19:24:00,161,NEFT,hawala_structuring
UP-TXN-00517,UP00061,Sonu Khan,SBIN000000000061,UP00488,Suresh Pandey,SBIN000000000488,275462,2024-02-05 11:05:00,36,RTGS,none
UP-TXN-00518,UP00468,Mukhtar Verma,BARB000000000468,UP00232,Ajay Tripathi,SBIN000000000232,387517,2024-05-07 19:18:00,128,RTGS,none
UP-TXN-00519,UP00527,Suresh Pandey,SBIN000000000527,UP00003,Abhay Tripathi,SBIN000000000003,49441,2024-02-25 19:52:00,56,UPI,hawala_structuring
UP-TXN-00520,UP00525,Abhay Verma,BARB000000000525,UP00333,Satish Chauhan,SBIN000000000333,324391,2024-03-04 12:18:00,64,RTGS,none
UP-TXN-00521,UP00085,Munna Verma,UBIN000000000085,UP00329,Amit Kushwaha,PUNB000000000329,48779,2024-07-26 13:12:00,208,UPI,hawala_structuring
UP-TXN-00522,UP00026,Rajesh Shukla,BARB000000000026,UP00578,Santosh Yadav,SBIN000000000578,46285,2024-03-25 15:32:00,85,NEFT,hawala_structuring
UP-TXN-00523,UP00115,Virendra Tripathi,BARB000000000115,UP00523,Imran Shukla,SBIN000000000523,47905,2024-06-22 17:48:00,174,NEFT,hawala_structuring
UP-TXN-00524,UP00454,Tariq Shukla,BARB000000000454,UP00201,Chhotu Maurya,BARB000000000201,280098,2024-01-02 11:12:00,2,RTGS,none
UP-TXN-00525,UP00554,Satish Rawat,SBIN000000000554,UP00532,Amit Qureshi,BARB000000000532,46077,2024-05-23 18:32:00,144,IMPS,hawala_structuring
UP-TXN-00526,UP00535,Mahesh Srivastav,SBIN000000000535,UP00534,Imran Jaiswal,PUNB000000000534,46191,2024-07-04 09:35:00,186,IMPS,hawala_structuring
UP-TXN-00527,UP00182,Bablu Pandey,UBIN000000000182,UP00190,Pappu Rawat,SBIN000000000190,150859,2024-06-21 13:39:00,173,IMPS,none
UP-TXN-00528,UP00132,Chhotu Singh,SBIN000000000132,UP00199,Rizwan Yadav,PUNB000000000199,298116,2024-05-13 17:41:00,134,RTGS,none
UP-TXN-00529,UP00109,Satish Ansari,UBIN000000000109,UP00356,Alok Gautam,UBIN000000000356,168792,2024-06-23 16:00:00,175,NEFT,none
UP-TXN-00530,UP00334,Sonu Mishra,UBIN000000000334,UP00092,Vikram Rawat,SBIN000000000092,148633,2024-07-31 10:47:00,213,Bank Transfer,none
UP-TXN-00531,UP00247,Vikram Khan,SBIN000000000247,UP00554,Satish Rawat,SBIN000000000554,154989,2024-03-05 13:43:00,65,IMPS,none
UP-TXN-00532,UP00255,Gufran Tomar,SBIN000000000255,UP00125,Babloo Gupta,SBIN000000000125,45750,2024-01-02 11:05:00,2,IMPS,hawala_structuring
UP-TXN-00533,UP00076,Mahesh Mishra,PUNB000000000076,UP00464,Dhananjay Ansari,BARB000000000464,49845,2024-07-11 11:27:00,193,NEFT,hawala_structuring
UP-TXN-00534,UP00065,Munna Srivastav,PUNB000000000065,UP00072,Chhotu Nagar,SBIN000000000072,52704,2024-01-27 14:58:00,27,IMPS,none
UP-TXN-00535,UP00488,Suresh Pandey,SBIN000000000488,UP00002,Rajesh Tiwari,HDFC000000000002,429256,2024-06-15 12:04:00,167,RTGS,none
UP-TXN-00536,UP00038,Sunil Tiwari,PUNB000000000038,UP00379,Ajay Qureshi,HDFC000000000379,158517,2024-05-03 10:51:00,124,Bank Transfer,none
UP-TXN-00537,UP00240,Deepak Bind,SBIN000000000240,UP00243,Dharmendra Chaudhary,UBIN000000000243,45029,2024-07-16 11:40:00,198,NEFT,hawala_structuring
UP-TXN-00538,UP00352,Chhotu Tomar,UBIN000000000352,UP00246,Rakesh Shukla,SBIN000000000246,102096,2024-08-15 09:08:00,228,IMPS,none
UP-TXN-00539,UP00474,Neeraj Pal,BARB000000000474,UP00262,Tariq Tiwari,PUNB000000000262,38354,2024-08-15 14:24:00,228,IMPS,none
UP-TXN-00540,UP00322,Rajesh Verma,PUNB000000000322,UP00045,Tariq Tiwari,UBIN000000000045,23990,2024-05-01 09:23:00,122,NEFT,none
UP-TXN-00541,UP00553,Pramod Chaudhary,PUNB000000000553,UP00244,Satish Bind,UBIN000000000244,25518,2024-06-23 17:04:00,175,NEFT,none
UP-TXN-00542,UP00539,Akhilesh Pandey,PUNB000000000539,UP00365,Brijesh Yadav,PUNB000000000365,409229,2024-02-16 11:18:00,47,RTGS,none
UP-TXN-00543,UP00202,Pramod Tiwari,UBIN000000000202,UP00023,Sanjay Jaiswal,PUNB000000000023,128571,2024-05-26 18:03:00,147,IMPS,none
UP-TXN-00544,UP00342,Pramod Yadav,BARB000000000342,UP00389,Atiq Yadav,PUNB000000000389,29647,2024-02-28 09:42:00,59,NEFT,none
UP-TXN-00545,UP00204,Atiq Tomar,SBIN000000000204,UP00217,Abhay Bind,BARB000000000217,379554,2024-04-02 14:10:00,93,RTGS,none
UP-TXN-00546,UP00238,Virendra Tiwari,PUNB000000000238,UP00035,Rizwan Nagar,SBIN000000000035,291884,2024-04-24 17:04:00,115,RTGS,none
UP-TXN-00547,UP00272,Neeraj Chauhan,SBIN000000000272,UP00430,Satish Gurjar,SBIN000000000430,47627,2024-08-22 13:49:00,235,UPI,hawala_structuring
UP-TXN-00548,UP00033,Aslam Tomar,PUNB000000000033,UP00255,Gufran Tomar,SBIN000000000255,47078,2024-07-05 10:43:00,187,NEFT,hawala_structuring
UP-TXN-00549,UP00280,Pappu Gupta,HDFC000000000280,UP00463,Suresh Tripathi,UBIN000000000463,46907,2024-06-17 15:12:00,169,NEFT,hawala_structuring
UP-TXN-00550,UP00092,Vikram Rawat,SBIN000000000092,UP00544,Deepak Verma,PUNB000000000544,95779,2024-05-05 19:38:00,126,NEFT,none
UP-TXN-00551,UP00058,Suresh Jaiswal,UBIN000000000058,UP00225,Abhay Tripathi,BARB000000000225,154188,2024-05-15 18:46:00,136,Bank Transfer,none
UP-TXN-00552,UP00258,Suresh Pal,UBIN000000000258,UP00225,Abhay Tripathi,BARB000000000225,223554,2024-02-01 09:07:00,32,RTGS,none
UP-TXN-00553,UP00545,Ravindra Qureshi,HDFC000000000545,UP00433,Sanjay Mishra,BARB000000000433,108073,2024-08-02 17:38:00,215,NEFT,none
UP-TXN-00554,UP00434,Brijesh Srivastav,BARB000000000434,UP00028,Akhilesh Kushwaha,BARB000000000028,100501,2024-07-21 15:28:00,203,IMPS,none
UP-TXN-00555,UP00176,Amit Tiwari,UBIN000000000176,UP00461,Ajay Rawat,UBIN000000000461,57957,2024-04-29 09:57:00,120,NEFT,none
UP-TXN-00556,UP00393,Rajesh Pal,PUNB000000000393,UP00385,Rajesh Kushwaha,SBIN000000000385,64278,2024-03-22 11:04:00,82,IMPS,none
UP-TXN-00557,UP00448,Babloo Pandey,BARB000000000448,UP00047,Chhotu Tripathi,BARB000000000047,362154,2024-05-26 16:08:00,147,RTGS,none
UP-TXN-00558,UP00001,Rajesh Rajput,BARB000000000001,UP00102,Deepak Gautam,SBIN000000000102,46991,2024-01-09 17:33:00,9,NEFT,hawala_structuring
UP-TXN-00559,UP00255,Gufran Tomar,SBIN000000000255,UP00578,Santosh Yadav,SBIN000000000578,24866,2024-07-10 19:30:00,192,NEFT,none
UP-TXN-00560,UP00155,Satish Tyagi,SBIN000000000155,UP00008,Gufran Tripathi,BARB000000000008,209418,2024-05-09 12:37:00,130,RTGS,none
UP-TXN-00561,UP00545,Ravindra Qureshi,HDFC000000000545,UP00057,Akhilesh Chauhan,SBIN000000000057,209579,2024-03-26 16:37:00,86,RTGS,none
UP-TXN-00562,UP00101,Abhay Ansari,BARB000000000101,UP00543,Mahesh Jaiswal,BARB000000000543,49877,2024-01-11 12:01:00,11,NEFT,hawala_structuring
UP-TXN-00563,UP00155,Satish Tyagi,SBIN000000000155,UP00402,Ajay Dubey,SBIN000000000402,48239,2024-05-12 15:02:00,133,UPI,hawala_structuring
UP-TXN-00564,UP00246,Rakesh Shukla,SBIN000000000246,UP00185,Akhilesh Pal,SBIN000000000185,199954,2024-08-19 18:51:00,232,Bank Transfer,none
UP-TXN-00565,UP00043,Bablu Singh,PUNB000000000043,UP00345,Vikram Dubey,SBIN000000000345,46796,2024-06-21 13:52:00,173,IMPS,hawala_structuring
UP-TXN-00566,UP00164,Akhilesh Yadav,HDFC000000000164,UP00211,Satish Shukla,SBIN000000000211,242219,2024-05-09 19:45:00,130,RTGS,none
UP-TXN-00567,UP00083,Anil Mishra,SBIN000000000083,UP00115,Virendra Tripathi,BARB000000000115,88838,2024-06-14 15:24:00,166,IMPS,none
UP-TXN-00568,UP00586,Mahesh Srivastav,PUNB000000000586,UP00478,Rakesh Chauhan,BARB000000000478,48782,2024-07-01 10:07:00,183,NEFT,hawala_structuring
UP-TXN-00569,UP00340,Akhilesh Tomar,SBIN000000000340,UP00154,Santosh Gupta,SBIN000000000154,398342,2024-04-17 15:11:00,108,RTGS,none
UP-TXN-00570,UP00192,Gufran Chauhan,UBIN000000000192,UP00571,Abhay Srivastav,SBIN000000000571,98753,2024-03-23 12:44:00,83,IMPS,none
UP-TXN-00571,UP00590,Atiq Jaiswal,BARB000000000590,UP00197,Rajesh Nagar,PUNB000000000197,47653,2024-03-26 18:25:00,86,NEFT,hawala_structuring
UP-TXN-00572,UP00379,Ajay Qureshi,HDFC000000000379,UP00456,Rajesh Srivastav,BARB000000000456,46071,2024-03-30 15:22:00,90,NEFT,hawala_structuring
UP-TXN-00573,UP00169,Atiq Qureshi,BARB000000000169,UP00203,Tariq Siddiqui,SBIN000000000203,437375,2024-06-19 18:30:00,171,RTGS,none
UP-TXN-00574,UP00594,Alok Gurjar,PUNB000000000594,UP00077,Suresh Khan,PUNB000000000077,45559,2024-08-04 10:17:00,217,NEFT,hawala_structuring
UP-TXN-00575,UP00007,Gufran Siddiqui,PUNB000000000007,UP00251,Santosh Rajput,SBIN000000000251,194410,2024-07-31 18:28:00,213,NEFT,none
UP-TXN-00576,UP00323,Rajesh Siddiqui,PUNB000000000323,UP00409,Anil Nishad,BARB000000000409,421198,2024-04-30 12:08:00,121,RTGS,none
UP-TXN-00577,UP00443,Imran Shukla,UBIN000000000443,UP00165,Mukhtar Nagar,SBIN000000000165,177100,2024-06-25 19:19:00,177,NEFT,none
UP-TXN-00578,UP00292,Rakesh Rajput,BARB000000000292,UP00328,Atiq Chauhan,PUNB000000000328,47461,2024-04-28 12:25:00,119,NEFT,hawala_structuring
UP-TXN-00579,UP00107,Ravindra Jaiswal,PUNB000000000107,UP00493,Imran Tomar,PUNB000000000493,196073,2024-08-04 18:53:00,217,NEFT,none
UP-TXN-00580,UP00211,Satish Shukla,SBIN000000000211,UP00114,Atiq Chaudhary,PUNB000000000114,64589,2024-04-27 16:57:00,118,NEFT,none
UP-TXN-00581,UP00570,Mahesh Bind,BARB000000000570,UP00332,Pankaj Qureshi,PUNB000000000332,49517,2024-08-02 11:16:00,215,UPI,hawala_structuring
UP-TXN-00582,UP00095,Akhilesh Tomar,BARB000000000095,UP00442,Dhananjay Gupta,PUNB000000000442,201120,2024-06-02 19:51:00,154,RTGS,none
UP-TXN-00583,UP00443,Imran Shukla,UBIN000000000443,UP00129,Amit Srivastav,HDFC000000000129,116563,2024-05-12 19:14:00,133,IMPS,none
UP-TXN-00584,UP00038,Sunil Tiwari,PUNB000000000038,UP00085,Munna Verma,UBIN000000000085,46691,2024-04-19 10:16:00,110,NEFT,hawala_structuring
UP-TXN-00585,UP00152,Sonu Rajput,PUNB000000000152,UP00186,Sunil Rajput,SBIN000000000186,436373,2024-04-16 15:11:00,107,RTGS,none
UP-TXN-00586,UP00212,Akhilesh Nagar,HDFC000000000212,UP00573,Imran Dubey,UBIN000000000573,54106,2024-05-13 18:58:00,134,IMPS,none
UP-TXN-00587,UP00174,Ramesh Kushwaha,SBIN000000000174,UP00340,Akhilesh Tomar,SBIN000000000340,49698,2024-02-02 19:33:00,33,IMPS,hawala_structuring
UP-TXN-00588,UP00108,Deepak Pandey,UBIN000000000108,UP00164,Akhilesh Yadav,HDFC000000000164,48717,2024-01-06 11:51:00,6,UPI,hawala_structuring
UP-TXN-00589,UP00003,Abhay Tripathi,SBIN000000000003,UP00246,Rakesh Shukla,SBIN000000000246,427740,2024-03-11 12:59:00,71,RTGS,none
UP-TXN-00590,UP00406,Satish Shukla,PUNB000000000406,UP00193,Rizwan Pal,SBIN000000000193,46723,2024-06-22 10:58:00,174,UPI,hawala_structuring
UP-TXN-00591,UP00495,Tariq Chaudhary,PUNB000000000495,UP00540,Ramesh Khan,PUNB000000000540,282391,2024-03-02 16:49:00,62,RTGS,none
UP-TXN-00592,UP00571,Abhay Srivastav,SBIN000000000571,UP00001,Rajesh Rajput,BARB000000000001,200872,2024-05-05 11:08:00,126,RTGS,none
UP-TXN-00593,UP00476,Sonu Siddiqui,BARB000000000476,UP00153,Sunil Shukla,HDFC000000000153,47961,2024-03-14 18:25:00,74,IMPS,hawala_structuring
UP-TXN-00594,UP00323,Rajesh Siddiqui,PUNB000000000323,UP00173,Sonu Dubey,PUNB000000000173,48007,2024-05-22 10:57:00,143,NEFT,hawala_structuring
UP-TXN-00595,UP00242,Abhay Maurya,BARB000000000242,UP00305,Abhay Tyagi,UBIN000000000305,415671,2024-07-29 14:39:00,211,RTGS,none
UP-TXN-00596,UP00542,Virendra Kushwaha,SBIN000000000542,UP00275,Sanjay Ansari,HDFC000000000275,337567,2024-01-18 10:58:00,18,RTGS,none
UP-TXN-00597,UP00573,Imran Dubey,UBIN000000000573,UP00225,Abhay Tripathi,BARB000000000225,149588,2024-08-07 12:20:00,220,NEFT,none
UP-TXN-00598,UP00451,Alok Chaudhary,UBIN000000000451,UP00551,Rajesh Gupta,HDFC000000000551,47629,2024-02-25 10:29:00,56,IMPS,hawala_structuring
UP-TXN-00599,UP00383,Alok Khan,BARB000000000383,UP00464,Dhananjay Ansari,BARB000000000464,423663,2024-05-07 12:40:00,128,RTGS,none
UP-TXN-00600,UP00090,Mukhtar Dubey,PUNB000000000090,UP00406,Satish Shukla,PUNB000000000406,47157,2024-01-01 16:01:00,1,UPI,hawala_structuring
UP-TXN-00601,UP00396,Munna Gurjar,BARB000000000396,UP00110,Manoj Khan,SBIN000000000110,47479,2024-05-04 18:53:00,125,NEFT,hawala_structuring
UP-TXN-00602,UP00399,Mukhtar Kushwaha,PUNB000000000399,UP00129,Amit Srivastav,HDFC000000000129,100668,2024-01-12 15:31:00,12,Bank Transfer,none
UP-TXN-00603,UP00264,Imran Gupta,SBIN000000000264,UP00363,Munna Tomar,BARB000000000363,47779,2024-02-03 15:35:00,34,UPI,hawala_structuring
UP-TXN-00604,UP00324,Abhay Gupta,SBIN000000000324,UP00058,Suresh Jaiswal,UBIN000000000058,163211,2024-07-18 17:19:00,200,IMPS,none
UP-TXN-00605,UP00517,Gufran Bind,UBIN000000000517,UP00474,Neeraj Pal,BARB000000000474,216475,2024-08-20 10:33:00,233,RTGS,none
UP-TXN-00606,UP00362,Neeraj Gautam,PUNB000000000362,UP00093,Abhay Nishad,UBIN000000000093,400410,2024-06-22 13:47:00,174,RTGS,none
UP-TXN-00607,UP00221,Deepak Kushwaha,SBIN000000000221,UP00457,Dharmendra Gupta,UBIN000000000457,49412,2024-02-28 09:16:00,59,UPI,hawala_structuring
UP-TXN-00608,UP00304,Rajesh Mishra,BARB000000000304,UP00417,Amit Verma,SBIN000000000417,321809,2024-08-01 16:20:00,214,RTGS,none
UP-TXN-00609,UP00210,Rizwan Nishad,HDFC000000000210,UP00594,Alok Gurjar,PUNB000000000594,409104,2024-04-25 09:58:00,116,RTGS,none
UP-TXN-00610,UP00277,Dharmendra Gautam,SBIN000000000277,UP00190,Pappu Rawat,SBIN000000000190,306562,2024-01-08 16:49:00,8,RTGS,none
UP-TXN-00611,UP00119,Alok Gupta,BARB000000000119,UP00219,Abhay Shukla,BARB000000000219,382961,2024-05-22 09:22:00,143,RTGS,none
UP-TXN-00612,UP00097,Atiq Pandey,HDFC000000000097,UP00328,Atiq Chauhan,PUNB000000000328,283611,2024-08-17 14:52:00,230,RTGS,none
UP-TXN-00613,UP00570,Mahesh Bind,BARB000000000570,UP00196,Gufran Jaiswal,BARB000000000196,49917,2024-02-14 17:43:00,45,NEFT,hawala_structuring
UP-TXN-00614,UP00460,Brijesh Nagar,UBIN000000000460,UP00443,Imran Shukla,UBIN000000000443,44431,2024-03-13 10:06:00,73,Bank Transfer,none
UP-TXN-00615,UP00064,Alok Nagar,SBIN000000000064,UP00049,Virendra Tyagi,HDFC000000000049,45704,2024-06-14 16:26:00,166,NEFT,hawala_structuring
UP-TXN-00616,UP00559,Sunil Nishad,PUNB000000000559,UP00476,Sonu Siddiqui,BARB000000000476,412165,2024-02-14 19:52:00,45,RTGS,none
UP-TXN-00617,UP00578,Santosh Yadav,SBIN000000000578,UP00165,Mukhtar Nagar,SBIN000000000165,46268,2024-03-07 10:50:00,67,UPI,hawala_structuring
UP-TXN-00618,UP00420,Munna Yadav,SBIN000000000420,UP00296,Imran Bind,SBIN000000000296,113281,2024-06-12 11:12:00,164,IMPS,none
UP-TXN-00619,UP00236,Pankaj Mishra,HDFC000000000236,UP00220,Vikram Shukla,UBIN000000000220,48069,2024-05-26 16:53:00,147,UPI,hawala_structuring
UP-TXN-00620,UP00484,Dhananjay Nishad,PUNB000000000484,UP00202,Pramod Tiwari,UBIN000000000202,10287,2024-03-19 19:46:00,79,IMPS,none
UP-TXN-00621,UP00595,Aslam Maurya,SBIN000000000595,UP00239,Pappu Rajput,SBIN000000000239,46375,2024-07-30 17:27:00,212,NEFT,hawala_structuring
UP-TXN-00622,UP00491,Anil Rawat,SBIN000000000491,UP00230,Tariq Qureshi,PUNB000000000230,81917,2024-05-17 16:40:00,138,NEFT,none
UP-TXN-00623,UP00329,Amit Kushwaha,PUNB000000000329,UP00090,Mukhtar Dubey,PUNB000000000090,46340,2024-03-13 14:14:00,73,IMPS,hawala_structuring
UP-TXN-00624,UP00549,Mahesh Tyagi,SBIN000000000549,UP00394,Manoj Siddiqui,SBIN000000000394,267081,2024-05-19 15:46:00,140,RTGS,none
UP-TXN-00625,UP00582,Imran Kushwaha,HDFC000000000582,UP00143,Vikram Pal,PUNB000000000143,234112,2024-04-25 18:44:00,116,RTGS,none
UP-TXN-00626,UP00517,Gufran Bind,UBIN000000000517,UP00583,Vikram Gurjar,SBIN000000000583,138707,2024-06-18 14:35:00,170,NEFT,none
UP-TXN-00627,UP00506,Ravindra Shukla,SBIN000000000506,UP00521,Rizwan Kushwaha,UBIN000000000521,45494,2024-03-04 09:29:00,64,NEFT,hawala_structuring
UP-TXN-00628,UP00313,Satish Gurjar,SBIN000000000313,UP00212,Akhilesh Nagar,HDFC000000000212,126315,2024-06-04 11:32:00,156,NEFT,none
UP-TXN-00629,UP00537,Guddu Srivastav,SBIN000000000537,UP00551,Rajesh Gupta,HDFC000000000551,47089,2024-06-15 15:18:00,167,IMPS,hawala_structuring
UP-TXN-00630,UP00559,Sunil Nishad,PUNB000000000559,UP00348,Rakesh Pal,PUNB000000000348,45942,2024-03-18 18:56:00,78,UPI,hawala_structuring
UP-TXN-00631,UP00091,Rakesh Pal,SBIN000000000091,UP00103,Mukhtar Tripathi,SBIN000000000103,43555,2024-08-23 18:35:00,236,Bank Transfer,none
UP-TXN-00632,UP00457,Dharmendra Gupta,UBIN000000000457,UP00587,Mukhtar Yadav,PUNB000000000587,49154,2024-07-27 11:46:00,209,NEFT,hawala_structuring
UP-TXN-00633,UP00533,Manoj Jaiswal,BARB000000000533,UP00331,Sanjay Dubey,SBIN000000000331,48469,2024-07-09 17:29:00,191,IMPS,hawala_structuring
UP-TXN-00634,UP00044,Mahesh Pandey,BARB000000000044,UP00278,Babloo Gautam,SBIN000000000278,244062,2024-06-20 14:33:00,172,RTGS,none
UP-TXN-00635,UP00515,Aslam Shukla,SBIN000000000515,UP00342,Pramod Yadav,BARB000000000342,47109,2024-02-09 10:18:00,40,IMPS,hawala_structuring
UP-TXN-00636,UP00359,Atiq Qureshi,UBIN000000000359,UP00551,Rajesh Gupta,HDFC000000000551,234321,2024-03-31 18:38:00,91,RTGS,none
UP-TXN-00637,UP00542,Virendra Kushwaha,SBIN000000000542,UP00047,Chhotu Tripathi,BARB000000000047,433404,2024-01-18 13:48:00,18,RTGS,none
UP-TXN-00638,UP00200,Sonu Khan,PUNB000000000200,UP00501,Ravindra Maurya,SBIN000000000501,306256,2024-08-09 17:51:00,222,RTGS,none
UP-TXN-00639,UP00233,Pappu Tripathi,SBIN000000000233,UP00513,Satish Shukla,PUNB000000000513,7636,2024-02-01 09:27:00,32,NEFT,none
UP-TXN-00640,UP00574,Chhotu Rajput,SBIN000000000574,UP00152,Sonu Rajput,PUNB000000000152,46122,2024-05-03 14:45:00,124,IMPS,hawala_structuring
UP-TXN-00641,UP00477,Chhotu Rajput,SBIN000000000477,UP00084,Guddu Nishad,UBIN000000000084,347883,2024-04-25 13:09:00,116,RTGS,none
UP-TXN-00642,UP00056,Ajay Jaiswal,SBIN000000000056,UP00121,Anil Tiwari,BARB000000000121,7045,2024-08-14 13:10:00,227,NEFT,none
UP-TXN-00643,UP00039,Deepak Bind,PUNB000000000039,UP00560,Guddu Verma,UBIN000000000560,45019,2024-02-07 09:37:00,38,IMPS,hawala_structuring
UP-TXN-00644,UP00063,Sanjay Pandey,SBIN000000000063,UP00315,Pramod Gautam,SBIN000000000315,46206,2024-01-01 12:51:00,1,IMPS,hawala_structuring
UP-TXN-00645,UP00554,Satish Rawat,SBIN000000000554,UP00427,Mahesh Mishra,PUNB000000000427,441405,2024-07-03 12:20:00,185,RTGS,none
UP-TXN-00646,UP00436,Tariq Verma,SBIN000000000436,UP00102,Deepak Gautam,SBIN000000000102,153701,2024-06-15 13:46:00,167,NEFT,none
UP-TXN-00647,UP00373,Mukhtar Dubey,SBIN000000000373,UP00597,Anil Ansari,SBIN000000000597,46893,2024-01-11 12:04:00,11,NEFT,hawala_structuring
UP-TXN-00648,UP00339,Atiq Pal,PUNB000000000339,UP00502,Neeraj Qureshi,UBIN000000000502,163395,2024-06-17 11:05:00,169,Bank Transfer,none
UP-TXN-00649,UP00499,Akhilesh Bind,SBIN000000000499,UP00205,Anil Dubey,BARB000000000205,51629,2024-02-15 13:17:00,46,Bank Transfer,none
UP-TXN-00650,UP00170,Rakesh Srivastav,UBIN000000000170,UP00198,Tariq Bind,HDFC000000000198,96558,2024-01-03 14:06:00,3,NEFT,none
UP-TXN-00651,UP00527,Suresh Pandey,SBIN000000000527,UP00112,Sunil Srivastav,SBIN000000000112,49619,2024-03-05 14:15:00,65,IMPS,hawala_structuring
UP-TXN-00652,UP00156,Imran Verma,BARB000000000156,UP00467,Mahesh Pal,SBIN000000000467,45804,2024-05-09 10:30:00,130,NEFT,hawala_structuring
UP-TXN-00653,UP00526,Rajesh Nishad,SBIN000000000526,UP00050,Akhilesh Rawat,UBIN000000000050,407936,2024-03-29 19:58:00,89,RTGS,none
UP-TXN-00654,UP00224,Neeraj Pandey,BARB000000000224,UP00216,Gufran Chauhan,HDFC000000000216,48406,2024-03-22 09:12:00,82,IMPS,hawala_structuring
UP-TXN-00655,UP00207,Dhananjay Pandey,SBIN000000000207,UP00319,Vikram Chauhan,HDFC000000000319,107316,2024-06-05 13:57:00,157,Bank Transfer,none
UP-TXN-00656,UP00533,Manoj Jaiswal,BARB000000000533,UP00548,Aslam Tiwari,PUNB000000000548,46062,2024-01-11 16:54:00,11,IMPS,hawala_structuring
UP-TXN-00657,UP00220,Vikram Shukla,UBIN000000000220,UP00090,Mukhtar Dubey,PUNB000000000090,176739,2024-04-22 12:40:00,113,Bank Transfer,none
UP-TXN-00658,UP00278,Babloo Gautam,SBIN000000000278,UP00183,Vikram Tripathi,PUNB000000000183,11621,2024-04-15 14:26:00,106,IMPS,none
UP-TXN-00659,UP00447,Deepak Tripathi,PUNB000000000447,UP00347,Babloo Tripathi,UBIN000000000347,332975,2024-08-14 18:31:00,227,RTGS,none
UP-TXN-00660,UP00346,Tariq Verma,PUNB000000000346,UP00261,Rajesh Verma,UBIN000000000261,47394,2024-06-19 17:51:00,171,NEFT,hawala_structuring
UP-TXN-00661,UP00590,Atiq Jaiswal,BARB000000000590,UP00324,Abhay Gupta,SBIN000000000324,386849,2024-06-21 09:24:00,173,RTGS,none
UP-TXN-00662,UP00092,Vikram Rawat,SBIN000000000092,UP00349,Dharmendra Ansari,SBIN000000000349,420465,2024-06-13 11:13:00,165,RTGS,none
UP-TXN-00663,UP00348,Rakesh Pal,PUNB000000000348,UP00085,Munna Verma,UBIN000000000085,102107,2024-02-21 19:32:00,52,Bank Transfer,none
UP-TXN-00664,UP00462,Mahesh Srivastav,PUNB000000000462,UP00160,Deepak Gautam,SBIN000000000160,424524,2024-03-28 11:19:00,88,RTGS,none
UP-TXN-00665,UP00321,Imran Dubey,UBIN000000000321,UP00467,Mahesh Pal,SBIN000000000467,45936,2024-07-05 15:20:00,187,NEFT,hawala_structuring
UP-TXN-00666,UP00026,Rajesh Shukla,BARB000000000026,UP00133,Anil Nishad,BARB000000000133,49576,2024-07-08 17:53:00,190,UPI,hawala_structuring
UP-TXN-00667,UP00320,Ramesh Nagar,SBIN000000000320,UP00358,Akhilesh Nagar,UBIN000000000358,344981,2024-05-03 17:30:00,124,RTGS,none
UP-TXN-00668,UP00121,Anil Tiwari,BARB000000000121,UP00501,Ravindra Maurya,SBIN000000000501,170807,2024-03-31 11:30:00,91,NEFT,none
UP-TXN-00669,UP00106,Mahesh Chauhan,BARB000000000106,UP00154,Santosh Gupta,SBIN000000000154,49764,2024-04-27 09:59:00,118,NEFT,hawala_structuring
UP-TXN-00670,UP00065,Munna Srivastav,PUNB000000000065,UP00560,Guddu Verma,UBIN000000000560,268033,2024-06-28 09:16:00,180,RTGS,none
UP-TXN-00671,UP00065,Munna Srivastav,PUNB000000000065,UP00144,Rakesh Rajput,PUNB000000000144,45091,2024-01-09 09:21:00,9,UPI,hawala_structuring
UP-TXN-00672,UP00042,Brijesh Tripathi,SBIN000000000042,UP00381,Chhotu Gurjar,PUNB000000000381,190268,2024-02-13 12:45:00,44,IMPS,none
UP-TXN-00673,UP00476,Sonu Siddiqui,BARB000000000476,UP00083,Anil Mishra,SBIN000000000083,245378,2024-02-07 17:34:00,38,RTGS,none
UP-TXN-00674,UP00425,Brijesh Tomar,HDFC000000000425,UP00055,Pappu Pandey,SBIN000000000055,418857,2024-01-20 09:40:00,20,RTGS,none
UP-TXN-00675,UP00240,Deepak Bind,SBIN000000000240,UP00301,Mukhtar Siddiqui,PUNB000000000301,290228,2024-04-18 15:05:00,109,RTGS,none
UP-TXN-00676,UP00516,Imran Dubey,UBIN000000000516,UP00551,Rajesh Gupta,HDFC000000000551,49934,2024-06-26 12:57:00,178,IMPS,hawala_structuring
UP-TXN-00677,UP00141,Mahesh Dubey,UBIN000000000141,UP00125,Babloo Gupta,SBIN000000000125,193425,2024-07-31 15:26:00,213,Bank Transfer,none
UP-TXN-00678,UP00426,Rakesh Khan,PUNB000000000426,UP00016,Sonu Tiwari,SBIN000000000016,227405,2024-04-08 09:18:00,99,RTGS,none
UP-TXN-00679,UP00352,Chhotu Tomar,UBIN000000000352,UP00469,Dhananjay Dubey,SBIN000000000469,182969,2024-07-30 11:56:00,212,IMPS,none
UP-TXN-00680,UP00313,Satish Gurjar,SBIN000000000313,UP00399,Mukhtar Kushwaha,PUNB000000000399,136042,2024-07-15 18:55:00,197,NEFT,none
UP-TXN-00681,UP00444,Virendra Mishra,BARB000000000444,UP00463,Suresh Tripathi,UBIN000000000463,46842,2024-02-08 12:16:00,39,IMPS,hawala_structuring
UP-TXN-00682,UP00319,Vikram Chauhan,HDFC000000000319,UP00191,Suresh Pal,SBIN000000000191,48411,2024-02-10 15:00:00,41,UPI,hawala_structuring
UP-TXN-00683,UP00274,Ajay Singh,HDFC000000000274,UP00200,Sonu Khan,PUNB000000000200,49727,2024-03-06 12:43:00,66,NEFT,hawala_structuring
UP-TXN-00684,UP00265,Santosh Yadav,SBIN000000000265,UP00470,Tariq Chaudhary,SBIN000000000470,46181,2024-06-15 13:32:00,167,UPI,hawala_structuring
UP-TXN-00685,UP00587,Mukhtar Yadav,PUNB000000000587,UP00274,Ajay Singh,HDFC000000000274,306658,2024-04-06 11:49:00,97,RTGS,none
UP-TXN-00686,UP00338,Sonu Shukla,PUNB000000000338,UP00238,Virendra Tiwari,PUNB000000000238,45972,2024-01-13 16:02:00,13,UPI,hawala_structuring
UP-TXN-00687,UP00528,Rakesh Rawat,HDFC000000000528,UP00228,Manoj Verma,HDFC000000000228,302070,2024-06-01 14:43:00,153,RTGS,none
UP-TXN-00688,UP00116,Tariq Gautam,PUNB000000000116,UP00007,Gufran Siddiqui,PUNB000000000007,48869,2024-02-22 14:31:00,53,UPI,hawala_structuring
UP-TXN-00689,UP00160,Deepak Gautam,SBIN000000000160,UP00237,Sunil Gupta,SBIN000000000237,278203,2024-03-09 11:20:00,69,RTGS,none
UP-TXN-00690,UP00009,Chhotu Maurya,HDFC000000000009,UP00350,Aslam Pandey,BARB000000000350,47224,2024-05-29 10:20:00,150,UPI,hawala_structuring
UP-TXN-00691,UP00252,Atiq Dubey,UBIN000000000252,UP00334,Sonu Mishra,UBIN000000000334,294497,2024-01-21 14:01:00,21,RTGS,none
UP-TXN-00692,UP00110,Manoj Khan,SBIN000000000110,UP00098,Sonu Qureshi,UBIN000000000098,49195,2024-04-27 09:38:00,118,UPI,hawala_structuring
UP-TXN-00693,UP00363,Munna Tomar,BARB000000000363,UP00587,Mukhtar Yadav,PUNB000000000587,46112,2024-07-06 13:53:00,188,IMPS,hawala_structuring
UP-TXN-00694,UP00085,Munna Verma,UBIN000000000085,UP00338,Sonu Shukla,PUNB000000000338,48566,2024-04-15 09:41:00,106,UPI,hawala_structuring
UP-TXN-00695,UP00089,Santosh Siddiqui,HDFC000000000089,UP00468,Mukhtar Verma,BARB000000000468,49510,2024-03-01 12:06:00,61,UPI,hawala_structuring
UP-TXN-00696,UP00102,Deepak Gautam,SBIN000000000102,UP00209,Satish Pal,HDFC000000000209,46679,2024-03-18 17:19:00,78,NEFT,hawala_structuring
UP-TXN-00697,UP00431,Dhananjay Bind,BARB000000000431,UP00319,Vikram Chauhan,HDFC000000000319,177550,2024-08-25 11:55:00,238,NEFT,none
UP-TXN-00698,UP00090,Mukhtar Dubey,PUNB000000000090,UP00544,Deepak Verma,PUNB000000000544,408274,2024-07-26 10:57:00,208,RTGS,none
UP-TXN-00699,UP00375,Santosh Jaiswal,BARB000000000375,UP00272,Neeraj Chauhan,SBIN000000000272,48003,2024-03-06 16:24:00,66,NEFT,hawala_structuring
UP-TXN-00700,UP00180,Aslam Tyagi,UBIN000000000180,UP00029,Ramesh Gautam,PUNB000000000029,184787,2024-02-15 17:19:00,46,Bank Transfer,none
UP-TXN-00701,UP00512,Dhananjay Srivastav,UBIN000000000512,UP00015,Amit Tyagi,SBIN000000000015,48348,2024-03-07 18:03:00,67,NEFT,hawala_structuring
UP-TXN-00702,UP00277,Dharmendra Gautam,SBIN000000000277,UP00457,Dharmendra Gupta,UBIN000000000457,302548,2024-07-18 15:38:00,200,RTGS,none
UP-TXN-00703,UP00019,Tariq Gautam,PUNB000000000019,UP00507,Amit Singh,PUNB000000000507,49115,2024-04-22 12:20:00,113,IMPS,hawala_structuring
UP-TXN-00704,UP00551,Rajesh Gupta,HDFC000000000551,UP00203,Tariq Siddiqui,SBIN000000000203,278727,2024-06-24 11:27:00,176,RTGS,none
UP-TXN-00705,UP00253,Mahesh Chaudhary,HDFC000000000253,UP00078,Rizwan Gurjar,SBIN000000000078,49645,2024-08-02 15:53:00,215,NEFT,hawala_structuring
UP-TXN-00706,UP00405,Sonu Gautam,UBIN000000000405,UP00249,Neeraj Pandey,HDFC000000000249,49005,2024-08-18 17:25:00,231,IMPS,hawala_structuring
UP-TXN-00707,UP00596,Neeraj Shukla,PUNB000000000596,UP00035,Rizwan Nagar,SBIN000000000035,159171,2024-08-09 11:11:00,222,IMPS,none
UP-TXN-00708,UP00419,Gufran Dubey,SBIN000000000419,UP00335,Pankaj Srivastav,UBIN000000000335,46756,2024-01-14 18:14:00,14,IMPS,hawala_structuring
UP-TXN-00709,UP00571,Abhay Srivastav,SBIN000000000571,UP00219,Abhay Shukla,BARB000000000219,449104,2024-01-04 09:36:00,4,RTGS,none
UP-TXN-00710,UP00187,Rakesh Mishra,UBIN000000000187,UP00447,Deepak Tripathi,PUNB000000000447,9639,2024-05-24 12:14:00,145,Bank Transfer,none
UP-TXN-00711,UP00157,Imran Singh,PUNB000000000157,UP00015,Amit Tyagi,SBIN000000000015,48514,2024-06-22 17:32:00,174,UPI,hawala_structuring
UP-TXN-00712,UP00174,Ramesh Kushwaha,SBIN000000000174,UP00365,Brijesh Yadav,PUNB000000000365,49884,2024-04-03 18:14:00,94,IMPS,hawala_structuring
UP-TXN-00713,UP00405,Sonu Gautam,UBIN000000000405,UP00228,Manoj Verma,HDFC000000000228,48021,2024-04-09 16:07:00,100,NEFT,hawala_structuring
UP-TXN-00714,UP00408,Mahesh Mishra,BARB000000000408,UP00100,Rakesh Srivastav,HDFC000000000100,174000,2024-06-16 18:58:00,168,IMPS,none
UP-TXN-00715,UP00141,Mahesh Dubey,UBIN000000000141,UP00036,Amit Kushwaha,SBIN000000000036,135142,2024-01-13 17:18:00,13,Bank Transfer,none
UP-TXN-00716,UP00233,Pappu Tripathi,SBIN000000000233,UP00121,Anil Tiwari,BARB000000000121,132434,2024-01-12 09:04:00,12,IMPS,none
UP-TXN-00717,UP00403,Imran Verma,SBIN000000000403,UP00009,Chhotu Maurya,HDFC000000000009,172340,2024-01-08 14:03:00,8,NEFT,none
UP-TXN-00718,UP00078,Rizwan Gurjar,SBIN000000000078,UP00410,Amit Maurya,BARB000000000410,71574,2024-05-15 09:07:00,136,IMPS,none
UP-TXN-00719,UP00198,Tariq Bind,HDFC000000000198,UP00351,Deepak Qureshi,SBIN000000000351,46065,2024-02-14 17:14:00,45,NEFT,hawala_structuring
UP-TXN-00720,UP00378,Abhay Rawat,SBIN000000000378,UP00558,Sunil Chauhan,PUNB000000000558,5774,2024-06-28 10:06:00,180,Bank Transfer,none
UP-TXN-00721,UP00049,Virendra Tyagi,HDFC000000000049,UP00232,Ajay Tripathi,SBIN000000000232,43664,2024-04-01 13:52:00,92,Bank Transfer,none
UP-TXN-00722,UP00370,Neeraj Chaudhary,PUNB000000000370,UP00235,Imran Srivastav,UBIN000000000235,20672,2024-01-19 12:58:00,19,IMPS,none
UP-TXN-00723,UP00441,Bablu Pandey,UBIN000000000441,UP00188,Pankaj Yadav,PUNB000000000188,46069,2024-03-22 14:21:00,82,NEFT,hawala_structuring
UP-TXN-00724,UP00512,Dhananjay Srivastav,UBIN000000000512,UP00275,Sanjay Ansari,HDFC000000000275,48229,2024-01-16 17:11:00,16,NEFT,hawala_structuring
UP-TXN-00725,UP00504,Anil Tiwari,PUNB000000000504,UP00439,Tariq Maurya,SBIN000000000439,47151,2024-07-28 19:09:00,210,NEFT,hawala_structuring
UP-TXN-00726,UP00041,Neeraj Pal,SBIN000000000041,UP00359,Atiq Qureshi,UBIN000000000359,46866,2024-07-06 19:31:00,188,UPI,hawala_structuring
UP-TXN-00727,UP00492,Virendra Nagar,SBIN000000000492,UP00292,Rakesh Rajput,BARB000000000292,67028,2024-03-06 09:09:00,66,Bank Transfer,none
UP-TXN-00728,UP00515,Aslam Shukla,SBIN000000000515,UP00519,Deepak Gautam,PUNB000000000519,45932,2024-05-04 09:05:00,125,NEFT,hawala_structuring
UP-TXN-00729,UP00292,Rakesh Rajput,BARB000000000292,UP00412,Atiq Qureshi,SBIN000000000412,45618,2024-06-05 10:05:00,157,UPI,hawala_structuring
UP-TXN-00730,UP00271,Atiq Yadav,BARB000000000271,UP00515,Aslam Shukla,SBIN000000000515,295236,2024-06-12 15:03:00,164,RTGS,none
UP-TXN-00731,UP00133,Anil Nishad,BARB000000000133,UP00458,Rizwan Pandey,PUNB000000000458,47474,2024-05-13 17:11:00,134,IMPS,hawala_structuring
UP-TXN-00732,UP00042,Brijesh Tripathi,SBIN000000000042,UP00075,Anil Chauhan,PUNB000000000075,100224,2024-03-16 15:52:00,76,NEFT,none
UP-TXN-00733,UP00204,Atiq Tomar,SBIN000000000204,UP00239,Pappu Rajput,SBIN000000000239,401856,2024-01-22 15:52:00,22,RTGS,none
UP-TXN-00734,UP00162,Deepak Pal,PUNB000000000162,UP00393,Rajesh Pal,PUNB000000000393,48649,2024-05-27 19:15:00,148,NEFT,hawala_structuring
UP-TXN-00735,UP00127,Akhilesh Pandey,SBIN000000000127,UP00417,Amit Verma,SBIN000000000417,47863,2024-01-30 12:20:00,30,IMPS,hawala_structuring
UP-TXN-00736,UP00378,Abhay Rawat,SBIN000000000378,UP00560,Guddu Verma,UBIN000000000560,47650,2024-04-23 19:53:00,114,NEFT,hawala_structuring
UP-TXN-00737,UP00046,Rajesh Dubey,SBIN000000000046,UP00120,Alok Srivastav,PUNB000000000120,45337,2024-04-09 15:44:00,100,UPI,hawala_structuring
UP-TXN-00738,UP00519,Deepak Gautam,PUNB000000000519,UP00538,Suresh Pal,BARB000000000538,47023,2024-04-29 13:59:00,120,UPI,hawala_structuring
UP-TXN-00739,UP00458,Rizwan Pandey,PUNB000000000458,UP00596,Neeraj Shukla,PUNB000000000596,315929,2024-07-29 17:33:00,211,RTGS,none
UP-TXN-00740,UP00410,Amit Maurya,BARB000000000410,UP00403,Imran Verma,SBIN000000000403,46715,2024-03-30 11:22:00,90,NEFT,hawala_structuring
UP-TXN-00741,UP00018,Pankaj Siddiqui,SBIN000000000018,UP00177,Imran Srivastav,BARB000000000177,46527,2024-03-05 15:04:00,65,NEFT,hawala_structuring
UP-TXN-00742,UP00574,Chhotu Rajput,SBIN000000000574,UP00354,Akhilesh Rajput,PUNB000000000354,49304,2024-07-18 17:10:00,200,NEFT,hawala_structuring
UP-TXN-00743,UP00155,Satish Tyagi,SBIN000000000155,UP00292,Rakesh Rajput,BARB000000000292,194250,2024-08-11 19:54:00,224,IMPS,none
UP-TXN-00744,UP00267,Aslam Rawat,SBIN000000000267,UP00020,Santosh Gurjar,BARB000000000020,136671,2024-07-23 19:57:00,205,Bank Transfer,none
UP-TXN-00745,UP00205,Anil Dubey,BARB000000000205,UP00242,Abhay Maurya,BARB000000000242,66692,2024-07-17 17:34:00,199,NEFT,none
UP-TXN-00746,UP00542,Virendra Kushwaha,SBIN000000000542,UP00032,Babloo Tomar,SBIN000000000032,74095,2024-03-05 19:36:00,65,NEFT,none
UP-TXN-00747,UP00315,Pramod Gautam,SBIN000000000315,UP00202,Pramod Tiwari,UBIN000000000202,264464,2024-01-03 12:34:00,3,RTGS,none
UP-TXN-00748,UP00038,Sunil Tiwari,PUNB000000000038,UP00561,Rizwan Verma,HDFC000000000561,417156,2024-07-27 14:15:00,209,RTGS,none
UP-TXN-00749,UP00514,Akhilesh Maurya,HDFC000000000514,UP00307,Neeraj Shukla,SBIN000000000307,203284,2024-04-17 19:34:00,108,RTGS,none
UP-TXN-00750,UP00445,Manoj Chauhan,PUNB000000000445,UP00131,Tariq Nishad,PUNB000000000131,416475,2024-04-18 13:21:00,109,RTGS,none
UP-TXN-00751,UP00042,Brijesh Tripathi,SBIN000000000042,UP00270,Bablu Ansari,SBIN000000000270,372842,2024-07-13 10:45:00,195,RTGS,none
UP-TXN-00752,UP00304,Rajesh Mishra,BARB000000000304,UP00244,Satish Bind,UBIN000000000244,200008,2024-07-01 09:41:00,183,RTGS,none
UP-TXN-00753,UP00008,Gufran Tripathi,BARB000000000008,UP00143,Vikram Pal,PUNB000000000143,361092,2024-08-01 13:58:00,214,RTGS,none
UP-TXN-00754,UP00001,Rajesh Rajput,BARB000000000001,UP00246,Rakesh Shukla,SBIN000000000246,48408,2024-05-29 09:43:00,150,UPI,hawala_structuring
UP-TXN-00755,UP00545,Ravindra Qureshi,HDFC000000000545,UP00424,Atiq Bind,HDFC000000000424,429826,2024-07-05 14:55:00,187,RTGS,none
UP-TXN-00756,UP00197,Rajesh Nagar,PUNB000000000197,UP00174,Ramesh Kushwaha,SBIN000000000174,47404,2024-07-05 17:46:00,187,UPI,hawala_structuring
UP-TXN-00757,UP00490,Mukhtar Mishra,PUNB000000000490,UP00564,Sanjay Chauhan,UBIN000000000564,46698,2024-03-20 10:43:00,80,IMPS,hawala_structuring
UP-TXN-00758,UP00320,Ramesh Nagar,SBIN000000000320,UP00116,Tariq Gautam,PUNB000000000116,259512,2024-07-03 09:59:00,185,RTGS,none
UP-TXN-00759,UP00031,Imran Tomar,PUNB000000000031,UP00465,Abhay Nagar,SBIN000000000465,246051,2024-06-08 17:24:00,160,RTGS,none
UP-TXN-00760,UP00457,Dharmendra Gupta,UBIN000000000457,UP00106,Mahesh Chauhan,BARB000000000106,94460,2024-07-16 17:48:00,198,Bank Transfer,none
UP-TXN-00761,UP00590,Atiq Jaiswal,BARB000000000590,UP00445,Manoj Chauhan,PUNB000000000445,227403,2024-05-27 13:04:00,148,RTGS,none
UP-TXN-00762,UP00157,Imran Singh,PUNB000000000157,UP00290,Pramod Yadav,PUNB000000000290,140178,2024-05-10 19:56:00,131,Bank Transfer,none
UP-TXN-00763,UP00524,Pankaj Nagar,PUNB000000000524,UP00142,Sonu Chaudhary,SBIN000000000142,165512,2024-03-31 17:37:00,91,NEFT,none
UP-TXN-00764,UP00082,Ramesh Pandey,SBIN000000000082,UP00415,Deepak Pandey,HDFC000000000415,49262,2024-06-28 18:18:00,180,UPI,hawala_structuring
UP-TXN-00765,UP00376,Gufran Pal,BARB000000000376,UP00260,Munna Rajput,SBIN000000000260,338693,2024-02-29 12:37:00,60,RTGS,none
UP-TXN-00766,UP00353,Brijesh Dubey,SBIN000000000353,UP00337,Ravindra Pal,PUNB000000000337,389798,2024-05-30 14:13:00,151,RTGS,none
UP-TXN-00767,UP00036,Amit Kushwaha,SBIN000000000036,UP00590,Atiq Jaiswal,BARB000000000590,47447,2024-01-10 15:11:00,10,NEFT,hawala_structuring
UP-TXN-00768,UP00590,Atiq Jaiswal,BARB000000000590,UP00093,Abhay Nishad,UBIN000000000093,261585,2024-08-21 19:45:00,234,RTGS,none
UP-TXN-00769,UP00248,Manoj Gupta,SBIN000000000248,UP00471,Imran Gupta,SBIN000000000471,417298,2024-02-23 11:12:00,54,RTGS,none
UP-TXN-00770,UP00504,Anil Tiwari,PUNB000000000504,UP00346,Tariq Verma,PUNB000000000346,48312,2024-06-15 10:12:00,167,NEFT,hawala_structuring
UP-TXN-00771,UP00339,Atiq Pal,PUNB000000000339,UP00512,Dhananjay Srivastav,UBIN000000000512,49378,2024-03-03 11:20:00,63,NEFT,hawala_structuring
UP-TXN-00772,UP00081,Manoj Siddiqui,SBIN000000000081,UP00482,Munna Singh,SBIN000000000482,48591,2024-07-28 12:23:00,210,UPI,hawala_structuring
UP-TXN-00773,UP00164,Akhilesh Yadav,HDFC000000000164,UP00480,Rakesh Nishad,SBIN000000000480,47615,2024-05-16 14:01:00,137,NEFT,hawala_structuring
UP-TXN-00774,UP00182,Bablu Pandey,UBIN000000000182,UP00423,Pramod Kushwaha,SBIN000000000423,208023,2024-02-14 17:28:00,45,RTGS,none
UP-TXN-00775,UP00510,Rajesh Qureshi,BARB000000000510,UP00425,Brijesh Tomar,HDFC000000000425,278085,2024-05-20 14:48:00,141,RTGS,none
UP-TXN-00776,UP00501,Ravindra Maurya,SBIN000000000501,UP00527,Suresh Pandey,SBIN000000000527,207642,2024-02-18 16:15:00,49,RTGS,none
UP-TXN-00777,UP00553,Pramod Chaudhary,PUNB000000000553,UP00186,Sunil Rajput,SBIN000000000186,113282,2024-03-15 19:45:00,75,IMPS,none
UP-TXN-00778,UP00371,Rizwan Pandey,SBIN000000000371,UP00248,Manoj Gupta,SBIN000000000248,46888,2024-01-30 18:45:00,30,UPI,hawala_structuring
UP-TXN-00779,UP00544,Deepak Verma,PUNB000000000544,UP00044,Mahesh Pandey,BARB000000000044,310879,2024-06-01 14:43:00,153,RTGS,none
UP-TXN-00780,UP00171,Babloo Qureshi,PUNB000000000171,UP00481,Ajay Ansari,BARB000000000481,178741,2024-01-30 18:22:00,30,NEFT,none
UP-TXN-00781,UP00183,Vikram Tripathi,PUNB000000000183,UP00451,Alok Chaudhary,UBIN000000000451,45763,2024-01-17 16:21:00,17,NEFT,hawala_structuring
UP-TXN-00782,UP00018,Pankaj Siddiqui,SBIN000000000018,UP00011,Chhotu Gupta,PUNB000000000011,272709,2024-01-07 16:08:00,7,RTGS,none
UP-TXN-00783,UP00120,Alok Srivastav,PUNB000000000120,UP00288,Bablu Qureshi,HDFC000000000288,260018,2024-05-04 16:51:00,125,RTGS,none
UP-TXN-00784,UP00425,Brijesh Tomar,HDFC000000000425,UP00227,Santosh Gupta,PUNB000000000227,389994,2024-06-18 19:20:00,170,RTGS,none
UP-TXN-00785,UP00148,Pappu Gupta,PUNB000000000148,UP00361,Chhotu Nishad,PUNB000000000361,46633,2024-01-22 16:19:00,22,NEFT,hawala_structuring
UP-TXN-00786,UP00094,Dharmendra Shukla,BARB000000000094,UP00510,Rajesh Qureshi,BARB000000000510,364093,2024-01-12 16:48:00,12,RTGS,none
UP-TXN-00787,UP00571,Abhay Srivastav,SBIN000000000571,UP00307,Neeraj Shukla,SBIN000000000307,212176,2024-04-17 13:47:00,108,RTGS,none
UP-TXN-00788,UP00258,Suresh Pal,UBIN000000000258,UP00529,Dhananjay Kushwaha,SBIN000000000529,46755,2024-03-31 19:40:00,91,IMPS,hawala_structuring
UP-TXN-00789,UP00015,Amit Tyagi,SBIN000000000015,UP00036,Amit Kushwaha,SBIN000000000036,197231,2024-07-05 18:19:00,187,NEFT,none
UP-TXN-00790,UP00106,Mahesh Chauhan,BARB000000000106,UP00391,Dhananjay Pandey,BARB000000000391,392068,2024-02-15 14:20:00,46,RTGS,none
UP-TXN-00791,UP00021,Mahesh Qureshi,UBIN000000000021,UP00229,Satish Verma,PUNB000000000229,437621,2024-06-06 12:20:00,158,RTGS,none
UP-TXN-00792,UP00509,Manoj Shukla,SBIN000000000509,UP00397,Dhananjay Nagar,BARB000000000397,49117,2024-07-14 19:39:00,196,NEFT,hawala_structuring
UP-TXN-00793,UP00036,Amit Kushwaha,SBIN000000000036,UP00488,Suresh Pandey,SBIN000000000488,281574,2024-03-31 09:11:00,91,RTGS,none
UP-TXN-00794,UP00050,Akhilesh Rawat,UBIN000000000050,UP00453,Ravindra Tripathi,PUNB000000000453,9327,2024-04-24 17:41:00,115,NEFT,none
UP-TXN-00795,UP00181,Sanjay Yadav,UBIN000000000181,UP00323,Rajesh Siddiqui,PUNB000000000323,46047,2024-07-23 17:03:00,205,IMPS,hawala_structuring
UP-TXN-00796,UP00600,Imran Chaudhary,SBIN000000000600,UP00316,Satish Pal,BARB000000000316,314791,2024-07-20 18:46:00,202,RTGS,none
UP-TXN-00797,UP00257,Abhay Dubey,SBIN000000000257,UP00126,Tariq Pandey,PUNB000000000126,47811,2024-06-12 14:52:00,164,IMPS,hawala_structuring
UP-TXN-00798,UP00323,Rajesh Siddiqui,PUNB000000000323,UP00144,Rakesh Rajput,PUNB000000000144,433360,2024-02-14 18:08:00,45,RTGS,none
UP-TXN-00799,UP00391,Dhananjay Pandey,BARB000000000391,UP00521,Rizwan Kushwaha,UBIN000000000521,37746,2024-08-13 09:06:00,226,NEFT,none
UP-TXN-00800,UP00072,Chhotu Nagar,SBIN000000000072,UP00367,Abhay Srivastav,HDFC000000000367,325560,2024-01-03 09:07:00,3,RTGS,none
UP-TXN-00801,UP00068,Mahesh Tomar,SBIN000000000068,UP00016,Sonu Tiwari,SBIN000000000016,49451,2024-06-28 18:21:00,180,NEFT,hawala_structuring
UP-TXN-00802,UP00028,Akhilesh Kushwaha,BARB000000000028,UP00378,Abhay Rawat,SBIN000000000378,73041,2024-04-05 17:00:00,96,NEFT,none
UP-TXN-00803,UP00193,Rizwan Pal,SBIN000000000193,UP00592,Guddu Gurjar,SBIN000000000592,396992,2024-04-28 17:55:00,119,RTGS,none
UP-TXN-00804,UP00527,Suresh Pandey,SBIN000000000527,UP00393,Rajesh Pal,PUNB000000000393,48499,2024-02-07 11:49:00,38,IMPS,hawala_structuring
UP-TXN-00805,UP00275,Sanjay Ansari,HDFC000000000275,UP00025,Dhananjay Pal,SBIN000000000025,253943,2024-02-06 12:05:00,37,RTGS,none
UP-TXN-00806,UP00465,Abhay Nagar,SBIN000000000465,UP00373,Mukhtar Dubey,SBIN000000000373,321495,2024-02-01 16:46:00,32,RTGS,none
UP-TXN-00807,UP00364,Akhilesh Gautam,SBIN000000000364,UP00106,Mahesh Chauhan,BARB000000000106,49899,2024-08-25 12:29:00,238,IMPS,hawala_structuring
UP-TXN-00808,UP00532,Amit Qureshi,BARB000000000532,UP00431,Dhananjay Bind,BARB000000000431,99072,2024-02-22 09:37:00,53,NEFT,none
UP-TXN-00809,UP00233,Pappu Tripathi,SBIN000000000233,UP00398,Manoj Nishad,PUNB000000000398,47728,2024-04-21 16:15:00,112,UPI,hawala_structuring
UP-TXN-00810,UP00309,Suresh Gupta,SBIN000000000309,UP00575,Suresh Gautam,PUNB000000000575,48288,2024-04-29 13:26:00,120,IMPS,hawala_structuring
UP-TXN-00811,UP00225,Abhay Tripathi,BARB000000000225,UP00253,Mahesh Chaudhary,HDFC000000000253,107668,2024-01-14 10:32:00,14,IMPS,none
UP-TXN-00812,UP00397,Dhananjay Nagar,BARB000000000397,UP00517,Gufran Bind,UBIN000000000517,48595,2024-06-27 10:30:00,179,UPI,hawala_structuring
UP-TXN-00813,UP00219,Abhay Shukla,BARB000000000219,UP00066,Sanjay Nishad,BARB000000000066,373906,2024-04-28 18:47:00,119,RTGS,none
UP-TXN-00814,UP00376,Gufran Pal,BARB000000000376,UP00341,Mahesh Siddiqui,UBIN000000000341,141967,2024-05-19 14:52:00,140,IMPS,none
UP-TXN-00815,UP00305,Abhay Tyagi,UBIN000000000305,UP00566,Ajay Rajput,PUNB000000000566,7117,2024-02-16 11:43:00,47,NEFT,none
UP-TXN-00816,UP00534,Imran Jaiswal,PUNB000000000534,UP00483,Abhay Yadav,BARB000000000483,338630,2024-07-11 19:18:00,193,RTGS,none
UP-TXN-00817,UP00234,Virendra Nagar,PUNB000000000234,UP00384,Dharmendra Singh,HDFC000000000384,47773,2024-04-29 16:33:00,120,UPI,hawala_structuring
UP-TXN-00818,UP00090,Mukhtar Dubey,PUNB000000000090,UP00541,Sonu Tiwari,UBIN000000000541,112262,2024-03-29 12:52:00,89,IMPS,none
UP-TXN-00819,UP00049,Virendra Tyagi,HDFC000000000049,UP00523,Imran Shukla,SBIN000000000523,321547,2024-07-10 15:44:00,192,RTGS,none
UP-TXN-00820,UP00006,Rizwan Chaudhary,BARB000000000006,UP00549,Mahesh Tyagi,SBIN000000000549,45374,2024-08-21 09:21:00,234,UPI,hawala_structuring
UP-TXN-00821,UP00588,Mukhtar Kushwaha,SBIN000000000588,UP00197,Rajesh Nagar,PUNB000000000197,48983,2024-07-11 10:58:00,193,IMPS,hawala_structuring
UP-TXN-00822,UP00204,Atiq Tomar,SBIN000000000204,UP00016,Sonu Tiwari,SBIN000000000016,47851,2024-03-25 19:01:00,85,UPI,hawala_structuring
UP-TXN-00823,UP00227,Santosh Gupta,PUNB000000000227,UP00248,Manoj Gupta,SBIN000000000248,196932,2024-06-18 12:25:00,170,Bank Transfer,none
UP-TXN-00824,UP00052,Amit Yadav,UBIN000000000052,UP00156,Imran Verma,BARB000000000156,49461,2024-04-11 14:26:00,102,NEFT,hawala_structuring
UP-TXN-00825,UP00471,Imran Gupta,SBIN000000000471,UP00048,Imran Maurya,PUNB000000000048,204359,2024-05-30 15:19:00,151,RTGS,none
UP-TXN-00826,UP00097,Atiq Pandey,HDFC000000000097,UP00088,Pankaj Tomar,BARB000000000088,141499,2024-08-09 16:43:00,222,NEFT,none
UP-TXN-00827,UP00482,Munna Singh,SBIN000000000482,UP00266,Gufran Khan,BARB000000000266,46841,2024-02-26 10:11:00,57,UPI,hawala_structuring
UP-TXN-00828,UP00130,Brijesh Nagar,BARB000000000130,UP00086,Guddu Srivastav,SBIN000000000086,411103,2024-03-13 17:28:00,73,RTGS,none
UP-TXN-00829,UP00173,Sonu Dubey,PUNB000000000173,UP00118,Tariq Qureshi,SBIN000000000118,161148,2024-08-02 17:32:00,215,IMPS,none
UP-TXN-00830,UP00206,Pramod Yadav,BARB000000000206,UP00243,Dharmendra Chaudhary,UBIN000000000243,109905,2024-06-13 17:43:00,165,IMPS,none
UP-TXN-00831,UP00345,Vikram Dubey,SBIN000000000345,UP00222,Babloo Siddiqui,UBIN000000000222,138739,2024-05-19 11:18:00,140,Bank Transfer,none
UP-TXN-00832,UP00284,Brijesh Kushwaha,SBIN000000000284,UP00273,Deepak Pandey,SBIN000000000273,9418,2024-02-02 15:16:00,33,NEFT,none
UP-TXN-00833,UP00388,Mahesh Tripathi,PUNB000000000388,UP00550,Babloo Maurya,PUNB000000000550,40878,2024-06-19 19:15:00,171,Bank Transfer,none
UP-TXN-00834,UP00489,Pramod Srivastav,SBIN000000000489,UP00234,Virendra Nagar,PUNB000000000234,46564,2024-04-23 19:18:00,114,NEFT,hawala_structuring
UP-TXN-00835,UP00382,Atiq Nagar,PUNB000000000382,UP00313,Satish Gurjar,SBIN000000000313,46027,2024-05-28 17:43:00,149,UPI,hawala_structuring
UP-TXN-00836,UP00386,Guddu Pal,UBIN000000000386,UP00500,Vikram Gurjar,PUNB000000000500,398203,2024-02-20 15:10:00,51,RTGS,none
UP-TXN-00837,UP00378,Abhay Rawat,SBIN000000000378,UP00320,Ramesh Nagar,SBIN000000000320,47178,2024-08-27 19:07:00,240,IMPS,hawala_structuring
UP-TXN-00838,UP00369,Sonu Gautam,PUNB000000000369,UP00290,Pramod Yadav,PUNB000000000290,45316,2024-04-17 16:14:00,108,IMPS,hawala_structuring
UP-TXN-00839,UP00010,Babloo Tiwari,PUNB000000000010,UP00408,Mahesh Mishra,BARB000000000408,49674,2024-06-20 16:39:00,172,UPI,hawala_structuring
UP-TXN-00840,UP00384,Dharmendra Singh,HDFC000000000384,UP00476,Sonu Siddiqui,BARB000000000476,15914,2024-04-27 09:49:00,118,IMPS,none
UP-TXN-00841,UP00164,Akhilesh Yadav,HDFC000000000164,UP00487,Ajay Rajput,PUNB000000000487,48644,2024-05-27 14:18:00,148,IMPS,hawala_structuring
UP-TXN-00842,UP00138,Deepak Tiwari,SBIN000000000138,UP00361,Chhotu Nishad,PUNB000000000361,439567,2024-03-13 09:59:00,73,RTGS,none
UP-TXN-00843,UP00094,Dharmendra Shukla,BARB000000000094,UP00087,Alok Tyagi,SBIN000000000087,138523,2024-05-30 09:56:00,151,NEFT,none
UP-TXN-00844,UP00453,Ravindra Tripathi,PUNB000000000453,UP00276,Alok Gupta,PUNB000000000276,289320,2024-04-30 11:36:00,121,RTGS,none
UP-TXN-00845,UP00490,Mukhtar Mishra,PUNB000000000490,UP00465,Abhay Nagar,SBIN000000000465,49929,2024-04-28 16:29:00,119,IMPS,hawala_structuring
UP-TXN-00846,UP00171,Babloo Qureshi,PUNB000000000171,UP00336,Dhananjay Rawat,PUNB000000000336,49898,2024-07-11 18:31:00,193,IMPS,hawala_structuring
UP-TXN-00847,UP00536,Brijesh Gautam,BARB000000000536,UP00571,Abhay Srivastav,SBIN000000000571,368161,2024-05-10 12:33:00,131,RTGS,none
UP-TXN-00848,UP00294,Akhilesh Mishra,SBIN000000000294,UP00490,Mukhtar Mishra,PUNB000000000490,46325,2024-03-14 13:40:00,74,UPI,hawala_structuring
UP-TXN-00849,UP00281,Abhay Yadav,SBIN000000000281,UP00520,Bablu Gurjar,UBIN000000000520,48639,2024-02-09 10:01:00,40,UPI,hawala_structuring
UP-TXN-00850,UP00048,Imran Maurya,PUNB000000000048,UP00516,Imran Dubey,UBIN000000000516,45173,2024-07-06 16:27:00,188,IMPS,hawala_structuring
UP-TXN-00851,UP00486,Deepak Rawat,BARB000000000486,UP00348,Rakesh Pal,PUNB000000000348,171432,2024-02-27 12:34:00,58,IMPS,none
UP-TXN-00852,UP00152,Sonu Rajput,PUNB000000000152,UP00358,Akhilesh Nagar,UBIN000000000358,359652,2024-04-14 13:31:00,105,RTGS,none
UP-TXN-00853,UP00007,Gufran Siddiqui,PUNB000000000007,UP00236,Pankaj Mishra,HDFC000000000236,45567,2024-02-03 16:10:00,34,UPI,hawala_structuring
UP-TXN-00854,UP00173,Sonu Dubey,PUNB000000000173,UP00016,Sonu Tiwari,SBIN000000000016,47181,2024-03-12 19:58:00,72,NEFT,hawala_structuring
UP-TXN-00855,UP00026,Rajesh Shukla,BARB000000000026,UP00276,Alok Gupta,PUNB000000000276,190080,2024-01-23 11:30:00,23,Bank Transfer,none
UP-TXN-00856,UP00012,Akhilesh Nagar,SBIN000000000012,UP00592,Guddu Gurjar,SBIN000000000592,257509,2024-01-26 10:29:00,26,RTGS,none
UP-TXN-00857,UP00294,Akhilesh Mishra,SBIN000000000294,UP00204,Atiq Tomar,SBIN000000000204,45938,2024-05-09 15:51:00,130,UPI,hawala_structuring
UP-TXN-00858,UP00286,Abhay Jaiswal,HDFC000000000286,UP00249,Neeraj Pandey,HDFC000000000249,45739,2024-04-14 12:41:00,105,IMPS,hawala_structuring
UP-TXN-00859,UP00351,Deepak Qureshi,SBIN000000000351,UP00294,Akhilesh Mishra,SBIN000000000294,136715,2024-04-17 10:59:00,108,IMPS,none
UP-TXN-00860,UP00572,Rakesh Ansari,UBIN000000000572,UP00074,Rajesh Tripathi,PUNB000000000074,84719,2024-05-17 12:05:00,138,IMPS,none
UP-TXN-00861,UP00031,Imran Tomar,PUNB000000000031,UP00537,Guddu Srivastav,SBIN000000000537,306088,2024-07-30 09:51:00,212,RTGS,none
UP-TXN-00862,UP00499,Akhilesh Bind,SBIN000000000499,UP00242,Abhay Maurya,BARB000000000242,45610,2024-05-28 13:54:00,149,NEFT,hawala_structuring
UP-TXN-00863,UP00386,Guddu Pal,UBIN000000000386,UP00377,Santosh Singh,UBIN000000000377,352914,2024-05-08 17:48:00,129,RTGS,none
UP-TXN-00864,UP00312,Dharmendra Singh,SBIN000000000312,UP00063,Sanjay Pandey,SBIN000000000063,21142,2024-02-25 18:04:00,56,IMPS,none
UP-TXN-00865,UP00277,Dharmendra Gautam,SBIN000000000277,UP00014,Bablu Bind,BARB000000000014,49458,2024-03-16 09:50:00,76,IMPS,hawala_structuring
UP-TXN-00866,UP00102,Deepak Gautam,SBIN000000000102,UP00448,Babloo Pandey,BARB000000000448,49690,2024-06-15 14:12:00,167,UPI,hawala_structuring
UP-TXN-00867,UP00120,Alok Srivastav,PUNB000000000120,UP00206,Pramod Yadav,BARB000000000206,308998,2024-08-02 15:05:00,215,RTGS,none
UP-TXN-00868,UP00159,Santosh Pandey,BARB000000000159,UP00402,Ajay Dubey,SBIN000000000402,48570,2024-03-30 15:43:00,90,NEFT,hawala_structuring
UP-TXN-00869,UP00531,Atiq Siddiqui,BARB000000000531,UP00210,Rizwan Nishad,HDFC000000000210,46069,2024-02-21 16:32:00,52,UPI,hawala_structuring
UP-TXN-00870,UP00016,Sonu Tiwari,SBIN000000000016,UP00066,Sanjay Nishad,BARB000000000066,48157,2024-03-11 19:49:00,71,UPI,hawala_structuring
UP-TXN-00871,UP00351,Deepak Qureshi,SBIN000000000351,UP00490,Mukhtar Mishra,PUNB000000000490,337621,2024-05-15 18:21:00,136,RTGS,none
UP-TXN-00872,UP00128,Atiq Siddiqui,SBIN000000000128,UP00222,Babloo Siddiqui,UBIN000000000222,48816,2024-03-13 17:39:00,73,NEFT,hawala_structuring
UP-TXN-00873,UP00055,Pappu Pandey,SBIN000000000055,UP00291,Rakesh Rawat,UBIN000000000291,366299,2024-05-18 17:32:00,139,RTGS,none
UP-TXN-00874,UP00491,Anil Rawat,SBIN000000000491,UP00255,Gufran Tomar,SBIN000000000255,45210,2024-02-04 17:25:00,35,IMPS,hawala_structuring
UP-TXN-00875,UP00407,Guddu Tomar,UBIN000000000407,UP00529,Dhananjay Kushwaha,SBIN000000000529,46151,2024-06-09 12:09:00,161,NEFT,hawala_structuring
UP-TXN-00876,UP00113,Imran Siddiqui,SBIN000000000113,UP00511,Munna Jaiswal,UBIN000000000511,158624,2024-08-21 18:43:00,234,NEFT,none
UP-TXN-00877,UP00534,Imran Jaiswal,PUNB000000000534,UP00513,Satish Shukla,PUNB000000000513,46094,2024-07-22 10:05:00,204,NEFT,hawala_structuring
UP-TXN-00878,UP00591,Anil Ansari,HDFC000000000591,UP00322,Rajesh Verma,PUNB000000000322,49433,2024-04-28 13:35:00,119,UPI,hawala_structuring
UP-TXN-00879,UP00542,Virendra Kushwaha,SBIN000000000542,UP00112,Sunil Srivastav,SBIN000000000112,9394,2024-04-05 15:57:00,96,Bank Transfer,none
UP-TXN-00880,UP00158,Rakesh Pal,BARB000000000158,UP00275,Sanjay Ansari,HDFC000000000275,78984,2024-08-03 12:03:00,216,Bank Transfer,none
UP-TXN-00881,UP00313,Satish Gurjar,SBIN000000000313,UP00090,Mukhtar Dubey,PUNB000000000090,46914,2024-07-21 18:05:00,203,IMPS,hawala_structuring
UP-TXN-00882,UP00173,Sonu Dubey,PUNB000000000173,UP00118,Tariq Qureshi,SBIN000000000118,63785,2024-06-08 11:53:00,160,Bank Transfer,none
UP-TXN-00883,UP00093,Abhay Nishad,UBIN000000000093,UP00085,Munna Verma,UBIN000000000085,46204,2024-01-02 18:07:00,2,IMPS,hawala_structuring
UP-TXN-00884,UP00362,Neeraj Gautam,PUNB000000000362,UP00593,Vikram Dubey,UBIN000000000593,18047,2024-06-30 11:32:00,182,NEFT,none
UP-TXN-00885,UP00440,Guddu Mishra,UBIN000000000440,UP00082,Ramesh Pandey,SBIN000000000082,14230,2024-04-28 16:38:00,119,Bank Transfer,none
UP-TXN-00886,UP00531,Atiq Siddiqui,BARB000000000531,UP00414,Suresh Shukla,SBIN000000000414,46760,2024-01-13 19:35:00,13,UPI,hawala_structuring
UP-TXN-00887,UP00109,Satish Ansari,UBIN000000000109,UP00353,Brijesh Dubey,SBIN000000000353,171122,2024-01-15 14:22:00,15,NEFT,none
UP-TXN-00888,UP00413,Pramod Nagar,BARB000000000413,UP00294,Akhilesh Mishra,SBIN000000000294,239539,2024-01-15 12:49:00,15,RTGS,none
UP-TXN-00889,UP00517,Gufran Bind,UBIN000000000517,UP00369,Sonu Gautam,PUNB000000000369,322785,2024-08-15 13:19:00,228,RTGS,none
UP-TXN-00890,UP00118,Tariq Qureshi,SBIN000000000118,UP00109,Satish Ansari,UBIN000000000109,47382,2024-03-05 14:12:00,65,UPI,hawala_structuring
UP-TXN-00891,UP00552,Abhay Khan,SBIN000000000552,UP00519,Deepak Gautam,PUNB000000000519,418996,2024-08-10 09:43:00,223,RTGS,none
UP-TXN-00892,UP00271,Atiq Yadav,BARB000000000271,UP00531,Atiq Siddiqui,BARB000000000531,47390,2024-06-04 12:45:00,156,IMPS,hawala_structuring
UP-TXN-00893,UP00416,Satish Jaiswal,SBIN000000000416,UP00104,Alok Nagar,BARB000000000104,211085,2024-07-05 16:51:00,187,RTGS,none
UP-TXN-00894,UP00381,Chhotu Gurjar,PUNB000000000381,UP00214,Imran Yadav,PUNB000000000214,228448,2024-02-14 10:09:00,45,RTGS,none
UP-TXN-00895,UP00143,Vikram Pal,PUNB000000000143,UP00058,Suresh Jaiswal,UBIN000000000058,343106,2024-01-01 12:21:00,1,RTGS,none
UP-TXN-00896,UP00335,Pankaj Srivastav,UBIN000000000335,UP00462,Mahesh Srivastav,PUNB000000000462,45980,2024-05-09 12:47:00,130,NEFT,hawala_structuring
UP-TXN-00897,UP00267,Aslam Rawat,SBIN000000000267,UP00524,Pankaj Nagar,PUNB000000000524,48010,2024-05-28 10:08:00,149,IMPS,hawala_structuring
UP-TXN-00898,UP00524,Pankaj Nagar,PUNB000000000524,UP00590,Atiq Jaiswal,BARB000000000590,152987,2024-05-10 13:33:00,131,Bank Transfer,none
UP-TXN-00899,UP00402,Ajay Dubey,SBIN000000000402,UP00222,Babloo Siddiqui,UBIN000000000222,45164,2024-03-18 14:19:00,78,NEFT,hawala_structuring
UP-TXN-00900,UP00515,Aslam Shukla,SBIN000000000515,UP00164,Akhilesh Yadav,HDFC000000000164,69318,2024-02-12 14:20:00,43,IMPS,none
UP-TXN-00901,UP00347,Babloo Tripathi,UBIN000000000347,UP00502,Neeraj Qureshi,UBIN000000000502,46266,2024-03-28 13:33:00,88,UPI,hawala_structuring
UP-TXN-00902,UP00166,Guddu Shukla,UBIN000000000166,UP00362,Neeraj Gautam,PUNB000000000362,49485,2024-01-10 18:51:00,10,IMPS,hawala_structuring
UP-TXN-00903,UP00164,Akhilesh Yadav,HDFC000000000164,UP00126,Tariq Pandey,PUNB000000000126,400701,2024-01-09 19:01:00,9,RTGS,none
UP-TXN-00904,UP00423,Pramod Kushwaha,SBIN000000000423,UP00281,Abhay Yadav,SBIN000000000281,414335,2024-03-07 09:04:00,67,RTGS,none
UP-TXN-00905,UP00062,Manoj Chauhan,UBIN000000000062,UP00331,Sanjay Dubey,SBIN000000000331,418991,2024-04-18 09:25:00,109,RTGS,none
UP-TXN-00906,UP00417,Amit Verma,SBIN000000000417,UP00248,Manoj Gupta,SBIN000000000248,47511,2024-04-27 18:27:00,118,NEFT,hawala_structuring
UP-TXN-00907,UP00051,Suresh Dubey,SBIN000000000051,UP00503,Ajay Kushwaha,SBIN000000000503,47300,2024-01-12 16:08:00,12,UPI,hawala_structuring
UP-TXN-00908,UP00515,Aslam Shukla,SBIN000000000515,UP00488,Suresh Pandey,SBIN000000000488,48204,2024-04-17 16:23:00,108,NEFT,hawala_structuring
UP-TXN-00909,UP00443,Imran Shukla,UBIN000000000443,UP00015,Amit Tyagi,SBIN000000000015,190157,2024-06-10 09:08:00,162,Bank Transfer,none
UP-TXN-00910,UP00570,Mahesh Bind,BARB000000000570,UP00150,Virendra Yadav,PUNB000000000150,47253,2024-06-29 11:14:00,181,NEFT,hawala_structuring
UP-TXN-00911,UP00505,Rakesh Siddiqui,UBIN000000000505,UP00156,Imran Verma,BARB000000000156,367953,2024-04-04 17:09:00,95,RTGS,none
UP-TXN-00912,UP00225,Abhay Tripathi,BARB000000000225,UP00423,Pramod Kushwaha,SBIN000000000423,47452,2024-05-17 11:08:00,138,IMPS,hawala_structuring
UP-TXN-00913,UP00183,Vikram Tripathi,PUNB000000000183,UP00211,Satish Shukla,SBIN000000000211,49466,2024-02-18 19:56:00,49,UPI,hawala_structuring
UP-TXN-00914,UP00011,Chhotu Gupta,PUNB000000000011,UP00509,Manoj Shukla,SBIN000000000509,47943,2024-05-03 12:07:00,124,IMPS,hawala_structuring
UP-TXN-00915,UP00465,Abhay Nagar,SBIN000000000465,UP00120,Alok Srivastav,PUNB000000000120,49524,2024-07-23 13:04:00,205,IMPS,hawala_structuring
UP-TXN-00916,UP00410,Amit Maurya,BARB000000000410,UP00228,Manoj Verma,HDFC000000000228,389112,2024-06-29 14:51:00,181,RTGS,none
UP-TXN-00917,UP00085,Munna Verma,UBIN000000000085,UP00499,Akhilesh Bind,SBIN000000000499,46507,2024-01-23 16:48:00,23,NEFT,hawala_structuring
UP-TXN-00918,UP00100,Rakesh Srivastav,HDFC000000000100,UP00078,Rizwan Gurjar,SBIN000000000078,175012,2024-02-02 11:40:00,33,NEFT,none
UP-TXN-00919,UP00568,Brijesh Gautam,BARB000000000568,UP00319,Vikram Chauhan,HDFC000000000319,47688,2024-06-04 10:23:00,156,UPI,hawala_structuring
UP-TXN-00920,UP00245,Babloo Ansari,BARB000000000245,UP00376,Gufran Pal,BARB000000000376,48276,2024-03-16 13:52:00,76,NEFT,hawala_structuring
UP-TXN-00921,UP00414,Suresh Shukla,SBIN000000000414,UP00290,Pramod Yadav,PUNB000000000290,46274,2024-06-02 12:06:00,154,IMPS,hawala_structuring
UP-TXN-00922,UP00222,Babloo Siddiqui,UBIN000000000222,UP00442,Dhananjay Gupta,PUNB000000000442,46097,2024-07-19 11:50:00,201,UPI,hawala_structuring
UP-TXN-00923,UP00291,Rakesh Rawat,UBIN000000000291,UP00161,Rajesh Nagar,SBIN000000000161,47413,2024-08-20 14:12:00,233,NEFT,hawala_structuring
UP-TXN-00924,UP00296,Imran Bind,SBIN000000000296,UP00140,Chhotu Gupta,SBIN000000000140,169159,2024-04-23 16:44:00,114,Bank Transfer,none
UP-TXN-00925,UP00525,Abhay Verma,BARB000000000525,UP00540,Ramesh Khan,PUNB000000000540,168374,2024-01-25 13:02:00,25,NEFT,none
UP-TXN-00926,UP00421,Akhilesh Mishra,SBIN000000000421,UP00028,Akhilesh Kushwaha,BARB000000000028,47858,2024-03-25 10:01:00,85,NEFT,hawala_structuring
UP-TXN-00927,UP00384,Dharmendra Singh,HDFC000000000384,UP00155,Satish Tyagi,SBIN000000000155,28341,2024-07-27 15:16:00,209,NEFT,none
UP-TXN-00928,UP00145,Akhilesh Shukla,SBIN000000000145,UP00436,Tariq Verma,SBIN000000000436,367677,2024-08-21 13:25:00,234,RTGS,none
UP-TXN-00929,UP00413,Pramod Nagar,BARB000000000413,UP00009,Chhotu Maurya,HDFC000000000009,49863,2024-07-08 15:08:00,190,IMPS,hawala_structuring
UP-TXN-00930,UP00333,Satish Chauhan,SBIN000000000333,UP00367,Abhay Srivastav,HDFC000000000367,47862,2024-02-14 19:22:00,45,NEFT,hawala_structuring
UP-TXN-00931,UP00020,Santosh Gurjar,BARB000000000020,UP00198,Tariq Bind,HDFC000000000198,49329,2024-08-14 16:13:00,227,IMPS,hawala_structuring
UP-TXN-00932,UP00242,Abhay Maurya,BARB000000000242,UP00403,Imran Verma,SBIN000000000403,49202,2024-06-07 10:56:00,159,NEFT,hawala_structuring
UP-TXN-00933,UP00253,Mahesh Chaudhary,HDFC000000000253,UP00248,Manoj Gupta,SBIN000000000248,46590,2024-01-07 10:21:00,7,IMPS,hawala_structuring
UP-TXN-00934,UP00230,Tariq Qureshi,PUNB000000000230,UP00141,Mahesh Dubey,UBIN000000000141,48801,2024-08-22 13:17:00,235,NEFT,hawala_structuring
UP-TXN-00935,UP00328,Atiq Chauhan,PUNB000000000328,UP00232,Ajay Tripathi,SBIN000000000232,72988,2024-03-19 11:58:00,79,Bank Transfer,none
UP-TXN-00936,UP00001,Rajesh Rajput,BARB000000000001,UP00082,Ramesh Pandey,SBIN000000000082,246988,2024-06-17 18:55:00,169,RTGS,none
UP-TXN-00937,UP00433,Sanjay Mishra,BARB000000000433,UP00499,Akhilesh Bind,SBIN000000000499,45894,2024-02-23 18:23:00,54,IMPS,hawala_structuring
UP-TXN-00938,UP00320,Ramesh Nagar,SBIN000000000320,UP00091,Rakesh Pal,SBIN000000000091,48110,2024-05-28 09:03:00,149,UPI,hawala_structuring
UP-TXN-00939,UP00140,Chhotu Gupta,SBIN000000000140,UP00437,Satish Verma,PUNB000000000437,46807,2024-01-29 09:32:00,29,UPI,hawala_structuring
UP-TXN-00940,UP00026,Rajesh Shukla,BARB000000000026,UP00342,Pramod Yadav,BARB000000000342,46307,2024-08-13 15:14:00,226,NEFT,hawala_structuring
UP-TXN-00941,UP00445,Manoj Chauhan,PUNB000000000445,UP00306,Imran Rawat,SBIN000000000306,46414,2024-03-23 13:20:00,83,NEFT,hawala_structuring
UP-TXN-00942,UP00575,Suresh Gautam,PUNB000000000575,UP00021,Mahesh Qureshi,UBIN000000000021,47815,2024-03-08 09:42:00,68,IMPS,hawala_structuring
UP-TXN-00943,UP00293,Imran Singh,PUNB000000000293,UP00449,Tariq Verma,SBIN000000000449,48253,2024-01-16 11:54:00,16,IMPS,hawala_structuring
UP-TXN-00944,UP00221,Deepak Kushwaha,SBIN000000000221,UP00192,Gufran Chauhan,UBIN000000000192,322353,2024-06-15 13:35:00,167,RTGS,none
UP-TXN-00945,UP00460,Brijesh Nagar,UBIN000000000460,UP00425,Brijesh Tomar,HDFC000000000425,337635,2024-05-05 19:09:00,126,RTGS,none
UP-TXN-00946,UP00130,Brijesh Nagar,BARB000000000130,UP00453,Ravindra Tripathi,PUNB000000000453,78548,2024-03-25 10:04:00,85,Bank Transfer,none
UP-TXN-00947,UP00262,Tariq Tiwari,PUNB000000000262,UP00359,Atiq Qureshi,UBIN000000000359,35459,2024-08-03 16:55:00,216,NEFT,none
UP-TXN-00948,UP00512,Dhananjay Srivastav,UBIN000000000512,UP00277,Dharmendra Gautam,SBIN000000000277,173682,2024-06-04 17:19:00,156,Bank Transfer,none
UP-TXN-00949,UP00010,Babloo Tiwari,PUNB000000000010,UP00517,Gufran Bind,UBIN000000000517,49485,2024-01-08 10:28:00,8,IMPS,hawala_structuring
UP-TXN-00950,UP00395,Ramesh Pal,SBIN000000000395,UP00023,Sanjay Jaiswal,PUNB000000000023,315099,2024-06-21 11:08:00,173,RTGS,none
UP-TXN-00951,UP00531,Atiq Siddiqui,BARB000000000531,UP00147,Suresh Pal,PUNB000000000147,112955,2024-03-16 11:19:00,76,Bank Transfer,none
UP-TXN-00952,UP00486,Deepak Rawat,BARB000000000486,UP00025,Dhananjay Pal,SBIN000000000025,404417,2024-02-07 19:57:00,38,RTGS,none
UP-TXN-00953,UP00057,Akhilesh Chauhan,SBIN000000000057,UP00455,Sonu Jaiswal,SBIN000000000455,47104,2024-03-09 17:35:00,69,UPI,hawala_structuring
UP-TXN-00954,UP00555,Anil Srivastav,UBIN000000000555,UP00050,Akhilesh Rawat,UBIN000000000050,360145,2024-07-21 13:33:00,203,RTGS,none
UP-TXN-00955,UP00319,Vikram Chauhan,HDFC000000000319,UP00330,Akhilesh Yadav,PUNB000000000330,46065,2024-05-25 18:25:00,146,NEFT,hawala_structuring
UP-TXN-00956,UP00520,Bablu Gurjar,UBIN000000000520,UP00229,Satish Verma,PUNB000000000229,15017,2024-04-01 11:50:00,92,NEFT,none
UP-TXN-00957,UP00265,Santosh Yadav,SBIN000000000265,UP00278,Babloo Gautam,SBIN000000000278,46123,2024-04-05 15:51:00,96,IMPS,hawala_structuring
UP-TXN-00958,UP00480,Rakesh Nishad,SBIN000000000480,UP00397,Dhananjay Nagar,BARB000000000397,45286,2024-07-02 19:15:00,184,UPI,hawala_structuring
UP-TXN-00959,UP00426,Rakesh Khan,PUNB000000000426,UP00272,Neeraj Chauhan,SBIN000000000272,45421,2024-06-05 16:46:00,157,NEFT,hawala_structuring
UP-TXN-00960,UP00129,Amit Srivastav,HDFC000000000129,UP00278,Babloo Gautam,SBIN000000000278,326668,2024-07-10 18:17:00,192,RTGS,none
UP-TXN-00961,UP00216,Gufran Chauhan,HDFC000000000216,UP00542,Virendra Kushwaha,SBIN000000000542,47113,2024-08-25 16:17:00,238,IMPS,hawala_structuring
UP-TXN-00962,UP00149,Neeraj Khan,UBIN000000000149,UP00593,Vikram Dubey,UBIN000000000593,28411,2024-04-04 14:11:00,95,Bank Transfer,none
UP-TXN-00963,UP00376,Gufran Pal,BARB000000000376,UP00337,Ravindra Pal,PUNB000000000337,47559,2024-01-21 16:39:00,21,UPI,hawala_structuring
UP-TXN-00964,UP00384,Dharmendra Singh,HDFC000000000384,UP00186,Sunil Rajput,SBIN000000000186,46015,2024-03-27 09:23:00,87,UPI,hawala_structuring
UP-TXN-00965,UP00451,Alok Chaudhary,UBIN000000000451,UP00495,Tariq Chaudhary,PUNB000000000495,47554,2024-08-09 11:35:00,222,Bank Transfer,hawala_structuring
UP-TXN-00966,UP00576,Babloo Shukla,SBIN000000000576,UP00246,Rakesh Shukla,SBIN000000000246,331173,2024-08-26 17:20:00,239,RTGS,none
UP-TXN-00967,UP00203,Tariq Siddiqui,SBIN000000000203,UP00403,Imran Verma,SBIN000000000403,45622,2024-06-27 09:09:00,179,IMPS,hawala_structuring
UP-TXN-00968,UP00229,Satish Verma,PUNB000000000229,UP00402,Ajay Dubey,SBIN000000000402,49574,2024-05-09 17:47:00,130,UPI,hawala_structuring
UP-TXN-00969,UP00412,Atiq Qureshi,SBIN000000000412,UP00180,Aslam Tyagi,UBIN000000000180,47727,2024-08-02 15:53:00,215,UPI,hawala_structuring
UP-TXN-00970,UP00388,Mahesh Tripathi,PUNB000000000388,UP00263,Ajay Gautam,UBIN000000000263,48780,2024-05-04 11:39:00,125,IMPS,hawala_structuring
UP-TXN-00971,UP00277,Dharmendra Gautam,SBIN000000000277,UP00251,Santosh Rajput,SBIN000000000251,40364,2024-02-12 18:57:00,43,NEFT,none
UP-TXN-00972,UP00442,Dhananjay Gupta,PUNB000000000442,UP00386,Guddu Pal,UBIN000000000386,425375,2024-02-22 18:46:00,53,RTGS,none
UP-TXN-00973,UP00159,Santosh Pandey,BARB000000000159,UP00014,Bablu Bind,BARB000000000014,381691,2024-05-21 16:32:00,142,RTGS,none
UP-TXN-00974,UP00115,Virendra Tripathi,BARB000000000115,UP00465,Abhay Nagar,SBIN000000000465,46799,2024-01-02 11:18:00,2,NEFT,hawala_structuring
UP-TXN-00975,UP00377,Santosh Singh,UBIN000000000377,UP00582,Imran Kushwaha,HDFC000000000582,45188,2024-06-15 14:17:00,167,UPI,hawala_structuring
UP-TXN-00976,UP00208,Akhilesh Mishra,UBIN000000000208,UP00501,Ravindra Maurya,SBIN000000000501,47663,2024-05-29 16:32:00,150,IMPS,hawala_structuring
UP-TXN-00977,UP00289,Dharmendra Dubey,SBIN000000000289,UP00577,Pappu Pandey,SBIN000000000577,10456,2024-05-21 12:02:00,142,IMPS,none
UP-TXN-00978,UP00215,Guddu Khan,HDFC000000000215,UP00408,Mahesh Mishra,BARB000000000408,46670,2024-01-03 19:31:00,3,NEFT,hawala_structuring
UP-TXN-00979,UP00208,Akhilesh Mishra,UBIN000000000208,UP00036,Amit Kushwaha,SBIN000000000036,45573,2024-05-17 14:05:00,138,UPI,hawala_structuring
UP-TXN-00980,UP00429,Suresh Rawat,SBIN000000000429,UP00016,Sonu Tiwari,SBIN000000000016,101748,2024-08-16 11:35:00,229,IMPS,none
UP-TXN-00981,UP00088,Pankaj Tomar,BARB000000000088,UP00281,Abhay Yadav,SBIN000000000281,237988,2024-07-02 12:30:00,184,RTGS,none
UP-TXN-00982,UP00342,Pramod Yadav,BARB000000000342,UP00536,Brijesh Gautam,BARB000000000536,29277,2024-03-30 17:35:00,90,Bank Transfer,none
UP-TXN-00983,UP00230,Tariq Qureshi,PUNB000000000230,UP00271,Atiq Yadav,BARB000000000271,49338,2024-04-06 15:59:00,97,IMPS,hawala_structuring
UP-TXN-00984,UP00374,Ramesh Rajput,PUNB000000000374,UP00494,Amit Gautam,SBIN000000000494,49637,2024-05-07 19:43:00,128,NEFT,hawala_structuring
UP-TXN-00985,UP00025,Dhananjay Pal,SBIN000000000025,UP00468,Mukhtar Verma,BARB000000000468,141066,2024-08-13 15:56:00,226,Bank Transfer,none
UP-TXN-00986,UP00279,Ravindra Chaudhary,PUNB000000000279,UP00183,Vikram Tripathi,PUNB000000000183,48183,2024-08-23 10:18:00,236,UPI,hawala_structuring
UP-TXN-00987,UP00493,Imran Tomar,PUNB000000000493,UP00359,Atiq Qureshi,UBIN000000000359,69727,2024-06-28 11:10:00,180,NEFT,none
UP-TXN-00988,UP00310,Sanjay Dubey,SBIN000000000310,UP00571,Abhay Srivastav,SBIN000000000571,53074,2024-03-02 19:39:00,62,IMPS,none
UP-TXN-00989,UP00265,Santosh Yadav,SBIN000000000265,UP00094,Dharmendra Shukla,BARB000000000094,285571,2024-01-04 15:25:00,4,RTGS,none
UP-TXN-00990,UP00419,Gufran Dubey,SBIN000000000419,UP00479,Manoj Singh,PUNB000000000479,161164,2024-02-11 10:46:00,42,IMPS,none
UP-TXN-00991,UP00062,Manoj Chauhan,UBIN000000000062,UP00063,Sanjay Pandey,SBIN000000000063,46215,2024-01-18 13:37:00,18,NEFT,hawala_structuring
UP-TXN-00992,UP00563,Guddu Chauhan,SBIN000000000563,UP00560,Guddu Verma,UBIN000000000560,320338,2024-04-29 17:09:00,120,RTGS,none
UP-TXN-00993,UP00012,Akhilesh Nagar,SBIN000000000012,UP00354,Akhilesh Rajput,PUNB000000000354,361154,2024-05-13 15:33:00,134,RTGS,none
UP-TXN-00994,UP00295,Neeraj Bind,SBIN000000000295,UP00533,Manoj Jaiswal,BARB000000000533,48927,2024-07-15 14:52:00,197,UPI,hawala_structuring
UP-TXN-00995,UP00162,Deepak Pal,PUNB000000000162,UP00419,Gufran Dubey,SBIN000000000419,175870,2024-03-05 14:53:00,65,Bank Transfer,none
UP-TXN-00996,UP00562,Anil Bind,BARB000000000562,UP00225,Abhay Tripathi,BARB000000000225,47948,2024-03-05 18:53:00,65,IMPS,hawala_structuring
UP-TXN-00997,UP00293,Imran Singh,PUNB000000000293,UP00110,Manoj Khan,SBIN000000000110,45870,2024-01-01 15:36:00,1,UPI,hawala_structuring
UP-TXN-00998,UP00431,Dhananjay Bind,BARB000000000431,UP00198,Tariq Bind,HDFC000000000198,161154,2024-06-11 19:15:00,163,IMPS,none
UP-TXN-00999,UP00438,Satish Jaiswal,BARB000000000438,UP00132,Chhotu Singh,SBIN000000000132,103883,2024-08-09 19:19:00,222,IMPS,none
UP-TXN-01000,UP00415,Deepak Pandey,HDFC000000000415,UP00270,Bablu Ansari,SBIN000000000270,49762,2024-05-23 13:41:00,144,NEFT,hawala_structuring
UP-TXN-01001,UP00516,Imran Dubey,UBIN000000000516,UP00514,Akhilesh Maurya,HDFC000000000514,49608,2024-08-11 17:25:00,224,IMPS,hawala_structuring
UP-TXN-01002,UP00465,Abhay Nagar,SBIN000000000465,UP00399,Mukhtar Kushwaha,PUNB000000000399,48118,2024-06-20 13:50:00,172,NEFT,hawala_structuring
UP-TXN-01003,UP00580,Sunil Bind,SBIN000000000580,UP00184,Imran Nishad,UBIN000000000184,12142,2024-06-10 17:18:00,162,Bank Transfer,none
UP-TXN-01004,UP00119,Alok Gupta,BARB000000000119,UP00432,Manoj Qureshi,BARB000000000432,45589,2024-08-15 18:00:00,228,NEFT,hawala_structuring
UP-TXN-01005,UP00471,Imran Gupta,SBIN000000000471,UP00544,Deepak Verma,PUNB000000000544,47665,2024-07-24 17:18:00,206,IMPS,hawala_structuring
UP-TXN-01006,UP00072,Chhotu Nagar,SBIN000000000072,UP00162,Deepak Pal,PUNB000000000162,201857,2024-03-28 16:32:00,88,RTGS,none
UP-TXN-01007,UP00246,Rakesh Shukla,SBIN000000000246,UP00340,Akhilesh Tomar,SBIN000000000340,134956,2024-05-27 14:35:00,148,NEFT,none
UP-TXN-01008,UP00554,Satish Rawat,SBIN000000000554,UP00209,Satish Pal,HDFC000000000209,423307,2024-04-01 17:00:00,92,RTGS,none
UP-TXN-01009,UP00236,Pankaj Mishra,HDFC000000000236,UP00033,Aslam Tomar,PUNB000000000033,32256,2024-02-23 10:46:00,54,IMPS,none
UP-TXN-01010,UP00219,Abhay Shukla,BARB000000000219,UP00458,Rizwan Pandey,PUNB000000000458,47450,2024-01-05 17:58:00,5,NEFT,hawala_structuring
UP-TXN-01011,UP00136,Anil Qureshi,SBIN000000000136,UP00106,Mahesh Chauhan,BARB000000000106,45082,2024-07-15 15:40:00,197,Bank Transfer,hawala_structuring
UP-TXN-01012,UP00590,Atiq Jaiswal,BARB000000000590,UP00553,Pramod Chaudhary,PUNB000000000553,48340,2024-07-28 09:08:00,210,NEFT,hawala_structuring
UP-TXN-01013,UP00102,Deepak Gautam,SBIN000000000102,UP00081,Manoj Siddiqui,SBIN000000000081,241534,2024-03-19 16:11:00,79,RTGS,none
UP-TXN-01014,UP00213,Neeraj Maurya,PUNB000000000213,UP00200,Sonu Khan,PUNB000000000200,141632,2024-06-07 17:04:00,159,IMPS,none
UP-TXN-01015,UP00226,Ramesh Rawat,SBIN000000000226,UP00023,Sanjay Jaiswal,PUNB000000000023,48837,2024-07-20 18:56:00,202,IMPS,hawala_structuring
UP-TXN-01016,UP00323,Rajesh Siddiqui,PUNB000000000323,UP00538,Suresh Pal,BARB000000000538,46137,2024-01-26 15:18:00,26,NEFT,hawala_structuring
UP-TXN-01017,UP00303,Ravindra Chaudhary,BARB000000000303,UP00161,Rajesh Nagar,SBIN000000000161,43531,2024-03-18 14:08:00,78,IMPS,none
UP-TXN-01018,UP00070,Pankaj Tiwari,SBIN000000000070,UP00305,Abhay Tyagi,UBIN000000000305,260355,2024-01-28 15:24:00,28,RTGS,none
UP-TXN-01019,UP00278,Babloo Gautam,SBIN000000000278,UP00158,Rakesh Pal,BARB000000000158,45233,2024-02-19 15:43:00,50,UPI,hawala_structuring
UP-TXN-01020,UP00242,Abhay Maurya,BARB000000000242,UP00008,Gufran Tripathi,BARB000000000008,46142,2024-04-28 15:26:00,119,UPI,hawala_structuring
UP-TXN-01021,UP00570,Mahesh Bind,BARB000000000570,UP00363,Munna Tomar,BARB000000000363,318396,2024-03-06 16:15:00,66,RTGS,none
UP-TXN-01022,UP00563,Guddu Chauhan,SBIN000000000563,UP00059,Aslam Chauhan,BARB000000000059,47645,2024-05-15 19:00:00,136,NEFT,hawala_structuring
UP-TXN-01023,UP00203,Tariq Siddiqui,SBIN000000000203,UP00557,Neeraj Pandey,UBIN000000000557,184215,2024-04-28 09:30:00,119,IMPS,none
UP-TXN-01024,UP00494,Amit Gautam,SBIN000000000494,UP00400,Abhay Nagar,PUNB000000000400,18353,2024-01-07 17:46:00,7,IMPS,none
UP-TXN-01025,UP00464,Dhananjay Ansari,BARB000000000464,UP00179,Pramod Gurjar,PUNB000000000179,325097,2024-08-16 14:35:00,229,RTGS,none
UP-TXN-01026,UP00536,Brijesh Gautam,BARB000000000536,UP00598,Virendra Mishra,UBIN000000000598,49476,2024-04-24 14:18:00,115,UPI,hawala_structuring
UP-TXN-01027,UP00132,Chhotu Singh,SBIN000000000132,UP00290,Pramod Yadav,PUNB000000000290,49650,2024-02-05 12:41:00,36,IMPS,hawala_structuring
UP-TXN-01028,UP00404,Imran Srivastav,SBIN000000000404,UP00314,Chhotu Rajput,UBIN000000000314,278572,2024-04-17 13:47:00,108,RTGS,none
UP-TXN-01029,UP00185,Akhilesh Pal,SBIN000000000185,UP00209,Satish Pal,HDFC000000000209,174972,2024-07-28 16:09:00,210,NEFT,none
UP-TXN-01030,UP00012,Akhilesh Nagar,SBIN000000000012,UP00048,Imran Maurya,PUNB000000000048,189005,2024-05-31 15:04:00,152,NEFT,none
UP-TXN-01031,UP00584,Alok Pandey,PUNB000000000584,UP00462,Mahesh Srivastav,PUNB000000000462,45172,2024-01-30 15:26:00,30,IMPS,hawala_structuring
UP-TXN-01032,UP00034,Satish Jaiswal,BARB000000000034,UP00309,Suresh Gupta,SBIN000000000309,441608,2024-05-23 17:42:00,144,RTGS,none
UP-TXN-01033,UP00235,Imran Srivastav,UBIN000000000235,UP00584,Alok Pandey,PUNB000000000584,48945,2024-05-28 13:02:00,149,NEFT,hawala_structuring
UP-TXN-01034,UP00146,Abhay Rajput,UBIN000000000146,UP00490,Mukhtar Mishra,PUNB000000000490,410416,2024-08-07 18:20:00,220,RTGS,none
UP-TXN-01035,UP00487,Ajay Rajput,PUNB000000000487,UP00245,Babloo Ansari,BARB000000000245,48393,2024-06-17 10:37:00,169,IMPS,hawala_structuring
UP-TXN-01036,UP00532,Amit Qureshi,BARB000000000532,UP00187,Rakesh Mishra,UBIN000000000187,45874,2024-05-16 15:29:00,137,NEFT,hawala_structuring
UP-TXN-01037,UP00405,Sonu Gautam,UBIN000000000405,UP00529,Dhananjay Kushwaha,SBIN000000000529,11654,2024-07-15 17:31:00,197,IMPS,none
UP-TXN-01038,UP00057,Akhilesh Chauhan,SBIN000000000057,UP00156,Imran Verma,BARB000000000156,16559,2024-03-01 11:14:00,61,IMPS,none
UP-TXN-01039,UP00286,Abhay Jaiswal,HDFC000000000286,UP00254,Gufran Ansari,SBIN000000000254,137720,2024-04-25 13:09:00,116,NEFT,none
UP-TXN-01040,UP00366,Mukhtar Tripathi,SBIN000000000366,UP00118,Tariq Qureshi,SBIN000000000118,292773,2024-02-15 16:40:00,46,RTGS,none
UP-TXN-01041,UP00196,Gufran Jaiswal,BARB000000000196,UP00386,Guddu Pal,UBIN000000000386,364205,2024-07-09 13:45:00,191,RTGS,none
UP-TXN-01042,UP00547,Aslam Dubey,PUNB000000000547,UP00572,Rakesh Ansari,UBIN000000000572,48395,2024-03-26 17:16:00,86,IMPS,hawala_structuring
UP-TXN-01043,UP00107,Ravindra Jaiswal,PUNB000000000107,UP00015,Amit Tyagi,SBIN000000000015,183191,2024-05-19 10:21:00,140,IMPS,none
UP-TXN-01044,UP00253,Mahesh Chaudhary,HDFC000000000253,UP00389,Atiq Yadav,PUNB000000000389,48298,2024-02-28 15:07:00,59,UPI,hawala_structuring
UP-TXN-01045,UP00314,Chhotu Rajput,UBIN000000000314,UP00544,Deepak Verma,PUNB000000000544,423330,2024-03-30 17:10:00,90,RTGS,none
UP-TXN-01046,UP00128,Atiq Siddiqui,SBIN000000000128,UP00343,Tariq Kushwaha,PUNB000000000343,47357,2024-08-19 18:09:00,232,UPI,hawala_structuring
UP-TXN-01047,UP00167,Sunil Kushwaha,BARB000000000167,UP00186,Sunil Rajput,SBIN000000000186,138558,2024-04-17 12:17:00,108,NEFT,none
UP-TXN-01048,UP00278,Babloo Gautam,SBIN000000000278,UP00122,Neeraj Gurjar,SBIN000000000122,46064,2024-01-16 19:37:00,16,NEFT,hawala_structuring
UP-TXN-01049,UP00297,Vikram Yadav,UBIN000000000297,UP00530,Amit Nagar,UBIN000000000530,377479,2024-04-30 16:53:00,121,RTGS,none
UP-TXN-01050,UP00599,Sanjay Gupta,PUNB000000000599,UP00488,Suresh Pandey,SBIN000000000488,48964,2024-07-17 14:32:00,199,IMPS,hawala_structuring
UP-TXN-01051,UP00457,Dharmendra Gupta,UBIN000000000457,UP00383,Alok Khan,BARB000000000383,158583,2024-03-30 19:27:00,90,Bank Transfer,none
UP-TXN-01052,UP00592,Guddu Gurjar,SBIN000000000592,UP00290,Pramod Yadav,PUNB000000000290,46558,2024-02-10 11:50:00,41,IMPS,hawala_structuring
UP-TXN-01053,UP00240,Deepak Bind,SBIN000000000240,UP00156,Imran Verma,BARB000000000156,328561,2024-02-07 09:16:00,38,RTGS,none
UP-TXN-01054,UP00121,Anil Tiwari,BARB000000000121,UP00191,Suresh Pal,SBIN000000000191,45380,2024-01-24 17:24:00,24,NEFT,hawala_structuring
UP-TXN-01055,UP00351,Deepak Qureshi,SBIN000000000351,UP00443,Imran Shukla,UBIN000000000443,45682,2024-05-09 19:52:00,130,IMPS,hawala_structuring
UP-TXN-01056,UP00370,Neeraj Chaudhary,PUNB000000000370,UP00056,Ajay Jaiswal,SBIN000000000056,46402,2024-02-21 09:31:00,52,NEFT,hawala_structuring
UP-TXN-01057,UP00511,Munna Jaiswal,UBIN000000000511,UP00122,Neeraj Gurjar,SBIN000000000122,47895,2024-05-07 19:09:00,128,UPI,hawala_structuring
UP-TXN-01058,UP00265,Santosh Yadav,SBIN000000000265,UP00034,Satish Jaiswal,BARB000000000034,45913,2024-07-27 14:37:00,209,UPI,hawala_structuring
UP-TXN-01059,UP00436,Tariq Verma,SBIN000000000436,UP00418,Ajay Maurya,PUNB000000000418,47255,2024-01-13 19:22:00,13,NEFT,hawala_structuring
UP-TXN-01060,UP00045,Tariq Tiwari,UBIN000000000045,UP00373,Mukhtar Dubey,SBIN000000000373,41624,2024-03-17 12:03:00,77,NEFT,none
UP-TXN-01061,UP00592,Guddu Gurjar,SBIN000000000592,UP00044,Mahesh Pandey,BARB000000000044,47005,2024-04-14 11:48:00,105,IMPS,hawala_structuring
UP-TXN-01062,UP00547,Aslam Dubey,PUNB000000000547,UP00492,Virendra Nagar,SBIN000000000492,236299,2024-08-21 18:54:00,234,RTGS,none
UP-TXN-01063,UP00293,Imran Singh,PUNB000000000293,UP00350,Aslam Pandey,BARB000000000350,48132,2024-02-21 12:02:00,52,IMPS,hawala_structuring
UP-TXN-01064,UP00306,Imran Rawat,SBIN000000000306,UP00552,Abhay Khan,SBIN000000000552,45950,2024-05-03 12:51:00,124,UPI,hawala_structuring
UP-TXN-01065,UP00066,Sanjay Nishad,BARB000000000066,UP00245,Babloo Ansari,BARB000000000245,99053,2024-03-19 15:48:00,79,NEFT,none
UP-TXN-01066,UP00001,Rajesh Rajput,BARB000000000001,UP00288,Bablu Qureshi,HDFC000000000288,308843,2024-03-21 18:20:00,81,RTGS,none
UP-TXN-01067,UP00163,Rakesh Dubey,PUNB000000000163,UP00490,Mukhtar Mishra,PUNB000000000490,414828,2024-04-10 12:30:00,101,RTGS,none
UP-TXN-01068,UP00159,Santosh Pandey,BARB000000000159,UP00026,Rajesh Shukla,BARB000000000026,45739,2024-01-17 14:19:00,17,IMPS,hawala_structuring
UP-TXN-01069,UP00455,Sonu Jaiswal,SBIN000000000455,UP00238,Virendra Tiwari,PUNB000000000238,108480,2024-08-23 15:17:00,236,IMPS,none
UP-TXN-01070,UP00500,Vikram Gurjar,PUNB000000000500,UP00487,Ajay Rajput,PUNB000000000487,49129,2024-03-29 19:45:00,89,NEFT,hawala_structuring
UP-TXN-01071,UP00423,Pramod Kushwaha,SBIN000000000423,UP00466,Aslam Tripathi,UBIN000000000466,58269,2024-05-20 09:45:00,141,NEFT,none
UP-TXN-01072,UP00358,Akhilesh Nagar,UBIN000000000358,UP00077,Suresh Khan,PUNB000000000077,45889,2024-08-11 17:34:00,224,IMPS,hawala_structuring
UP-TXN-01073,UP00094,Dharmendra Shukla,BARB000000000094,UP00159,Santosh Pandey,BARB000000000159,45847,2024-06-30 13:50:00,182,IMPS,hawala_structuring
UP-TXN-01074,UP00582,Imran Kushwaha,HDFC000000000582,UP00442,Dhananjay Gupta,PUNB000000000442,46019,2024-01-01 12:53:00,1,UPI,hawala_structuring
UP-TXN-01075,UP00542,Virendra Kushwaha,SBIN000000000542,UP00060,Gufran Khan,SBIN000000000060,396158,2024-03-02 19:34:00,62,RTGS,none
UP-TXN-01076,UP00329,Amit Kushwaha,PUNB000000000329,UP00479,Manoj Singh,PUNB000000000479,226747,2024-04-18 19:47:00,109,RTGS,none
UP-TXN-01077,UP00049,Virendra Tyagi,HDFC000000000049,UP00156,Imran Verma,BARB000000000156,46424,2024-06-14 12:14:00,166,NEFT,hawala_structuring
UP-TXN-01078,UP00087,Alok Tyagi,SBIN000000000087,UP00516,Imran Dubey,UBIN000000000516,267510,2024-06-25 11:34:00,177,RTGS,none
UP-TXN-01079,UP00241,Guddu Srivastav,SBIN000000000241,UP00261,Rajesh Verma,UBIN000000000261,55780,2024-02-02 10:12:00,33,Bank Transfer,none
UP-TXN-01080,UP00130,Brijesh Nagar,BARB000000000130,UP00541,Sonu Tiwari,UBIN000000000541,110530,2024-05-27 14:44:00,148,Bank Transfer,none
UP-TXN-01081,UP00029,Ramesh Gautam,PUNB000000000029,UP00381,Chhotu Gurjar,PUNB000000000381,348813,2024-08-04 18:06:00,217,RTGS,none
UP-TXN-01082,UP00018,Pankaj Siddiqui,SBIN000000000018,UP00100,Rakesh Srivastav,HDFC000000000100,45619,2024-02-01 19:27:00,32,UPI,hawala_structuring
UP-TXN-01083,UP00569,Neeraj Qureshi,HDFC000000000569,UP00546,Chhotu Rawat,SBIN000000000546,46269,2024-04-22 13:26:00,113,IMPS,hawala_structuring
UP-TXN-01084,UP00444,Virendra Mishra,BARB000000000444,UP00489,Pramod Srivastav,SBIN000000000489,49737,2024-07-21 12:25:00,203,NEFT,hawala_structuring
UP-TXN-01085,UP00170,Rakesh Srivastav,UBIN000000000170,UP00087,Alok Tyagi,SBIN000000000087,48392,2024-01-15 10:13:00,15,IMPS,hawala_structuring
UP-TXN-01086,UP00159,Santosh Pandey,BARB000000000159,UP00009,Chhotu Maurya,HDFC000000000009,423895,2024-07-15 14:50:00,197,RTGS,none
UP-TXN-01087,UP00472,Rajesh Jaiswal,HDFC000000000472,UP00450,Neeraj Nagar,UBIN000000000450,46826,2024-04-20 12:07:00,111,NEFT,hawala_structuring
UP-TXN-01088,UP00094,Dharmendra Shukla,BARB000000000094,UP00171,Babloo Qureshi,PUNB000000000171,366980,2024-07-11 15:58:00,193,RTGS,none
UP-TXN-01089,UP00542,Virendra Kushwaha,SBIN000000000542,UP00197,Rajesh Nagar,PUNB000000000197,48521,2024-01-03 15:37:00,3,NEFT,hawala_structuring
UP-TXN-01090,UP00392,Brijesh Tyagi,SBIN000000000392,UP00596,Neeraj Shukla,PUNB000000000596,11051,2024-07-27 11:21:00,209,Bank Transfer,none
UP-TXN-01091,UP00417,Amit Verma,SBIN000000000417,UP00159,Santosh Pandey,BARB000000000159,48674,2024-08-11 09:39:00,224,NEFT,hawala_structuring
UP-TXN-01092,UP00104,Alok Nagar,BARB000000000104,UP00429,Suresh Rawat,SBIN000000000429,45223,2024-08-21 09:21:00,234,NEFT,hawala_structuring
UP-TXN-01093,UP00102,Deepak Gautam,SBIN000000000102,UP00460,Brijesh Nagar,UBIN000000000460,280849,2024-01-04 18:21:00,4,RTGS,none
UP-TXN-01094,UP00302,Dharmendra Dubey,SBIN000000000302,UP00257,Abhay Dubey,SBIN000000000257,48774,2024-04-10 19:21:00,101,NEFT,hawala_structuring
UP-TXN-01095,UP00246,Rakesh Shukla,SBIN000000000246,UP00514,Akhilesh Maurya,HDFC000000000514,48938,2024-06-19 11:05:00,171,NEFT,hawala_structuring
UP-TXN-01096,UP00306,Imran Rawat,SBIN000000000306,UP00289,Dharmendra Dubey,SBIN000000000289,71783,2024-01-20 15:46:00,20,Bank Transfer,none
UP-TXN-01097,UP00243,Dharmendra Chaudhary,UBIN000000000243,UP00598,Virendra Mishra,UBIN000000000598,59477,2024-08-15 09:45:00,228,Bank Transfer,none
UP-TXN-01098,UP00560,Guddu Verma,UBIN000000000560,UP00336,Dhananjay Rawat,PUNB000000000336,427793,2024-04-01 10:18:00,92,RTGS,none
UP-TXN-01099,UP00473,Chhotu Srivastav,SBIN000000000473,UP00135,Sunil Shukla,HDFC000000000135,299990,2024-04-07 14:39:00,98,RTGS,none
UP-TXN-01100,UP00533,Manoj Jaiswal,BARB000000000533,UP00184,Imran Nishad,UBIN000000000184,118653,2024-03-09 11:33:00,69,NEFT,none
UP-TXN-01101,UP00080,Ramesh Verma,SBIN000000000080,UP00554,Satish Rawat,SBIN000000000554,420653,2024-01-10 09:17:00,10,RTGS,none
UP-TXN-01102,UP00130,Brijesh Nagar,BARB000000000130,UP00272,Neeraj Chauhan,SBIN000000000272,374301,2024-07-15 10:25:00,197,RTGS,none
UP-TXN-01103,UP00535,Mahesh Srivastav,SBIN000000000535,UP00584,Alok Pandey,PUNB000000000584,48320,2024-04-19 09:08:00,110,NEFT,hawala_structuring
UP-TXN-01104,UP00387,Ravindra Rajput,PUNB000000000387,UP00433,Sanjay Mishra,BARB000000000433,45243,2024-05-06 13:59:00,127,NEFT,hawala_structuring
UP-TXN-01105,UP00492,Virendra Nagar,SBIN000000000492,UP00193,Rizwan Pal,SBIN000000000193,48738,2024-03-28 19:42:00,88,NEFT,hawala_structuring
UP-TXN-01106,UP00230,Tariq Qureshi,PUNB000000000230,UP00124,Chhotu Chaudhary,PUNB000000000124,88976,2024-05-31 17:44:00,152,Bank Transfer,none
UP-TXN-01107,UP00241,Guddu Srivastav,SBIN000000000241,UP00374,Ramesh Rajput,PUNB000000000374,45216,2024-07-04 17:11:00,186,UPI,hawala_structuring
UP-TXN-01108,UP00353,Brijesh Dubey,SBIN000000000353,UP00002,Rajesh Tiwari,HDFC000000000002,68263,2024-05-06 15:47:00,127,IMPS,none
UP-TXN-01109,UP00419,Gufran Dubey,SBIN000000000419,UP00454,Tariq Shukla,BARB000000000454,112234,2024-08-04 09:27:00,217,Bank Transfer,none
UP-TXN-01110,UP00563,Guddu Chauhan,SBIN000000000563,UP00313,Satish Gurjar,SBIN000000000313,118878,2024-06-30 13:14:00,182,IMPS,none
UP-TXN-01111,UP00111,Deepak Yadav,PUNB000000000111,UP00294,Akhilesh Mishra,SBIN000000000294,45209,2024-04-20 13:37:00,111,UPI,hawala_structuring
UP-TXN-01112,UP00428,Vikram Shukla,SBIN000000000428,UP00195,Pramod Siddiqui,PUNB000000000195,66832,2024-07-30 17:18:00,212,NEFT,none
UP-TXN-01113,UP00283,Akhilesh Shukla,PUNB000000000283,UP00368,Brijesh Chauhan,BARB000000000368,49468,2024-01-13 11:18:00,13,IMPS,hawala_structuring
UP-TXN-01114,UP00438,Satish Jaiswal,BARB000000000438,UP00148,Pappu Gupta,PUNB000000000148,17358,2024-05-11 15:57:00,132,Bank Transfer,none
UP-TXN-01115,UP00373,Mukhtar Dubey,SBIN000000000373,UP00075,Anil Chauhan,PUNB000000000075,139868,2024-04-20 19:00:00,111,IMPS,none
UP-TXN-01116,UP00027,Vikram Singh,PUNB000000000027,UP00386,Guddu Pal,UBIN000000000386,21702,2024-04-04 16:08:00,95,Bank Transfer,none
UP-TXN-01117,UP00364,Akhilesh Gautam,SBIN000000000364,UP00500,Vikram Gurjar,PUNB000000000500,409543,2024-08-05 13:09:00,218,RTGS,none
UP-TXN-01118,UP00307,Neeraj Shukla,SBIN000000000307,UP00441,Bablu Pandey,UBIN000000000441,45736,2024-07-12 10:56:00,194,NEFT,hawala_structuring
UP-TXN-01119,UP00595,Aslam Maurya,SBIN000000000595,UP00428,Vikram Shukla,SBIN000000000428,48974,2024-08-26 09:12:00,239,UPI,hawala_structuring
UP-TXN-01120,UP00473,Chhotu Srivastav,SBIN000000000473,UP00171,Babloo Qureshi,PUNB000000000171,46647,2024-02-04 11:21:00,35,IMPS,hawala_structuring
UP-TXN-01121,UP00325,Guddu Siddiqui,PUNB000000000325,UP00256,Alok Pandey,SBIN000000000256,120173,2024-07-18 18:33:00,200,Bank Transfer,none
UP-TXN-01122,UP00008,Gufran Tripathi,BARB000000000008,UP00096,Chhotu Dubey,HDFC000000000096,50646,2024-04-25 10:05:00,116,NEFT,none
UP-TXN-01123,UP00470,Tariq Chaudhary,SBIN000000000470,UP00363,Munna Tomar,BARB000000000363,378377,2024-01-12 10:03:00,12,RTGS,none
UP-TXN-01124,UP00464,Dhananjay Ansari,BARB000000000464,UP00057,Akhilesh Chauhan,SBIN000000000057,422902,2024-08-18 14:47:00,231,RTGS,none
UP-TXN-01125,UP00039,Deepak Bind,PUNB000000000039,UP00013,Satish Siddiqui,SBIN000000000013,263920,2024-05-04 15:16:00,125,RTGS,none
UP-TXN-01126,UP00135,Sunil Shukla,HDFC000000000135,UP00117,Munna Gurjar,PUNB000000000117,213622,2024-07-24 19:56:00,206,RTGS,none
UP-TXN-01127,UP00594,Alok Gurjar,PUNB000000000594,UP00225,Abhay Tripathi,BARB000000000225,386012,2024-03-12 18:59:00,72,RTGS,none
UP-TXN-01128,UP00097,Atiq Pandey,HDFC000000000097,UP00244,Satish Bind,UBIN000000000244,416083,2024-07-01 13:28:00,183,RTGS,none
UP-TXN-01129,UP00582,Imran Kushwaha,HDFC000000000582,UP00331,Sanjay Dubey,SBIN000000000331,343015,2024-05-17 14:10:00,138,RTGS,none
UP-TXN-01130,UP00491,Anil Rawat,SBIN000000000491,UP00227,Santosh Gupta,PUNB000000000227,342889,2024-07-28 09:15:00,210,RTGS,none
UP-TXN-01131,UP00371,Rizwan Pandey,SBIN000000000371,UP00161,Rajesh Nagar,SBIN000000000161,419733,2024-07-16 18:15:00,198,RTGS,none
UP-TXN-01132,UP00372,Alok Bind,SBIN000000000372,UP00515,Aslam Shukla,SBIN000000000515,46009,2024-05-30 16:16:00,151,NEFT,hawala_structuring
UP-TXN-01133,UP00582,Imran Kushwaha,HDFC000000000582,UP00311,Babloo Ansari,PUNB000000000311,432519,2024-07-04 15:35:00,186,RTGS,none
UP-TXN-01134,UP00139,Manoj Bind,HDFC000000000139,UP00367,Abhay Srivastav,HDFC000000000367,45093,2024-02-04 19:35:00,35,NEFT,hawala_structuring
UP-TXN-01135,UP00496,Ravindra Yadav,HDFC000000000496,UP00393,Rajesh Pal,PUNB000000000393,45436,2024-02-23 12:56:00,54,UPI,hawala_structuring
UP-TXN-01136,UP00239,Pappu Rajput,SBIN000000000239,UP00473,Chhotu Srivastav,SBIN000000000473,39269,2024-04-05 18:01:00,96,NEFT,none
UP-TXN-01137,UP00502,Neeraj Qureshi,UBIN000000000502,UP00447,Deepak Tripathi,PUNB000000000447,212738,2024-04-19 14:55:00,110,RTGS,none
UP-TXN-01138,UP00116,Tariq Gautam,PUNB000000000116,UP00529,Dhananjay Kushwaha,SBIN000000000529,317995,2024-03-19 12:00:00,79,RTGS,none
UP-TXN-01139,UP00127,Akhilesh Pandey,SBIN000000000127,UP00302,Dharmendra Dubey,SBIN000000000302,430925,2024-07-22 15:22:00,204,RTGS,none
UP-TXN-01140,UP00455,Sonu Jaiswal,SBIN000000000455,UP00199,Rizwan Yadav,PUNB000000000199,402066,2024-06-18 10:00:00,170,RTGS,none
UP-TXN-01141,UP00205,Anil Dubey,BARB000000000205,UP00020,Santosh Gurjar,BARB000000000020,47421,2024-02-16 17:08:00,47,IMPS,hawala_structuring
UP-TXN-01142,UP00185,Akhilesh Pal,SBIN000000000185,UP00264,Imran Gupta,SBIN000000000264,306938,2024-05-17 09:56:00,138,RTGS,none
UP-TXN-01143,UP00117,Munna Gurjar,PUNB000000000117,UP00326,Abhay Pal,PUNB000000000326,120335,2024-01-11 18:10:00,11,NEFT,none
UP-TXN-01144,UP00021,Mahesh Qureshi,UBIN000000000021,UP00233,Pappu Tripathi,SBIN000000000233,355564,2024-04-11 13:42:00,102,RTGS,none
UP-TXN-01145,UP00542,Virendra Kushwaha,SBIN000000000542,UP00405,Sonu Gautam,UBIN000000000405,152038,2024-02-23 16:00:00,54,NEFT,none
UP-TXN-01146,UP00009,Chhotu Maurya,HDFC000000000009,UP00426,Rakesh Khan,PUNB000000000426,371817,2024-01-27 12:02:00,27,RTGS,none
UP-TXN-01147,UP00381,Chhotu Gurjar,PUNB000000000381,UP00542,Virendra Kushwaha,SBIN000000000542,45589,2024-07-26 16:53:00,208,UPI,hawala_structuring
UP-TXN-01148,UP00315,Pramod Gautam,SBIN000000000315,UP00259,Amit Chauhan,SBIN000000000259,31778,2024-07-11 14:21:00,193,IMPS,none
UP-TXN-01149,UP00352,Chhotu Tomar,UBIN000000000352,UP00587,Mukhtar Yadav,PUNB000000000587,102127,2024-06-27 15:07:00,179,IMPS,none
UP-TXN-01150,UP00175,Munna Rajput,HDFC000000000175,UP00185,Akhilesh Pal,SBIN000000000185,46533,2024-08-10 12:44:00,223,NEFT,hawala_structuring
UP-TXN-01151,UP00313,Satish Gurjar,SBIN000000000313,UP00354,Akhilesh Rajput,PUNB000000000354,424688,2024-07-14 10:34:00,196,RTGS,none
UP-TXN-01152,UP00047,Chhotu Tripathi,BARB000000000047,UP00029,Ramesh Gautam,PUNB000000000029,47300,2024-04-15 18:17:00,106,IMPS,hawala_structuring
UP-TXN-01153,UP00344,Neeraj Kushwaha,HDFC000000000344,UP00594,Alok Gurjar,PUNB000000000594,119608,2024-01-04 15:51:00,4,IMPS,none
UP-TXN-01154,UP00206,Pramod Yadav,BARB000000000206,UP00213,Neeraj Maurya,PUNB000000000213,45352,2024-06-11 11:59:00,163,IMPS,hawala_structuring
UP-TXN-01155,UP00493,Imran Tomar,PUNB000000000493,UP00557,Neeraj Pandey,UBIN000000000557,100588,2024-01-16 10:34:00,16,NEFT,none
UP-TXN-01156,UP00107,Ravindra Jaiswal,PUNB000000000107,UP00192,Gufran Chauhan,UBIN000000000192,159414,2024-03-01 16:33:00,61,IMPS,none
UP-TXN-01157,UP00420,Munna Yadav,SBIN000000000420,UP00574,Chhotu Rajput,SBIN000000000574,392248,2024-02-10 09:48:00,41,RTGS,none
UP-TXN-01158,UP00170,Rakesh Srivastav,UBIN000000000170,UP00517,Gufran Bind,UBIN000000000517,18391,2024-05-23 11:50:00,144,IMPS,none
UP-TXN-01159,UP00131,Tariq Nishad,PUNB000000000131,UP00554,Satish Rawat,SBIN000000000554,179897,2024-08-05 13:26:00,218,IMPS,none
UP-TXN-01160,UP00389,Atiq Yadav,PUNB000000000389,UP00460,Brijesh Nagar,UBIN000000000460,47845,2024-07-06 10:19:00,188,UPI,hawala_structuring
UP-TXN-01161,UP00392,Brijesh Tyagi,SBIN000000000392,UP00362,Neeraj Gautam,PUNB000000000362,59870,2024-08-28 09:07:00,241,NEFT,none
UP-TXN-01162,UP00272,Neeraj Chauhan,SBIN000000000272,UP00222,Babloo Siddiqui,UBIN000000000222,311041,2024-03-07 14:02:00,67,RTGS,none
UP-TXN-01163,UP00594,Alok Gurjar,PUNB000000000594,UP00437,Satish Verma,PUNB000000000437,447236,2024-07-08 10:12:00,190,RTGS,none
UP-TXN-01164,UP00549,Mahesh Tyagi,SBIN000000000549,UP00288,Bablu Qureshi,HDFC000000000288,387844,2024-04-25 11:23:00,116,RTGS,none
UP-TXN-01165,UP00560,Guddu Verma,UBIN000000000560,UP00184,Imran Nishad,UBIN000000000184,301947,2024-08-12 16:11:00,225,RTGS,none
UP-TXN-01166,UP00287,Rajesh Gautam,SBIN000000000287,UP00574,Chhotu Rajput,SBIN000000000574,48031,2024-07-04 10:36:00,186,UPI,hawala_structuring
UP-TXN-01167,UP00513,Satish Shukla,PUNB000000000513,UP00575,Suresh Gautam,PUNB000000000575,47076,2024-08-20 13:35:00,233,NEFT,hawala_structuring
UP-TXN-01168,UP00252,Atiq Dubey,UBIN000000000252,UP00387,Ravindra Rajput,PUNB000000000387,228933,2024-06-17 11:22:00,169,RTGS,none
UP-TXN-01169,UP00130,Brijesh Nagar,BARB000000000130,UP00427,Mahesh Mishra,PUNB000000000427,132568,2024-03-18 10:56:00,78,IMPS,none
UP-TXN-01170,UP00583,Vikram Gurjar,SBIN000000000583,UP00408,Mahesh Mishra,BARB000000000408,69067,2024-07-15 09:48:00,197,Bank Transfer,none
UP-TXN-01171,UP00538,Suresh Pal,BARB000000000538,UP00435,Sanjay Tomar,SBIN000000000435,373713,2024-08-10 12:22:00,223,RTGS,none
UP-TXN-01172,UP00023,Sanjay Jaiswal,PUNB000000000023,UP00415,Deepak Pandey,HDFC000000000415,47080,2024-01-11 18:23:00,11,IMPS,hawala_structuring
UP-TXN-01173,UP00306,Imran Rawat,SBIN000000000306,UP00163,Rakesh Dubey,PUNB000000000163,146818,2024-03-14 15:31:00,74,NEFT,none
UP-TXN-01174,UP00294,Akhilesh Mishra,SBIN000000000294,UP00554,Satish Rawat,SBIN000000000554,294767,2024-06-14 15:10:00,166,RTGS,none
UP-TXN-01175,UP00486,Deepak Rawat,BARB000000000486,UP00494,Amit Gautam,SBIN000000000494,181173,2024-07-29 14:32:00,211,Bank Transfer,none
UP-TXN-01176,UP00483,Abhay Yadav,BARB000000000483,UP00442,Dhananjay Gupta,PUNB000000000442,47646,2024-03-15 09:49:00,75,NEFT,hawala_structuring
UP-TXN-01177,UP00361,Chhotu Nishad,PUNB000000000361,UP00148,Pappu Gupta,PUNB000000000148,46943,2024-01-09 15:57:00,9,UPI,hawala_structuring
UP-TXN-01178,UP00327,Guddu Tomar,BARB000000000327,UP00431,Dhananjay Bind,BARB000000000431,49704,2024-05-05 18:12:00,126,UPI,hawala_structuring
UP-TXN-01179,UP00083,Anil Mishra,SBIN000000000083,UP00516,Imran Dubey,UBIN000000000516,45883,2024-07-16 10:33:00,198,NEFT,hawala_structuring
UP-TXN-01180,UP00140,Chhotu Gupta,SBIN000000000140,UP00206,Pramod Yadav,BARB000000000206,98018,2024-06-29 16:26:00,181,NEFT,none
UP-TXN-01181,UP00302,Dharmendra Dubey,SBIN000000000302,UP00060,Gufran Khan,SBIN000000000060,273465,2024-07-13 13:51:00,195,RTGS,none
UP-TXN-01182,UP00512,Dhananjay Srivastav,UBIN000000000512,UP00168,Ravindra Srivastav,PUNB000000000168,56720,2024-02-21 14:51:00,52,Bank Transfer,none
UP-TXN-01183,UP00490,Mukhtar Mishra,PUNB000000000490,UP00309,Suresh Gupta,SBIN000000000309,12562,2024-06-09 16:44:00,161,Bank Transfer,none
UP-TXN-01184,UP00561,Rizwan Verma,HDFC000000000561,UP00560,Guddu Verma,UBIN000000000560,45371,2024-02-09 16:56:00,40,IMPS,hawala_structuring
UP-TXN-01185,UP00308,Imran Jaiswal,UBIN000000000308,UP00044,Mahesh Pandey,BARB000000000044,133604,2024-03-13 18:17:00,73,NEFT,none
UP-TXN-01186,UP00305,Abhay Tyagi,UBIN000000000305,UP00518,Babloo Bind,PUNB000000000518,46717,2024-05-24 10:53:00,145,UPI,hawala_structuring
UP-TXN-01187,UP00009,Chhotu Maurya,HDFC000000000009,UP00032,Babloo Tomar,SBIN000000000032,407177,2024-04-04 10:20:00,95,RTGS,none
UP-TXN-01188,UP00201,Chhotu Maurya,BARB000000000201,UP00150,Virendra Yadav,PUNB000000000150,430754,2024-08-19 14:58:00,232,RTGS,none
UP-TXN-01189,UP00225,Abhay Tripathi,BARB000000000225,UP00595,Aslam Maurya,SBIN000000000595,46872,2024-08-08 18:12:00,221,IMPS,hawala_structuring
UP-TXN-01190,UP00522,Pankaj Srivastav,UBIN000000000522,UP00106,Mahesh Chauhan,BARB000000000106,45877,2024-04-06 14:59:00,97,IMPS,hawala_structuring
UP-TXN-01191,UP00530,Amit Nagar,UBIN000000000530,UP00500,Vikram Gurjar,PUNB000000000500,48138,2024-07-17 11:51:00,199,UPI,hawala_structuring
UP-TXN-01192,UP00428,Vikram Shukla,SBIN000000000428,UP00027,Vikram Singh,PUNB000000000027,47405,2024-05-24 09:22:00,145,NEFT,hawala_structuring
UP-TXN-01193,UP00178,Rizwan Siddiqui,PUNB000000000178,UP00152,Sonu Rajput,PUNB000000000152,47727,2024-01-04 16:48:00,4,NEFT,hawala_structuring
UP-TXN-01194,UP00473,Chhotu Srivastav,SBIN000000000473,UP00496,Ravindra Yadav,HDFC000000000496,47339,2024-05-26 14:05:00,147,IMPS,hawala_structuring
UP-TXN-01195,UP00055,Pappu Pandey,SBIN000000000055,UP00148,Pappu Gupta,PUNB000000000148,46647,2024-04-27 11:16:00,118,UPI,hawala_structuring
UP-TXN-01196,UP00218,Dharmendra Gupta,UBIN000000000218,UP00491,Anil Rawat,SBIN000000000491,49729,2024-01-09 14:24:00,9,IMPS,hawala_structuring
UP-TXN-01197,UP00186,Sunil Rajput,SBIN000000000186,UP00272,Neeraj Chauhan,SBIN000000000272,302393,2024-06-17 15:48:00,169,RTGS,none
UP-TXN-01198,UP00264,Imran Gupta,SBIN000000000264,UP00318,Abhay Rawat,BARB000000000318,274352,2024-02-07 18:51:00,38,RTGS,none
UP-TXN-01199,UP00065,Munna Srivastav,PUNB000000000065,UP00382,Atiq Nagar,PUNB000000000382,49911,2024-04-08 14:48:00,99,IMPS,hawala_structuring
UP-TXN-01200,UP00593,Vikram Dubey,UBIN000000000593,UP00568,Brijesh Gautam,BARB000000000568,6578,2024-04-27 19:26:00,118,IMPS,none
UP-TXN-01201,UP00037,Sunil Gautam,PUNB000000000037,UP00343,Tariq Kushwaha,PUNB000000000343,387101,2024-02-23 16:08:00,54,RTGS,none
UP-TXN-01202,UP00568,Brijesh Gautam,BARB000000000568,UP00252,Atiq Dubey,UBIN000000000252,49897,2024-08-25 10:03:00,238,UPI,hawala_structuring
UP-TXN-01203,UP00438,Satish Jaiswal,BARB000000000438,UP00215,Guddu Khan,HDFC000000000215,439163,2024-01-03 09:49:00,3,RTGS,none
UP-TXN-01204,UP00307,Neeraj Shukla,SBIN000000000307,UP00504,Anil Tiwari,PUNB000000000504,149649,2024-01-13 12:38:00,13,NEFT,none
UP-TXN-01205,UP00453,Ravindra Tripathi,PUNB000000000453,UP00393,Rajesh Pal,PUNB000000000393,286868,2024-02-17 12:13:00,48,RTGS,none
UP-TXN-01206,UP00184,Imran Nishad,UBIN000000000184,UP00131,Tariq Nishad,PUNB000000000131,369217,2024-01-18 16:43:00,18,RTGS,none
UP-TXN-01207,UP00465,Abhay Nagar,SBIN000000000465,UP00003,Abhay Tripathi,SBIN000000000003,73214,2024-07-21 19:57:00,203,Bank Transfer,none
UP-TXN-01208,UP00220,Vikram Shukla,UBIN000000000220,UP00379,Ajay Qureshi,HDFC000000000379,47023,2024-05-28 11:23:00,149,UPI,hawala_structuring
UP-TXN-01209,UP00003,Abhay Tripathi,SBIN000000000003,UP00304,Rajesh Mishra,BARB000000000304,301527,2024-04-10 11:48:00,101,RTGS,none
UP-TXN-01210,UP00400,Abhay Nagar,PUNB000000000400,UP00164,Akhilesh Yadav,HDFC000000000164,45888,2024-08-08 14:43:00,221,UPI,hawala_structuring
UP-TXN-01211,UP00427,Mahesh Mishra,PUNB000000000427,UP00225,Abhay Tripathi,BARB000000000225,247133,2024-04-11 12:37:00,102,RTGS,none
UP-TXN-01212,UP00066,Sanjay Nishad,BARB000000000066,UP00489,Pramod Srivastav,SBIN000000000489,48703,2024-07-10 15:48:00,192,UPI,hawala_structuring
UP-TXN-01213,UP00185,Akhilesh Pal,SBIN000000000185,UP00062,Manoj Chauhan,UBIN000000000062,46405,2024-05-29 17:47:00,150,IMPS,hawala_structuring
UP-TXN-01214,UP00515,Aslam Shukla,SBIN000000000515,UP00371,Rizwan Pandey,SBIN000000000371,48515,2024-07-20 10:16:00,202,NEFT,hawala_structuring
UP-TXN-01215,UP00467,Mahesh Pal,SBIN000000000467,UP00118,Tariq Qureshi,SBIN000000000118,269611,2024-04-18 14:32:00,109,RTGS,none
UP-TXN-01216,UP00008,Gufran Tripathi,BARB000000000008,UP00093,Abhay Nishad,UBIN000000000093,49666,2024-01-06 16:43:00,6,UPI,hawala_structuring
UP-TXN-01217,UP00115,Virendra Tripathi,BARB000000000115,UP00310,Sanjay Dubey,SBIN000000000310,347638,2024-03-22 13:30:00,82,RTGS,none
UP-TXN-01218,UP00007,Gufran Siddiqui,PUNB000000000007,UP00133,Anil Nishad,BARB000000000133,49693,2024-03-17 09:19:00,77,UPI,hawala_structuring
UP-TXN-01219,UP00001,Rajesh Rajput,BARB000000000001,UP00513,Satish Shukla,PUNB000000000513,330704,2024-05-30 10:09:00,151,RTGS,none
UP-TXN-01220,UP00568,Brijesh Gautam,BARB000000000568,UP00355,Santosh Chauhan,PUNB000000000355,49725,2024-01-09 15:40:00,9,IMPS,hawala_structuring
UP-TXN-01221,UP00377,Santosh Singh,UBIN000000000377,UP00234,Virendra Nagar,PUNB000000000234,140181,2024-05-25 12:17:00,146,IMPS,none
UP-TXN-01222,UP00137,Deepak Jaiswal,BARB000000000137,UP00254,Gufran Ansari,SBIN000000000254,45998,2024-08-12 12:49:00,225,NEFT,hawala_structuring
UP-TXN-01223,UP00057,Akhilesh Chauhan,SBIN000000000057,UP00455,Sonu Jaiswal,SBIN000000000455,49414,2024-04-07 15:01:00,98,NEFT,hawala_structuring
UP-TXN-01224,UP00259,Amit Chauhan,SBIN000000000259,UP00531,Atiq Siddiqui,BARB000000000531,46903,2024-06-06 11:13:00,158,NEFT,hawala_structuring
UP-TXN-01225,UP00316,Satish Pal,BARB000000000316,UP00086,Guddu Srivastav,SBIN000000000086,48778,2024-02-22 19:07:00,53,IMPS,hawala_structuring
UP-TXN-01226,UP00144,Rakesh Rajput,PUNB000000000144,UP00309,Suresh Gupta,SBIN000000000309,348395,2024-05-20 17:12:00,141,RTGS,none
UP-TXN-01227,UP00102,Deepak Gautam,SBIN000000000102,UP00021,Mahesh Qureshi,UBIN000000000021,332699,2024-08-07 17:48:00,220,RTGS,none
UP-TXN-01228,UP00016,Sonu Tiwari,SBIN000000000016,UP00078,Rizwan Gurjar,SBIN000000000078,428261,2024-02-05 16:34:00,36,RTGS,none
UP-TXN-01229,UP00063,Sanjay Pandey,SBIN000000000063,UP00277,Dharmendra Gautam,SBIN000000000277,380251,2024-05-08 15:02:00,129,RTGS,none
UP-TXN-01230,UP00502,Neeraj Qureshi,UBIN000000000502,UP00292,Rakesh Rajput,BARB000000000292,11573,2024-02-27 18:50:00,58,IMPS,none
UP-TXN-01231,UP00511,Munna Jaiswal,UBIN000000000511,UP00383,Alok Khan,BARB000000000383,49626,2024-04-02 15:18:00,93,IMPS,hawala_structuring
UP-TXN-01232,UP00401,Akhilesh Kushwaha,UBIN000000000401,UP00149,Neeraj Khan,UBIN000000000149,107387,2024-08-15 09:58:00,228,IMPS,none
UP-TXN-01233,UP00229,Satish Verma,PUNB000000000229,UP00547,Aslam Dubey,PUNB000000000547,45806,2024-01-16 13:17:00,16,NEFT,hawala_structuring
UP-TXN-01234,UP00152,Sonu Rajput,PUNB000000000152,UP00414,Suresh Shukla,SBIN000000000414,285964,2024-03-03 19:48:00,63,RTGS,none
UP-TXN-01235,UP00341,Mahesh Siddiqui,UBIN000000000341,UP00270,Bablu Ansari,SBIN000000000270,46071,2024-08-19 10:52:00,232,IMPS,hawala_structuring
UP-TXN-01236,UP00232,Ajay Tripathi,SBIN000000000232,UP00072,Chhotu Nagar,SBIN000000000072,428287,2024-01-22 18:51:00,22,RTGS,none
UP-TXN-01237,UP00578,Santosh Yadav,SBIN000000000578,UP00404,Imran Srivastav,SBIN000000000404,45665,2024-01-15 12:55:00,15,IMPS,hawala_structuring
UP-TXN-01238,UP00030,Ramesh Maurya,PUNB000000000030,UP00254,Gufran Ansari,SBIN000000000254,48500,2024-04-20 14:22:00,111,UPI,hawala_structuring
UP-TXN-01239,UP00557,Neeraj Pandey,UBIN000000000557,UP00590,Atiq Jaiswal,BARB000000000590,47616,2024-01-04 14:59:00,4,UPI,hawala_structuring
UP-TXN-01240,UP00543,Mahesh Jaiswal,BARB000000000543,UP00552,Abhay Khan,SBIN000000000552,144985,2024-07-23 18:33:00,205,Bank Transfer,none
UP-TXN-01241,UP00106,Mahesh Chauhan,BARB000000000106,UP00513,Satish Shukla,PUNB000000000513,45867,2024-05-03 17:42:00,124,UPI,hawala_structuring
UP-TXN-01242,UP00160,Deepak Gautam,SBIN000000000160,UP00563,Guddu Chauhan,SBIN000000000563,45147,2024-01-17 09:44:00,17,NEFT,hawala_structuring
UP-TXN-01243,UP00472,Rajesh Jaiswal,HDFC000000000472,UP00397,Dhananjay Nagar,BARB000000000397,48902,2024-06-20 12:00:00,172,NEFT,hawala_structuring
UP-TXN-01244,UP00022,Rizwan Nagar,HDFC000000000022,UP00147,Suresh Pal,PUNB000000000147,48412,2024-05-13 10:25:00,134,NEFT,hawala_structuring
UP-TXN-01245,UP00177,Imran Srivastav,BARB000000000177,UP00408,Mahesh Mishra,BARB000000000408,45158,2024-02-27 09:26:00,58,IMPS,hawala_structuring
UP-TXN-01246,UP00534,Imran Jaiswal,PUNB000000000534,UP00587,Mukhtar Yadav,PUNB000000000587,46634,2024-03-03 12:27:00,63,UPI,hawala_structuring
UP-TXN-01247,UP00434,Brijesh Srivastav,BARB000000000434,UP00352,Chhotu Tomar,UBIN000000000352,70631,2024-01-24 09:18:00,24,IMPS,none
UP-TXN-01248,UP00129,Amit Srivastav,HDFC000000000129,UP00514,Akhilesh Maurya,HDFC000000000514,18297,2024-06-14 19:22:00,166,NEFT,none
UP-TXN-01249,UP00155,Satish Tyagi,SBIN000000000155,UP00217,Abhay Bind,BARB000000000217,49579,2024-06-12 15:59:00,164,IMPS,hawala_structuring
UP-TXN-01250,UP00474,Neeraj Pal,BARB000000000474,UP00431,Dhananjay Bind,BARB000000000431,17458,2024-01-24 17:21:00,24,NEFT,none
UP-TXN-01251,UP00502,Neeraj Qureshi,UBIN000000000502,UP00046,Rajesh Dubey,SBIN000000000046,347989,2024-07-25 10:15:00,207,RTGS,none
UP-TXN-01252,UP00188,Pankaj Yadav,PUNB000000000188,UP00387,Ravindra Rajput,PUNB000000000387,287167,2024-07-01 19:18:00,183,RTGS,none
UP-TXN-01253,UP00526,Rajesh Nishad,SBIN000000000526,UP00282,Tariq Dubey,SBIN000000000282,49581,2024-01-21 17:54:00,21,UPI,hawala_structuring
UP-TXN-01254,UP00364,Akhilesh Gautam,SBIN000000000364,UP00548,Aslam Tiwari,PUNB000000000548,160403,2024-05-16 17:34:00,137,Bank Transfer,none
UP-TXN-01255,UP00497,Munna Rajput,SBIN000000000497,UP00214,Imran Yadav,PUNB000000000214,187163,2024-07-22 14:31:00,204,IMPS,none
UP-TXN-01256,UP00011,Chhotu Gupta,PUNB000000000011,UP00120,Alok Srivastav,PUNB000000000120,381842,2024-06-11 11:55:00,163,RTGS,none
UP-TXN-01257,UP00275,Sanjay Ansari,HDFC000000000275,UP00262,Tariq Tiwari,PUNB000000000262,444462,2024-04-17 18:52:00,108,RTGS,none
UP-TXN-01258,UP00067,Rakesh Mishra,BARB000000000067,UP00545,Ravindra Qureshi,HDFC000000000545,46614,2024-01-10 18:40:00,10,UPI,hawala_structuring
UP-TXN-01259,UP00033,Aslam Tomar,PUNB000000000033,UP00393,Rajesh Pal,PUNB000000000393,45390,2024-05-07 13:26:00,128,IMPS,hawala_structuring
UP-TXN-01260,UP00145,Akhilesh Shukla,SBIN000000000145,UP00388,Mahesh Tripathi,PUNB000000000388,47515,2024-07-10 13:43:00,192,NEFT,hawala_structuring
UP-TXN-01261,UP00396,Munna Gurjar,BARB000000000396,UP00442,Dhananjay Gupta,PUNB000000000442,42443,2024-08-07 14:41:00,220,Bank Transfer,none
UP-TXN-01262,UP00391,Dhananjay Pandey,BARB000000000391,UP00192,Gufran Chauhan,UBIN000000000192,47297,2024-08-05 13:59:00,218,NEFT,hawala_structuring
UP-TXN-01263,UP00357,Amit Shukla,HDFC000000000357,UP00334,Sonu Mishra,UBIN000000000334,47811,2024-04-14 10:58:00,105,UPI,hawala_structuring
UP-TXN-01264,UP00319,Vikram Chauhan,HDFC000000000319,UP00137,Deepak Jaiswal,BARB000000000137,362280,2024-04-04 13:14:00,95,RTGS,none
UP-TXN-01265,UP00176,Amit Tiwari,UBIN000000000176,UP00301,Mukhtar Siddiqui,PUNB000000000301,49520,2024-08-08 12:00:00,221,IMPS,hawala_structuring
UP-TXN-01266,UP00444,Virendra Mishra,BARB000000000444,UP00185,Akhilesh Pal,SBIN000000000185,367095,2024-07-22 18:17:00,204,RTGS,none
UP-TXN-01267,UP00553,Pramod Chaudhary,PUNB000000000553,UP00127,Akhilesh Pandey,SBIN000000000127,46835,2024-06-04 16:26:00,156,IMPS,hawala_structuring
UP-TXN-01268,UP00479,Manoj Singh,PUNB000000000479,UP00271,Atiq Yadav,BARB000000000271,248190,2024-05-30 09:18:00,151,RTGS,none
UP-TXN-01269,UP00185,Akhilesh Pal,SBIN000000000185,UP00038,Sunil Tiwari,PUNB000000000038,332074,2024-02-02 13:20:00,33,RTGS,none
UP-TXN-01270,UP00103,Mukhtar Tripathi,SBIN000000000103,UP00284,Brijesh Kushwaha,SBIN000000000284,80261,2024-08-24 09:59:00,237,IMPS,none
UP-TXN-01271,UP00330,Akhilesh Yadav,PUNB000000000330,UP00518,Babloo Bind,PUNB000000000518,49168,2024-02-27 13:32:00,58,NEFT,hawala_structuring
UP-TXN-01272,UP00140,Chhotu Gupta,SBIN000000000140,UP00067,Rakesh Mishra,BARB000000000067,75828,2024-03-27 13:38:00,87,IMPS,none
UP-TXN-01273,UP00065,Munna Srivastav,PUNB000000000065,UP00142,Sonu Chaudhary,SBIN000000000142,47606,2024-08-25 15:33:00,238,UPI,hawala_structuring
UP-TXN-01274,UP00587,Mukhtar Yadav,PUNB000000000587,UP00229,Satish Verma,PUNB000000000229,208367,2024-08-05 16:59:00,218,RTGS,none
UP-TXN-01275,UP00141,Mahesh Dubey,UBIN000000000141,UP00280,Pappu Gupta,HDFC000000000280,397946,2024-06-12 18:27:00,164,RTGS,none
UP-TXN-01276,UP00355,Santosh Chauhan,PUNB000000000355,UP00114,Atiq Chaudhary,PUNB000000000114,45658,2024-06-08 14:59:00,160,NEFT,hawala_structuring
UP-TXN-01277,UP00162,Deepak Pal,PUNB000000000162,UP00141,Mahesh Dubey,UBIN000000000141,244597,2024-03-20 18:13:00,80,RTGS,none
UP-TXN-01278,UP00150,Virendra Yadav,PUNB000000000150,UP00187,Rakesh Mishra,UBIN000000000187,276089,2024-04-23 15:59:00,114,RTGS,none
UP-TXN-01279,UP00408,Mahesh Mishra,BARB000000000408,UP00005,Ravindra Kushwaha,UBIN000000000005,396787,2024-04-21 10:02:00,112,RTGS,none
UP-TXN-01280,UP00086,Guddu Srivastav,SBIN000000000086,UP00089,Santosh Siddiqui,HDFC000000000089,199665,2024-06-08 10:34:00,160,NEFT,none
UP-TXN-01281,UP00567,Tariq Pandey,SBIN000000000567,UP00336,Dhananjay Rawat,PUNB000000000336,47763,2024-08-14 15:15:00,227,IMPS,hawala_structuring
UP-TXN-01282,UP00386,Guddu Pal,UBIN000000000386,UP00369,Sonu Gautam,PUNB000000000369,321860,2024-01-18 10:39:00,18,RTGS,none
UP-TXN-01283,UP00570,Mahesh Bind,BARB000000000570,UP00162,Deepak Pal,PUNB000000000162,49734,2024-05-02 18:41:00,123,UPI,hawala_structuring
UP-TXN-01284,UP00543,Mahesh Jaiswal,BARB000000000543,UP00536,Brijesh Gautam,BARB000000000536,50952,2024-06-25 18:19:00,177,NEFT,none
UP-TXN-01285,UP00580,Sunil Bind,SBIN000000000580,UP00003,Abhay Tripathi,SBIN000000000003,47862,2024-03-09 18:34:00,69,IMPS,hawala_structuring
UP-TXN-01286,UP00375,Santosh Jaiswal,BARB000000000375,UP00488,Suresh Pandey,SBIN000000000488,308846,2024-06-15 15:57:00,167,RTGS,none
UP-TXN-01287,UP00370,Neeraj Chaudhary,PUNB000000000370,UP00019,Tariq Gautam,PUNB000000000019,45912,2024-03-05 15:11:00,65,NEFT,hawala_structuring
UP-TXN-01288,UP00287,Rajesh Gautam,SBIN000000000287,UP00397,Dhananjay Nagar,BARB000000000397,46139,2024-04-04 19:59:00,95,IMPS,hawala_structuring
UP-TXN-01289,UP00271,Atiq Yadav,BARB000000000271,UP00150,Virendra Yadav,PUNB000000000150,45099,2024-05-22 13:38:00,143,NEFT,hawala_structuring
UP-TXN-01290,UP00289,Dharmendra Dubey,SBIN000000000289,UP00584,Alok Pandey,PUNB000000000584,49463,2024-08-01 14:01:00,214,UPI,hawala_structuring
UP-TXN-01291,UP00023,Sanjay Jaiswal,PUNB000000000023,UP00057,Akhilesh Chauhan,SBIN000000000057,357933,2024-01-02 13:08:00,2,RTGS,none
UP-TXN-01292,UP00454,Tariq Shukla,BARB000000000454,UP00509,Manoj Shukla,SBIN000000000509,252823,2024-05-17 15:10:00,138,RTGS,none
UP-TXN-01293,UP00524,Pankaj Nagar,PUNB000000000524,UP00530,Amit Nagar,UBIN000000000530,48917,2024-07-03 10:46:00,185,IMPS,hawala_structuring
UP-TXN-01294,UP00181,Sanjay Yadav,UBIN000000000181,UP00108,Deepak Pandey,UBIN000000000108,427548,2024-05-07 16:00:00,128,RTGS,none
UP-TXN-01295,UP00005,Ravindra Kushwaha,UBIN000000000005,UP00069,Pramod Yadav,BARB000000000069,123612,2024-08-03 10:59:00,216,IMPS,none
UP-TXN-01296,UP00559,Sunil Nishad,PUNB000000000559,UP00282,Tariq Dubey,SBIN000000000282,49213,2024-08-17 17:06:00,230,NEFT,hawala_structuring
UP-TXN-01297,UP00186,Sunil Rajput,SBIN000000000186,UP00271,Atiq Yadav,BARB000000000271,422983,2024-08-21 15:41:00,234,RTGS,none
UP-TXN-01298,UP00197,Rajesh Nagar,PUNB000000000197,UP00407,Guddu Tomar,UBIN000000000407,46641,2024-01-05 10:21:00,5,UPI,hawala_structuring
UP-TXN-01299,UP00004,Imran Nishad,UBIN000000000004,UP00469,Dhananjay Dubey,SBIN000000000469,207051,2024-01-26 17:53:00,26,RTGS,none
UP-TXN-01300,UP00358,Akhilesh Nagar,UBIN000000000358,UP00450,Neeraj Nagar,UBIN000000000450,392686,2024-05-29 18:09:00,150,RTGS,none
UP-TXN-01301,UP00337,Ravindra Pal,PUNB000000000337,UP00088,Pankaj Tomar,BARB000000000088,48995,2024-02-29 11:21:00,60,NEFT,hawala_structuring
UP-TXN-01302,UP00557,Neeraj Pandey,UBIN000000000557,UP00132,Chhotu Singh,SBIN000000000132,45321,2024-02-22 17:52:00,53,NEFT,hawala_structuring
UP-TXN-01303,UP00351,Deepak Qureshi,SBIN000000000351,UP00372,Alok Bind,SBIN000000000372,47239,2024-01-14 13:10:00,14,IMPS,hawala_structuring
UP-TXN-01304,UP00531,Atiq Siddiqui,BARB000000000531,UP00573,Imran Dubey,UBIN000000000573,48984,2024-04-10 10:53:00,101,IMPS,hawala_structuring
UP-TXN-01305,UP00322,Rajesh Verma,PUNB000000000322,UP00542,Virendra Kushwaha,SBIN000000000542,45169,2024-03-11 15:35:00,71,IMPS,hawala_structuring
UP-TXN-01306,UP00190,Pappu Rawat,SBIN000000000190,UP00303,Ravindra Chaudhary,BARB000000000303,287367,2024-02-24 13:40:00,55,RTGS,none
UP-TXN-01307,UP00065,Munna Srivastav,PUNB000000000065,UP00571,Abhay Srivastav,SBIN000000000571,421333,2024-05-07 15:35:00,128,RTGS,none
UP-TXN-01308,UP00310,Sanjay Dubey,SBIN000000000310,UP00152,Sonu Rajput,PUNB000000000152,47182,2024-05-02 09:59:00,123,UPI,hawala_structuring
UP-TXN-01309,UP00292,Rakesh Rajput,BARB000000000292,UP00600,Imran Chaudhary,SBIN000000000600,48532,2024-03-19 16:18:00,79,UPI,hawala_structuring
UP-TXN-01310,UP00331,Sanjay Dubey,SBIN000000000331,UP00083,Anil Mishra,SBIN000000000083,45724,2024-04-02 12:15:00,93,IMPS,hawala_structuring
UP-TXN-01311,UP00274,Ajay Singh,HDFC000000000274,UP00096,Chhotu Dubey,HDFC000000000096,393974,2024-05-08 13:17:00,129,RTGS,none
UP-TXN-01312,UP00436,Tariq Verma,SBIN000000000436,UP00009,Chhotu Maurya,HDFC000000000009,48507,2024-05-26 09:38:00,147,NEFT,hawala_structuring
UP-TXN-01313,UP00453,Ravindra Tripathi,PUNB000000000453,UP00199,Rizwan Yadav,PUNB000000000199,180644,2024-01-01 12:57:00,1,IMPS,none
UP-TXN-01314,UP00134,Chhotu Tripathi,SBIN000000000134,UP00111,Deepak Yadav,PUNB000000000111,423458,2024-06-08 12:10:00,160,RTGS,none
UP-TXN-01315,UP00505,Rakesh Siddiqui,UBIN000000000505,UP00141,Mahesh Dubey,UBIN000000000141,293010,2024-04-27 13:12:00,118,RTGS,none
UP-TXN-01316,UP00436,Tariq Verma,SBIN000000000436,UP00568,Brijesh Gautam,BARB000000000568,122082,2024-02-22 11:11:00,53,Bank Transfer,none
UP-TXN-01317,UP00269,Rajesh Tripathi,SBIN000000000269,UP00391,Dhananjay Pandey,BARB000000000391,335741,2024-07-18 09:36:00,200,RTGS,none
UP-TXN-01318,UP00084,Guddu Nishad,UBIN000000000084,UP00241,Guddu Srivastav,SBIN000000000241,49880,2024-01-09 10:43:00,9,NEFT,hawala_structuring
UP-TXN-01319,UP00375,Santosh Jaiswal,BARB000000000375,UP00586,Mahesh Srivastav,PUNB000000000586,239116,2024-08-19 19:18:00,232,RTGS,none
UP-TXN-01320,UP00556,Aslam Pal,UBIN000000000556,UP00189,Anil Jaiswal,UBIN000000000189,45003,2024-03-22 10:21:00,82,UPI,hawala_structuring
UP-TXN-01321,UP00002,Rajesh Tiwari,HDFC000000000002,UP00393,Rajesh Pal,PUNB000000000393,245914,2024-07-23 15:43:00,205,RTGS,none
UP-TXN-01322,UP00069,Pramod Yadav,BARB000000000069,UP00401,Akhilesh Kushwaha,UBIN000000000401,48533,2024-06-04 19:53:00,156,IMPS,hawala_structuring
UP-TXN-01323,UP00128,Atiq Siddiqui,SBIN000000000128,UP00177,Imran Srivastav,BARB000000000177,326122,2024-06-17 10:45:00,169,RTGS,none
UP-TXN-01324,UP00357,Amit Shukla,HDFC000000000357,UP00195,Pramod Siddiqui,PUNB000000000195,48257,2024-07-09 10:37:00,191,IMPS,hawala_structuring
UP-TXN-01325,UP00554,Satish Rawat,SBIN000000000554,UP00340,Akhilesh Tomar,SBIN000000000340,203074,2024-04-04 11:40:00,95,RTGS,none
UP-TXN-01326,UP00491,Anil Rawat,SBIN000000000491,UP00279,Ravindra Chaudhary,PUNB000000000279,46197,2024-01-14 10:35:00,14,IMPS,hawala_structuring
UP-TXN-01327,UP00041,Neeraj Pal,SBIN000000000041,UP00132,Chhotu Singh,SBIN000000000132,354117,2024-07-05 14:12:00,187,RTGS,none
UP-TXN-01328,UP00054,Sonu Chaudhary,SBIN000000000054,UP00099,Alok Tomar,PUNB000000000099,48381,2024-04-10 11:46:00,101,UPI,hawala_structuring
UP-TXN-01329,UP00030,Ramesh Maurya,PUNB000000000030,UP00369,Sonu Gautam,PUNB000000000369,47878,2024-01-03 18:27:00,3,UPI,hawala_structuring
UP-TXN-01330,UP00375,Santosh Jaiswal,BARB000000000375,UP00537,Guddu Srivastav,SBIN000000000537,99125,2024-01-03 19:40:00,3,NEFT,none
UP-TXN-01331,UP00344,Neeraj Kushwaha,HDFC000000000344,UP00043,Bablu Singh,PUNB000000000043,47927,2024-06-29 16:25:00,181,NEFT,hawala_structuring
UP-TXN-01332,UP00497,Munna Rajput,SBIN000000000497,UP00485,Sonu Singh,SBIN000000000485,45787,2024-01-05 11:29:00,5,UPI,hawala_structuring
UP-TXN-01333,UP00587,Mukhtar Yadav,PUNB000000000587,UP00455,Sonu Jaiswal,SBIN000000000455,12641,2024-04-06 10:35:00,97,NEFT,none
UP-TXN-01334,UP00003,Abhay Tripathi,SBIN000000000003,UP00321,Imran Dubey,UBIN000000000321,48273,2024-02-17 09:12:00,48,NEFT,hawala_structuring
UP-TXN-01335,UP00385,Rajesh Kushwaha,SBIN000000000385,UP00081,Manoj Siddiqui,SBIN000000000081,49252,2024-08-07 13:38:00,220,UPI,hawala_structuring
UP-TXN-01336,UP00321,Imran Dubey,UBIN000000000321,UP00018,Pankaj Siddiqui,SBIN000000000018,46023,2024-01-19 13:24:00,19,NEFT,hawala_structuring
UP-TXN-01337,UP00298,Munna Gurjar,SBIN000000000298,UP00553,Pramod Chaudhary,PUNB000000000553,47923,2024-03-10 09:14:00,70,UPI,hawala_structuring
UP-TXN-01338,UP00182,Bablu Pandey,UBIN000000000182,UP00244,Satish Bind,UBIN000000000244,250945,2024-07-20 09:59:00,202,RTGS,none
UP-TXN-01339,UP00314,Chhotu Rajput,UBIN000000000314,UP00479,Manoj Singh,PUNB000000000479,49388,2024-08-14 14:20:00,227,IMPS,hawala_structuring
UP-TXN-01340,UP00219,Abhay Shukla,BARB000000000219,UP00541,Sonu Tiwari,UBIN000000000541,303165,2024-03-31 15:11:00,91,RTGS,none
UP-TXN-01341,UP00102,Deepak Gautam,SBIN000000000102,UP00147,Suresh Pal,PUNB000000000147,98949,2024-05-18 19:42:00,139,NEFT,none
UP-TXN-01342,UP00382,Atiq Nagar,PUNB000000000382,UP00547,Aslam Dubey,PUNB000000000547,422821,2024-03-24 17:17:00,84,RTGS,none
UP-TXN-01343,UP00398,Manoj Nishad,PUNB000000000398,UP00092,Vikram Rawat,SBIN000000000092,45903,2024-01-11 10:20:00,11,IMPS,hawala_structuring
UP-TXN-01344,UP00547,Aslam Dubey,PUNB000000000547,UP00316,Satish Pal,BARB000000000316,12042,2024-08-01 14:59:00,214,NEFT,none
UP-TXN-01345,UP00543,Mahesh Jaiswal,BARB000000000543,UP00596,Neeraj Shukla,PUNB000000000596,47213,2024-05-04 10:13:00,125,UPI,hawala_structuring
UP-TXN-01346,UP00206,Pramod Yadav,BARB000000000206,UP00164,Akhilesh Yadav,HDFC000000000164,45073,2024-03-04 14:25:00,64,UPI,hawala_structuring
UP-TXN-01347,UP00247,Vikram Khan,SBIN000000000247,UP00270,Bablu Ansari,SBIN000000000270,45939,2024-08-04 16:01:00,217,NEFT,hawala_structuring
UP-TXN-01348,UP00248,Manoj Gupta,SBIN000000000248,UP00091,Rakesh Pal,SBIN000000000091,197392,2024-04-25 15:58:00,116,NEFT,none
UP-TXN-01349,UP00355,Santosh Chauhan,PUNB000000000355,UP00484,Dhananjay Nishad,PUNB000000000484,426487,2024-03-31 10:34:00,91,RTGS,none
UP-TXN-01350,UP00179,Pramod Gurjar,PUNB000000000179,UP00426,Rakesh Khan,PUNB000000000426,49884,2024-02-21 18:53:00,52,IMPS,hawala_structuring
UP-TXN-01351,UP00519,Deepak Gautam,PUNB000000000519,UP00412,Atiq Qureshi,SBIN000000000412,144674,2024-04-09 19:30:00,100,Bank Transfer,none
UP-TXN-01352,UP00204,Atiq Tomar,SBIN000000000204,UP00308,Imran Jaiswal,UBIN000000000308,45289,2024-01-25 19:50:00,25,IMPS,hawala_structuring
UP-TXN-01353,UP00128,Atiq Siddiqui,SBIN000000000128,UP00168,Ravindra Srivastav,PUNB000000000168,361924,2024-03-07 10:51:00,67,RTGS,none
UP-TXN-01354,UP00597,Anil Ansari,SBIN000000000597,UP00247,Vikram Khan,SBIN000000000247,47928,2024-07-11 09:38:00,193,UPI,hawala_structuring
UP-TXN-01355,UP00563,Guddu Chauhan,SBIN000000000563,UP00149,Neeraj Khan,UBIN000000000149,262712,2024-05-23 11:38:00,144,RTGS,none
UP-TXN-01356,UP00003,Abhay Tripathi,SBIN000000000003,UP00588,Mukhtar Kushwaha,SBIN000000000588,189815,2024-02-27 14:44:00,58,IMPS,none
UP-TXN-01357,UP00221,Deepak Kushwaha,SBIN000000000221,UP00019,Tariq Gautam,PUNB000000000019,253024,2024-04-18 18:22:00,109,RTGS,none
UP-TXN-01358,UP00140,Chhotu Gupta,SBIN000000000140,UP00406,Satish Shukla,PUNB000000000406,48166,2024-08-14 18:28:00,227,UPI,hawala_structuring
UP-TXN-01359,UP00186,Sunil Rajput,SBIN000000000186,UP00229,Satish Verma,PUNB000000000229,347018,2024-01-24 19:31:00,24,RTGS,none
UP-TXN-01360,UP00321,Imran Dubey,UBIN000000000321,UP00553,Pramod Chaudhary,PUNB000000000553,140757,2024-07-30 11:39:00,212,Bank Transfer,none
UP-TXN-01361,UP00441,Bablu Pandey,UBIN000000000441,UP00054,Sonu Chaudhary,SBIN000000000054,209471,2024-03-30 14:55:00,90,RTGS,none
UP-TXN-01362,UP00209,Satish Pal,HDFC000000000209,UP00109,Satish Ansari,UBIN000000000109,297741,2024-03-08 10:28:00,68,RTGS,none
UP-TXN-01363,UP00229,Satish Verma,PUNB000000000229,UP00033,Aslam Tomar,PUNB000000000033,367274,2024-03-27 09:14:00,87,RTGS,none
UP-TXN-01364,UP00273,Deepak Pandey,SBIN000000000273,UP00169,Atiq Qureshi,BARB000000000169,49255,2024-05-01 15:06:00,122,NEFT,hawala_structuring
UP-TXN-01365,UP00367,Abhay Srivastav,HDFC000000000367,UP00471,Imran Gupta,SBIN000000000471,47236,2024-01-16 13:31:00,16,IMPS,hawala_structuring
UP-TXN-01366,UP00118,Tariq Qureshi,SBIN000000000118,UP00082,Ramesh Pandey,SBIN000000000082,249074,2024-02-25 16:22:00,56,RTGS,none
UP-TXN-01367,UP00054,Sonu Chaudhary,SBIN000000000054,UP00586,Mahesh Srivastav,PUNB000000000586,7238,2024-01-27 09:28:00,27,Bank Transfer,none
UP-TXN-01368,UP00209,Satish Pal,HDFC000000000209,UP00057,Akhilesh Chauhan,SBIN000000000057,118956,2024-04-04 11:55:00,95,NEFT,none
UP-TXN-01369,UP00558,Sunil Chauhan,PUNB000000000558,UP00468,Mukhtar Verma,BARB000000000468,248782,2024-05-10 12:26:00,131,RTGS,none
UP-TXN-01370,UP00073,Akhilesh Khan,PUNB000000000073,UP00345,Vikram Dubey,SBIN000000000345,45885,2024-02-04 09:26:00,35,NEFT,hawala_structuring
UP-TXN-01371,UP00395,Ramesh Pal,SBIN000000000395,UP00594,Alok Gurjar,PUNB000000000594,46489,2024-02-04 13:50:00,35,UPI,hawala_structuring
UP-TXN-01372,UP00491,Anil Rawat,SBIN000000000491,UP00268,Abhay Bind,PUNB000000000268,388383,2024-06-09 10:47:00,161,RTGS,none
UP-TXN-01373,UP00081,Manoj Siddiqui,SBIN000000000081,UP00496,Ravindra Yadav,HDFC000000000496,24586,2024-05-15 13:36:00,136,IMPS,none
UP-TXN-01374,UP00048,Imran Maurya,PUNB000000000048,UP00035,Rizwan Nagar,SBIN000000000035,46028,2024-02-14 19:01:00,45,UPI,hawala_structuring
UP-TXN-01375,UP00382,Atiq Nagar,PUNB000000000382,UP00567,Tariq Pandey,SBIN000000000567,48816,2024-05-17 14:11:00,138,NEFT,hawala_structuring
UP-TXN-01376,UP00355,Santosh Chauhan,PUNB000000000355,UP00445,Manoj Chauhan,PUNB000000000445,155180,2024-02-26 11:44:00,57,NEFT,none
UP-TXN-01377,UP00123,Manoj Rajput,BARB000000000123,UP00555,Anil Srivastav,UBIN000000000555,47358,2024-05-04 10:07:00,125,IMPS,hawala_structuring
UP-TXN-01378,UP00006,Rizwan Chaudhary,BARB000000000006,UP00512,Dhananjay Srivastav,UBIN000000000512,280359,2024-05-06 17:05:00,127,RTGS,none
UP-TXN-01379,UP00521,Rizwan Kushwaha,UBIN000000000521,UP00220,Vikram Shukla,UBIN000000000220,340941,2024-06-25 18:05:00,177,RTGS,none
UP-TXN-01380,UP00491,Anil Rawat,SBIN000000000491,UP00561,Rizwan Verma,HDFC000000000561,49836,2024-02-08 16:08:00,39,NEFT,hawala_structuring
UP-TXN-01381,UP00036,Amit Kushwaha,SBIN000000000036,UP00279,Ravindra Chaudhary,PUNB000000000279,291271,2024-02-08 11:45:00,39,RTGS,none
UP-TXN-01382,UP00225,Abhay Tripathi,BARB000000000225,UP00298,Munna Gurjar,SBIN000000000298,417032,2024-04-13 14:32:00,104,RTGS,none
UP-TXN-01383,UP00538,Suresh Pal,BARB000000000538,UP00371,Rizwan Pandey,SBIN000000000371,48035,2024-03-06 12:09:00,66,UPI,hawala_structuring
UP-TXN-01384,UP00545,Ravindra Qureshi,HDFC000000000545,UP00597,Anil Ansari,SBIN000000000597,45635,2024-04-19 17:10:00,110,NEFT,hawala_structuring
UP-TXN-01385,UP00271,Atiq Yadav,BARB000000000271,UP00397,Dhananjay Nagar,BARB000000000397,45751,2024-07-25 09:56:00,207,UPI,hawala_structuring
UP-TXN-01386,UP00522,Pankaj Srivastav,UBIN000000000522,UP00531,Atiq Siddiqui,BARB000000000531,347011,2024-07-17 15:58:00,199,RTGS,none
UP-TXN-01387,UP00161,Rajesh Nagar,SBIN000000000161,UP00314,Chhotu Rajput,UBIN000000000314,139680,2024-01-29 19:00:00,29,NEFT,none
UP-TXN-01388,UP00040,Rizwan Mishra,UBIN000000000040,UP00131,Tariq Nishad,PUNB000000000131,361434,2024-03-15 15:06:00,75,RTGS,none
UP-TXN-01389,UP00457,Dharmendra Gupta,UBIN000000000457,UP00454,Tariq Shukla,BARB000000000454,7128,2024-01-09 10:15:00,9,IMPS,none
UP-TXN-01390,UP00075,Anil Chauhan,PUNB000000000075,UP00001,Rajesh Rajput,BARB000000000001,407461,2024-01-11 14:03:00,11,RTGS,none
UP-TXN-01391,UP00182,Bablu Pandey,UBIN000000000182,UP00439,Tariq Maurya,SBIN000000000439,417788,2024-01-18 19:13:00,18,RTGS,none
UP-TXN-01392,UP00140,Chhotu Gupta,SBIN000000000140,UP00460,Brijesh Nagar,UBIN000000000460,48159,2024-02-10 19:04:00,41,IMPS,hawala_structuring
UP-TXN-01393,UP00547,Aslam Dubey,PUNB000000000547,UP00265,Santosh Yadav,SBIN000000000265,49459,2024-04-01 16:56:00,92,IMPS,hawala_structuring
UP-TXN-01394,UP00248,Manoj Gupta,SBIN000000000248,UP00186,Sunil Rajput,SBIN000000000186,247824,2024-06-27 18:02:00,179,RTGS,none
UP-TXN-01395,UP00452,Imran Nagar,PUNB000000000452,UP00486,Deepak Rawat,BARB000000000486,72338,2024-05-14 10:24:00,135,NEFT,none
UP-TXN-01396,UP00222,Babloo Siddiqui,UBIN000000000222,UP00405,Sonu Gautam,UBIN000000000405,49252,2024-07-21 15:21:00,203,IMPS,hawala_structuring
UP-TXN-01397,UP00012,Akhilesh Nagar,SBIN000000000012,UP00464,Dhananjay Ansari,BARB000000000464,261580,2024-04-25 11:05:00,116,RTGS,none
UP-TXN-01398,UP00295,Neeraj Bind,SBIN000000000295,UP00406,Satish Shukla,PUNB000000000406,48928,2024-05-27 14:27:00,148,UPI,hawala_structuring
UP-TXN-01399,UP00594,Alok Gurjar,PUNB000000000594,UP00542,Virendra Kushwaha,SBIN000000000542,127256,2024-03-14 17:12:00,74,IMPS,none
UP-TXN-01400,UP00174,Ramesh Kushwaha,SBIN000000000174,UP00420,Munna Yadav,SBIN000000000420,54427,2024-04-23 10:58:00,114,NEFT,none
UP-TXN-01401,UP00001,Rajesh Rajput,BARB000000000001,UP00490,Mukhtar Mishra,PUNB000000000490,6352,2024-07-30 16:12:00,212,IMPS,none
UP-TXN-01402,UP00229,Satish Verma,PUNB000000000229,UP00586,Mahesh Srivastav,PUNB000000000586,45249,2024-04-15 13:27:00,106,NEFT,hawala_structuring
UP-TXN-01403,UP00327,Guddu Tomar,BARB000000000327,UP00457,Dharmendra Gupta,UBIN000000000457,45682,2024-02-14 10:35:00,45,UPI,hawala_structuring
UP-TXN-01404,UP00194,Santosh Jaiswal,SBIN000000000194,UP00071,Babloo Chauhan,UBIN000000000071,366010,2024-08-10 12:10:00,223,RTGS,none
UP-TXN-01405,UP00367,Abhay Srivastav,HDFC000000000367,UP00317,Satish Tiwari,SBIN000000000317,6509,2024-01-15 15:31:00,15,Bank Transfer,none
UP-TXN-01406,UP00119,Alok Gupta,BARB000000000119,UP00599,Sanjay Gupta,PUNB000000000599,48161,2024-07-09 14:33:00,191,IMPS,hawala_structuring
UP-TXN-01407,UP00105,Rizwan Tiwari,SBIN000000000105,UP00165,Mukhtar Nagar,SBIN000000000165,351730,2024-02-18 14:53:00,49,RTGS,none
UP-TXN-01408,UP00139,Manoj Bind,HDFC000000000139,UP00544,Deepak Verma,PUNB000000000544,49574,2024-03-21 11:17:00,81,IMPS,hawala_structuring
UP-TXN-01409,UP00261,Rajesh Verma,UBIN000000000261,UP00008,Gufran Tripathi,BARB000000000008,156772,2024-08-22 11:42:00,235,IMPS,none
UP-TXN-01410,UP00020,Santosh Gurjar,BARB000000000020,UP00009,Chhotu Maurya,HDFC000000000009,333458,2024-03-03 10:05:00,63,RTGS,none
UP-TXN-01411,UP00526,Rajesh Nishad,SBIN000000000526,UP00203,Tariq Siddiqui,SBIN000000000203,386286,2024-03-24 13:38:00,84,RTGS,none
UP-TXN-01412,UP00580,Sunil Bind,SBIN000000000580,UP00474,Neeraj Pal,BARB000000000474,46864,2024-04-04 16:33:00,95,UPI,hawala_structuring
UP-TXN-01413,UP00292,Rakesh Rajput,BARB000000000292,UP00340,Akhilesh Tomar,SBIN000000000340,405549,2024-05-30 12:23:00,151,RTGS,none
UP-TXN-01414,UP00091,Rakesh Pal,SBIN000000000091,UP00577,Pappu Pandey,SBIN000000000577,256386,2024-02-05 19:55:00,36,RTGS,none
UP-TXN-01415,UP00355,Santosh Chauhan,PUNB000000000355,UP00004,Imran Nishad,UBIN000000000004,47003,2024-02-25 14:24:00,56,NEFT,hawala_structuring
UP-TXN-01416,UP00525,Abhay Verma,BARB000000000525,UP00300,Aslam Dubey,UBIN000000000300,45624,2024-08-13 09:26:00,226,NEFT,hawala_structuring
UP-TXN-01417,UP00291,Rakesh Rawat,UBIN000000000291,UP00424,Atiq Bind,HDFC000000000424,425669,2024-03-05 15:18:00,65,RTGS,none
UP-TXN-01418,UP00340,Akhilesh Tomar,SBIN000000000340,UP00228,Manoj Verma,HDFC000000000228,373577,2024-05-15 14:48:00,136,RTGS,none
UP-TXN-01419,UP00509,Manoj Shukla,SBIN000000000509,UP00094,Dharmendra Shukla,BARB000000000094,169263,2024-07-14 12:34:00,196,NEFT,none
UP-TXN-01420,UP00390,Guddu Siddiqui,SBIN000000000390,UP00334,Sonu Mishra,UBIN000000000334,46579,2024-02-27 17:39:00,58,IMPS,hawala_structuring
UP-TXN-01421,UP00400,Abhay Nagar,PUNB000000000400,UP00002,Rajesh Tiwari,HDFC000000000002,335484,2024-02-04 14:36:00,35,RTGS,none
UP-TXN-01422,UP00248,Manoj Gupta,SBIN000000000248,UP00380,Brijesh Gurjar,PUNB000000000380,338226,2024-02-13 10:02:00,44,RTGS,none
UP-TXN-01423,UP00188,Pankaj Yadav,PUNB000000000188,UP00348,Rakesh Pal,PUNB000000000348,112652,2024-03-30 11:05:00,90,IMPS,none
UP-TXN-01424,UP00159,Santosh Pandey,BARB000000000159,UP00537,Guddu Srivastav,SBIN000000000537,48191,2024-06-27 15:36:00,179,IMPS,hawala_structuring
UP-TXN-01425,UP00181,Sanjay Yadav,UBIN000000000181,UP00057,Akhilesh Chauhan,SBIN000000000057,356208,2024-06-19 16:25:00,171,RTGS,none
UP-TXN-01426,UP00262,Tariq Tiwari,PUNB000000000262,UP00505,Rakesh Siddiqui,UBIN000000000505,47371,2024-08-23 16:27:00,236,IMPS,hawala_structuring
UP-TXN-01427,UP00334,Sonu Mishra,UBIN000000000334,UP00430,Satish Gurjar,SBIN000000000430,19694,2024-03-21 15:00:00,81,Bank Transfer,none
UP-TXN-01428,UP00346,Tariq Verma,PUNB000000000346,UP00080,Ramesh Verma,SBIN000000000080,334037,2024-07-10 15:59:00,192,RTGS,none
UP-TXN-01429,UP00577,Pappu Pandey,SBIN000000000577,UP00251,Santosh Rajput,SBIN000000000251,102307,2024-06-13 15:47:00,165,Bank Transfer,none
UP-TXN-01430,UP00211,Satish Shukla,SBIN000000000211,UP00141,Mahesh Dubey,UBIN000000000141,45450,2024-01-19 16:00:00,19,UPI,hawala_structuring
UP-TXN-01431,UP00352,Chhotu Tomar,UBIN000000000352,UP00097,Atiq Pandey,HDFC000000000097,209475,2024-01-06 15:25:00,6,RTGS,none
UP-TXN-01432,UP00385,Rajesh Kushwaha,SBIN000000000385,UP00164,Akhilesh Yadav,HDFC000000000164,46829,2024-08-09 13:44:00,222,IMPS,hawala_structuring
UP-TXN-01433,UP00122,Neeraj Gurjar,SBIN000000000122,UP00493,Imran Tomar,PUNB000000000493,47101,2024-01-31 09:57:00,31,UPI,hawala_structuring
UP-TXN-01434,UP00511,Munna Jaiswal,UBIN000000000511,UP00034,Satish Jaiswal,BARB000000000034,47170,2024-01-05 09:33:00,5,IMPS,hawala_structuring
UP-TXN-01435,UP00164,Akhilesh Yadav,HDFC000000000164,UP00578,Santosh Yadav,SBIN000000000578,43071,2024-04-05 10:50:00,96,Bank Transfer,none
UP-TXN-01436,UP00328,Atiq Chauhan,PUNB000000000328,UP00181,Sanjay Yadav,UBIN000000000181,21626,2024-01-15 12:58:00,15,NEFT,none
UP-TXN-01437,UP00234,Virendra Nagar,PUNB000000000234,UP00212,Akhilesh Nagar,HDFC000000000212,443555,2024-03-21 17:18:00,81,RTGS,none
UP-TXN-01438,UP00102,Deepak Gautam,SBIN000000000102,UP00257,Abhay Dubey,SBIN000000000257,80860,2024-07-02 18:22:00,184,Bank Transfer,none
UP-TXN-01439,UP00186,Sunil Rajput,SBIN000000000186,UP00358,Akhilesh Nagar,UBIN000000000358,144731,2024-07-18 13:30:00,200,IMPS,none
UP-TXN-01440,UP00550,Babloo Maurya,PUNB000000000550,UP00267,Aslam Rawat,SBIN000000000267,441160,2024-04-10 11:47:00,101,RTGS,none
UP-TXN-01441,UP00301,Mukhtar Siddiqui,PUNB000000000301,UP00225,Abhay Tripathi,BARB000000000225,49919,2024-03-16 11:25:00,76,NEFT,hawala_structuring
UP-TXN-01442,UP00389,Atiq Yadav,PUNB000000000389,UP00176,Amit Tiwari,UBIN000000000176,395749,2024-04-24 10:15:00,115,RTGS,none
UP-TXN-01443,UP00100,Rakesh Srivastav,HDFC000000000100,UP00149,Neeraj Khan,UBIN000000000149,45570,2024-02-29 15:10:00,60,NEFT,hawala_structuring
UP-TXN-01444,UP00416,Satish Jaiswal,SBIN000000000416,UP00378,Abhay Rawat,SBIN000000000378,49018,2024-08-02 09:41:00,215,IMPS,hawala_structuring
UP-TXN-01445,UP00282,Tariq Dubey,SBIN000000000282,UP00050,Akhilesh Rawat,UBIN000000000050,422869,2024-06-16 13:55:00,168,RTGS,none
UP-TXN-01446,UP00386,Guddu Pal,UBIN000000000386,UP00064,Alok Nagar,SBIN000000000064,45245,2024-06-19 18:00:00,171,IMPS,hawala_structuring
UP-TXN-01447,UP00325,Guddu Siddiqui,PUNB000000000325,UP00282,Tariq Dubey,SBIN000000000282,191582,2024-06-15 11:22:00,167,IMPS,none
UP-TXN-01448,UP00391,Dhananjay Pandey,BARB000000000391,UP00506,Ravindra Shukla,SBIN000000000506,420460,2024-01-11 11:37:00,11,RTGS,none
UP-TXN-01449,UP00021,Mahesh Qureshi,UBIN000000000021,UP00206,Pramod Yadav,BARB000000000206,372178,2024-04-09 17:12:00,100,RTGS,none
UP-TXN-01450,UP00053,Rajesh Chauhan,PUNB000000000053,UP00456,Rajesh Srivastav,BARB000000000456,261528,2024-04-02 10:06:00,93,RTGS,none
UP-TXN-01451,UP00278,Babloo Gautam,SBIN000000000278,UP00058,Suresh Jaiswal,UBIN000000000058,43379,2024-08-02 19:38:00,215,Bank Transfer,none
UP-TXN-01452,UP00257,Abhay Dubey,SBIN000000000257,UP00388,Mahesh Tripathi,PUNB000000000388,268300,2024-07-02 19:12:00,184,RTGS,none
UP-TXN-01453,UP00496,Ravindra Yadav,HDFC000000000496,UP00108,Deepak Pandey,UBIN000000000108,154618,2024-01-09 17:23:00,9,IMPS,none
UP-TXN-01454,UP00397,Dhananjay Nagar,BARB000000000397,UP00471,Imran Gupta,SBIN000000000471,58638,2024-06-29 09:00:00,181,IMPS,none
UP-TXN-01455,UP00182,Bablu Pandey,UBIN000000000182,UP00320,Ramesh Nagar,SBIN000000000320,65477,2024-02-08 19:41:00,39,IMPS,none
UP-TXN-01456,UP00168,Ravindra Srivastav,PUNB000000000168,UP00450,Neeraj Nagar,UBIN000000000450,148809,2024-01-12 13:19:00,12,IMPS,none
UP-TXN-01457,UP00484,Dhananjay Nishad,PUNB000000000484,UP00007,Gufran Siddiqui,PUNB000000000007,160362,2024-01-11 16:51:00,11,IMPS,none
UP-TXN-01458,UP00476,Sonu Siddiqui,BARB000000000476,UP00582,Imran Kushwaha,HDFC000000000582,52094,2024-01-20 15:46:00,20,IMPS,none
UP-TXN-01459,UP00594,Alok Gurjar,PUNB000000000594,UP00076,Mahesh Mishra,PUNB000000000076,278109,2024-01-09 10:53:00,9,RTGS,none
UP-TXN-01460,UP00384,Dharmendra Singh,HDFC000000000384,UP00493,Imran Tomar,PUNB000000000493,47434,2024-01-31 13:53:00,31,IMPS,hawala_structuring
UP-TXN-01461,UP00013,Satish Siddiqui,SBIN000000000013,UP00282,Tariq Dubey,SBIN000000000282,47400,2024-06-16 13:59:00,168,UPI,hawala_structuring
UP-TXN-01462,UP00418,Ajay Maurya,PUNB000000000418,UP00132,Chhotu Singh,SBIN000000000132,268192,2024-03-15 12:19:00,75,RTGS,none
UP-TXN-01463,UP00257,Abhay Dubey,SBIN000000000257,UP00153,Sunil Shukla,HDFC000000000153,48316,2024-02-13 18:15:00,44,IMPS,hawala_structuring
UP-TXN-01464,UP00523,Imran Shukla,SBIN000000000523,UP00029,Ramesh Gautam,PUNB000000000029,49664,2024-01-27 19:28:00,27,NEFT,hawala_structuring
UP-TXN-01465,UP00332,Pankaj Qureshi,PUNB000000000332,UP00565,Ravindra Tomar,PUNB000000000565,130681,2024-08-24 15:32:00,237,NEFT,none
UP-TXN-01466,UP00569,Neeraj Qureshi,HDFC000000000569,UP00596,Neeraj Shukla,PUNB000000000596,49098,2024-01-26 11:47:00,26,UPI,hawala_structuring
UP-TXN-01467,UP00173,Sonu Dubey,PUNB000000000173,UP00528,Rakesh Rawat,HDFC000000000528,45897,2024-02-24 17:03:00,55,NEFT,hawala_structuring
UP-TXN-01468,UP00414,Suresh Shukla,SBIN000000000414,UP00400,Abhay Nagar,PUNB000000000400,49328,2024-01-22 10:40:00,22,IMPS,hawala_structuring
UP-TXN-01469,UP00400,Abhay Nagar,PUNB000000000400,UP00399,Mukhtar Kushwaha,PUNB000000000399,46119,2024-03-25 11:18:00,85,UPI,hawala_structuring
UP-TXN-01470,UP00270,Bablu Ansari,SBIN000000000270,UP00331,Sanjay Dubey,SBIN000000000331,245636,2024-07-16 17:26:00,198,RTGS,none
UP-TXN-01471,UP00094,Dharmendra Shukla,BARB000000000094,UP00274,Ajay Singh,HDFC000000000274,114346,2024-01-08 13:39:00,8,IMPS,none
UP-TXN-01472,UP00323,Rajesh Siddiqui,PUNB000000000323,UP00439,Tariq Maurya,SBIN000000000439,49319,2024-05-22 17:43:00,143,IMPS,hawala_structuring
UP-TXN-01473,UP00362,Neeraj Gautam,PUNB000000000362,UP00396,Munna Gurjar,BARB000000000396,46621,2024-03-12 16:14:00,72,IMPS,hawala_structuring
UP-TXN-01474,UP00295,Neeraj Bind,SBIN000000000295,UP00098,Sonu Qureshi,UBIN000000000098,253282,2024-02-05 10:29:00,36,RTGS,none
UP-TXN-01475,UP00178,Rizwan Siddiqui,PUNB000000000178,UP00020,Santosh Gurjar,BARB000000000020,364057,2024-05-21 13:34:00,142,RTGS,none
UP-TXN-01476,UP00011,Chhotu Gupta,PUNB000000000011,UP00042,Brijesh Tripathi,SBIN000000000042,338931,2024-01-28 18:22:00,28,RTGS,none
UP-TXN-01477,UP00475,Pramod Gupta,UBIN000000000475,UP00157,Imran Singh,PUNB000000000157,116684,2024-05-30 15:08:00,151,NEFT,none
UP-TXN-01478,UP00424,Atiq Bind,HDFC000000000424,UP00188,Pankaj Yadav,PUNB000000000188,49025,2024-04-15 17:04:00,106,IMPS,hawala_structuring
UP-TXN-01479,UP00329,Amit Kushwaha,PUNB000000000329,UP00420,Munna Yadav,SBIN000000000420,416533,2024-04-15 15:05:00,106,RTGS,none
UP-TXN-01480,UP00077,Suresh Khan,PUNB000000000077,UP00323,Rajesh Siddiqui,PUNB000000000323,127868,2024-02-27 18:32:00,58,NEFT,none
UP-TXN-01481,UP00539,Akhilesh Pandey,PUNB000000000539,UP00590,Atiq Jaiswal,BARB000000000590,152750,2024-03-13 15:10:00,73,Bank Transfer,none
UP-TXN-01482,UP00226,Ramesh Rawat,SBIN000000000226,UP00488,Suresh Pandey,SBIN000000000488,55397,2024-01-30 10:46:00,30,IMPS,none
UP-TXN-01483,UP00305,Abhay Tyagi,UBIN000000000305,UP00072,Chhotu Nagar,SBIN000000000072,45288,2024-08-23 19:32:00,236,IMPS,hawala_structuring
UP-TXN-01484,UP00394,Manoj Siddiqui,SBIN000000000394,UP00191,Suresh Pal,SBIN000000000191,45471,2024-06-25 18:59:00,177,IMPS,hawala_structuring
UP-TXN-01485,UP00235,Imran Srivastav,UBIN000000000235,UP00010,Babloo Tiwari,PUNB000000000010,46933,2024-03-23 16:13:00,83,UPI,hawala_structuring
UP-TXN-01486,UP00119,Alok Gupta,BARB000000000119,UP00404,Imran Srivastav,SBIN000000000404,49504,2024-06-08 14:11:00,160,IMPS,hawala_structuring
UP-TXN-01487,UP00143,Vikram Pal,PUNB000000000143,UP00410,Amit Maurya,BARB000000000410,48196,2024-04-27 18:04:00,118,IMPS,hawala_structuring
UP-TXN-01488,UP00450,Neeraj Nagar,UBIN000000000450,UP00540,Ramesh Khan,PUNB000000000540,315211,2024-06-02 11:05:00,154,RTGS,none
UP-TXN-01489,UP00209,Satish Pal,HDFC000000000209,UP00160,Deepak Gautam,SBIN000000000160,48827,2024-06-29 12:23:00,181,UPI,hawala_structuring
UP-TXN-01490,UP00537,Guddu Srivastav,SBIN000000000537,UP00463,Suresh Tripathi,UBIN000000000463,47420,2024-06-28 14:12:00,180,UPI,hawala_structuring
UP-TXN-01491,UP00303,Ravindra Chaudhary,BARB000000000303,UP00055,Pappu Pandey,SBIN000000000055,175157,2024-02-29 15:27:00,60,IMPS,none
UP-TXN-01492,UP00187,Rakesh Mishra,UBIN000000000187,UP00034,Satish Jaiswal,BARB000000000034,46461,2024-01-22 10:06:00,22,IMPS,hawala_structuring
UP-TXN-01493,UP00066,Sanjay Nishad,BARB000000000066,UP00427,Mahesh Mishra,PUNB000000000427,201266,2024-02-20 13:53:00,51,RTGS,none
UP-TXN-01494,UP00572,Rakesh Ansari,UBIN000000000572,UP00547,Aslam Dubey,PUNB000000000547,46245,2024-08-20 18:14:00,233,NEFT,hawala_structuring
UP-TXN-01495,UP00547,Aslam Dubey,PUNB000000000547,UP00097,Atiq Pandey,HDFC000000000097,45932,2024-04-09 11:23:00,100,NEFT,hawala_structuring
UP-TXN-01496,UP00349,Dharmendra Ansari,SBIN000000000349,UP00560,Guddu Verma,UBIN000000000560,46710,2024-04-28 12:07:00,119,IMPS,hawala_structuring
UP-TXN-01497,UP00432,Manoj Qureshi,BARB000000000432,UP00059,Aslam Chauhan,BARB000000000059,48656,2024-01-16 15:41:00,16,UPI,hawala_structuring
UP-TXN-01498,UP00423,Pramod Kushwaha,SBIN000000000423,UP00273,Deepak Pandey,SBIN000000000273,47353,2024-06-22 18:37:00,174,IMPS,hawala_structuring
UP-TXN-01499,UP00475,Pramod Gupta,UBIN000000000475,UP00348,Rakesh Pal,PUNB000000000348,45841,2024-01-19 15:39:00,19,UPI,hawala_structuring
UP-TXN-01500,UP00485,Sonu Singh,SBIN000000000485,UP00507,Amit Singh,PUNB000000000507,47468,2024-03-17 15:03:00,77,NEFT,hawala_structuring
UP-TXN-01501,UP00033,Aslam Tomar,PUNB000000000033,UP00235,Imran Srivastav,UBIN000000000235,46220,2024-07-30 10:01:00,212,NEFT,hawala_structuring
UP-TXN-01502,UP00329,Amit Kushwaha,PUNB000000000329,UP00432,Manoj Qureshi,BARB000000000432,47316,2024-02-01 09:55:00,32,UPI,hawala_structuring
UP-TXN-01503,UP00161,Rajesh Nagar,SBIN000000000161,UP00506,Ravindra Shukla,SBIN000000000506,291560,2024-08-11 19:06:00,224,RTGS,none
UP-TXN-01504,UP00320,Ramesh Nagar,SBIN000000000320,UP00556,Aslam Pal,UBIN000000000556,45734,2024-01-14 09:07:00,14,UPI,hawala_structuring
UP-TXN-01505,UP00042,Brijesh Tripathi,SBIN000000000042,UP00065,Munna Srivastav,PUNB000000000065,356774,2024-03-14 13:24:00,74,RTGS,none
UP-TXN-01506,UP00600,Imran Chaudhary,SBIN000000000600,UP00045,Tariq Tiwari,UBIN000000000045,69875,2024-03-22 12:44:00,82,Bank Transfer,none
UP-TXN-01507,UP00425,Brijesh Tomar,HDFC000000000425,UP00052,Amit Yadav,UBIN000000000052,47385,2024-05-05 12:04:00,126,IMPS,hawala_structuring
UP-TXN-01508,UP00364,Akhilesh Gautam,SBIN000000000364,UP00156,Imran Verma,BARB000000000156,272643,2024-08-21 17:38:00,234,RTGS,none
UP-TXN-01509,UP00073,Akhilesh Khan,PUNB000000000073,UP00260,Munna Rajput,SBIN000000000260,49379,2024-07-01 19:19:00,183,IMPS,hawala_structuring
UP-TXN-01510,UP00557,Neeraj Pandey,UBIN000000000557,UP00040,Rizwan Mishra,UBIN000000000040,48551,2024-04-13 13:29:00,104,IMPS,hawala_structuring
UP-TXN-01511,UP00065,Munna Srivastav,PUNB000000000065,UP00258,Suresh Pal,UBIN000000000258,46351,2024-02-25 19:41:00,56,IMPS,hawala_structuring
UP-TXN-01512,UP00148,Pappu Gupta,PUNB000000000148,UP00218,Dharmendra Gupta,UBIN000000000218,26387,2024-02-12 11:00:00,43,Bank Transfer,none
UP-TXN-01513,UP00160,Deepak Gautam,SBIN000000000160,UP00324,Abhay Gupta,SBIN000000000324,321095,2024-07-17 10:31:00,199,RTGS,none
UP-TXN-01514,UP00205,Anil Dubey,BARB000000000205,UP00131,Tariq Nishad,PUNB000000000131,98426,2024-07-22 19:46:00,204,Bank Transfer,none
UP-TXN-01515,UP00280,Pappu Gupta,HDFC000000000280,UP00482,Munna Singh,SBIN000000000482,196093,2024-07-16 13:20:00,198,Bank Transfer,none
UP-TXN-01516,UP00023,Sanjay Jaiswal,PUNB000000000023,UP00049,Virendra Tyagi,HDFC000000000049,48841,2024-08-27 18:50:00,240,UPI,hawala_structuring
UP-TXN-01517,UP00342,Pramod Yadav,BARB000000000342,UP00288,Bablu Qureshi,HDFC000000000288,215399,2024-08-20 13:55:00,233,RTGS,none
UP-TXN-01518,UP00392,Brijesh Tyagi,SBIN000000000392,UP00081,Manoj Siddiqui,SBIN000000000081,46666,2024-08-02 16:02:00,215,NEFT,hawala_structuring
UP-TXN-01519,UP00591,Anil Ansari,HDFC000000000591,UP00371,Rizwan Pandey,SBIN000000000371,36644,2024-05-26 13:15:00,147,IMPS,none
UP-TXN-01520,UP00196,Gufran Jaiswal,BARB000000000196,UP00015,Amit Tyagi,SBIN000000000015,388720,2024-04-04 11:56:00,95,RTGS,none
UP-TXN-01521,UP00025,Dhananjay Pal,SBIN000000000025,UP00255,Gufran Tomar,SBIN000000000255,45087,2024-02-26 17:52:00,57,IMPS,hawala_structuring
UP-TXN-01522,UP00387,Ravindra Rajput,PUNB000000000387,UP00243,Dharmendra Chaudhary,UBIN000000000243,46883,2024-07-22 10:37:00,204,UPI,hawala_structuring
UP-TXN-01523,UP00568,Brijesh Gautam,BARB000000000568,UP00187,Rakesh Mishra,UBIN000000000187,127419,2024-05-16 09:51:00,137,NEFT,none
UP-TXN-01524,UP00417,Amit Verma,SBIN000000000417,UP00123,Manoj Rajput,BARB000000000123,45238,2024-04-20 13:14:00,111,NEFT,hawala_structuring
UP-TXN-01525,UP00124,Chhotu Chaudhary,PUNB000000000124,UP00197,Rajesh Nagar,PUNB000000000197,400165,2024-05-30 13:00:00,151,RTGS,none
UP-TXN-01526,UP00350,Aslam Pandey,BARB000000000350,UP00465,Abhay Nagar,SBIN000000000465,317464,2024-02-11 09:47:00,42,RTGS,none
UP-TXN-01527,UP00367,Abhay Srivastav,HDFC000000000367,UP00243,Dharmendra Chaudhary,UBIN000000000243,75202,2024-07-09 11:05:00,191,IMPS,none
UP-TXN-01528,UP00291,Rakesh Rawat,UBIN000000000291,UP00170,Rakesh Srivastav,UBIN000000000170,46191,2024-04-02 13:26:00,93,NEFT,hawala_structuring
UP-TXN-01529,UP00392,Brijesh Tyagi,SBIN000000000392,UP00254,Gufran Ansari,SBIN000000000254,47263,2024-03-18 13:27:00,78,IMPS,hawala_structuring
UP-TXN-01530,UP00316,Satish Pal,BARB000000000316,UP00439,Tariq Maurya,SBIN000000000439,336543,2024-05-24 17:00:00,145,RTGS,none
UP-TXN-01531,UP00476,Sonu Siddiqui,BARB000000000476,UP00133,Anil Nishad,BARB000000000133,130904,2024-06-08 14:46:00,160,NEFT,none
UP-TXN-01532,UP00591,Anil Ansari,HDFC000000000591,UP00315,Pramod Gautam,SBIN000000000315,48031,2024-02-05 12:04:00,36,UPI,hawala_structuring
UP-TXN-01533,UP00120,Alok Srivastav,PUNB000000000120,UP00363,Munna Tomar,BARB000000000363,283309,2024-01-13 16:02:00,13,RTGS,none
UP-TXN-01534,UP00229,Satish Verma,PUNB000000000229,UP00396,Munna Gurjar,BARB000000000396,404790,2024-07-13 14:33:00,195,RTGS,none
UP-TXN-01535,UP00047,Chhotu Tripathi,BARB000000000047,UP00339,Atiq Pal,PUNB000000000339,49098,2024-01-27 09:15:00,27,UPI,hawala_structuring
UP-TXN-01536,UP00097,Atiq Pandey,HDFC000000000097,UP00105,Rizwan Tiwari,SBIN000000000105,396874,2024-01-11 13:46:00,11,RTGS,none
UP-TXN-01537,UP00180,Aslam Tyagi,UBIN000000000180,UP00032,Babloo Tomar,SBIN000000000032,48014,2024-08-12 16:51:00,225,NEFT,hawala_structuring
UP-TXN-01538,UP00254,Gufran Ansari,SBIN000000000254,UP00538,Suresh Pal,BARB000000000538,152431,2024-02-14 17:21:00,45,IMPS,none
UP-TXN-01539,UP00263,Ajay Gautam,UBIN000000000263,UP00512,Dhananjay Srivastav,UBIN000000000512,246988,2024-07-05 10:19:00,187,RTGS,none
UP-TXN-01540,UP00405,Sonu Gautam,UBIN000000000405,UP00474,Neeraj Pal,BARB000000000474,302792,2024-05-27 16:30:00,148,RTGS,none
UP-TXN-01541,UP00422,Alok Shukla,BARB000000000422,UP00069,Pramod Yadav,BARB000000000069,47331,2024-07-27 19:52:00,209,IMPS,hawala_structuring
UP-TXN-01542,UP00266,Gufran Khan,BARB000000000266,UP00370,Neeraj Chaudhary,PUNB000000000370,47969,2024-03-10 18:39:00,70,UPI,hawala_structuring
UP-TXN-01543,UP00503,Ajay Kushwaha,SBIN000000000503,UP00534,Imran Jaiswal,PUNB000000000534,160349,2024-06-29 14:35:00,181,IMPS,none
UP-TXN-01544,UP00098,Sonu Qureshi,UBIN000000000098,UP00383,Alok Khan,BARB000000000383,46221,2024-05-02 14:28:00,123,IMPS,hawala_structuring
UP-TXN-01545,UP00142,Sonu Chaudhary,SBIN000000000142,UP00187,Rakesh Mishra,UBIN000000000187,208426,2024-07-14 09:26:00,196,RTGS,none
UP-TXN-01546,UP00258,Suresh Pal,UBIN000000000258,UP00449,Tariq Verma,SBIN000000000449,334177,2024-04-12 14:29:00,103,RTGS,none
UP-TXN-01547,UP00560,Guddu Verma,UBIN000000000560,UP00389,Atiq Yadav,PUNB000000000389,384215,2024-02-13 11:22:00,44,RTGS,none
UP-TXN-01548,UP00158,Rakesh Pal,BARB000000000158,UP00563,Guddu Chauhan,SBIN000000000563,46818,2024-02-28 18:30:00,59,IMPS,hawala_structuring
UP-TXN-01549,UP00185,Akhilesh Pal,SBIN000000000185,UP00070,Pankaj Tiwari,SBIN000000000070,246236,2024-06-27 11:09:00,179,RTGS,none
UP-TXN-01550,UP00278,Babloo Gautam,SBIN000000000278,UP00317,Satish Tiwari,SBIN000000000317,11063,2024-01-29 11:20:00,29,IMPS,none
UP-TXN-01551,UP00483,Abhay Yadav,BARB000000000483,UP00553,Pramod Chaudhary,PUNB000000000553,121428,2024-07-26 13:10:00,208,NEFT,none
UP-TXN-01552,UP00445,Manoj Chauhan,PUNB000000000445,UP00195,Pramod Siddiqui,PUNB000000000195,401066,2024-01-06 15:38:00,6,RTGS,none
UP-TXN-01553,UP00179,Pramod Gurjar,PUNB000000000179,UP00088,Pankaj Tomar,BARB000000000088,46015,2024-01-02 10:40:00,2,UPI,hawala_structuring
UP-TXN-01554,UP00443,Imran Shukla,UBIN000000000443,UP00064,Alok Nagar,SBIN000000000064,46166,2024-06-24 19:13:00,176,IMPS,hawala_structuring
UP-TXN-01555,UP00325,Guddu Siddiqui,PUNB000000000325,UP00164,Akhilesh Yadav,HDFC000000000164,119973,2024-04-29 15:59:00,120,NEFT,none
UP-TXN-01556,UP00309,Suresh Gupta,SBIN000000000309,UP00302,Dharmendra Dubey,SBIN000000000302,147974,2024-05-28 16:20:00,149,NEFT,none
UP-TXN-01557,UP00527,Suresh Pandey,SBIN000000000527,UP00262,Tariq Tiwari,PUNB000000000262,48874,2024-05-26 10:51:00,147,NEFT,hawala_structuring
UP-TXN-01558,UP00585,Satish Tyagi,UBIN000000000585,UP00058,Suresh Jaiswal,UBIN000000000058,45150,2024-03-07 18:20:00,67,NEFT,hawala_structuring
UP-TXN-01559,UP00469,Dhananjay Dubey,SBIN000000000469,UP00348,Rakesh Pal,PUNB000000000348,322669,2024-03-18 11:22:00,78,RTGS,none
UP-TXN-01560,UP00542,Virendra Kushwaha,SBIN000000000542,UP00530,Amit Nagar,UBIN000000000530,48368,2024-07-10 09:19:00,192,UPI,hawala_structuring
UP-TXN-01561,UP00163,Rakesh Dubey,PUNB000000000163,UP00064,Alok Nagar,SBIN000000000064,48508,2024-04-11 13:54:00,102,NEFT,hawala_structuring
UP-TXN-01562,UP00141,Mahesh Dubey,UBIN000000000141,UP00484,Dhananjay Nishad,PUNB000000000484,145904,2024-01-08 17:38:00,8,Bank Transfer,none
UP-TXN-01563,UP00005,Ravindra Kushwaha,UBIN000000000005,UP00284,Brijesh Kushwaha,SBIN000000000284,47660,2024-08-17 19:40:00,230,NEFT,hawala_structuring
UP-TXN-01564,UP00337,Ravindra Pal,PUNB000000000337,UP00122,Neeraj Gurjar,SBIN000000000122,48202,2024-08-27 16:09:00,240,UPI,hawala_structuring
UP-TXN-01565,UP00083,Anil Mishra,SBIN000000000083,UP00446,Pramod Khan,BARB000000000446,266479,2024-03-19 09:07:00,79,RTGS,none
UP-TXN-01566,UP00369,Sonu Gautam,PUNB000000000369,UP00392,Brijesh Tyagi,SBIN000000000392,316943,2024-06-24 14:16:00,176,RTGS,none
UP-TXN-01567,UP00598,Virendra Mishra,UBIN000000000598,UP00233,Pappu Tripathi,SBIN000000000233,302385,2024-01-20 13:27:00,20,RTGS,none
UP-TXN-01568,UP00207,Dhananjay Pandey,SBIN000000000207,UP00306,Imran Rawat,SBIN000000000306,47511,2024-02-01 19:58:00,32,IMPS,hawala_structuring
UP-TXN-01569,UP00205,Anil Dubey,BARB000000000205,UP00208,Akhilesh Mishra,UBIN000000000208,45220,2024-02-11 13:07:00,42,IMPS,hawala_structuring
UP-TXN-01570,UP00195,Pramod Siddiqui,PUNB000000000195,UP00422,Alok Shukla,BARB000000000422,302461,2024-05-10 17:42:00,131,RTGS,none
UP-TXN-01571,UP00242,Abhay Maurya,BARB000000000242,UP00362,Neeraj Gautam,PUNB000000000362,304060,2024-08-15 13:18:00,228,RTGS,none
UP-TXN-01572,UP00048,Imran Maurya,PUNB000000000048,UP00217,Abhay Bind,BARB000000000217,49054,2024-07-29 16:29:00,211,UPI,hawala_structuring
UP-TXN-01573,UP00424,Atiq Bind,HDFC000000000424,UP00063,Sanjay Pandey,SBIN000000000063,49118,2024-07-16 15:01:00,198,IMPS,hawala_structuring
UP-TXN-01574,UP00479,Manoj Singh,PUNB000000000479,UP00235,Imran Srivastav,UBIN000000000235,6914,2024-01-24 13:08:00,24,NEFT,none
UP-TXN-01575,UP00196,Gufran Jaiswal,BARB000000000196,UP00105,Rizwan Tiwari,SBIN000000000105,45467,2024-07-08 18:02:00,190,IMPS,hawala_structuring
UP-TXN-01576,UP00563,Guddu Chauhan,SBIN000000000563,UP00583,Vikram Gurjar,SBIN000000000583,48599,2024-06-23 16:54:00,175,NEFT,hawala_structuring
UP-TXN-01577,UP00018,Pankaj Siddiqui,SBIN000000000018,UP00175,Munna Rajput,HDFC000000000175,49508,2024-07-21 09:20:00,203,UPI,hawala_structuring
UP-TXN-01578,UP00557,Neeraj Pandey,UBIN000000000557,UP00080,Ramesh Verma,SBIN000000000080,272756,2024-05-20 14:34:00,141,RTGS,none
UP-TXN-01579,UP00002,Rajesh Tiwari,HDFC000000000002,UP00465,Abhay Nagar,SBIN000000000465,48469,2024-05-15 17:55:00,136,UPI,hawala_structuring
UP-TXN-01580,UP00572,Rakesh Ansari,UBIN000000000572,UP00125,Babloo Gupta,SBIN000000000125,98717,2024-04-04 18:37:00,95,Bank Transfer,none
UP-TXN-01581,UP00589,Babloo Pandey,BARB000000000589,UP00441,Bablu Pandey,UBIN000000000441,251768,2024-03-01 11:08:00,61,RTGS,none
UP-TXN-01582,UP00319,Vikram Chauhan,HDFC000000000319,UP00341,Mahesh Siddiqui,UBIN000000000341,43327,2024-01-12 11:40:00,12,IMPS,none
UP-TXN-01583,UP00007,Gufran Siddiqui,PUNB000000000007,UP00279,Ravindra Chaudhary,PUNB000000000279,124850,2024-02-18 15:22:00,49,Bank Transfer,none
UP-TXN-01584,UP00016,Sonu Tiwari,SBIN000000000016,UP00155,Satish Tyagi,SBIN000000000155,429444,2024-05-24 11:03:00,145,RTGS,none
UP-TXN-01585,UP00074,Rajesh Tripathi,PUNB000000000074,UP00252,Atiq Dubey,UBIN000000000252,440758,2024-06-19 16:36:00,171,RTGS,none
UP-TXN-01586,UP00270,Bablu Ansari,SBIN000000000270,UP00158,Rakesh Pal,BARB000000000158,45520,2024-04-29 11:19:00,120,UPI,hawala_structuring
UP-TXN-01587,UP00059,Aslam Chauhan,BARB000000000059,UP00240,Deepak Bind,SBIN000000000240,49038,2024-08-14 11:42:00,227,UPI,hawala_structuring
UP-TXN-01588,UP00445,Manoj Chauhan,PUNB000000000445,UP00572,Rakesh Ansari,UBIN000000000572,45000,2024-04-22 09:02:00,113,IMPS,hawala_structuring
UP-TXN-01589,UP00526,Rajesh Nishad,SBIN000000000526,UP00374,Ramesh Rajput,PUNB000000000374,49601,2024-07-31 09:44:00,213,UPI,hawala_structuring
UP-TXN-01590,UP00023,Sanjay Jaiswal,PUNB000000000023,UP00590,Atiq Jaiswal,BARB000000000590,393343,2024-04-12 09:53:00,103,RTGS,none
UP-TXN-01591,UP00139,Manoj Bind,HDFC000000000139,UP00148,Pappu Gupta,PUNB000000000148,369991,2024-03-19 14:30:00,79,RTGS,none
UP-TXN-01592,UP00248,Manoj Gupta,SBIN000000000248,UP00600,Imran Chaudhary,SBIN000000000600,152372,2024-07-13 16:41:00,195,IMPS,none
UP-TXN-01593,UP00037,Sunil Gautam,PUNB000000000037,UP00248,Manoj Gupta,SBIN000000000248,13982,2024-04-29 11:05:00,120,NEFT,none
UP-TXN-01594,UP00138,Deepak Tiwari,SBIN000000000138,UP00008,Gufran Tripathi,BARB000000000008,48926,2024-08-20 15:51:00,233,IMPS,hawala_structuring
UP-TXN-01595,UP00012,Akhilesh Nagar,SBIN000000000012,UP00350,Aslam Pandey,BARB000000000350,27705,2024-02-29 14:50:00,60,Bank Transfer,none
UP-TXN-01596,UP00447,Deepak Tripathi,PUNB000000000447,UP00347,Babloo Tripathi,UBIN000000000347,46375,2024-01-04 09:35:00,4,UPI,hawala_structuring
UP-TXN-01597,UP00402,Ajay Dubey,SBIN000000000402,UP00324,Abhay Gupta,SBIN000000000324,47427,2024-08-19 13:20:00,232,IMPS,hawala_structuring
UP-TXN-01598,UP00109,Satish Ansari,UBIN000000000109,UP00392,Brijesh Tyagi,SBIN000000000392,39191,2024-03-19 15:59:00,79,NEFT,none
UP-TXN-01599,UP00150,Virendra Yadav,PUNB000000000150,UP00248,Manoj Gupta,SBIN000000000248,125928,2024-03-17 13:18:00,77,NEFT,none
UP-TXN-01600,UP00476,Sonu Siddiqui,BARB000000000476,UP00176,Amit Tiwari,UBIN000000000176,45281,2024-02-09 15:40:00,40,IMPS,hawala_structuring
UP-TXN-01601,UP00043,Bablu Singh,PUNB000000000043,UP00190,Pappu Rawat,SBIN000000000190,46129,2024-04-01 12:20:00,92,IMPS,hawala_structuring
UP-TXN-01602,UP00365,Brijesh Yadav,PUNB000000000365,UP00458,Rizwan Pandey,PUNB000000000458,47323,2024-02-04 14:02:00,35,NEFT,hawala_structuring
UP-TXN-01603,UP00300,Aslam Dubey,UBIN000000000300,UP00378,Abhay Rawat,SBIN000000000378,213443,2024-01-31 10:18:00,31,RTGS,none
UP-TXN-01604,UP00399,Mukhtar Kushwaha,PUNB000000000399,UP00243,Dharmendra Chaudhary,UBIN000000000243,46992,2024-05-15 19:23:00,136,NEFT,hawala_structuring
UP-TXN-01605,UP00047,Chhotu Tripathi,BARB000000000047,UP00481,Ajay Ansari,BARB000000000481,401796,2024-08-19 10:01:00,232,RTGS,none
UP-TXN-01606,UP00147,Suresh Pal,PUNB000000000147,UP00226,Ramesh Rawat,SBIN000000000226,217914,2024-06-01 14:22:00,153,RTGS,none
UP-TXN-01607,UP00304,Rajesh Mishra,BARB000000000304,UP00500,Vikram Gurjar,PUNB000000000500,411220,2024-02-17 18:41:00,48,RTGS,none
UP-TXN-01608,UP00342,Pramod Yadav,BARB000000000342,UP00415,Deepak Pandey,HDFC000000000415,45762,2024-02-02 13:05:00,33,IMPS,hawala_structuring
UP-TXN-01609,UP00530,Amit Nagar,UBIN000000000530,UP00001,Rajesh Rajput,BARB000000000001,184160,2024-03-10 15:42:00,70,NEFT,none
UP-TXN-01610,UP00285,Abhay Yadav,BARB000000000285,UP00164,Akhilesh Yadav,HDFC000000000164,78479,2024-01-07 10:13:00,7,Bank Transfer,none
UP-TXN-01611,UP00520,Bablu Gurjar,UBIN000000000520,UP00588,Mukhtar Kushwaha,SBIN000000000588,79437,2024-01-31 13:05:00,31,IMPS,none
UP-TXN-01612,UP00528,Rakesh Rawat,HDFC000000000528,UP00509,Manoj Shukla,SBIN000000000509,96068,2024-06-06 16:52:00,158,NEFT,none
UP-TXN-01613,UP00404,Imran Srivastav,SBIN000000000404,UP00075,Anil Chauhan,PUNB000000000075,49476,2024-04-15 12:04:00,106,NEFT,hawala_structuring
UP-TXN-01614,UP00595,Aslam Maurya,SBIN000000000595,UP00594,Alok Gurjar,PUNB000000000594,163372,2024-02-07 15:00:00,38,IMPS,none
UP-TXN-01615,UP00476,Sonu Siddiqui,BARB000000000476,UP00366,Mukhtar Tripathi,SBIN000000000366,308937,2024-08-06 13:19:00,219,RTGS,none
UP-TXN-01616,UP00555,Anil Srivastav,UBIN000000000555,UP00526,Rajesh Nishad,SBIN000000000526,362146,2024-07-24 14:45:00,206,RTGS,none
UP-TXN-01617,UP00398,Manoj Nishad,PUNB000000000398,UP00451,Alok Chaudhary,UBIN000000000451,250264,2024-01-24 13:32:00,24,RTGS,none
UP-TXN-01618,UP00464,Dhananjay Ansari,BARB000000000464,UP00035,Rizwan Nagar,SBIN000000000035,47802,2024-05-01 19:57:00,122,UPI,hawala_structuring
UP-TXN-01619,UP00430,Satish Gurjar,SBIN000000000430,UP00514,Akhilesh Maurya,HDFC000000000514,448765,2024-05-31 10:59:00,152,RTGS,none
UP-TXN-01620,UP00442,Dhananjay Gupta,PUNB000000000442,UP00339,Atiq Pal,PUNB000000000339,156953,2024-05-17 13:38:00,138,NEFT,none
UP-TXN-01621,UP00211,Satish Shukla,SBIN000000000211,UP00530,Amit Nagar,UBIN000000000530,118678,2024-06-22 12:22:00,174,NEFT,none
UP-TXN-01622,UP00381,Chhotu Gurjar,PUNB000000000381,UP00412,Atiq Qureshi,SBIN000000000412,45953,2024-03-11 13:26:00,71,UPI,hawala_structuring
UP-TXN-01623,UP00281,Abhay Yadav,SBIN000000000281,UP00477,Chhotu Rajput,SBIN000000000477,417331,2024-02-07 15:04:00,38,RTGS,none
UP-TXN-01624,UP00047,Chhotu Tripathi,BARB000000000047,UP00184,Imran Nishad,UBIN000000000184,328511,2024-02-25 10:01:00,56,RTGS,none
UP-TXN-01625,UP00028,Akhilesh Kushwaha,BARB000000000028,UP00037,Sunil Gautam,PUNB000000000037,195060,2024-02-27 16:57:00,58,Bank Transfer,none
UP-TXN-01626,UP00020,Santosh Gurjar,BARB000000000020,UP00359,Atiq Qureshi,UBIN000000000359,182751,2024-03-13 16:58:00,73,Bank Transfer,none
UP-TXN-01627,UP00066,Sanjay Nishad,BARB000000000066,UP00085,Munna Verma,UBIN000000000085,48175,2024-07-17 11:29:00,199,UPI,hawala_structuring
UP-TXN-01628,UP00469,Dhananjay Dubey,SBIN000000000469,UP00466,Aslam Tripathi,UBIN000000000466,96302,2024-03-14 12:07:00,74,Bank Transfer,none
UP-TXN-01629,UP00084,Guddu Nishad,UBIN000000000084,UP00453,Ravindra Tripathi,PUNB000000000453,45916,2024-01-31 14:16:00,31,IMPS,hawala_structuring
UP-TXN-01630,UP00136,Anil Qureshi,SBIN000000000136,UP00305,Abhay Tyagi,UBIN000000000305,45934,2024-04-05 14:37:00,96,IMPS,hawala_structuring
UP-TXN-01631,UP00390,Guddu Siddiqui,SBIN000000000390,UP00336,Dhananjay Rawat,PUNB000000000336,125944,2024-06-09 09:00:00,161,IMPS,none
UP-TXN-01632,UP00244,Satish Bind,UBIN000000000244,UP00352,Chhotu Tomar,UBIN000000000352,155611,2024-07-30 19:19:00,212,Bank Transfer,none
UP-TXN-01633,UP00331,Sanjay Dubey,SBIN000000000331,UP00087,Alok Tyagi,SBIN000000000087,48664,2024-07-07 11:15:00,189,IMPS,hawala_structuring
UP-TXN-01634,UP00306,Imran Rawat,SBIN000000000306,UP00474,Neeraj Pal,BARB000000000474,254145,2024-05-27 10:02:00,148,RTGS,none
UP-TXN-01635,UP00553,Pramod Chaudhary,PUNB000000000553,UP00038,Sunil Tiwari,PUNB000000000038,395533,2024-03-01 15:57:00,61,RTGS,none
UP-TXN-01636,UP00396,Munna Gurjar,BARB000000000396,UP00014,Bablu Bind,BARB000000000014,49685,2024-08-13 13:17:00,226,IMPS,hawala_structuring
UP-TXN-01637,UP00051,Suresh Dubey,SBIN000000000051,UP00398,Manoj Nishad,PUNB000000000398,46129,2024-06-27 12:47:00,179,UPI,hawala_structuring
UP-TXN-01638,UP00281,Abhay Yadav,SBIN000000000281,UP00168,Ravindra Srivastav,PUNB000000000168,48219,2024-06-19 14:17:00,171,IMPS,hawala_structuring
UP-TXN-01639,UP00056,Ajay Jaiswal,SBIN000000000056,UP00599,Sanjay Gupta,PUNB000000000599,345861,2024-07-07 09:44:00,189,RTGS,none
UP-TXN-01640,UP00046,Rajesh Dubey,SBIN000000000046,UP00167,Sunil Kushwaha,BARB000000000167,46787,2024-05-27 16:01:00,148,IMPS,hawala_structuring
UP-TXN-01641,UP00123,Manoj Rajput,BARB000000000123,UP00512,Dhananjay Srivastav,UBIN000000000512,98232,2024-08-17 10:51:00,230,IMPS,none
UP-TXN-01642,UP00284,Brijesh Kushwaha,SBIN000000000284,UP00402,Ajay Dubey,SBIN000000000402,224980,2024-05-11 16:15:00,132,RTGS,none
UP-TXN-01643,UP00299,Santosh Maurya,PUNB000000000299,UP00377,Santosh Singh,UBIN000000000377,45891,2024-02-03 10:19:00,34,IMPS,hawala_structuring
UP-TXN-01644,UP00241,Guddu Srivastav,SBIN000000000241,UP00222,Babloo Siddiqui,UBIN000000000222,429504,2024-08-24 16:48:00,237,RTGS,none
UP-TXN-01645,UP00200,Sonu Khan,PUNB000000000200,UP00029,Ramesh Gautam,PUNB000000000029,278486,2024-08-19 17:18:00,232,RTGS,none
UP-TXN-01646,UP00024,Deepak Gautam,BARB000000000024,UP00462,Mahesh Srivastav,PUNB000000000462,174547,2024-03-21 18:33:00,81,NEFT,none
UP-TXN-01647,UP00231,Vikram Chauhan,UBIN000000000231,UP00408,Mahesh Mishra,BARB000000000408,348164,2024-02-04 13:32:00,35,RTGS,none
UP-TXN-01648,UP00059,Aslam Chauhan,BARB000000000059,UP00416,Satish Jaiswal,SBIN000000000416,45522,2024-01-30 13:32:00,30,IMPS,hawala_structuring
UP-TXN-01649,UP00483,Abhay Yadav,BARB000000000483,UP00133,Anil Nishad,BARB000000000133,248800,2024-04-28 12:02:00,119,RTGS,none
UP-TXN-01650,UP00299,Santosh Maurya,PUNB000000000299,UP00527,Suresh Pandey,SBIN000000000527,48293,2024-07-29 19:07:00,211,UPI,hawala_structuring
UP-TXN-01651,UP00094,Dharmendra Shukla,BARB000000000094,UP00108,Deepak Pandey,UBIN000000000108,436715,2024-01-29 10:04:00,29,RTGS,none
UP-TXN-01652,UP00508,Babloo Maurya,SBIN000000000508,UP00115,Virendra Tripathi,BARB000000000115,202485,2024-03-31 17:23:00,91,RTGS,none
UP-TXN-01653,UP00551,Rajesh Gupta,HDFC000000000551,UP00095,Akhilesh Tomar,BARB000000000095,353425,2024-07-30 15:24:00,212,RTGS,none
UP-TXN-01654,UP00300,Aslam Dubey,UBIN000000000300,UP00139,Manoj Bind,HDFC000000000139,150228,2024-03-18 17:46:00,78,NEFT,none
UP-TXN-01655,UP00045,Tariq Tiwari,UBIN000000000045,UP00441,Bablu Pandey,UBIN000000000441,85353,2024-05-17 18:49:00,138,NEFT,none
UP-TXN-01656,UP00561,Rizwan Verma,HDFC000000000561,UP00380,Brijesh Gurjar,PUNB000000000380,10324,2024-04-14 11:34:00,105,NEFT,none
UP-TXN-01657,UP00081,Manoj Siddiqui,SBIN000000000081,UP00353,Brijesh Dubey,SBIN000000000353,432810,2024-04-23 18:08:00,114,RTGS,none
UP-TXN-01658,UP00162,Deepak Pal,PUNB000000000162,UP00591,Anil Ansari,HDFC000000000591,95689,2024-04-20 13:41:00,111,IMPS,none
UP-TXN-01659,UP00149,Neeraj Khan,UBIN000000000149,UP00457,Dharmendra Gupta,UBIN000000000457,49280,2024-01-23 17:19:00,23,UPI,hawala_structuring
UP-TXN-01660,UP00546,Chhotu Rawat,SBIN000000000546,UP00551,Rajesh Gupta,HDFC000000000551,147781,2024-07-20 18:37:00,202,IMPS,none
UP-TXN-01661,UP00277,Dharmendra Gautam,SBIN000000000277,UP00404,Imran Srivastav,SBIN000000000404,45161,2024-02-07 14:19:00,38,NEFT,hawala_structuring
UP-TXN-01662,UP00204,Atiq Tomar,SBIN000000000204,UP00236,Pankaj Mishra,HDFC000000000236,49699,2024-01-29 11:25:00,29,IMPS,hawala_structuring
UP-TXN-01663,UP00233,Pappu Tripathi,SBIN000000000233,UP00579,Mukhtar Tripathi,BARB000000000579,226564,2024-03-20 11:29:00,80,RTGS,none
UP-TXN-01664,UP00184,Imran Nishad,UBIN000000000184,UP00579,Mukhtar Tripathi,BARB000000000579,45127,2024-04-27 19:48:00,118,IMPS,hawala_structuring
UP-TXN-01665,UP00576,Babloo Shukla,SBIN000000000576,UP00453,Ravindra Tripathi,PUNB000000000453,48935,2024-07-06 13:57:00,188,IMPS,hawala_structuring
UP-TXN-01666,UP00230,Tariq Qureshi,PUNB000000000230,UP00312,Dharmendra Singh,SBIN000000000312,47067,2024-05-12 09:28:00,133,NEFT,hawala_structuring
UP-TXN-01667,UP00113,Imran Siddiqui,SBIN000000000113,UP00172,Sonu Chauhan,UBIN000000000172,47963,2024-04-10 19:33:00,101,IMPS,hawala_structuring
UP-TXN-01668,UP00594,Alok Gurjar,PUNB000000000594,UP00125,Babloo Gupta,SBIN000000000125,269780,2024-02-10 09:15:00,41,RTGS,none
UP-TXN-01669,UP00165,Mukhtar Nagar,SBIN000000000165,UP00229,Satish Verma,PUNB000000000229,289632,2024-07-23 10:52:00,205,RTGS,none
UP-TXN-01670,UP00144,Rakesh Rajput,PUNB000000000144,UP00066,Sanjay Nishad,BARB000000000066,153561,2024-01-25 13:14:00,25,Bank Transfer,none
UP-TXN-01671,UP00451,Alok Chaudhary,UBIN000000000451,UP00364,Akhilesh Gautam,SBIN000000000364,97115,2024-05-02 14:34:00,123,Bank Transfer,none
UP-TXN-01672,UP00359,Atiq Qureshi,UBIN000000000359,UP00141,Mahesh Dubey,UBIN000000000141,155506,2024-04-03 10:45:00,94,IMPS,none
UP-TXN-01673,UP00028,Akhilesh Kushwaha,BARB000000000028,UP00484,Dhananjay Nishad,PUNB000000000484,252482,2024-04-13 11:14:00,104,RTGS,none
UP-TXN-01674,UP00037,Sunil Gautam,PUNB000000000037,UP00081,Manoj Siddiqui,SBIN000000000081,215292,2024-07-15 14:24:00,197,RTGS,none
UP-TXN-01675,UP00228,Manoj Verma,HDFC000000000228,UP00194,Santosh Jaiswal,SBIN000000000194,103495,2024-07-09 17:00:00,191,Bank Transfer,none
UP-TXN-01676,UP00154,Santosh Gupta,SBIN000000000154,UP00275,Sanjay Ansari,HDFC000000000275,80379,2024-06-17 19:51:00,169,Bank Transfer,none
UP-TXN-01677,UP00140,Chhotu Gupta,SBIN000000000140,UP00385,Rajesh Kushwaha,SBIN000000000385,49457,2024-06-19 11:05:00,171,NEFT,hawala_structuring
UP-TXN-01678,UP00596,Neeraj Shukla,PUNB000000000596,UP00416,Satish Jaiswal,SBIN000000000416,45420,2024-01-11 12:55:00,11,IMPS,hawala_structuring
UP-TXN-01679,UP00067,Rakesh Mishra,BARB000000000067,UP00503,Ajay Kushwaha,SBIN000000000503,156209,2024-06-21 18:06:00,173,NEFT,none
UP-TXN-01680,UP00441,Bablu Pandey,UBIN000000000441,UP00019,Tariq Gautam,PUNB000000000019,14362,2024-08-03 17:11:00,216,Bank Transfer,none
UP-TXN-01681,UP00017,Dharmendra Yadav,UBIN000000000017,UP00348,Rakesh Pal,PUNB000000000348,101376,2024-02-09 19:52:00,40,NEFT,none
UP-TXN-01682,UP00018,Pankaj Siddiqui,SBIN000000000018,UP00590,Atiq Jaiswal,BARB000000000590,21207,2024-01-26 19:45:00,26,NEFT,none
UP-TXN-01683,UP00560,Guddu Verma,UBIN000000000560,UP00023,Sanjay Jaiswal,PUNB000000000023,200066,2024-01-11 14:36:00,11,RTGS,none
UP-TXN-01684,UP00436,Tariq Verma,SBIN000000000436,UP00496,Ravindra Yadav,HDFC000000000496,420970,2024-07-28 19:27:00,210,RTGS,none
UP-TXN-01685,UP00082,Ramesh Pandey,SBIN000000000082,UP00341,Mahesh Siddiqui,UBIN000000000341,47845,2024-05-05 16:30:00,126,IMPS,hawala_structuring
UP-TXN-01686,UP00398,Manoj Nishad,PUNB000000000398,UP00383,Alok Khan,BARB000000000383,338807,2024-02-05 10:53:00,36,RTGS,none
UP-TXN-01687,UP00553,Pramod Chaudhary,PUNB000000000553,UP00426,Rakesh Khan,PUNB000000000426,411915,2024-03-25 11:44:00,85,RTGS,none
UP-TXN-01688,UP00485,Sonu Singh,SBIN000000000485,UP00535,Mahesh Srivastav,SBIN000000000535,379939,2024-02-14 09:13:00,45,RTGS,none
UP-TXN-01689,UP00538,Suresh Pal,BARB000000000538,UP00323,Rajesh Siddiqui,PUNB000000000323,219314,2024-07-21 09:49:00,203,RTGS,none
UP-TXN-01690,UP00275,Sanjay Ansari,HDFC000000000275,UP00318,Abhay Rawat,BARB000000000318,368069,2024-04-06 18:09:00,97,RTGS,none
UP-TXN-01691,UP00007,Gufran Siddiqui,PUNB000000000007,UP00061,Sonu Khan,SBIN000000000061,320222,2024-06-26 13:51:00,178,RTGS,none
UP-TXN-01692,UP00290,Pramod Yadav,PUNB000000000290,UP00430,Satish Gurjar,SBIN000000000430,46959,2024-02-20 12:13:00,51,UPI,hawala_structuring
UP-TXN-01693,UP00351,Deepak Qureshi,SBIN000000000351,UP00392,Brijesh Tyagi,SBIN000000000392,9352,2024-08-16 15:01:00,229,NEFT,none
UP-TXN-01694,UP00015,Amit Tyagi,SBIN000000000015,UP00345,Vikram Dubey,SBIN000000000345,42775,2024-07-23 11:52:00,205,Bank Transfer,none
UP-TXN-01695,UP00298,Munna Gurjar,SBIN000000000298,UP00200,Sonu Khan,PUNB000000000200,26590,2024-03-14 18:26:00,74,NEFT,none
UP-TXN-01696,UP00530,Amit Nagar,UBIN000000000530,UP00072,Chhotu Nagar,SBIN000000000072,49133,2024-08-19 13:47:00,232,NEFT,hawala_structuring
UP-TXN-01697,UP00033,Aslam Tomar,PUNB000000000033,UP00444,Virendra Mishra,BARB000000000444,48587,2024-05-11 11:53:00,132,IMPS,hawala_structuring
UP-TXN-01698,UP00060,Gufran Khan,SBIN000000000060,UP00083,Anil Mishra,SBIN000000000083,205803,2024-07-04 18:15:00,186,RTGS,none
UP-TXN-01699,UP00133,Anil Nishad,BARB000000000133,UP00232,Ajay Tripathi,SBIN000000000232,246322,2024-08-03 13:09:00,216,RTGS,none
UP-TXN-01700,UP00462,Mahesh Srivastav,PUNB000000000462,UP00501,Ravindra Maurya,SBIN000000000501,47207,2024-05-23 17:35:00,144,IMPS,hawala_structuring
UP-TXN-01701,UP00216,Gufran Chauhan,HDFC000000000216,UP00140,Chhotu Gupta,SBIN000000000140,198881,2024-04-16 12:06:00,107,NEFT,none
UP-TXN-01702,UP00002,Rajesh Tiwari,HDFC000000000002,UP00043,Bablu Singh,PUNB000000000043,362683,2024-04-22 10:10:00,113,RTGS,none
UP-TXN-01703,UP00357,Amit Shukla,HDFC000000000357,UP00086,Guddu Srivastav,SBIN000000000086,32976,2024-06-07 11:30:00,159,IMPS,none
UP-TXN-01704,UP00542,Virendra Kushwaha,SBIN000000000542,UP00431,Dhananjay Bind,BARB000000000431,47102,2024-08-16 10:22:00,229,IMPS,hawala_structuring
UP-TXN-01705,UP00417,Amit Verma,SBIN000000000417,UP00116,Tariq Gautam,PUNB000000000116,30078,2024-06-14 19:14:00,166,Bank Transfer,none
UP-TXN-01706,UP00600,Imran Chaudhary,SBIN000000000600,UP00290,Pramod Yadav,PUNB000000000290,145996,2024-05-30 12:44:00,151,NEFT,none
UP-TXN-01707,UP00094,Dharmendra Shukla,BARB000000000094,UP00375,Santosh Jaiswal,BARB000000000375,114524,2024-01-09 16:44:00,9,Bank Transfer,none
UP-TXN-01708,UP00007,Gufran Siddiqui,PUNB000000000007,UP00043,Bablu Singh,PUNB000000000043,47431,2024-07-09 17:47:00,191,UPI,hawala_structuring
UP-TXN-01709,UP00096,Chhotu Dubey,HDFC000000000096,UP00011,Chhotu Gupta,PUNB000000000011,45071,2024-04-22 13:38:00,113,IMPS,hawala_structuring
UP-TXN-01710,UP00494,Amit Gautam,SBIN000000000494,UP00135,Sunil Shukla,HDFC000000000135,37150,2024-04-15 16:39:00,106,Bank Transfer,none
UP-TXN-01711,UP00424,Atiq Bind,HDFC000000000424,UP00570,Mahesh Bind,BARB000000000570,45925,2024-01-30 14:07:00,30,NEFT,hawala_structuring
UP-TXN-01712,UP00566,Ajay Rajput,PUNB000000000566,UP00431,Dhananjay Bind,BARB000000000431,96722,2024-06-03 17:46:00,155,NEFT,none
UP-TXN-01713,UP00543,Mahesh Jaiswal,BARB000000000543,UP00467,Mahesh Pal,SBIN000000000467,48388,2024-03-04 10:49:00,64,UPI,hawala_structuring
UP-TXN-01714,UP00382,Atiq Nagar,PUNB000000000382,UP00176,Amit Tiwari,UBIN000000000176,45814,2024-07-24 12:12:00,206,UPI,hawala_structuring
UP-TXN-01715,UP00199,Rizwan Yadav,PUNB000000000199,UP00463,Suresh Tripathi,UBIN000000000463,116099,2024-07-12 15:43:00,194,NEFT,none
UP-TXN-01716,UP00510,Rajesh Qureshi,BARB000000000510,UP00480,Rakesh Nishad,SBIN000000000480,46284,2024-05-09 15:51:00,130,IMPS,hawala_structuring
UP-TXN-01717,UP00037,Sunil Gautam,PUNB000000000037,UP00122,Neeraj Gurjar,SBIN000000000122,238372,2024-07-22 09:08:00,204,RTGS,none
UP-TXN-01718,UP00073,Akhilesh Khan,PUNB000000000073,UP00074,Rajesh Tripathi,PUNB000000000074,232067,2024-04-21 15:23:00,112,RTGS,none
UP-TXN-01719,UP00438,Satish Jaiswal,BARB000000000438,UP00269,Rajesh Tripathi,SBIN000000000269,49792,2024-03-20 14:30:00,80,NEFT,hawala_structuring
UP-TXN-01720,UP00507,Amit Singh,PUNB000000000507,UP00335,Pankaj Srivastav,UBIN000000000335,319040,2024-05-26 09:59:00,147,RTGS,none
UP-TXN-01721,UP00540,Ramesh Khan,PUNB000000000540,UP00514,Akhilesh Maurya,HDFC000000000514,46940,2024-04-12 17:39:00,103,NEFT,hawala_structuring
UP-TXN-01722,UP00150,Virendra Yadav,PUNB000000000150,UP00147,Suresh Pal,PUNB000000000147,45094,2024-07-19 11:36:00,201,NEFT,hawala_structuring
UP-TXN-01723,UP00475,Pramod Gupta,UBIN000000000475,UP00351,Deepak Qureshi,SBIN000000000351,46808,2024-06-05 10:41:00,157,NEFT,hawala_structuring
UP-TXN-01724,UP00508,Babloo Maurya,SBIN000000000508,UP00576,Babloo Shukla,SBIN000000000576,235226,2024-02-07 18:37:00,38,RTGS,none
UP-TXN-01725,UP00570,Mahesh Bind,BARB000000000570,UP00536,Brijesh Gautam,BARB000000000536,48940,2024-06-23 19:36:00,175,NEFT,hawala_structuring
UP-TXN-01726,UP00583,Vikram Gurjar,SBIN000000000583,UP00283,Akhilesh Shukla,PUNB000000000283,48286,2024-06-26 13:31:00,178,UPI,hawala_structuring
UP-TXN-01727,UP00139,Manoj Bind,HDFC000000000139,UP00213,Neeraj Maurya,PUNB000000000213,37269,2024-03-07 14:44:00,67,Bank Transfer,none
UP-TXN-01728,UP00093,Abhay Nishad,UBIN000000000093,UP00082,Ramesh Pandey,SBIN000000000082,20138,2024-02-24 19:32:00,55,IMPS,none
UP-TXN-01729,UP00451,Alok Chaudhary,UBIN000000000451,UP00528,Rakesh Rawat,HDFC000000000528,80894,2024-08-05 13:03:00,218,Bank Transfer,none
UP-TXN-01730,UP00361,Chhotu Nishad,PUNB000000000361,UP00473,Chhotu Srivastav,SBIN000000000473,49641,2024-02-11 13:01:00,42,IMPS,hawala_structuring
UP-TXN-01731,UP00269,Rajesh Tripathi,SBIN000000000269,UP00125,Babloo Gupta,SBIN000000000125,25630,2024-03-26 19:06:00,86,IMPS,none
UP-TXN-01732,UP00211,Satish Shukla,SBIN000000000211,UP00279,Ravindra Chaudhary,PUNB000000000279,36688,2024-04-14 11:10:00,105,IMPS,none
UP-TXN-01733,UP00498,Imran Pandey,SBIN000000000498,UP00262,Tariq Tiwari,PUNB000000000262,54330,2024-07-20 15:15:00,202,Bank Transfer,none
UP-TXN-01734,UP00182,Bablu Pandey,UBIN000000000182,UP00272,Neeraj Chauhan,SBIN000000000272,46586,2024-08-01 17:56:00,214,IMPS,hawala_structuring
UP-TXN-01735,UP00585,Satish Tyagi,UBIN000000000585,UP00185,Akhilesh Pal,SBIN000000000185,46395,2024-01-04 09:40:00,4,IMPS,hawala_structuring
UP-TXN-01736,UP00213,Neeraj Maurya,PUNB000000000213,UP00320,Ramesh Nagar,SBIN000000000320,30219,2024-08-13 18:35:00,226,IMPS,none
UP-TXN-01737,UP00488,Suresh Pandey,SBIN000000000488,UP00042,Brijesh Tripathi,SBIN000000000042,300187,2024-05-05 13:22:00,126,RTGS,none
UP-TXN-01738,UP00354,Akhilesh Rajput,PUNB000000000354,UP00495,Tariq Chaudhary,PUNB000000000495,279473,2024-02-08 15:33:00,39,RTGS,none
UP-TXN-01739,UP00258,Suresh Pal,UBIN000000000258,UP00593,Vikram Dubey,UBIN000000000593,170100,2024-01-24 18:00:00,24,IMPS,none
UP-TXN-01740,UP00006,Rizwan Chaudhary,BARB000000000006,UP00293,Imran Singh,PUNB000000000293,381032,2024-02-19 17:21:00,50,RTGS,none
UP-TXN-01741,UP00219,Abhay Shukla,BARB000000000219,UP00100,Rakesh Srivastav,HDFC000000000100,47882,2024-01-24 15:01:00,24,UPI,hawala_structuring
UP-TXN-01742,UP00366,Mukhtar Tripathi,SBIN000000000366,UP00471,Imran Gupta,SBIN000000000471,49022,2024-01-27 19:26:00,27,NEFT,hawala_structuring
UP-TXN-01743,UP00426,Rakesh Khan,PUNB000000000426,UP00261,Rajesh Verma,UBIN000000000261,12583,2024-01-16 10:34:00,16,IMPS,none
UP-TXN-01744,UP00354,Akhilesh Rajput,PUNB000000000354,UP00247,Vikram Khan,SBIN000000000247,41098,2024-05-09 09:48:00,130,Bank Transfer,none
UP-TXN-01745,UP00557,Neeraj Pandey,UBIN000000000557,UP00006,Rizwan Chaudhary,BARB000000000006,49801,2024-02-11 12:47:00,42,NEFT,hawala_structuring
UP-TXN-01746,UP00304,Rajesh Mishra,BARB000000000304,UP00498,Imran Pandey,SBIN000000000498,403768,2024-08-04 10:10:00,217,RTGS,none
UP-TXN-01747,UP00257,Abhay Dubey,SBIN000000000257,UP00163,Rakesh Dubey,PUNB000000000163,46986,2024-05-10 12:25:00,131,UPI,hawala_structuring
UP-TXN-01748,UP00267,Aslam Rawat,SBIN000000000267,UP00456,Rajesh Srivastav,BARB000000000456,152348,2024-03-14 10:35:00,74,IMPS,none
UP-TXN-01749,UP00559,Sunil Nishad,PUNB000000000559,UP00099,Alok Tomar,PUNB000000000099,153991,2024-04-10 18:13:00,101,Bank Transfer,none
UP-TXN-01750,UP00494,Amit Gautam,SBIN000000000494,UP00348,Rakesh Pal,PUNB000000000348,45812,2024-05-11 12:18:00,132,UPI,hawala_structuring
UP-TXN-01751,UP00079,Pramod Gautam,PUNB000000000079,UP00490,Mukhtar Mishra,PUNB000000000490,11401,2024-05-24 16:48:00,145,NEFT,none
UP-TXN-01752,UP00232,Ajay Tripathi,SBIN000000000232,UP00219,Abhay Shukla,BARB000000000219,248568,2024-05-24 16:41:00,145,RTGS,none
UP-TXN-01753,UP00489,Pramod Srivastav,SBIN000000000489,UP00568,Brijesh Gautam,BARB000000000568,47025,2024-02-20 19:50:00,51,IMPS,hawala_structuring
UP-TXN-01754,UP00118,Tariq Qureshi,SBIN000000000118,UP00112,Sunil Srivastav,SBIN000000000112,49065,2024-05-30 11:59:00,151,IMPS,hawala_structuring
UP-TXN-01755,UP00034,Satish Jaiswal,BARB000000000034,UP00312,Dharmendra Singh,SBIN000000000312,75095,2024-03-12 16:31:00,72,IMPS,none
UP-TXN-01756,UP00218,Dharmendra Gupta,UBIN000000000218,UP00485,Sonu Singh,SBIN000000000485,25643,2024-05-02 12:34:00,123,IMPS,none
UP-TXN-01757,UP00393,Rajesh Pal,PUNB000000000393,UP00522,Pankaj Srivastav,UBIN000000000522,264107,2024-05-23 16:31:00,144,RTGS,none
UP-TXN-01758,UP00471,Imran Gupta,SBIN000000000471,UP00138,Deepak Tiwari,SBIN000000000138,216862,2024-01-11 18:00:00,11,RTGS,none
UP-TXN-01759,UP00154,Santosh Gupta,SBIN000000000154,UP00099,Alok Tomar,PUNB000000000099,250790,2024-04-16 16:28:00,107,RTGS,none
UP-TXN-01760,UP00184,Imran Nishad,UBIN000000000184,UP00226,Ramesh Rawat,SBIN000000000226,47741,2024-01-23 15:12:00,23,UPI,hawala_structuring
UP-TXN-01761,UP00043,Bablu Singh,PUNB000000000043,UP00071,Babloo Chauhan,UBIN000000000071,197842,2024-06-11 19:34:00,163,Bank Transfer,none
UP-TXN-01762,UP00244,Satish Bind,UBIN000000000244,UP00578,Santosh Yadav,SBIN000000000578,45887,2024-03-04 19:09:00,64,UPI,hawala_structuring
UP-TXN-01763,UP00521,Rizwan Kushwaha,UBIN000000000521,UP00264,Imran Gupta,SBIN000000000264,422816,2024-04-21 16:04:00,112,RTGS,none
UP-TXN-01764,UP00371,Rizwan Pandey,SBIN000000000371,UP00223,Rakesh Bind,SBIN000000000223,292117,2024-07-11 09:30:00,193,RTGS,none
UP-TXN-01765,UP00092,Vikram Rawat,SBIN000000000092,UP00356,Alok Gautam,UBIN000000000356,47936,2024-01-27 19:55:00,27,UPI,hawala_structuring
UP-TXN-01766,UP00599,Sanjay Gupta,PUNB000000000599,UP00100,Rakesh Srivastav,HDFC000000000100,151587,2024-08-28 16:54:00,241,NEFT,none
UP-TXN-01767,UP00110,Manoj Khan,SBIN000000000110,UP00128,Atiq Siddiqui,SBIN000000000128,48116,2024-02-18 12:45:00,49,NEFT,hawala_structuring
UP-TXN-01768,UP00489,Pramod Srivastav,SBIN000000000489,UP00237,Sunil Gupta,SBIN000000000237,346486,2024-01-19 15:23:00,19,RTGS,none
UP-TXN-01769,UP00029,Ramesh Gautam,PUNB000000000029,UP00344,Neeraj Kushwaha,HDFC000000000344,46726,2024-08-05 13:31:00,218,IMPS,hawala_structuring
UP-TXN-01770,UP00366,Mukhtar Tripathi,SBIN000000000366,UP00402,Ajay Dubey,SBIN000000000402,365364,2024-01-21 16:47:00,21,RTGS,none
UP-TXN-01771,UP00334,Sonu Mishra,UBIN000000000334,UP00541,Sonu Tiwari,UBIN000000000541,47322,2024-04-14 12:17:00,105,IMPS,hawala_structuring
UP-TXN-01772,UP00404,Imran Srivastav,SBIN000000000404,UP00317,Satish Tiwari,SBIN000000000317,267253,2024-06-21 17:27:00,173,RTGS,none
UP-TXN-01773,UP00227,Santosh Gupta,PUNB000000000227,UP00481,Ajay Ansari,BARB000000000481,449589,2024-04-08 14:42:00,99,RTGS,none
UP-TXN-01774,UP00587,Mukhtar Yadav,PUNB000000000587,UP00361,Chhotu Nishad,PUNB000000000361,47715,2024-05-21 09:55:00,142,UPI,hawala_structuring
UP-TXN-01775,UP00443,Imran Shukla,UBIN000000000443,UP00293,Imran Singh,PUNB000000000293,49578,2024-06-11 16:17:00,163,IMPS,hawala_structuring
UP-TXN-01776,UP00203,Tariq Siddiqui,SBIN000000000203,UP00101,Abhay Ansari,BARB000000000101,299463,2024-08-11 18:51:00,224,RTGS,none
UP-TXN-01777,UP00258,Suresh Pal,UBIN000000000258,UP00481,Ajay Ansari,BARB000000000481,158931,2024-04-28 09:28:00,119,NEFT,none
UP-TXN-01778,UP00581,Ravindra Chauhan,BARB000000000581,UP00599,Sanjay Gupta,PUNB000000000599,47732,2024-06-18 10:11:00,170,UPI,hawala_structuring
UP-TXN-01779,UP00143,Vikram Pal,PUNB000000000143,UP00298,Munna Gurjar,SBIN000000000298,52093,2024-02-27 15:46:00,58,Bank Transfer,none
UP-TXN-01780,UP00037,Sunil Gautam,PUNB000000000037,UP00138,Deepak Tiwari,SBIN000000000138,47202,2024-08-09 14:48:00,222,UPI,hawala_structuring
UP-TXN-01781,UP00229,Satish Verma,PUNB000000000229,UP00263,Ajay Gautam,UBIN000000000263,50921,2024-03-15 12:47:00,75,IMPS,none
UP-TXN-01782,UP00538,Suresh Pal,BARB000000000538,UP00579,Mukhtar Tripathi,BARB000000000579,307491,2024-03-08 16:56:00,68,RTGS,none
UP-TXN-01783,UP00203,Tariq Siddiqui,SBIN000000000203,UP00326,Abhay Pal,PUNB000000000326,446885,2024-08-16 14:32:00,229,RTGS,none
UP-TXN-01784,UP00468,Mukhtar Verma,BARB000000000468,UP00330,Akhilesh Yadav,PUNB000000000330,213591,2024-02-13 12:30:00,44,RTGS,none
UP-TXN-01785,UP00388,Mahesh Tripathi,PUNB000000000388,UP00306,Imran Rawat,SBIN000000000306,46396,2024-05-05 14:50:00,126,UPI,hawala_structuring
UP-TXN-01786,UP00128,Atiq Siddiqui,SBIN000000000128,UP00053,Rajesh Chauhan,PUNB000000000053,379493,2024-03-23 13:57:00,83,RTGS,none
UP-TXN-01787,UP00012,Akhilesh Nagar,SBIN000000000012,UP00436,Tariq Verma,SBIN000000000436,47659,2024-02-06 17:20:00,37,UPI,hawala_structuring
UP-TXN-01788,UP00292,Rakesh Rajput,BARB000000000292,UP00018,Pankaj Siddiqui,SBIN000000000018,313037,2024-07-05 10:01:00,187,RTGS,none
UP-TXN-01789,UP00249,Neeraj Pandey,HDFC000000000249,UP00503,Ajay Kushwaha,SBIN000000000503,46913,2024-05-04 10:16:00,125,IMPS,hawala_structuring
UP-TXN-01790,UP00393,Rajesh Pal,PUNB000000000393,UP00461,Ajay Rawat,UBIN000000000461,49383,2024-06-21 17:39:00,173,IMPS,hawala_structuring
UP-TXN-01791,UP00002,Rajesh Tiwari,HDFC000000000002,UP00539,Akhilesh Pandey,PUNB000000000539,45321,2024-02-06 18:23:00,37,NEFT,hawala_structuring
UP-TXN-01792,UP00418,Ajay Maurya,PUNB000000000418,UP00225,Abhay Tripathi,BARB000000000225,47144,2024-04-08 18:22:00,99,IMPS,hawala_structuring
UP-TXN-01793,UP00570,Mahesh Bind,BARB000000000570,UP00128,Atiq Siddiqui,SBIN000000000128,19663,2024-07-20 13:42:00,202,NEFT,none
UP-TXN-01794,UP00515,Aslam Shukla,SBIN000000000515,UP00347,Babloo Tripathi,UBIN000000000347,46577,2024-01-30 16:47:00,30,UPI,hawala_structuring
UP-TXN-01795,UP00354,Akhilesh Rajput,PUNB000000000354,UP00128,Atiq Siddiqui,SBIN000000000128,426266,2024-07-02 19:26:00,184,RTGS,none
UP-TXN-01796,UP00051,Suresh Dubey,SBIN000000000051,UP00149,Neeraj Khan,UBIN000000000149,8204,2024-02-23 12:15:00,54,NEFT,none
UP-TXN-01797,UP00517,Gufran Bind,UBIN000000000517,UP00537,Guddu Srivastav,SBIN000000000537,233237,2024-08-14 10:44:00,227,RTGS,none
UP-TXN-01798,UP00131,Tariq Nishad,PUNB000000000131,UP00427,Mahesh Mishra,PUNB000000000427,69183,2024-08-28 19:14:00,241,NEFT,none
UP-TXN-01799,UP00399,Mukhtar Kushwaha,PUNB000000000399,UP00477,Chhotu Rajput,SBIN000000000477,49409,2024-01-02 16:49:00,2,IMPS,hawala_structuring
UP-TXN-01800,UP00244,Satish Bind,UBIN000000000244,UP00440,Guddu Mishra,UBIN000000000440,241711,2024-08-27 11:58:00,240,RTGS,none
UP-TXN-01801,UP00421,Akhilesh Mishra,SBIN000000000421,UP00017,Dharmendra Yadav,UBIN000000000017,45414,2024-01-04 19:59:00,4,IMPS,hawala_structuring
UP-TXN-01802,UP00418,Ajay Maurya,PUNB000000000418,UP00142,Sonu Chaudhary,SBIN000000000142,245111,2024-04-06 16:44:00,97,RTGS,none
UP-TXN-01803,UP00301,Mukhtar Siddiqui,PUNB000000000301,UP00327,Guddu Tomar,BARB000000000327,46217,2024-05-22 17:10:00,143,IMPS,hawala_structuring
UP-TXN-01804,UP00092,Vikram Rawat,SBIN000000000092,UP00236,Pankaj Mishra,HDFC000000000236,282081,2024-07-17 17:08:00,199,RTGS,none
UP-TXN-01805,UP00156,Imran Verma,BARB000000000156,UP00419,Gufran Dubey,SBIN000000000419,47600,2024-04-02 19:14:00,93,NEFT,hawala_structuring
UP-TXN-01806,UP00209,Satish Pal,HDFC000000000209,UP00560,Guddu Verma,UBIN000000000560,48147,2024-07-12 15:29:00,194,IMPS,hawala_structuring
UP-TXN-01807,UP00246,Rakesh Shukla,SBIN000000000246,UP00106,Mahesh Chauhan,BARB000000000106,46752,2024-06-19 18:08:00,171,NEFT,hawala_structuring
UP-TXN-01808,UP00383,Alok Khan,BARB000000000383,UP00053,Rajesh Chauhan,PUNB000000000053,389649,2024-06-26 18:36:00,178,RTGS,none
UP-TXN-01809,UP00049,Virendra Tyagi,HDFC000000000049,UP00460,Brijesh Nagar,UBIN000000000460,13989,2024-05-09 19:52:00,130,IMPS,none
UP-TXN-01810,UP00295,Neeraj Bind,SBIN000000000295,UP00538,Suresh Pal,BARB000000000538,72774,2024-08-03 17:51:00,216,NEFT,none
UP-TXN-01811,UP00471,Imran Gupta,SBIN000000000471,UP00311,Babloo Ansari,PUNB000000000311,371163,2024-01-10 14:22:00,10,RTGS,none
UP-TXN-01812,UP00084,Guddu Nishad,UBIN000000000084,UP00559,Sunil Nishad,PUNB000000000559,298441,2024-01-15 13:24:00,15,RTGS,none
UP-TXN-01813,UP00104,Alok Nagar,BARB000000000104,UP00093,Abhay Nishad,UBIN000000000093,254223,2024-05-26 10:44:00,147,RTGS,none
UP-TXN-01814,UP00427,Mahesh Mishra,PUNB000000000427,UP00364,Akhilesh Gautam,SBIN000000000364,45983,2024-03-21 14:35:00,81,NEFT,hawala_structuring
UP-TXN-01815,UP00020,Santosh Gurjar,BARB000000000020,UP00460,Brijesh Nagar,UBIN000000000460,16437,2024-04-14 17:22:00,105,IMPS,none
UP-TXN-01816,UP00060,Gufran Khan,SBIN000000000060,UP00295,Neeraj Bind,SBIN000000000295,115763,2024-02-22 12:47:00,53,Bank Transfer,none
UP-TXN-01817,UP00288,Bablu Qureshi,HDFC000000000288,UP00008,Gufran Tripathi,BARB000000000008,436843,2024-07-12 13:26:00,194,RTGS,none
UP-TXN-01818,UP00177,Imran Srivastav,BARB000000000177,UP00022,Rizwan Nagar,HDFC000000000022,272724,2024-03-25 18:51:00,85,RTGS,none
UP-TXN-01819,UP00477,Chhotu Rajput,SBIN000000000477,UP00188,Pankaj Yadav,PUNB000000000188,383468,2024-02-22 18:14:00,53,RTGS,none
UP-TXN-01820,UP00259,Amit Chauhan,SBIN000000000259,UP00141,Mahesh Dubey,UBIN000000000141,46130,2024-07-29 09:06:00,211,UPI,hawala_structuring
UP-TXN-01821,UP00474,Neeraj Pal,BARB000000000474,UP00581,Ravindra Chauhan,BARB000000000581,49109,2024-01-25 19:14:00,25,UPI,hawala_structuring
UP-TXN-01822,UP00340,Akhilesh Tomar,SBIN000000000340,UP00051,Suresh Dubey,SBIN000000000051,113174,2024-06-26 12:34:00,178,IMPS,none
UP-TXN-01823,UP00434,Brijesh Srivastav,BARB000000000434,UP00159,Santosh Pandey,BARB000000000159,45553,2024-04-03 13:42:00,94,IMPS,hawala_structuring
UP-TXN-01824,UP00383,Alok Khan,BARB000000000383,UP00172,Sonu Chauhan,UBIN000000000172,215814,2024-02-23 14:51:00,54,RTGS,none
UP-TXN-01825,UP00254,Gufran Ansari,SBIN000000000254,UP00010,Babloo Tiwari,PUNB000000000010,45734,2024-02-22 16:20:00,53,UPI,hawala_structuring
UP-TXN-01826,UP00196,Gufran Jaiswal,BARB000000000196,UP00375,Santosh Jaiswal,BARB000000000375,384591,2024-08-20 09:13:00,233,RTGS,none
UP-TXN-01827,UP00270,Bablu Ansari,SBIN000000000270,UP00474,Neeraj Pal,BARB000000000474,284291,2024-03-16 18:18:00,76,RTGS,none
UP-TXN-01828,UP00412,Atiq Qureshi,SBIN000000000412,UP00280,Pappu Gupta,HDFC000000000280,437548,2024-07-11 13:19:00,193,RTGS,none
UP-TXN-01829,UP00313,Satish Gurjar,SBIN000000000313,UP00546,Chhotu Rawat,SBIN000000000546,80526,2024-05-16 17:17:00,137,NEFT,none
UP-TXN-01830,UP00591,Anil Ansari,HDFC000000000591,UP00328,Atiq Chauhan,PUNB000000000328,48550,2024-04-19 13:32:00,110,NEFT,hawala_structuring
UP-TXN-01831,UP00090,Mukhtar Dubey,PUNB000000000090,UP00079,Pramod Gautam,PUNB000000000079,19400,2024-01-13 18:22:00,13,IMPS,none
UP-TXN-01832,UP00237,Sunil Gupta,SBIN000000000237,UP00136,Anil Qureshi,SBIN000000000136,46324,2024-01-01 09:02:00,1,UPI,hawala_structuring
UP-TXN-01833,UP00595,Aslam Maurya,SBIN000000000595,UP00551,Rajesh Gupta,HDFC000000000551,98526,2024-03-19 16:34:00,79,IMPS,none
UP-TXN-01834,UP00504,Anil Tiwari,PUNB000000000504,UP00173,Sonu Dubey,PUNB000000000173,47675,2024-06-01 18:39:00,153,NEFT,hawala_structuring
UP-TXN-01835,UP00312,Dharmendra Singh,SBIN000000000312,UP00363,Munna Tomar,BARB000000000363,49902,2024-02-27 10:54:00,58,NEFT,hawala_structuring
UP-TXN-01836,UP00488,Suresh Pandey,SBIN000000000488,UP00039,Deepak Bind,PUNB000000000039,47668,2024-04-25 16:56:00,116,IMPS,hawala_structuring
UP-TXN-01837,UP00580,Sunil Bind,SBIN000000000580,UP00017,Dharmendra Yadav,UBIN000000000017,47334,2024-08-06 09:07:00,219,NEFT,hawala_structuring
UP-TXN-01838,UP00035,Rizwan Nagar,SBIN000000000035,UP00076,Mahesh Mishra,PUNB000000000076,410691,2024-02-03 13:30:00,34,RTGS,none
UP-TXN-01839,UP00252,Atiq Dubey,UBIN000000000252,UP00290,Pramod Yadav,PUNB000000000290,343381,2024-08-24 17:24:00,237,RTGS,none
UP-TXN-01840,UP00113,Imran Siddiqui,SBIN000000000113,UP00258,Suresh Pal,UBIN000000000258,47363,2024-07-17 11:13:00,199,IMPS,hawala_structuring
UP-TXN-01841,UP00560,Guddu Verma,UBIN000000000560,UP00163,Rakesh Dubey,PUNB000000000163,48481,2024-05-23 13:37:00,144,UPI,hawala_structuring
UP-TXN-01842,UP00006,Rizwan Chaudhary,BARB000000000006,UP00570,Mahesh Bind,BARB000000000570,200889,2024-02-09 14:56:00,40,RTGS,none
UP-TXN-01843,UP00258,Suresh Pal,UBIN000000000258,UP00374,Ramesh Rajput,PUNB000000000374,276149,2024-08-18 13:11:00,231,RTGS,none
UP-TXN-01844,UP00110,Manoj Khan,SBIN000000000110,UP00406,Satish Shukla,PUNB000000000406,47697,2024-05-13 13:39:00,134,UPI,hawala_structuring
UP-TXN-01845,UP00328,Atiq Chauhan,PUNB000000000328,UP00223,Rakesh Bind,SBIN000000000223,164786,2024-02-04 15:17:00,35,Bank Transfer,none
UP-TXN-01846,UP00044,Mahesh Pandey,BARB000000000044,UP00453,Ravindra Tripathi,PUNB000000000453,58762,2024-07-16 14:31:00,198,Bank Transfer,none
UP-TXN-01847,UP00502,Neeraj Qureshi,UBIN000000000502,UP00450,Neeraj Nagar,UBIN000000000450,384525,2024-03-10 15:30:00,70,RTGS,none
UP-TXN-01848,UP00103,Mukhtar Tripathi,SBIN000000000103,UP00555,Anil Srivastav,UBIN000000000555,26240,2024-05-30 19:16:00,151,Bank Transfer,none
UP-TXN-01849,UP00211,Satish Shukla,SBIN000000000211,UP00372,Alok Bind,SBIN000000000372,63284,2024-08-24 17:29:00,237,Bank Transfer,none
UP-TXN-01850,UP00596,Neeraj Shukla,PUNB000000000596,UP00111,Deepak Yadav,PUNB000000000111,46243,2024-03-01 17:56:00,61,IMPS,hawala_structuring
UP-TXN-01851,UP00201,Chhotu Maurya,BARB000000000201,UP00073,Akhilesh Khan,PUNB000000000073,29052,2024-01-18 17:39:00,18,IMPS,none
UP-TXN-01852,UP00152,Sonu Rajput,PUNB000000000152,UP00140,Chhotu Gupta,SBIN000000000140,48674,2024-07-26 16:31:00,208,NEFT,hawala_structuring
UP-TXN-01853,UP00147,Suresh Pal,PUNB000000000147,UP00419,Gufran Dubey,SBIN000000000419,49366,2024-04-25 10:18:00,116,UPI,hawala_structuring
UP-TXN-01854,UP00225,Abhay Tripathi,BARB000000000225,UP00172,Sonu Chauhan,UBIN000000000172,48371,2024-06-03 13:41:00,155,NEFT,hawala_structuring
UP-TXN-01855,UP00347,Babloo Tripathi,UBIN000000000347,UP00127,Akhilesh Pandey,SBIN000000000127,163188,2024-06-01 11:51:00,153,Bank Transfer,none
UP-TXN-01856,UP00115,Virendra Tripathi,BARB000000000115,UP00220,Vikram Shukla,UBIN000000000220,48886,2024-06-25 12:21:00,177,NEFT,hawala_structuring
UP-TXN-01857,UP00425,Brijesh Tomar,HDFC000000000425,UP00252,Atiq Dubey,UBIN000000000252,296162,2024-01-01 11:28:00,1,RTGS,none
UP-TXN-01858,UP00101,Abhay Ansari,BARB000000000101,UP00399,Mukhtar Kushwaha,PUNB000000000399,331732,2024-03-11 13:13:00,71,RTGS,none
UP-TXN-01859,UP00357,Amit Shukla,HDFC000000000357,UP00490,Mukhtar Mishra,PUNB000000000490,248901,2024-06-02 15:07:00,154,RTGS,none
UP-TXN-01860,UP00111,Deepak Yadav,PUNB000000000111,UP00332,Pankaj Qureshi,PUNB000000000332,39892,2024-02-21 14:50:00,52,IMPS,none
UP-TXN-01861,UP00145,Akhilesh Shukla,SBIN000000000145,UP00378,Abhay Rawat,SBIN000000000378,305275,2024-04-02 19:42:00,93,RTGS,none
UP-TXN-01862,UP00495,Tariq Chaudhary,PUNB000000000495,UP00418,Ajay Maurya,PUNB000000000418,49407,2024-03-24 12:51:00,84,UPI,hawala_structuring
UP-TXN-01863,UP00394,Manoj Siddiqui,SBIN000000000394,UP00175,Munna Rajput,HDFC000000000175,24306,2024-06-06 13:16:00,158,Bank Transfer,none
UP-TXN-01864,UP00282,Tariq Dubey,SBIN000000000282,UP00156,Imran Verma,BARB000000000156,45089,2024-01-16 13:24:00,16,IMPS,hawala_structuring
UP-TXN-01865,UP00321,Imran Dubey,UBIN000000000321,UP00523,Imran Shukla,SBIN000000000523,302658,2024-03-25 17:10:00,85,RTGS,none
UP-TXN-01866,UP00064,Alok Nagar,SBIN000000000064,UP00262,Tariq Tiwari,PUNB000000000262,47301,2024-01-09 16:32:00,9,UPI,hawala_structuring
UP-TXN-01867,UP00296,Imran Bind,SBIN000000000296,UP00483,Abhay Yadav,BARB000000000483,363664,2024-08-03 19:07:00,216,RTGS,none
UP-TXN-01868,UP00235,Imran Srivastav,UBIN000000000235,UP00259,Amit Chauhan,SBIN000000000259,9778,2024-06-02 16:37:00,154,Bank Transfer,none
UP-TXN-01869,UP00380,Brijesh Gurjar,PUNB000000000380,UP00350,Aslam Pandey,BARB000000000350,91305,2024-07-04 17:07:00,186,NEFT,none
UP-TXN-01870,UP00465,Abhay Nagar,SBIN000000000465,UP00420,Munna Yadav,SBIN000000000420,300515,2024-08-14 19:53:00,227,RTGS,none
UP-TXN-01871,UP00152,Sonu Rajput,PUNB000000000152,UP00577,Pappu Pandey,SBIN000000000577,47603,2024-07-31 09:53:00,213,IMPS,hawala_structuring
UP-TXN-01872,UP00407,Guddu Tomar,UBIN000000000407,UP00421,Akhilesh Mishra,SBIN000000000421,395739,2024-05-01 18:35:00,122,RTGS,none
UP-TXN-01873,UP00249,Neeraj Pandey,HDFC000000000249,UP00280,Pappu Gupta,HDFC000000000280,49874,2024-08-23 09:38:00,236,UPI,hawala_structuring
UP-TXN-01874,UP00277,Dharmendra Gautam,SBIN000000000277,UP00210,Rizwan Nishad,HDFC000000000210,272676,2024-01-24 11:01:00,24,RTGS,none
UP-TXN-01875,UP00499,Akhilesh Bind,SBIN000000000499,UP00475,Pramod Gupta,UBIN000000000475,49802,2024-04-26 19:19:00,117,NEFT,hawala_structuring
UP-TXN-01876,UP00297,Vikram Yadav,UBIN000000000297,UP00133,Anil Nishad,BARB000000000133,131451,2024-08-11 12:18:00,224,NEFT,none
UP-TXN-01877,UP00206,Pramod Yadav,BARB000000000206,UP00359,Atiq Qureshi,UBIN000000000359,238875,2024-03-10 09:00:00,70,RTGS,none
UP-TXN-01878,UP00570,Mahesh Bind,BARB000000000570,UP00388,Mahesh Tripathi,PUNB000000000388,49554,2024-05-31 09:19:00,152,IMPS,hawala_structuring
UP-TXN-01879,UP00158,Rakesh Pal,BARB000000000158,UP00403,Imran Verma,SBIN000000000403,108272,2024-04-07 09:28:00,98,IMPS,none
UP-TXN-01880,UP00083,Anil Mishra,SBIN000000000083,UP00154,Santosh Gupta,SBIN000000000154,29133,2024-05-07 10:56:00,128,Bank Transfer,none
UP-TXN-01881,UP00544,Deepak Verma,PUNB000000000544,UP00077,Suresh Khan,PUNB000000000077,263325,2024-08-21 12:39:00,234,RTGS,none
UP-TXN-01882,UP00239,Pappu Rajput,SBIN000000000239,UP00145,Akhilesh Shukla,SBIN000000000145,300593,2024-03-29 17:53:00,89,RTGS,none
UP-TXN-01883,UP00570,Mahesh Bind,BARB000000000570,UP00489,Pramod Srivastav,SBIN000000000489,105181,2024-06-12 13:42:00,164,IMPS,none
UP-TXN-01884,UP00124,Chhotu Chaudhary,PUNB000000000124,UP00288,Bablu Qureshi,HDFC000000000288,310541,2024-08-02 18:37:00,215,RTGS,none
UP-TXN-01885,UP00479,Manoj Singh,PUNB000000000479,UP00300,Aslam Dubey,UBIN000000000300,21046,2024-05-14 19:06:00,135,NEFT,none
UP-TXN-01886,UP00024,Deepak Gautam,BARB000000000024,UP00444,Virendra Mishra,BARB000000000444,259137,2024-03-20 17:41:00,80,RTGS,none
UP-TXN-01887,UP00448,Babloo Pandey,BARB000000000448,UP00402,Ajay Dubey,SBIN000000000402,324030,2024-06-14 13:33:00,166,RTGS,none
UP-TXN-01888,UP00005,Ravindra Kushwaha,UBIN000000000005,UP00439,Tariq Maurya,SBIN000000000439,13042,2024-05-04 16:41:00,125,NEFT,none
UP-TXN-01889,UP00102,Deepak Gautam,SBIN000000000102,UP00401,Akhilesh Kushwaha,UBIN000000000401,47342,2024-04-17 14:53:00,108,IMPS,hawala_structuring
UP-TXN-01890,UP00537,Guddu Srivastav,SBIN000000000537,UP00319,Vikram Chauhan,HDFC000000000319,49349,2024-04-23 13:06:00,114,IMPS,hawala_structuring
UP-TXN-01891,UP00140,Chhotu Gupta,SBIN000000000140,UP00169,Atiq Qureshi,BARB000000000169,227720,2024-03-30 10:39:00,90,RTGS,none
UP-TXN-01892,UP00435,Sanjay Tomar,SBIN000000000435,UP00362,Neeraj Gautam,PUNB000000000362,430212,2024-01-13 19:04:00,13,RTGS,none
UP-TXN-01893,UP00059,Aslam Chauhan,BARB000000000059,UP00325,Guddu Siddiqui,PUNB000000000325,167216,2024-08-10 13:12:00,223,Bank Transfer,none
UP-TXN-01894,UP00337,Ravindra Pal,PUNB000000000337,UP00178,Rizwan Siddiqui,PUNB000000000178,69719,2024-08-17 14:09:00,230,NEFT,none
UP-TXN-01895,UP00085,Munna Verma,UBIN000000000085,UP00539,Akhilesh Pandey,PUNB000000000539,113849,2024-01-30 09:59:00,30,IMPS,none
UP-TXN-01896,UP00083,Anil Mishra,SBIN000000000083,UP00151,Dharmendra Nishad,PUNB000000000151,46992,2024-07-18 18:43:00,200,UPI,hawala_structuring
UP-TXN-01897,UP00412,Atiq Qureshi,SBIN000000000412,UP00500,Vikram Gurjar,PUNB000000000500,48919,2024-02-07 11:13:00,38,NEFT,hawala_structuring
UP-TXN-01898,UP00453,Ravindra Tripathi,PUNB000000000453,UP00579,Mukhtar Tripathi,BARB000000000579,206464,2024-04-16 09:23:00,107,RTGS,none
UP-TXN-01899,UP00291,Rakesh Rawat,UBIN000000000291,UP00155,Satish Tyagi,SBIN000000000155,5048,2024-07-16 10:38:00,198,NEFT,none
UP-TXN-01900,UP00016,Sonu Tiwari,SBIN000000000016,UP00166,Guddu Shukla,UBIN000000000166,45902,2024-04-30 19:27:00,121,UPI,hawala_structuring
UP-TXN-01901,UP00372,Alok Bind,SBIN000000000372,UP00363,Munna Tomar,BARB000000000363,202195,2024-02-28 15:37:00,59,RTGS,none
UP-TXN-01902,UP00258,Suresh Pal,UBIN000000000258,UP00344,Neeraj Kushwaha,HDFC000000000344,422428,2024-06-28 19:45:00,180,RTGS,none
UP-TXN-01903,UP00205,Anil Dubey,BARB000000000205,UP00563,Guddu Chauhan,SBIN000000000563,394518,2024-04-25 18:46:00,116,RTGS,none
UP-TXN-01904,UP00225,Abhay Tripathi,BARB000000000225,UP00140,Chhotu Gupta,SBIN000000000140,25730,2024-05-16 18:09:00,137,NEFT,none
UP-TXN-01905,UP00376,Gufran Pal,BARB000000000376,UP00295,Neeraj Bind,SBIN000000000295,430894,2024-05-02 12:34:00,123,RTGS,none
UP-TXN-01906,UP00268,Abhay Bind,PUNB000000000268,UP00349,Dharmendra Ansari,SBIN000000000349,46951,2024-04-15 16:20:00,106,NEFT,hawala_structuring
UP-TXN-01907,UP00418,Ajay Maurya,PUNB000000000418,UP00551,Rajesh Gupta,HDFC000000000551,396395,2024-03-05 10:24:00,65,RTGS,none
UP-TXN-01908,UP00296,Imran Bind,SBIN000000000296,UP00567,Tariq Pandey,SBIN000000000567,45768,2024-04-18 11:13:00,109,UPI,hawala_structuring
UP-TXN-01909,UP00473,Chhotu Srivastav,SBIN000000000473,UP00445,Manoj Chauhan,PUNB000000000445,225146,2024-07-15 19:51:00,197,RTGS,none
UP-TXN-01910,UP00024,Deepak Gautam,BARB000000000024,UP00068,Mahesh Tomar,SBIN000000000068,448146,2024-04-15 19:28:00,106,RTGS,none
UP-TXN-01911,UP00287,Rajesh Gautam,SBIN000000000287,UP00228,Manoj Verma,HDFC000000000228,328952,2024-02-06 16:09:00,37,RTGS,none
UP-TXN-01912,UP00541,Sonu Tiwari,UBIN000000000541,UP00115,Virendra Tripathi,BARB000000000115,46829,2024-04-14 09:13:00,105,NEFT,hawala_structuring
UP-TXN-01913,UP00059,Aslam Chauhan,BARB000000000059,UP00114,Atiq Chaudhary,PUNB000000000114,118238,2024-05-05 15:05:00,126,Bank Transfer,none
UP-TXN-01914,UP00510,Rajesh Qureshi,BARB000000000510,UP00113,Imran Siddiqui,SBIN000000000113,367752,2024-06-06 12:22:00,158,RTGS,none
UP-TXN-01915,UP00074,Rajesh Tripathi,PUNB000000000074,UP00181,Sanjay Yadav,UBIN000000000181,275491,2024-05-06 16:07:00,127,RTGS,none
UP-TXN-01916,UP00326,Abhay Pal,PUNB000000000326,UP00257,Abhay Dubey,SBIN000000000257,428043,2024-03-07 09:21:00,67,RTGS,none
UP-TXN-01917,UP00377,Santosh Singh,UBIN000000000377,UP00111,Deepak Yadav,PUNB000000000111,146141,2024-07-13 13:13:00,195,IMPS,none
UP-TXN-01918,UP00025,Dhananjay Pal,SBIN000000000025,UP00305,Abhay Tyagi,UBIN000000000305,146642,2024-07-03 10:11:00,185,IMPS,none
UP-TXN-01919,UP00470,Tariq Chaudhary,SBIN000000000470,UP00429,Suresh Rawat,SBIN000000000429,13852,2024-01-25 14:32:00,25,Bank Transfer,none
UP-TXN-01920,UP00440,Guddu Mishra,UBIN000000000440,UP00043,Bablu Singh,PUNB000000000043,104626,2024-05-01 10:01:00,122,NEFT,none
UP-TXN-01921,UP00549,Mahesh Tyagi,SBIN000000000549,UP00083,Anil Mishra,SBIN000000000083,9399,2024-08-20 16:46:00,233,Bank Transfer,none
UP-TXN-01922,UP00027,Vikram Singh,PUNB000000000027,UP00111,Deepak Yadav,PUNB000000000111,48125,2024-06-05 09:36:00,157,Bank Transfer,hawala_structuring
UP-TXN-01923,UP00587,Mukhtar Yadav,PUNB000000000587,UP00555,Anil Srivastav,UBIN000000000555,324546,2024-05-28 18:39:00,149,RTGS,none
UP-TXN-01924,UP00323,Rajesh Siddiqui,PUNB000000000323,UP00343,Tariq Kushwaha,PUNB000000000343,47762,2024-01-21 09:19:00,21,UPI,hawala_structuring
UP-TXN-01925,UP00420,Munna Yadav,SBIN000000000420,UP00573,Imran Dubey,UBIN000000000573,47545,2024-03-02 12:12:00,62,IMPS,hawala_structuring
UP-TXN-01926,UP00571,Abhay Srivastav,SBIN000000000571,UP00063,Sanjay Pandey,SBIN000000000063,311490,2024-02-20 12:58:00,51,RTGS,none
UP-TXN-01927,UP00360,Atiq Chaudhary,UBIN000000000360,UP00314,Chhotu Rajput,UBIN000000000314,435125,2024-08-18 10:24:00,231,RTGS,none
UP-TXN-01928,UP00557,Neeraj Pandey,UBIN000000000557,UP00510,Rajesh Qureshi,BARB000000000510,159688,2024-07-09 16:15:00,191,Bank Transfer,none
UP-TXN-01929,UP00251,Santosh Rajput,SBIN000000000251,UP00291,Rakesh Rawat,UBIN000000000291,263570,2024-08-20 11:13:00,233,RTGS,none
UP-TXN-01930,UP00096,Chhotu Dubey,HDFC000000000096,UP00302,Dharmendra Dubey,SBIN000000000302,159775,2024-05-06 15:53:00,127,Bank Transfer,none
UP-TXN-01931,UP00468,Mukhtar Verma,BARB000000000468,UP00530,Amit Nagar,UBIN000000000530,188019,2024-07-03 14:17:00,185,Bank Transfer,none
UP-TXN-01932,UP00212,Akhilesh Nagar,HDFC000000000212,UP00042,Brijesh Tripathi,SBIN000000000042,250593,2024-03-06 17:09:00,66,RTGS,none
UP-TXN-01933,UP00205,Anil Dubey,BARB000000000205,UP00272,Neeraj Chauhan,SBIN000000000272,179302,2024-07-10 12:42:00,192,NEFT,none
UP-TXN-01934,UP00378,Abhay Rawat,SBIN000000000378,UP00488,Suresh Pandey,SBIN000000000488,167589,2024-03-26 09:02:00,86,Bank Transfer,none
UP-TXN-01935,UP00056,Ajay Jaiswal,SBIN000000000056,UP00523,Imran Shukla,SBIN000000000523,88592,2024-07-29 17:21:00,211,IMPS,none
UP-TXN-01936,UP00030,Ramesh Maurya,PUNB000000000030,UP00290,Pramod Yadav,PUNB000000000290,128970,2024-05-28 16:38:00,149,Bank Transfer,none
UP-TXN-01937,UP00199,Rizwan Yadav,PUNB000000000199,UP00289,Dharmendra Dubey,SBIN000000000289,384972,2024-07-21 15:16:00,203,RTGS,none
UP-TXN-01938,UP00138,Deepak Tiwari,SBIN000000000138,UP00496,Ravindra Yadav,HDFC000000000496,49497,2024-05-16 13:21:00,137,NEFT,hawala_structuring
UP-TXN-01939,UP00556,Aslam Pal,UBIN000000000556,UP00529,Dhananjay Kushwaha,SBIN000000000529,49586,2024-01-02 18:06:00,2,Bank Transfer,hawala_structuring
UP-TXN-01940,UP00507,Amit Singh,PUNB000000000507,UP00342,Pramod Yadav,BARB000000000342,71250,2024-04-04 12:47:00,95,NEFT,none
UP-TXN-01941,UP00537,Guddu Srivastav,SBIN000000000537,UP00388,Mahesh Tripathi,PUNB000000000388,254497,2024-02-02 09:29:00,33,RTGS,none
UP-TXN-01942,UP00380,Brijesh Gurjar,PUNB000000000380,UP00412,Atiq Qureshi,SBIN000000000412,218936,2024-04-28 11:07:00,119,RTGS,none
UP-TXN-01943,UP00426,Rakesh Khan,PUNB000000000426,UP00389,Atiq Yadav,PUNB000000000389,47323,2024-02-09 18:08:00,40,IMPS,hawala_structuring
UP-TXN-01944,UP00014,Bablu Bind,BARB000000000014,UP00351,Deepak Qureshi,SBIN000000000351,45198,2024-07-13 11:35:00,195,IMPS,hawala_structuring
UP-TXN-01945,UP00598,Virendra Mishra,UBIN000000000598,UP00225,Abhay Tripathi,BARB000000000225,232958,2024-03-15 16:47:00,75,RTGS,none
UP-TXN-01946,UP00259,Amit Chauhan,SBIN000000000259,UP00277,Dharmendra Gautam,SBIN000000000277,58668,2024-02-05 09:21:00,36,IMPS,none
UP-TXN-01947,UP00163,Rakesh Dubey,PUNB000000000163,UP00214,Imran Yadav,PUNB000000000214,292139,2024-04-26 19:07:00,117,RTGS,none
UP-TXN-01948,UP00090,Mukhtar Dubey,PUNB000000000090,UP00431,Dhananjay Bind,BARB000000000431,330554,2024-06-17 19:41:00,169,RTGS,none
UP-TXN-01949,UP00083,Anil Mishra,SBIN000000000083,UP00052,Amit Yadav,UBIN000000000052,46714,2024-06-15 10:50:00,167,IMPS,hawala_structuring
UP-TXN-01950,UP00074,Rajesh Tripathi,PUNB000000000074,UP00346,Tariq Verma,PUNB000000000346,45849,2024-06-20 16:54:00,172,UPI,hawala_structuring
UP-TXN-01951,UP00381,Chhotu Gurjar,PUNB000000000381,UP00190,Pappu Rawat,SBIN000000000190,418622,2024-08-16 18:40:00,229,RTGS,none
UP-TXN-01952,UP00347,Babloo Tripathi,UBIN000000000347,UP00588,Mukhtar Kushwaha,SBIN000000000588,186301,2024-07-25 14:44:00,207,Bank Transfer,none
UP-TXN-01953,UP00260,Munna Rajput,SBIN000000000260,UP00337,Ravindra Pal,PUNB000000000337,47349,2024-05-24 15:17:00,145,UPI,hawala_structuring
UP-TXN-01954,UP00272,Neeraj Chauhan,SBIN000000000272,UP00136,Anil Qureshi,SBIN000000000136,115510,2024-04-08 18:54:00,99,IMPS,none
UP-TXN-01955,UP00361,Chhotu Nishad,PUNB000000000361,UP00480,Rakesh Nishad,SBIN000000000480,280541,2024-04-20 18:20:00,111,RTGS,none
UP-TXN-01956,UP00482,Munna Singh,SBIN000000000482,UP00299,Santosh Maurya,PUNB000000000299,45101,2024-05-12 14:13:00,133,IMPS,hawala_structuring
UP-TXN-01957,UP00454,Tariq Shukla,BARB000000000454,UP00261,Rajesh Verma,UBIN000000000261,216097,2024-02-09 16:11:00,40,RTGS,none
UP-TXN-01958,UP00420,Munna Yadav,SBIN000000000420,UP00551,Rajesh Gupta,HDFC000000000551,403834,2024-05-22 12:37:00,143,RTGS,none
UP-TXN-01959,UP00497,Munna Rajput,SBIN000000000497,UP00437,Satish Verma,PUNB000000000437,400857,2024-02-19 10:46:00,50,RTGS,none
UP-TXN-01960,UP00546,Chhotu Rawat,SBIN000000000546,UP00500,Vikram Gurjar,PUNB000000000500,350131,2024-05-05 17:30:00,126,RTGS,none
UP-TXN-01961,UP00328,Atiq Chauhan,PUNB000000000328,UP00454,Tariq Shukla,BARB000000000454,284072,2024-03-31 11:53:00,91,RTGS,none
UP-TXN-01962,UP00059,Aslam Chauhan,BARB000000000059,UP00109,Satish Ansari,UBIN000000000109,138845,2024-05-25 13:07:00,146,Bank Transfer,none
UP-TXN-01963,UP00281,Abhay Yadav,SBIN000000000281,UP00090,Mukhtar Dubey,PUNB000000000090,109649,2024-02-26 16:19:00,57,NEFT,none
UP-TXN-01964,UP00339,Atiq Pal,PUNB000000000339,UP00252,Atiq Dubey,UBIN000000000252,45558,2024-06-17 17:25:00,169,NEFT,hawala_structuring
UP-TXN-01965,UP00339,Atiq Pal,PUNB000000000339,UP00581,Ravindra Chauhan,BARB000000000581,23951,2024-08-25 12:27:00,238,NEFT,none
UP-TXN-01966,UP00075,Anil Chauhan,PUNB000000000075,UP00454,Tariq Shukla,BARB000000000454,284470,2024-01-19 09:58:00,19,RTGS,none
UP-TXN-01967,UP00573,Imran Dubey,UBIN000000000573,UP00555,Anil Srivastav,UBIN000000000555,46215,2024-02-17 13:29:00,48,UPI,hawala_structuring
UP-TXN-01968,UP00351,Deepak Qureshi,SBIN000000000351,UP00147,Suresh Pal,PUNB000000000147,5164,2024-06-05 16:59:00,157,Bank Transfer,none
UP-TXN-01969,UP00125,Babloo Gupta,SBIN000000000125,UP00384,Dharmendra Singh,HDFC000000000384,47233,2024-06-19 12:52:00,171,NEFT,hawala_structuring
UP-TXN-01970,UP00513,Satish Shukla,PUNB000000000513,UP00059,Aslam Chauhan,BARB000000000059,48289,2024-07-28 13:52:00,210,IMPS,hawala_structuring
UP-TXN-01971,UP00021,Mahesh Qureshi,UBIN000000000021,UP00377,Santosh Singh,UBIN000000000377,319620,2024-05-01 16:37:00,122,RTGS,none
UP-TXN-01972,UP00468,Mukhtar Verma,BARB000000000468,UP00575,Suresh Gautam,PUNB000000000575,89971,2024-08-09 14:41:00,222,Bank Transfer,none
UP-TXN-01973,UP00317,Satish Tiwari,SBIN000000000317,UP00255,Gufran Tomar,SBIN000000000255,49753,2024-06-24 14:40:00,176,UPI,hawala_structuring
UP-TXN-01974,UP00530,Amit Nagar,UBIN000000000530,UP00081,Manoj Siddiqui,SBIN000000000081,48233,2024-06-30 12:42:00,182,IMPS,hawala_structuring
UP-TXN-01975,UP00442,Dhananjay Gupta,PUNB000000000442,UP00151,Dharmendra Nishad,PUNB000000000151,45620,2024-02-28 14:48:00,59,NEFT,hawala_structuring
UP-TXN-01976,UP00565,Ravindra Tomar,PUNB000000000565,UP00185,Akhilesh Pal,SBIN000000000185,47166,2024-07-21 14:50:00,203,IMPS,hawala_structuring
UP-TXN-01977,UP00506,Ravindra Shukla,SBIN000000000506,UP00549,Mahesh Tyagi,SBIN000000000549,33371,2024-08-14 18:28:00,227,IMPS,none
UP-TXN-01978,UP00307,Neeraj Shukla,SBIN000000000307,UP00266,Gufran Khan,BARB000000000266,49161,2024-06-04 09:09:00,156,IMPS,hawala_structuring
UP-TXN-01979,UP00526,Rajesh Nishad,SBIN000000000526,UP00142,Sonu Chaudhary,SBIN000000000142,60121,2024-05-30 19:39:00,151,Bank Transfer,none
UP-TXN-01980,UP00443,Imran Shukla,UBIN000000000443,UP00224,Neeraj Pandey,BARB000000000224,48092,2024-08-23 09:14:00,236,NEFT,hawala_structuring
UP-TXN-01981,UP00457,Dharmendra Gupta,UBIN000000000457,UP00214,Imran Yadav,PUNB000000000214,345731,2024-06-24 18:39:00,176,RTGS,none
UP-TXN-01982,UP00113,Imran Siddiqui,SBIN000000000113,UP00310,Sanjay Dubey,SBIN000000000310,46089,2024-06-08 16:41:00,160,NEFT,hawala_structuring
UP-TXN-01983,UP00197,Rajesh Nagar,PUNB000000000197,UP00315,Pramod Gautam,SBIN000000000315,349702,2024-03-19 10:21:00,79,RTGS,none
UP-TXN-01984,UP00585,Satish Tyagi,UBIN000000000585,UP00461,Ajay Rawat,UBIN000000000461,59883,2024-06-12 18:33:00,164,Bank Transfer,none
UP-TXN-01985,UP00303,Ravindra Chaudhary,BARB000000000303,UP00329,Amit Kushwaha,PUNB000000000329,400627,2024-03-30 18:01:00,90,RTGS,none
UP-TXN-01986,UP00211,Satish Shukla,SBIN000000000211,UP00204,Atiq Tomar,SBIN000000000204,54582,2024-02-15 12:41:00,46,NEFT,none
UP-TXN-01987,UP00518,Babloo Bind,PUNB000000000518,UP00486,Deepak Rawat,BARB000000000486,374222,2024-02-07 16:39:00,38,RTGS,none
UP-TXN-01988,UP00590,Atiq Jaiswal,BARB000000000590,UP00004,Imran Nishad,UBIN000000000004,429550,2024-06-29 10:01:00,181,RTGS,none
UP-TXN-01989,UP00107,Ravindra Jaiswal,PUNB000000000107,UP00381,Chhotu Gurjar,PUNB000000000381,317213,2024-08-03 18:13:00,216,RTGS,none
UP-TXN-01990,UP00454,Tariq Shukla,BARB000000000454,UP00350,Aslam Pandey,BARB000000000350,63073,2024-06-08 13:51:00,160,NEFT,none
UP-TXN-01991,UP00047,Chhotu Tripathi,BARB000000000047,UP00421,Akhilesh Mishra,SBIN000000000421,48841,2024-06-15 13:41:00,167,NEFT,hawala_structuring
UP-TXN-01992,UP00305,Abhay Tyagi,UBIN000000000305,UP00261,Rajesh Verma,UBIN000000000261,45220,2024-08-16 17:00:00,229,UPI,hawala_structuring
UP-TXN-01993,UP00074,Rajesh Tripathi,PUNB000000000074,UP00101,Abhay Ansari,BARB000000000101,49144,2024-04-27 16:19:00,118,NEFT,hawala_structuring
UP-TXN-01994,UP00227,Santosh Gupta,PUNB000000000227,UP00345,Vikram Dubey,SBIN000000000345,49448,2024-01-29 19:14:00,29,NEFT,hawala_structuring
UP-TXN-01995,UP00402,Ajay Dubey,SBIN000000000402,UP00106,Mahesh Chauhan,BARB000000000106,332955,2024-07-27 17:56:00,209,RTGS,none
UP-TXN-01996,UP00082,Ramesh Pandey,SBIN000000000082,UP00560,Guddu Verma,UBIN000000000560,276784,2024-02-07 15:42:00,38,RTGS,none
UP-TXN-01997,UP00459,Alok Chauhan,PUNB000000000459,UP00360,Atiq Chaudhary,UBIN000000000360,45453,2024-03-05 12:02:00,65,UPI,hawala_structuring
UP-TXN-01998,UP00437,Satish Verma,PUNB000000000437,UP00160,Deepak Gautam,SBIN000000000160,411233,2024-06-17 17:29:00,169,RTGS,none
UP-TXN-01999,UP00497,Munna Rajput,SBIN000000000497,UP00306,Imran Rawat,SBIN000000000306,230130,2024-01-16 09:07:00,16,RTGS,none
UP-TXN-02000,UP00057,Akhilesh Chauhan,SBIN000000000057,UP00049,Virendra Tyagi,HDFC000000000049,47917,2024-05-27 14:22:00,148,UPI,hawala_structuring
UP-TXN-02001,UP00586,Mahesh Srivastav,PUNB000000000586,UP00506,Ravindra Shukla,SBIN000000000506,261612,2024-06-25 17:25:00,177,RTGS,none
UP-TXN-02002,UP00430,Satish Gurjar,SBIN000000000430,UP00008,Gufran Tripathi,BARB000000000008,75470,2024-08-10 13:50:00,223,IMPS,none
UP-TXN-02003,UP00484,Dhananjay Nishad,PUNB000000000484,UP00392,Brijesh Tyagi,SBIN000000000392,166269,2024-03-11 19:40:00,71,Bank Transfer,none
UP-TXN-02004,UP00238,Virendra Tiwari,PUNB000000000238,UP00170,Rakesh Srivastav,UBIN000000000170,38046,2024-02-28 17:57:00,59,IMPS,none
UP-TXN-02005,UP00283,Akhilesh Shukla,PUNB000000000283,UP00313,Satish Gurjar,SBIN000000000313,196767,2024-03-09 17:04:00,69,NEFT,none
UP-TXN-02006,UP00511,Munna Jaiswal,UBIN000000000511,UP00259,Amit Chauhan,SBIN000000000259,49373,2024-03-10 12:23:00,70,IMPS,hawala_structuring
UP-TXN-02007,UP00184,Imran Nishad,UBIN000000000184,UP00406,Satish Shukla,PUNB000000000406,49533,2024-03-25 12:46:00,85,NEFT,hawala_structuring
UP-TXN-02008,UP00153,Sunil Shukla,HDFC000000000153,UP00516,Imran Dubey,UBIN000000000516,49921,2024-01-13 09:41:00,13,NEFT,hawala_structuring
UP-TXN-02009,UP00529,Dhananjay Kushwaha,SBIN000000000529,UP00488,Suresh Pandey,SBIN000000000488,184932,2024-02-06 14:20:00,37,IMPS,none
UP-TXN-02010,UP00363,Munna Tomar,BARB000000000363,UP00437,Satish Verma,PUNB000000000437,418484,2024-05-20 18:42:00,141,RTGS,none
UP-TXN-02011,UP00528,Rakesh Rawat,HDFC000000000528,UP00288,Bablu Qureshi,HDFC000000000288,47840,2024-01-25 12:27:00,25,IMPS,hawala_structuring
UP-TXN-02012,UP00191,Suresh Pal,SBIN000000000191,UP00488,Suresh Pandey,SBIN000000000488,217369,2024-03-18 15:02:00,78,RTGS,none
UP-TXN-02013,UP00231,Vikram Chauhan,UBIN000000000231,UP00435,Sanjay Tomar,SBIN000000000435,48970,2024-01-06 09:16:00,6,NEFT,hawala_structuring
UP-TXN-02014,UP00515,Aslam Shukla,SBIN000000000515,UP00580,Sunil Bind,SBIN000000000580,61769,2024-04-19 09:03:00,110,NEFT,none
UP-TXN-02015,UP00225,Abhay Tripathi,BARB000000000225,UP00176,Amit Tiwari,UBIN000000000176,403752,2024-02-25 17:13:00,56,RTGS,none
UP-TXN-02016,UP00426,Rakesh Khan,PUNB000000000426,UP00275,Sanjay Ansari,HDFC000000000275,45089,2024-08-28 11:27:00,241,NEFT,hawala_structuring
UP-TXN-02017,UP00199,Rizwan Yadav,PUNB000000000199,UP00225,Abhay Tripathi,BARB000000000225,206297,2024-08-11 19:42:00,224,RTGS,none
UP-TXN-02018,UP00140,Chhotu Gupta,SBIN000000000140,UP00092,Vikram Rawat,SBIN000000000092,312688,2024-06-02 14:21:00,154,RTGS,none
UP-TXN-02019,UP00203,Tariq Siddiqui,SBIN000000000203,UP00594,Alok Gurjar,PUNB000000000594,277640,2024-06-23 19:05:00,175,RTGS,none
UP-TXN-02020,UP00207,Dhananjay Pandey,SBIN000000000207,UP00046,Rajesh Dubey,SBIN000000000046,439455,2024-01-15 11:27:00,15,RTGS,none
UP-TXN-02021,UP00039,Deepak Bind,PUNB000000000039,UP00132,Chhotu Singh,SBIN000000000132,46996,2024-01-23 18:00:00,23,NEFT,hawala_structuring
UP-TXN-02022,UP00050,Akhilesh Rawat,UBIN000000000050,UP00167,Sunil Kushwaha,BARB000000000167,47134,2024-02-26 16:27:00,57,IMPS,hawala_structuring
UP-TXN-02023,UP00030,Ramesh Maurya,PUNB000000000030,UP00242,Abhay Maurya,BARB000000000242,305113,2024-01-23 18:11:00,23,RTGS,none
UP-TXN-02024,UP00228,Manoj Verma,HDFC000000000228,UP00004,Imran Nishad,UBIN000000000004,177676,2024-02-07 12:28:00,38,IMPS,none
UP-TXN-02025,UP00135,Sunil Shukla,HDFC000000000135,UP00359,Atiq Qureshi,UBIN000000000359,330868,2024-07-03 16:33:00,185,RTGS,none
UP-TXN-02026,UP00241,Guddu Srivastav,SBIN000000000241,UP00028,Akhilesh Kushwaha,BARB000000000028,400469,2024-08-27 16:14:00,240,RTGS,none
UP-TXN-02027,UP00562,Anil Bind,BARB000000000562,UP00346,Tariq Verma,PUNB000000000346,10338,2024-05-09 18:56:00,130,NEFT,none
UP-TXN-02028,UP00230,Tariq Qureshi,PUNB000000000230,UP00124,Chhotu Chaudhary,PUNB000000000124,224919,2024-07-12 17:43:00,194,RTGS,none
UP-TXN-02029,UP00554,Satish Rawat,SBIN000000000554,UP00394,Manoj Siddiqui,SBIN000000000394,62383,2024-03-02 15:13:00,62,NEFT,none
UP-TXN-02030,UP00367,Abhay Srivastav,HDFC000000000367,UP00247,Vikram Khan,SBIN000000000247,47029,2024-01-18 15:10:00,18,IMPS,hawala_structuring
UP-TXN-02031,UP00581,Ravindra Chauhan,BARB000000000581,UP00143,Vikram Pal,PUNB000000000143,199237,2024-01-04 18:38:00,4,NEFT,none
UP-TXN-02032,UP00105,Rizwan Tiwari,SBIN000000000105,UP00171,Babloo Qureshi,PUNB000000000171,49313,2024-05-16 17:20:00,137,NEFT,hawala_structuring
UP-TXN-02033,UP00428,Vikram Shukla,SBIN000000000428,UP00291,Rakesh Rawat,UBIN000000000291,70674,2024-04-01 09:20:00,92,IMPS,none
UP-TXN-02034,UP00348,Rakesh Pal,PUNB000000000348,UP00483,Abhay Yadav,BARB000000000483,219680,2024-08-24 19:44:00,237,RTGS,none
UP-TXN-02035,UP00347,Babloo Tripathi,UBIN000000000347,UP00391,Dhananjay Pandey,BARB000000000391,250366,2024-08-16 19:15:00,229,RTGS,none
UP-TXN-02036,UP00198,Tariq Bind,HDFC000000000198,UP00106,Mahesh Chauhan,BARB000000000106,47097,2024-04-11 10:02:00,102,UPI,hawala_structuring
UP-TXN-02037,UP00455,Sonu Jaiswal,SBIN000000000455,UP00320,Ramesh Nagar,SBIN000000000320,48003,2024-04-05 10:18:00,96,IMPS,hawala_structuring
UP-TXN-02038,UP00230,Tariq Qureshi,PUNB000000000230,UP00472,Rajesh Jaiswal,HDFC000000000472,412559,2024-03-31 13:40:00,91,RTGS,none
UP-TXN-02039,UP00293,Imran Singh,PUNB000000000293,UP00101,Abhay Ansari,BARB000000000101,48412,2024-04-30 19:14:00,121,NEFT,hawala_structuring
UP-TXN-02040,UP00540,Ramesh Khan,PUNB000000000540,UP00040,Rizwan Mishra,UBIN000000000040,47064,2024-03-15 14:30:00,75,UPI,hawala_structuring
UP-TXN-02041,UP00490,Mukhtar Mishra,PUNB000000000490,UP00506,Ravindra Shukla,SBIN000000000506,303824,2024-04-21 15:42:00,112,RTGS,none
UP-TXN-02042,UP00033,Aslam Tomar,PUNB000000000033,UP00480,Rakesh Nishad,SBIN000000000480,106190,2024-06-20 15:50:00,172,NEFT,none
UP-TXN-02043,UP00278,Babloo Gautam,SBIN000000000278,UP00399,Mukhtar Kushwaha,PUNB000000000399,197612,2024-06-27 19:09:00,179,IMPS,none
UP-TXN-02044,UP00599,Sanjay Gupta,PUNB000000000599,UP00039,Deepak Bind,PUNB000000000039,440366,2024-06-29 15:11:00,181,RTGS,none
UP-TXN-02045,UP00356,Alok Gautam,UBIN000000000356,UP00082,Ramesh Pandey,SBIN000000000082,48886,2024-05-05 12:39:00,126,IMPS,hawala_structuring
UP-TXN-02046,UP00308,Imran Jaiswal,UBIN000000000308,UP00241,Guddu Srivastav,SBIN000000000241,341518,2024-05-21 12:31:00,142,RTGS,none
UP-TXN-02047,UP00058,Suresh Jaiswal,UBIN000000000058,UP00228,Manoj Verma,HDFC000000000228,196691,2024-08-05 17:13:00,218,IMPS,none
UP-TXN-02048,UP00237,Sunil Gupta,SBIN000000000237,UP00161,Rajesh Nagar,SBIN000000000161,48497,2024-01-15 17:38:00,15,UPI,hawala_structuring
UP-TXN-02049,UP00081,Manoj Siddiqui,SBIN000000000081,UP00241,Guddu Srivastav,SBIN000000000241,392996,2024-04-18 19:41:00,109,RTGS,none
UP-TXN-02050,UP00539,Akhilesh Pandey,PUNB000000000539,UP00542,Virendra Kushwaha,SBIN000000000542,33111,2024-01-18 19:50:00,18,IMPS,none
UP-TXN-02051,UP00318,Abhay Rawat,BARB000000000318,UP00337,Ravindra Pal,PUNB000000000337,284953,2024-06-16 18:31:00,168,RTGS,none
UP-TXN-02052,UP00512,Dhananjay Srivastav,UBIN000000000512,UP00198,Tariq Bind,HDFC000000000198,20010,2024-08-06 19:30:00,219,NEFT,none
UP-TXN-02053,UP00539,Akhilesh Pandey,PUNB000000000539,UP00155,Satish Tyagi,SBIN000000000155,267897,2024-03-25 16:47:00,85,RTGS,none
UP-TXN-02054,UP00296,Imran Bind,SBIN000000000296,UP00069,Pramod Yadav,BARB000000000069,45322,2024-05-22 18:00:00,143,UPI,hawala_structuring
UP-TXN-02055,UP00475,Pramod Gupta,UBIN000000000475,UP00526,Rajesh Nishad,SBIN000000000526,54283,2024-06-19 10:23:00,171,IMPS,none
UP-TXN-02056,UP00214,Imran Yadav,PUNB000000000214,UP00248,Manoj Gupta,SBIN000000000248,47837,2024-01-02 11:56:00,2,UPI,hawala_structuring
UP-TXN-02057,UP00574,Chhotu Rajput,SBIN000000000574,UP00218,Dharmendra Gupta,UBIN000000000218,206367,2024-07-31 09:53:00,213,RTGS,none
UP-TXN-02058,UP00302,Dharmendra Dubey,SBIN000000000302,UP00550,Babloo Maurya,PUNB000000000550,263328,2024-05-01 15:08:00,122,RTGS,none
UP-TXN-02059,UP00275,Sanjay Ansari,HDFC000000000275,UP00577,Pappu Pandey,SBIN000000000577,48452,2024-08-22 13:49:00,235,NEFT,hawala_structuring
UP-TXN-02060,UP00368,Brijesh Chauhan,BARB000000000368,UP00252,Atiq Dubey,UBIN000000000252,338629,2024-03-24 09:25:00,84,RTGS,none
UP-TXN-02061,UP00106,Mahesh Chauhan,BARB000000000106,UP00183,Vikram Tripathi,PUNB000000000183,45995,2024-07-30 19:12:00,212,IMPS,hawala_structuring
UP-TXN-02062,UP00192,Gufran Chauhan,UBIN000000000192,UP00305,Abhay Tyagi,UBIN000000000305,46152,2024-04-01 16:34:00,92,IMPS,hawala_structuring
UP-TXN-02063,UP00334,Sonu Mishra,UBIN000000000334,UP00189,Anil Jaiswal,UBIN000000000189,49202,2024-05-26 09:27:00,147,NEFT,hawala_structuring
UP-TXN-02064,UP00138,Deepak Tiwari,SBIN000000000138,UP00527,Suresh Pandey,SBIN000000000527,48206,2024-03-29 10:43:00,89,IMPS,hawala_structuring
UP-TXN-02065,UP00230,Tariq Qureshi,PUNB000000000230,UP00439,Tariq Maurya,SBIN000000000439,120746,2024-06-14 17:56:00,166,NEFT,none
UP-TXN-02066,UP00151,Dharmendra Nishad,PUNB000000000151,UP00310,Sanjay Dubey,SBIN000000000310,16073,2024-03-21 11:11:00,81,NEFT,none
UP-TXN-02067,UP00021,Mahesh Qureshi,UBIN000000000021,UP00217,Abhay Bind,BARB000000000217,49735,2024-01-15 17:41:00,15,UPI,hawala_structuring
UP-TXN-02068,UP00044,Mahesh Pandey,BARB000000000044,UP00554,Satish Rawat,SBIN000000000554,46336,2024-07-30 11:39:00,212,IMPS,hawala_structuring
UP-TXN-02069,UP00508,Babloo Maurya,SBIN000000000508,UP00133,Anil Nishad,BARB000000000133,48626,2024-07-19 13:55:00,201,NEFT,hawala_structuring
UP-TXN-02070,UP00285,Abhay Yadav,BARB000000000285,UP00312,Dharmendra Singh,SBIN000000000312,232906,2024-03-09 16:36:00,69,RTGS,none
UP-TXN-02071,UP00029,Ramesh Gautam,PUNB000000000029,UP00193,Rizwan Pal,SBIN000000000193,196447,2024-02-19 17:52:00,50,IMPS,none
UP-TXN-02072,UP00419,Gufran Dubey,SBIN000000000419,UP00398,Manoj Nishad,PUNB000000000398,281176,2024-03-29 10:42:00,89,RTGS,none
UP-TXN-02073,UP00251,Santosh Rajput,SBIN000000000251,UP00189,Anil Jaiswal,UBIN000000000189,47122,2024-01-27 10:25:00,27,UPI,hawala_structuring
UP-TXN-02074,UP00394,Manoj Siddiqui,SBIN000000000394,UP00098,Sonu Qureshi,UBIN000000000098,47035,2024-01-26 09:07:00,26,NEFT,hawala_structuring
UP-TXN-02075,UP00365,Brijesh Yadav,PUNB000000000365,UP00311,Babloo Ansari,PUNB000000000311,293809,2024-07-01 13:55:00,183,RTGS,none
UP-TXN-02076,UP00045,Tariq Tiwari,UBIN000000000045,UP00486,Deepak Rawat,BARB000000000486,439803,2024-07-23 11:55:00,205,RTGS,none
UP-TXN-02077,UP00109,Satish Ansari,UBIN000000000109,UP00447,Deepak Tripathi,PUNB000000000447,48217,2024-07-17 16:57:00,199,IMPS,hawala_structuring
UP-TXN-02078,UP00165,Mukhtar Nagar,SBIN000000000165,UP00350,Aslam Pandey,BARB000000000350,49771,2024-01-11 11:43:00,11,IMPS,hawala_structuring
UP-TXN-02079,UP00062,Manoj Chauhan,UBIN000000000062,UP00133,Anil Nishad,BARB000000000133,48205,2024-07-01 10:29:00,183,UPI,hawala_structuring
UP-TXN-02080,UP00435,Sanjay Tomar,SBIN000000000435,UP00540,Ramesh Khan,PUNB000000000540,59973,2024-06-17 19:40:00,169,IMPS,none
UP-TXN-02081,UP00595,Aslam Maurya,SBIN000000000595,UP00135,Sunil Shukla,HDFC000000000135,303725,2024-03-08 09:09:00,68,RTGS,none
UP-TXN-02082,UP00197,Rajesh Nagar,PUNB000000000197,UP00389,Atiq Yadav,PUNB000000000389,49397,2024-04-29 18:07:00,120,NEFT,hawala_structuring
UP-TXN-02083,UP00382,Atiq Nagar,PUNB000000000382,UP00026,Rajesh Shukla,BARB000000000026,377987,2024-08-11 18:23:00,224,RTGS,none
UP-TXN-02084,UP00442,Dhananjay Gupta,PUNB000000000442,UP00323,Rajesh Siddiqui,PUNB000000000323,45010,2024-02-15 12:44:00,46,UPI,hawala_structuring
UP-TXN-02085,UP00084,Guddu Nishad,UBIN000000000084,UP00184,Imran Nishad,UBIN000000000184,185166,2024-04-15 14:22:00,106,IMPS,none
UP-TXN-02086,UP00007,Gufran Siddiqui,PUNB000000000007,UP00048,Imran Maurya,PUNB000000000048,366353,2024-03-20 13:35:00,80,RTGS,none
UP-TXN-02087,UP00459,Alok Chauhan,PUNB000000000459,UP00465,Abhay Nagar,SBIN000000000465,365115,2024-01-06 17:27:00,6,RTGS,none
UP-TXN-02088,UP00303,Ravindra Chaudhary,BARB000000000303,UP00501,Ravindra Maurya,SBIN000000000501,300932,2024-01-27 12:38:00,27,RTGS,none
UP-TXN-02089,UP00518,Babloo Bind,PUNB000000000518,UP00248,Manoj Gupta,SBIN000000000248,175128,2024-01-26 19:09:00,26,Bank Transfer,none
UP-TXN-02090,UP00581,Ravindra Chauhan,BARB000000000581,UP00171,Babloo Qureshi,PUNB000000000171,46855,2024-01-11 16:49:00,11,UPI,hawala_structuring
UP-TXN-02091,UP00016,Sonu Tiwari,SBIN000000000016,UP00184,Imran Nishad,UBIN000000000184,45086,2024-06-29 12:00:00,181,NEFT,hawala_structuring
UP-TXN-02092,UP00422,Alok Shukla,BARB000000000422,UP00414,Suresh Shukla,SBIN000000000414,53595,2024-05-18 17:50:00,139,Bank Transfer,none
UP-TXN-02093,UP00201,Chhotu Maurya,BARB000000000201,UP00378,Abhay Rawat,SBIN000000000378,123253,2024-02-03 09:11:00,34,Bank Transfer,none
UP-TXN-02094,UP00321,Imran Dubey,UBIN000000000321,UP00570,Mahesh Bind,BARB000000000570,218109,2024-08-15 12:30:00,228,RTGS,none
UP-TXN-02095,UP00136,Anil Qureshi,SBIN000000000136,UP00345,Vikram Dubey,SBIN000000000345,48212,2024-04-03 10:19:00,94,NEFT,hawala_structuring
UP-TXN-02096,UP00518,Babloo Bind,PUNB000000000518,UP00294,Akhilesh Mishra,SBIN000000000294,48161,2024-07-12 19:50:00,194,UPI,hawala_structuring
UP-TXN-02097,UP00465,Abhay Nagar,SBIN000000000465,UP00234,Virendra Nagar,PUNB000000000234,347625,2024-01-28 19:48:00,28,RTGS,none
UP-TXN-02098,UP00576,Babloo Shukla,SBIN000000000576,UP00518,Babloo Bind,PUNB000000000518,247210,2024-02-09 09:23:00,40,RTGS,none
UP-TXN-02099,UP00422,Alok Shukla,BARB000000000422,UP00550,Babloo Maurya,PUNB000000000550,47351,2024-06-22 19:24:00,174,UPI,hawala_structuring
UP-TXN-02100,UP00358,Akhilesh Nagar,UBIN000000000358,UP00568,Brijesh Gautam,BARB000000000568,139752,2024-01-03 16:43:00,3,IMPS,none
UP-TXN-02101,UP00283,Akhilesh Shukla,PUNB000000000283,UP00179,Pramod Gurjar,PUNB000000000179,47753,2024-03-16 13:00:00,76,UPI,hawala_structuring
UP-TXN-02102,UP00098,Sonu Qureshi,UBIN000000000098,UP00223,Rakesh Bind,SBIN000000000223,49459,2024-06-05 13:34:00,157,IMPS,hawala_structuring
UP-TXN-02103,UP00307,Neeraj Shukla,SBIN000000000307,UP00263,Ajay Gautam,UBIN000000000263,423429,2024-01-09 15:16:00,9,RTGS,none
UP-TXN-02104,UP00356,Alok Gautam,UBIN000000000356,UP00302,Dharmendra Dubey,SBIN000000000302,227415,2024-02-24 11:59:00,55,RTGS,none
UP-TXN-02105,UP00075,Anil Chauhan,PUNB000000000075,UP00423,Pramod Kushwaha,SBIN000000000423,355121,2024-08-18 09:22:00,231,RTGS,none
UP-TXN-02106,UP00352,Chhotu Tomar,UBIN000000000352,UP00183,Vikram Tripathi,PUNB000000000183,49606,2024-02-16 16:34:00,47,NEFT,hawala_structuring
UP-TXN-02107,UP00390,Guddu Siddiqui,SBIN000000000390,UP00313,Satish Gurjar,SBIN000000000313,46292,2024-06-15 18:43:00,167,IMPS,hawala_structuring
UP-TXN-02108,UP00600,Imran Chaudhary,SBIN000000000600,UP00327,Guddu Tomar,BARB000000000327,45096,2024-03-28 17:18:00,88,UPI,hawala_structuring
UP-TXN-02109,UP00577,Pappu Pandey,SBIN000000000577,UP00117,Munna Gurjar,PUNB000000000117,186284,2024-03-09 09:08:00,69,NEFT,none
UP-TXN-02110,UP00037,Sunil Gautam,PUNB000000000037,UP00126,Tariq Pandey,PUNB000000000126,49045,2024-07-09 19:05:00,191,IMPS,hawala_structuring
UP-TXN-02111,UP00391,Dhananjay Pandey,BARB000000000391,UP00374,Ramesh Rajput,PUNB000000000374,165419,2024-03-02 16:54:00,62,NEFT,none
UP-TXN-02112,UP00374,Ramesh Rajput,PUNB000000000374,UP00006,Rizwan Chaudhary,BARB000000000006,215655,2024-07-10 17:52:00,192,RTGS,none
UP-TXN-02113,UP00582,Imran Kushwaha,HDFC000000000582,UP00584,Alok Pandey,PUNB000000000584,194870,2024-04-05 14:43:00,96,IMPS,none
UP-TXN-02114,UP00346,Tariq Verma,PUNB000000000346,UP00413,Pramod Nagar,BARB000000000413,304552,2024-02-12 11:29:00,43,RTGS,none
UP-TXN-02115,UP00359,Atiq Qureshi,UBIN000000000359,UP00224,Neeraj Pandey,BARB000000000224,264959,2024-03-22 11:32:00,82,RTGS,none
UP-TXN-02116,UP00481,Ajay Ansari,BARB000000000481,UP00411,Amit Rajput,SBIN000000000411,204121,2024-07-23 13:56:00,205,RTGS,none
UP-TXN-02117,UP00452,Imran Nagar,PUNB000000000452,UP00074,Rajesh Tripathi,PUNB000000000074,47492,2024-06-04 16:06:00,156,IMPS,hawala_structuring
UP-TXN-02118,UP00244,Satish Bind,UBIN000000000244,UP00410,Amit Maurya,BARB000000000410,46882,2024-03-18 10:19:00,78,IMPS,hawala_structuring
UP-TXN-02119,UP00541,Sonu Tiwari,UBIN000000000541,UP00270,Bablu Ansari,SBIN000000000270,47538,2024-03-07 16:31:00,67,UPI,hawala_structuring
UP-TXN-02120,UP00574,Chhotu Rajput,SBIN000000000574,UP00002,Rajesh Tiwari,HDFC000000000002,48167,2024-08-25 11:30:00,238,UPI,hawala_structuring
UP-TXN-02121,UP00047,Chhotu Tripathi,BARB000000000047,UP00363,Munna Tomar,BARB000000000363,423334,2024-04-16 12:36:00,107,RTGS,none
UP-TXN-02122,UP00552,Abhay Khan,SBIN000000000552,UP00369,Sonu Gautam,PUNB000000000369,47228,2024-06-21 17:42:00,173,NEFT,hawala_structuring
UP-TXN-02123,UP00263,Ajay Gautam,UBIN000000000263,UP00500,Vikram Gurjar,PUNB000000000500,48392,2024-06-20 13:52:00,172,UPI,hawala_structuring
UP-TXN-02124,UP00017,Dharmendra Yadav,UBIN000000000017,UP00187,Rakesh Mishra,UBIN000000000187,366008,2024-04-08 13:25:00,99,RTGS,none
UP-TXN-02125,UP00421,Akhilesh Mishra,SBIN000000000421,UP00329,Amit Kushwaha,PUNB000000000329,49213,2024-07-14 18:27:00,196,NEFT,hawala_structuring
UP-TXN-02126,UP00018,Pankaj Siddiqui,SBIN000000000018,UP00261,Rajesh Verma,UBIN000000000261,389770,2024-02-09 18:09:00,40,RTGS,none
UP-TXN-02127,UP00192,Gufran Chauhan,UBIN000000000192,UP00414,Suresh Shukla,SBIN000000000414,333801,2024-04-28 15:46:00,119,RTGS,none
UP-TXN-02128,UP00049,Virendra Tyagi,HDFC000000000049,UP00038,Sunil Tiwari,PUNB000000000038,186856,2024-02-09 12:30:00,40,Bank Transfer,none
UP-TXN-02129,UP00424,Atiq Bind,HDFC000000000424,UP00576,Babloo Shukla,SBIN000000000576,46350,2024-01-18 17:30:00,18,UPI,hawala_structuring
UP-TXN-02130,UP00431,Dhananjay Bind,BARB000000000431,UP00400,Abhay Nagar,PUNB000000000400,49546,2024-06-24 14:35:00,176,IMPS,hawala_structuring
UP-TXN-02131,UP00558,Sunil Chauhan,PUNB000000000558,UP00173,Sonu Dubey,PUNB000000000173,446043,2024-04-03 13:02:00,94,RTGS,none
UP-TXN-02132,UP00248,Manoj Gupta,SBIN000000000248,UP00531,Atiq Siddiqui,BARB000000000531,39982,2024-02-12 10:36:00,43,IMPS,none
UP-TXN-02133,UP00233,Pappu Tripathi,SBIN000000000233,UP00212,Akhilesh Nagar,HDFC000000000212,232015,2024-02-09 16:36:00,40,RTGS,none
UP-TXN-02134,UP00354,Akhilesh Rajput,PUNB000000000354,UP00553,Pramod Chaudhary,PUNB000000000553,170381,2024-01-03 10:48:00,3,IMPS,none
UP-TXN-02135,UP00568,Brijesh Gautam,BARB000000000568,UP00386,Guddu Pal,UBIN000000000386,45084,2024-06-12 17:59:00,164,NEFT,hawala_structuring
UP-TXN-02136,UP00228,Manoj Verma,HDFC000000000228,UP00380,Brijesh Gurjar,PUNB000000000380,328371,2024-03-08 16:30:00,68,RTGS,none
UP-TXN-02137,UP00144,Rakesh Rajput,PUNB000000000144,UP00586,Mahesh Srivastav,PUNB000000000586,195487,2024-06-23 10:45:00,175,NEFT,none
UP-TXN-02138,UP00265,Santosh Yadav,SBIN000000000265,UP00260,Munna Rajput,SBIN000000000260,215493,2024-08-18 09:23:00,231,RTGS,none
UP-TXN-02139,UP00160,Deepak Gautam,SBIN000000000160,UP00583,Vikram Gurjar,SBIN000000000583,46051,2024-01-18 16:38:00,18,NEFT,hawala_structuring
UP-TXN-02140,UP00065,Munna Srivastav,PUNB000000000065,UP00390,Guddu Siddiqui,SBIN000000000390,368243,2024-07-01 17:37:00,183,RTGS,none
UP-TXN-02141,UP00391,Dhananjay Pandey,BARB000000000391,UP00593,Vikram Dubey,UBIN000000000593,385659,2024-02-04 19:32:00,35,RTGS,none
UP-TXN-02142,UP00296,Imran Bind,SBIN000000000296,UP00368,Brijesh Chauhan,BARB000000000368,49708,2024-02-06 14:41:00,37,NEFT,hawala_structuring
UP-TXN-02143,UP00230,Tariq Qureshi,PUNB000000000230,UP00585,Satish Tyagi,UBIN000000000585,431293,2024-04-05 16:35:00,96,RTGS,none
UP-TXN-02144,UP00069,Pramod Yadav,BARB000000000069,UP00293,Imran Singh,PUNB000000000293,49536,2024-05-13 14:39:00,134,NEFT,hawala_structuring
UP-TXN-02145,UP00311,Babloo Ansari,PUNB000000000311,UP00318,Abhay Rawat,BARB000000000318,46680,2024-04-21 18:50:00,112,UPI,hawala_structuring
UP-TXN-02146,UP00479,Manoj Singh,PUNB000000000479,UP00403,Imran Verma,SBIN000000000403,359556,2024-03-03 12:11:00,63,RTGS,none
UP-TXN-02147,UP00046,Rajesh Dubey,SBIN000000000046,UP00290,Pramod Yadav,PUNB000000000290,46045,2024-02-18 19:34:00,49,NEFT,hawala_structuring
UP-TXN-02148,UP00354,Akhilesh Rajput,PUNB000000000354,UP00448,Babloo Pandey,BARB000000000448,47683,2024-03-26 11:29:00,86,NEFT,hawala_structuring
UP-TXN-02149,UP00290,Pramod Yadav,PUNB000000000290,UP00007,Gufran Siddiqui,PUNB000000000007,257661,2024-05-31 18:59:00,152,RTGS,none
UP-TXN-02150,UP00347,Babloo Tripathi,UBIN000000000347,UP00133,Anil Nishad,BARB000000000133,57153,2024-06-04 13:06:00,156,IMPS,none
UP-TXN-02151,UP00149,Neeraj Khan,UBIN000000000149,UP00063,Sanjay Pandey,SBIN000000000063,45227,2024-06-30 15:23:00,182,NEFT,hawala_structuring
UP-TXN-02152,UP00117,Munna Gurjar,PUNB000000000117,UP00504,Anil Tiwari,PUNB000000000504,354196,2024-07-03 09:35:00,185,RTGS,none
UP-TXN-02153,UP00133,Anil Nishad,BARB000000000133,UP00471,Imran Gupta,SBIN000000000471,47576,2024-04-11 14:35:00,102,IMPS,hawala_structuring
UP-TXN-02154,UP00036,Amit Kushwaha,SBIN000000000036,UP00218,Dharmendra Gupta,UBIN000000000218,406200,2024-05-19 10:32:00,140,RTGS,none
UP-TXN-02155,UP00153,Sunil Shukla,HDFC000000000153,UP00474,Neeraj Pal,BARB000000000474,71134,2024-08-27 19:44:00,240,NEFT,none
UP-TXN-02156,UP00168,Ravindra Srivastav,PUNB000000000168,UP00531,Atiq Siddiqui,BARB000000000531,351290,2024-07-18 09:36:00,200,RTGS,none
UP-TXN-02157,UP00461,Ajay Rawat,UBIN000000000461,UP00352,Chhotu Tomar,UBIN000000000352,48227,2024-04-21 19:02:00,112,IMPS,hawala_structuring
UP-TXN-02158,UP00600,Imran Chaudhary,SBIN000000000600,UP00271,Atiq Yadav,BARB000000000271,48798,2024-06-01 15:56:00,153,NEFT,hawala_structuring
UP-TXN-02159,UP00303,Ravindra Chaudhary,BARB000000000303,UP00540,Ramesh Khan,PUNB000000000540,45892,2024-03-21 11:29:00,81,IMPS,hawala_structuring
UP-TXN-02160,UP00146,Abhay Rajput,UBIN000000000146,UP00400,Abhay Nagar,PUNB000000000400,49047,2024-05-19 11:07:00,140,NEFT,hawala_structuring
UP-TXN-02161,UP00337,Ravindra Pal,PUNB000000000337,UP00451,Alok Chaudhary,UBIN000000000451,74980,2024-03-07 13:26:00,67,IMPS,none
UP-TXN-02162,UP00469,Dhananjay Dubey,SBIN000000000469,UP00059,Aslam Chauhan,BARB000000000059,68146,2024-07-24 13:34:00,206,NEFT,none
UP-TXN-02163,UP00304,Rajesh Mishra,BARB000000000304,UP00040,Rizwan Mishra,UBIN000000000040,46135,2024-01-30 18:40:00,30,IMPS,hawala_structuring
UP-TXN-02164,UP00521,Rizwan Kushwaha,UBIN000000000521,UP00465,Abhay Nagar,SBIN000000000465,434318,2024-06-01 18:37:00,153,RTGS,none
UP-TXN-02165,UP00031,Imran Tomar,PUNB000000000031,UP00285,Abhay Yadav,BARB000000000285,411518,2024-04-24 13:19:00,115,RTGS,none
UP-TXN-02166,UP00150,Virendra Yadav,PUNB000000000150,UP00230,Tariq Qureshi,PUNB000000000230,418008,2024-06-14 17:06:00,166,RTGS,none
UP-TXN-02167,UP00095,Akhilesh Tomar,BARB000000000095,UP00440,Guddu Mishra,UBIN000000000440,443529,2024-07-31 17:03:00,213,RTGS,none
UP-TXN-02168,UP00212,Akhilesh Nagar,HDFC000000000212,UP00186,Sunil Rajput,SBIN000000000186,48504,2024-08-17 13:03:00,230,NEFT,hawala_structuring
UP-TXN-02169,UP00511,Munna Jaiswal,UBIN000000000511,UP00476,Sonu Siddiqui,BARB000000000476,48615,2024-06-23 17:34:00,175,IMPS,hawala_structuring
UP-TXN-02170,UP00340,Akhilesh Tomar,SBIN000000000340,UP00020,Santosh Gurjar,BARB000000000020,48349,2024-03-06 13:23:00,66,UPI,hawala_structuring
UP-TXN-02171,UP00150,Virendra Yadav,PUNB000000000150,UP00094,Dharmendra Shukla,BARB000000000094,175847,2024-01-21 14:22:00,21,NEFT,none
UP-TXN-02172,UP00223,Rakesh Bind,SBIN000000000223,UP00292,Rakesh Rajput,BARB000000000292,124714,2024-03-18 09:59:00,78,NEFT,none
UP-TXN-02173,UP00453,Ravindra Tripathi,PUNB000000000453,UP00433,Sanjay Mishra,BARB000000000433,93426,2024-08-27 18:40:00,240,IMPS,none
UP-TXN-02174,UP00378,Abhay Rawat,SBIN000000000378,UP00436,Tariq Verma,SBIN000000000436,49573,2024-03-16 17:18:00,76,UPI,hawala_structuring
UP-TXN-02175,UP00088,Pankaj Tomar,BARB000000000088,UP00407,Guddu Tomar,UBIN000000000407,130524,2024-03-16 16:28:00,76,NEFT,none
UP-TXN-02176,UP00335,Pankaj Srivastav,UBIN000000000335,UP00440,Guddu Mishra,UBIN000000000440,18482,2024-07-27 11:55:00,209,NEFT,none
UP-TXN-02177,UP00357,Amit Shukla,HDFC000000000357,UP00572,Rakesh Ansari,UBIN000000000572,41323,2024-08-01 11:26:00,214,NEFT,none
UP-TXN-02178,UP00505,Rakesh Siddiqui,UBIN000000000505,UP00410,Amit Maurya,BARB000000000410,126555,2024-01-07 09:54:00,7,IMPS,none
UP-TXN-02179,UP00191,Suresh Pal,SBIN000000000191,UP00274,Ajay Singh,HDFC000000000274,48895,2024-08-17 17:05:00,230,NEFT,hawala_structuring
UP-TXN-02180,UP00463,Suresh Tripathi,UBIN000000000463,UP00300,Aslam Dubey,UBIN000000000300,48751,2024-02-24 09:07:00,55,UPI,hawala_structuring
UP-TXN-02181,UP00094,Dharmendra Shukla,BARB000000000094,UP00084,Guddu Nishad,UBIN000000000084,46947,2024-02-04 09:18:00,35,UPI,hawala_structuring
UP-TXN-02182,UP00438,Satish Jaiswal,BARB000000000438,UP00020,Santosh Gurjar,BARB000000000020,45480,2024-01-03 15:33:00,3,IMPS,hawala_structuring
UP-TXN-02183,UP00355,Santosh Chauhan,PUNB000000000355,UP00307,Neeraj Shukla,SBIN000000000307,345981,2024-08-22 17:20:00,235,RTGS,none
UP-TXN-02184,UP00530,Amit Nagar,UBIN000000000530,UP00096,Chhotu Dubey,HDFC000000000096,235992,2024-05-06 17:20:00,127,RTGS,none
UP-TXN-02185,UP00250,Rajesh Gurjar,UBIN000000000250,UP00130,Brijesh Nagar,BARB000000000130,399588,2024-03-26 13:19:00,86,RTGS,none
UP-TXN-02186,UP00145,Akhilesh Shukla,SBIN000000000145,UP00298,Munna Gurjar,SBIN000000000298,48902,2024-04-17 10:07:00,108,UPI,hawala_structuring
UP-TXN-02187,UP00094,Dharmendra Shukla,BARB000000000094,UP00278,Babloo Gautam,SBIN000000000278,409824,2024-01-28 17:48:00,28,RTGS,none
UP-TXN-02188,UP00375,Santosh Jaiswal,BARB000000000375,UP00307,Neeraj Shukla,SBIN000000000307,46538,2024-01-05 16:17:00,5,NEFT,hawala_structuring
UP-TXN-02189,UP00094,Dharmendra Shukla,BARB000000000094,UP00198,Tariq Bind,HDFC000000000198,47619,2024-04-04 10:56:00,95,IMPS,hawala_structuring
UP-TXN-02190,UP00243,Dharmendra Chaudhary,UBIN000000000243,UP00532,Amit Qureshi,BARB000000000532,46543,2024-05-08 11:09:00,129,IMPS,hawala_structuring
UP-TXN-02191,UP00312,Dharmendra Singh,SBIN000000000312,UP00547,Aslam Dubey,PUNB000000000547,46795,2024-05-17 13:37:00,138,NEFT,hawala_structuring
UP-TXN-02192,UP00529,Dhananjay Kushwaha,SBIN000000000529,UP00443,Imran Shukla,UBIN000000000443,362852,2024-07-26 13:19:00,208,RTGS,none
UP-TXN-02193,UP00263,Ajay Gautam,UBIN000000000263,UP00495,Tariq Chaudhary,PUNB000000000495,45801,2024-03-17 17:02:00,77,UPI,hawala_structuring
UP-TXN-02194,UP00374,Ramesh Rajput,PUNB000000000374,UP00474,Neeraj Pal,BARB000000000474,24492,2024-01-29 19:16:00,29,Bank Transfer,none
UP-TXN-02195,UP00011,Chhotu Gupta,PUNB000000000011,UP00378,Abhay Rawat,SBIN000000000378,11484,2024-07-06 14:13:00,188,NEFT,none
UP-TXN-02196,UP00157,Imran Singh,PUNB000000000157,UP00100,Rakesh Srivastav,HDFC000000000100,315653,2024-03-29 15:25:00,89,RTGS,none
UP-TXN-02197,UP00005,Ravindra Kushwaha,UBIN000000000005,UP00597,Anil Ansari,SBIN000000000597,304250,2024-02-03 09:16:00,34,RTGS,none
UP-TXN-02198,UP00445,Manoj Chauhan,PUNB000000000445,UP00205,Anil Dubey,BARB000000000205,385611,2024-07-04 12:27:00,186,RTGS,none
UP-TXN-02199,UP00452,Imran Nagar,PUNB000000000452,UP00046,Rajesh Dubey,SBIN000000000046,281469,2024-05-21 18:38:00,142,RTGS,none
UP-TXN-02200,UP00339,Atiq Pal,PUNB000000000339,UP00135,Sunil Shukla,HDFC000000000135,273497,2024-06-05 17:27:00,157,RTGS,none
UP-TXN-02201,UP00316,Satish Pal,BARB000000000316,UP00502,Neeraj Qureshi,UBIN000000000502,49937,2024-07-19 15:52:00,201,NEFT,hawala_structuring
UP-TXN-02202,UP00322,Rajesh Verma,PUNB000000000322,UP00375,Santosh Jaiswal,BARB000000000375,48522,2024-08-13 13:25:00,226,IMPS,hawala_structuring
UP-TXN-02203,UP00243,Dharmendra Chaudhary,UBIN000000000243,UP00275,Sanjay Ansari,HDFC000000000275,161318,2024-01-04 15:03:00,4,IMPS,none
UP-TXN-02204,UP00250,Rajesh Gurjar,UBIN000000000250,UP00350,Aslam Pandey,BARB000000000350,45489,2024-05-12 15:05:00,133,IMPS,hawala_structuring
UP-TXN-02205,UP00548,Aslam Tiwari,PUNB000000000548,UP00224,Neeraj Pandey,BARB000000000224,46913,2024-08-03 18:57:00,216,IMPS,hawala_structuring
UP-TXN-02206,UP00479,Manoj Singh,PUNB000000000479,UP00089,Santosh Siddiqui,HDFC000000000089,63650,2024-02-22 15:49:00,53,NEFT,none
UP-TXN-02207,UP00092,Vikram Rawat,SBIN000000000092,UP00576,Babloo Shukla,SBIN000000000576,49333,2024-02-29 13:21:00,60,UPI,hawala_structuring
UP-TXN-02208,UP00286,Abhay Jaiswal,HDFC000000000286,UP00529,Dhananjay Kushwaha,SBIN000000000529,307924,2024-08-15 18:35:00,228,RTGS,none
UP-TXN-02209,UP00102,Deepak Gautam,SBIN000000000102,UP00370,Neeraj Chaudhary,PUNB000000000370,47637,2024-01-24 14:25:00,24,IMPS,hawala_structuring
UP-TXN-02210,UP00017,Dharmendra Yadav,UBIN000000000017,UP00176,Amit Tiwari,UBIN000000000176,227926,2024-01-18 13:12:00,18,RTGS,none
UP-TXN-02211,UP00188,Pankaj Yadav,PUNB000000000188,UP00577,Pappu Pandey,SBIN000000000577,95826,2024-08-12 17:26:00,225,Bank Transfer,none
UP-TXN-02212,UP00317,Satish Tiwari,SBIN000000000317,UP00077,Suresh Khan,PUNB000000000077,46870,2024-06-25 15:57:00,177,UPI,hawala_structuring
UP-TXN-02213,UP00015,Amit Tyagi,SBIN000000000015,UP00532,Amit Qureshi,BARB000000000532,405421,2024-05-19 09:01:00,140,RTGS,none
UP-TXN-02214,UP00364,Akhilesh Gautam,SBIN000000000364,UP00184,Imran Nishad,UBIN000000000184,306710,2024-04-02 19:36:00,93,RTGS,none
UP-TXN-02215,UP00041,Neeraj Pal,SBIN000000000041,UP00381,Chhotu Gurjar,PUNB000000000381,45283,2024-01-29 12:11:00,29,NEFT,hawala_structuring
UP-TXN-02216,UP00156,Imran Verma,BARB000000000156,UP00420,Munna Yadav,SBIN000000000420,94104,2024-06-23 19:15:00,175,IMPS,none
UP-TXN-02217,UP00548,Aslam Tiwari,PUNB000000000548,UP00511,Munna Jaiswal,UBIN000000000511,46915,2024-07-05 11:51:00,187,UPI,hawala_structuring
UP-TXN-02218,UP00076,Mahesh Mishra,PUNB000000000076,UP00017,Dharmendra Yadav,UBIN000000000017,182528,2024-05-18 15:24:00,139,NEFT,none
UP-TXN-02219,UP00081,Manoj Siddiqui,SBIN000000000081,UP00322,Rajesh Verma,PUNB000000000322,47854,2024-07-27 17:48:00,209,IMPS,hawala_structuring
UP-TXN-02220,UP00224,Neeraj Pandey,BARB000000000224,UP00019,Tariq Gautam,PUNB000000000019,126366,2024-02-22 13:31:00,53,Bank Transfer,none
UP-TXN-02221,UP00050,Akhilesh Rawat,UBIN000000000050,UP00078,Rizwan Gurjar,SBIN000000000078,160864,2024-05-18 17:06:00,139,NEFT,none
UP-TXN-02222,UP00545,Ravindra Qureshi,HDFC000000000545,UP00334,Sonu Mishra,UBIN000000000334,48067,2024-05-01 13:56:00,122,UPI,hawala_structuring
UP-TXN-02223,UP00319,Vikram Chauhan,HDFC000000000319,UP00023,Sanjay Jaiswal,PUNB000000000023,191130,2024-01-15 12:30:00,15,NEFT,none
UP-TXN-02224,UP00054,Sonu Chaudhary,SBIN000000000054,UP00378,Abhay Rawat,SBIN000000000378,45413,2024-06-18 12:31:00,170,IMPS,hawala_structuring
UP-TXN-02225,UP00190,Pappu Rawat,SBIN000000000190,UP00093,Abhay Nishad,UBIN000000000093,47453,2024-05-03 16:23:00,124,Bank Transfer,hawala_structuring
UP-TXN-02226,UP00354,Akhilesh Rajput,PUNB000000000354,UP00338,Sonu Shukla,PUNB000000000338,47147,2024-08-01 09:21:00,214,IMPS,hawala_structuring
UP-TXN-02227,UP00039,Deepak Bind,PUNB000000000039,UP00202,Pramod Tiwari,UBIN000000000202,46673,2024-08-09 15:52:00,222,NEFT,hawala_structuring
UP-TXN-02228,UP00143,Vikram Pal,PUNB000000000143,UP00583,Vikram Gurjar,SBIN000000000583,240906,2024-08-02 10:04:00,215,RTGS,none
UP-TXN-02229,UP00316,Satish Pal,BARB000000000316,UP00347,Babloo Tripathi,UBIN000000000347,46348,2024-02-18 19:56:00,49,UPI,hawala_structuring
UP-TXN-02230,UP00285,Abhay Yadav,BARB000000000285,UP00212,Akhilesh Nagar,HDFC000000000212,49174,2024-03-31 15:00:00,91,UPI,hawala_structuring
UP-TXN-02231,UP00092,Vikram Rawat,SBIN000000000092,UP00292,Rakesh Rajput,BARB000000000292,48974,2024-01-26 18:20:00,26,UPI,hawala_structuring
UP-TXN-02232,UP00286,Abhay Jaiswal,HDFC000000000286,UP00591,Anil Ansari,HDFC000000000591,333201,2024-06-10 16:08:00,162,RTGS,none
UP-TXN-02233,UP00201,Chhotu Maurya,BARB000000000201,UP00277,Dharmendra Gautam,SBIN000000000277,45643,2024-02-08 16:17:00,39,NEFT,hawala_structuring
UP-TXN-02234,UP00077,Suresh Khan,PUNB000000000077,UP00328,Atiq Chauhan,PUNB000000000328,208211,2024-04-02 11:32:00,93,RTGS,none
UP-TXN-02235,UP00336,Dhananjay Rawat,PUNB000000000336,UP00125,Babloo Gupta,SBIN000000000125,406289,2024-01-10 10:28:00,10,RTGS,none
UP-TXN-02236,UP00030,Ramesh Maurya,PUNB000000000030,UP00175,Munna Rajput,HDFC000000000175,46087,2024-04-03 09:52:00,94,NEFT,hawala_structuring
UP-TXN-02237,UP00107,Ravindra Jaiswal,PUNB000000000107,UP00345,Vikram Dubey,SBIN000000000345,45377,2024-07-16 15:53:00,198,IMPS,hawala_structuring
UP-TXN-02238,UP00165,Mukhtar Nagar,SBIN000000000165,UP00312,Dharmendra Singh,SBIN000000000312,418896,2024-07-22 09:45:00,204,RTGS,none
UP-TXN-02239,UP00062,Manoj Chauhan,UBIN000000000062,UP00371,Rizwan Pandey,SBIN000000000371,47725,2024-02-22 14:50:00,53,NEFT,hawala_structuring
UP-TXN-02240,UP00361,Chhotu Nishad,PUNB000000000361,UP00326,Abhay Pal,PUNB000000000326,48771,2024-08-01 19:28:00,214,IMPS,hawala_structuring
UP-TXN-02241,UP00030,Ramesh Maurya,PUNB000000000030,UP00221,Deepak Kushwaha,SBIN000000000221,47445,2024-02-08 18:50:00,39,IMPS,hawala_structuring
UP-TXN-02242,UP00086,Guddu Srivastav,SBIN000000000086,UP00538,Suresh Pal,BARB000000000538,336862,2024-05-03 13:57:00,124,RTGS,none
UP-TXN-02243,UP00481,Ajay Ansari,BARB000000000481,UP00211,Satish Shukla,SBIN000000000211,66407,2024-01-01 15:52:00,1,Bank Transfer,none
UP-TXN-02244,UP00494,Amit Gautam,SBIN000000000494,UP00164,Akhilesh Yadav,HDFC000000000164,47756,2024-02-08 14:23:00,39,NEFT,hawala_structuring
UP-TXN-02245,UP00353,Brijesh Dubey,SBIN000000000353,UP00101,Abhay Ansari,BARB000000000101,47643,2024-06-29 11:27:00,181,NEFT,hawala_structuring
UP-TXN-02246,UP00034,Satish Jaiswal,BARB000000000034,UP00575,Suresh Gautam,PUNB000000000575,48083,2024-04-04 16:47:00,95,NEFT,hawala_structuring
UP-TXN-02247,UP00294,Akhilesh Mishra,SBIN000000000294,UP00519,Deepak Gautam,PUNB000000000519,349006,2024-02-19 13:18:00,50,RTGS,none
UP-TXN-02248,UP00434,Brijesh Srivastav,BARB000000000434,UP00566,Ajay Rajput,PUNB000000000566,354911,2024-02-18 13:08:00,49,RTGS,none
UP-TXN-02249,UP00037,Sunil Gautam,PUNB000000000037,UP00584,Alok Pandey,PUNB000000000584,48223,2024-03-12 15:59:00,72,UPI,hawala_structuring
UP-TXN-02250,UP00044,Mahesh Pandey,BARB000000000044,UP00013,Satish Siddiqui,SBIN000000000013,47593,2024-07-05 09:55:00,187,IMPS,hawala_structuring
UP-TXN-02251,UP00315,Pramod Gautam,SBIN000000000315,UP00550,Babloo Maurya,PUNB000000000550,8090,2024-08-08 19:38:00,221,NEFT,none
UP-TXN-02252,UP00133,Anil Nishad,BARB000000000133,UP00179,Pramod Gurjar,PUNB000000000179,46104,2024-05-19 17:22:00,140,IMPS,hawala_structuring
UP-TXN-02253,UP00076,Mahesh Mishra,PUNB000000000076,UP00052,Amit Yadav,UBIN000000000052,49837,2024-07-16 17:11:00,198,UPI,hawala_structuring
UP-TXN-02254,UP00048,Imran Maurya,PUNB000000000048,UP00482,Munna Singh,SBIN000000000482,86025,2024-04-11 09:24:00,102,Bank Transfer,none
UP-TXN-02255,UP00565,Ravindra Tomar,PUNB000000000565,UP00536,Brijesh Gautam,BARB000000000536,303582,2024-05-26 19:32:00,147,RTGS,none
UP-TXN-02256,UP00371,Rizwan Pandey,SBIN000000000371,UP00429,Suresh Rawat,SBIN000000000429,49743,2024-04-28 13:03:00,119,NEFT,hawala_structuring
UP-TXN-02257,UP00178,Rizwan Siddiqui,PUNB000000000178,UP00277,Dharmendra Gautam,SBIN000000000277,48561,2024-04-16 11:22:00,107,NEFT,hawala_structuring
UP-TXN-02258,UP00375,Santosh Jaiswal,BARB000000000375,UP00393,Rajesh Pal,PUNB000000000393,319236,2024-06-09 16:41:00,161,RTGS,none
UP-TXN-02259,UP00498,Imran Pandey,SBIN000000000498,UP00111,Deepak Yadav,PUNB000000000111,77220,2024-05-26 12:36:00,147,Bank Transfer,none
UP-TXN-02260,UP00131,Tariq Nishad,PUNB000000000131,UP00052,Amit Yadav,UBIN000000000052,49923,2024-07-18 16:12:00,200,IMPS,hawala_structuring
UP-TXN-02261,UP00384,Dharmendra Singh,HDFC000000000384,UP00035,Rizwan Nagar,SBIN000000000035,47216,2024-03-07 15:40:00,67,NEFT,hawala_structuring
UP-TXN-02262,UP00358,Akhilesh Nagar,UBIN000000000358,UP00202,Pramod Tiwari,UBIN000000000202,45930,2024-07-01 14:14:00,183,IMPS,hawala_structuring
UP-TXN-02263,UP00374,Ramesh Rajput,PUNB000000000374,UP00308,Imran Jaiswal,UBIN000000000308,381347,2024-01-26 19:59:00,26,RTGS,none
UP-TXN-02264,UP00184,Imran Nishad,UBIN000000000184,UP00548,Aslam Tiwari,PUNB000000000548,435091,2024-06-06 10:22:00,158,RTGS,none
UP-TXN-02265,UP00425,Brijesh Tomar,HDFC000000000425,UP00140,Chhotu Gupta,SBIN000000000140,48365,2024-01-24 19:53:00,24,UPI,hawala_structuring
UP-TXN-02266,UP00029,Ramesh Gautam,PUNB000000000029,UP00588,Mukhtar Kushwaha,SBIN000000000588,318341,2024-07-18 15:20:00,200,RTGS,none
UP-TXN-02267,UP00587,Mukhtar Yadav,PUNB000000000587,UP00214,Imran Yadav,PUNB000000000214,175721,2024-03-08 11:54:00,68,Bank Transfer,none
UP-TXN-02268,UP00133,Anil Nishad,BARB000000000133,UP00251,Santosh Rajput,SBIN000000000251,45708,2024-04-13 14:36:00,104,IMPS,hawala_structuring
UP-TXN-02269,UP00334,Sonu Mishra,UBIN000000000334,UP00315,Pramod Gautam,SBIN000000000315,90759,2024-01-26 09:11:00,26,IMPS,none
UP-TXN-02270,UP00502,Neeraj Qureshi,UBIN000000000502,UP00364,Akhilesh Gautam,SBIN000000000364,138717,2024-02-10 11:20:00,41,IMPS,none
UP-TXN-02271,UP00173,Sonu Dubey,PUNB000000000173,UP00471,Imran Gupta,SBIN000000000471,63304,2024-03-31 16:38:00,91,NEFT,none
UP-TXN-02272,UP00310,Sanjay Dubey,SBIN000000000310,UP00155,Satish Tyagi,SBIN000000000155,41081,2024-03-02 10:08:00,62,IMPS,none
UP-TXN-02273,UP00127,Akhilesh Pandey,SBIN000000000127,UP00535,Mahesh Srivastav,SBIN000000000535,108069,2024-07-29 18:46:00,211,NEFT,none
UP-TXN-02274,UP00590,Atiq Jaiswal,BARB000000000590,UP00172,Sonu Chauhan,UBIN000000000172,332148,2024-08-03 10:58:00,216,RTGS,none
UP-TXN-02275,UP00421,Akhilesh Mishra,SBIN000000000421,UP00539,Akhilesh Pandey,PUNB000000000539,392234,2024-06-04 09:36:00,156,RTGS,none
UP-TXN-02276,UP00017,Dharmendra Yadav,UBIN000000000017,UP00482,Munna Singh,SBIN000000000482,46645,2024-06-29 14:45:00,181,IMPS,hawala_structuring
UP-TXN-02277,UP00191,Suresh Pal,SBIN000000000191,UP00038,Sunil Tiwari,PUNB000000000038,47616,2024-03-30 09:33:00,90,IMPS,hawala_structuring
UP-TXN-02278,UP00584,Alok Pandey,PUNB000000000584,UP00423,Pramod Kushwaha,SBIN000000000423,46856,2024-05-08 11:07:00,129,IMPS,hawala_structuring
UP-TXN-02279,UP00171,Babloo Qureshi,PUNB000000000171,UP00299,Santosh Maurya,PUNB000000000299,315471,2024-08-17 18:09:00,230,RTGS,none
UP-TXN-02280,UP00484,Dhananjay Nishad,PUNB000000000484,UP00217,Abhay Bind,BARB000000000217,283634,2024-04-29 19:53:00,120,RTGS,none
UP-TXN-02281,UP00452,Imran Nagar,PUNB000000000452,UP00206,Pramod Yadav,BARB000000000206,47011,2024-07-23 19:10:00,205,NEFT,hawala_structuring
UP-TXN-02282,UP00111,Deepak Yadav,PUNB000000000111,UP00200,Sonu Khan,PUNB000000000200,242791,2024-08-11 14:41:00,224,RTGS,none
UP-TXN-02283,UP00387,Ravindra Rajput,PUNB000000000387,UP00583,Vikram Gurjar,SBIN000000000583,195368,2024-01-08 16:00:00,8,IMPS,none
UP-TXN-02284,UP00099,Alok Tomar,PUNB000000000099,UP00177,Imran Srivastav,BARB000000000177,45868,2024-03-08 13:15:00,68,IMPS,hawala_structuring
UP-TXN-02285,UP00391,Dhananjay Pandey,BARB000000000391,UP00448,Babloo Pandey,BARB000000000448,313997,2024-07-21 14:37:00,203,RTGS,none
UP-TXN-02286,UP00298,Munna Gurjar,SBIN000000000298,UP00206,Pramod Yadav,BARB000000000206,87480,2024-07-28 16:53:00,210,NEFT,none
UP-TXN-02287,UP00519,Deepak Gautam,PUNB000000000519,UP00567,Tariq Pandey,SBIN000000000567,238399,2024-05-17 18:12:00,138,RTGS,none
UP-TXN-02288,UP00537,Guddu Srivastav,SBIN000000000537,UP00080,Ramesh Verma,SBIN000000000080,45815,2024-05-23 09:28:00,144,UPI,hawala_structuring
UP-TXN-02289,UP00309,Suresh Gupta,SBIN000000000309,UP00199,Rizwan Yadav,PUNB000000000199,46955,2024-04-22 10:34:00,113,UPI,hawala_structuring
UP-TXN-02290,UP00521,Rizwan Kushwaha,UBIN000000000521,UP00377,Santosh Singh,UBIN000000000377,48342,2024-01-22 12:30:00,22,UPI,hawala_structuring
UP-TXN-02291,UP00355,Santosh Chauhan,PUNB000000000355,UP00340,Akhilesh Tomar,SBIN000000000340,283599,2024-01-02 16:18:00,2,RTGS,none
UP-TXN-02292,UP00336,Dhananjay Rawat,PUNB000000000336,UP00419,Gufran Dubey,SBIN000000000419,255896,2024-06-21 16:36:00,173,RTGS,none
UP-TXN-02293,UP00330,Akhilesh Yadav,PUNB000000000330,UP00498,Imran Pandey,SBIN000000000498,48317,2024-01-10 19:08:00,10,NEFT,hawala_structuring
UP-TXN-02294,UP00216,Gufran Chauhan,HDFC000000000216,UP00490,Mukhtar Mishra,PUNB000000000490,407539,2024-02-23 19:36:00,54,RTGS,none
UP-TXN-02295,UP00457,Dharmendra Gupta,UBIN000000000457,UP00113,Imran Siddiqui,SBIN000000000113,47158,2024-07-20 19:28:00,202,UPI,hawala_structuring
UP-TXN-02296,UP00174,Ramesh Kushwaha,SBIN000000000174,UP00132,Chhotu Singh,SBIN000000000132,260363,2024-03-02 16:12:00,62,RTGS,none
UP-TXN-02297,UP00168,Ravindra Srivastav,PUNB000000000168,UP00366,Mukhtar Tripathi,SBIN000000000366,45110,2024-01-11 12:26:00,11,UPI,hawala_structuring
UP-TXN-02298,UP00527,Suresh Pandey,SBIN000000000527,UP00413,Pramod Nagar,BARB000000000413,46716,2024-07-23 10:56:00,205,NEFT,hawala_structuring
UP-TXN-02299,UP00455,Sonu Jaiswal,SBIN000000000455,UP00566,Ajay Rajput,PUNB000000000566,46540,2024-01-26 15:56:00,26,IMPS,hawala_structuring
UP-TXN-02300,UP00214,Imran Yadav,PUNB000000000214,UP00106,Mahesh Chauhan,BARB000000000106,265611,2024-07-28 14:13:00,210,RTGS,none
UP-TXN-02301,UP00458,Rizwan Pandey,PUNB000000000458,UP00244,Satish Bind,UBIN000000000244,48625,2024-07-01 16:20:00,183,IMPS,hawala_structuring
UP-TXN-02302,UP00291,Rakesh Rawat,UBIN000000000291,UP00124,Chhotu Chaudhary,PUNB000000000124,373529,2024-05-18 14:14:00,139,RTGS,none
UP-TXN-02303,UP00400,Abhay Nagar,PUNB000000000400,UP00187,Rakesh Mishra,UBIN000000000187,49081,2024-08-28 14:52:00,241,UPI,hawala_structuring
UP-TXN-02304,UP00276,Alok Gupta,PUNB000000000276,UP00178,Rizwan Siddiqui,PUNB000000000178,430559,2024-04-22 12:11:00,113,RTGS,none
UP-TXN-02305,UP00144,Rakesh Rajput,PUNB000000000144,UP00423,Pramod Kushwaha,SBIN000000000423,49031,2024-07-04 19:33:00,186,NEFT,hawala_structuring
UP-TXN-02306,UP00457,Dharmendra Gupta,UBIN000000000457,UP00494,Amit Gautam,SBIN000000000494,45021,2024-04-13 11:11:00,104,UPI,hawala_structuring
UP-TXN-02307,UP00018,Pankaj Siddiqui,SBIN000000000018,UP00334,Sonu Mishra,UBIN000000000334,328134,2024-01-15 18:16:00,15,RTGS,none
UP-TXN-02308,UP00470,Tariq Chaudhary,SBIN000000000470,UP00360,Atiq Chaudhary,UBIN000000000360,48251,2024-08-19 19:24:00,232,UPI,hawala_structuring
UP-TXN-02309,UP00375,Santosh Jaiswal,BARB000000000375,UP00296,Imran Bind,SBIN000000000296,307254,2024-07-14 17:18:00,196,RTGS,none
UP-TXN-02310,UP00267,Aslam Rawat,SBIN000000000267,UP00304,Rajesh Mishra,BARB000000000304,109795,2024-06-22 14:52:00,174,IMPS,none
UP-TXN-02311,UP00142,Sonu Chaudhary,SBIN000000000142,UP00534,Imran Jaiswal,PUNB000000000534,221910,2024-08-04 18:01:00,217,RTGS,none
UP-TXN-02312,UP00149,Neeraj Khan,UBIN000000000149,UP00057,Akhilesh Chauhan,SBIN000000000057,370136,2024-04-15 10:00:00,106,RTGS,none
UP-TXN-02313,UP00074,Rajesh Tripathi,PUNB000000000074,UP00220,Vikram Shukla,UBIN000000000220,273004,2024-07-29 17:08:00,211,RTGS,none
UP-TXN-02314,UP00210,Rizwan Nishad,HDFC000000000210,UP00226,Ramesh Rawat,SBIN000000000226,240931,2024-02-28 16:42:00,59,RTGS,none
UP-TXN-02315,UP00447,Deepak Tripathi,PUNB000000000447,UP00487,Ajay Rajput,PUNB000000000487,52316,2024-06-06 19:02:00,158,NEFT,none
UP-TXN-02316,UP00392,Brijesh Tyagi,SBIN000000000392,UP00129,Amit Srivastav,HDFC000000000129,49742,2024-03-25 15:58:00,85,UPI,hawala_structuring
UP-TXN-02317,UP00121,Anil Tiwari,BARB000000000121,UP00044,Mahesh Pandey,BARB000000000044,249472,2024-08-19 12:54:00,232,RTGS,none
UP-TXN-02318,UP00446,Pramod Khan,BARB000000000446,UP00290,Pramod Yadav,PUNB000000000290,45050,2024-03-02 13:05:00,62,UPI,hawala_structuring
UP-TXN-02319,UP00101,Abhay Ansari,BARB000000000101,UP00098,Sonu Qureshi,UBIN000000000098,49567,2024-02-07 17:03:00,38,UPI,hawala_structuring
UP-TXN-02320,UP00379,Ajay Qureshi,HDFC000000000379,UP00033,Aslam Tomar,PUNB000000000033,49303,2024-06-24 17:25:00,176,NEFT,hawala_structuring
UP-TXN-02321,UP00507,Amit Singh,PUNB000000000507,UP00544,Deepak Verma,PUNB000000000544,190304,2024-04-29 11:41:00,120,IMPS,none
UP-TXN-02322,UP00450,Neeraj Nagar,UBIN000000000450,UP00519,Deepak Gautam,PUNB000000000519,183470,2024-06-28 19:31:00,180,NEFT,none
UP-TXN-02323,UP00217,Abhay Bind,BARB000000000217,UP00346,Tariq Verma,PUNB000000000346,52624,2024-03-20 14:12:00,80,NEFT,none
UP-TXN-02324,UP00336,Dhananjay Rawat,PUNB000000000336,UP00339,Atiq Pal,PUNB000000000339,47050,2024-06-21 14:10:00,173,UPI,hawala_structuring
UP-TXN-02325,UP00424,Atiq Bind,HDFC000000000424,UP00428,Vikram Shukla,SBIN000000000428,425818,2024-02-27 13:16:00,58,RTGS,none
UP-TXN-02326,UP00355,Santosh Chauhan,PUNB000000000355,UP00348,Rakesh Pal,PUNB000000000348,115743,2024-04-11 15:57:00,102,Bank Transfer,none
UP-TXN-02327,UP00512,Dhananjay Srivastav,UBIN000000000512,UP00264,Imran Gupta,SBIN000000000264,46518,2024-04-29 17:00:00,120,NEFT,hawala_structuring
UP-TXN-02328,UP00331,Sanjay Dubey,SBIN000000000331,UP00005,Ravindra Kushwaha,UBIN000000000005,45036,2024-07-08 12:13:00,190,NEFT,hawala_structuring
UP-TXN-02329,UP00504,Anil Tiwari,PUNB000000000504,UP00544,Deepak Verma,PUNB000000000544,45985,2024-06-09 13:11:00,161,NEFT,hawala_structuring
UP-TXN-02330,UP00525,Abhay Verma,BARB000000000525,UP00363,Munna Tomar,BARB000000000363,90666,2024-07-26 13:24:00,208,Bank Transfer,none
UP-TXN-02331,UP00319,Vikram Chauhan,HDFC000000000319,UP00162,Deepak Pal,PUNB000000000162,321366,2024-04-07 14:06:00,98,RTGS,none
UP-TXN-02332,UP00445,Manoj Chauhan,PUNB000000000445,UP00231,Vikram Chauhan,UBIN000000000231,343864,2024-05-04 11:51:00,125,RTGS,none
UP-TXN-02333,UP00274,Ajay Singh,HDFC000000000274,UP00291,Rakesh Rawat,UBIN000000000291,393254,2024-07-18 12:22:00,200,RTGS,none
UP-TXN-02334,UP00046,Rajesh Dubey,SBIN000000000046,UP00221,Deepak Kushwaha,SBIN000000000221,251636,2024-03-17 09:37:00,77,RTGS,none
UP-TXN-02335,UP00272,Neeraj Chauhan,SBIN000000000272,UP00016,Sonu Tiwari,SBIN000000000016,47901,2024-01-23 16:02:00,23,IMPS,hawala_structuring
UP-TXN-02336,UP00470,Tariq Chaudhary,SBIN000000000470,UP00532,Amit Qureshi,BARB000000000532,289430,2024-02-10 09:50:00,41,RTGS,none
UP-TXN-02337,UP00071,Babloo Chauhan,UBIN000000000071,UP00508,Babloo Maurya,SBIN000000000508,45035,2024-05-23 17:05:00,144,UPI,hawala_structuring
UP-TXN-02338,UP00383,Alok Khan,BARB000000000383,UP00135,Sunil Shukla,HDFC000000000135,327460,2024-03-11 12:00:00,71,RTGS,none
UP-TXN-02339,UP00432,Manoj Qureshi,BARB000000000432,UP00140,Chhotu Gupta,SBIN000000000140,125216,2024-01-10 09:05:00,10,IMPS,none
UP-TXN-02340,UP00248,Manoj Gupta,SBIN000000000248,UP00592,Guddu Gurjar,SBIN000000000592,353751,2024-01-06 11:45:00,6,RTGS,none
UP-TXN-02341,UP00186,Sunil Rajput,SBIN000000000186,UP00518,Babloo Bind,PUNB000000000518,214297,2024-07-28 14:22:00,210,RTGS,none
UP-TXN-02342,UP00398,Manoj Nishad,PUNB000000000398,UP00187,Rakesh Mishra,UBIN000000000187,48455,2024-01-29 12:19:00,29,NEFT,hawala_structuring
UP-TXN-02343,UP00073,Akhilesh Khan,PUNB000000000073,UP00485,Sonu Singh,SBIN000000000485,250274,2024-07-23 11:06:00,205,RTGS,none
UP-TXN-02344,UP00316,Satish Pal,BARB000000000316,UP00309,Suresh Gupta,SBIN000000000309,45319,2024-07-15 09:07:00,197,UPI,hawala_structuring
UP-TXN-02345,UP00207,Dhananjay Pandey,SBIN000000000207,UP00599,Sanjay Gupta,PUNB000000000599,48768,2024-08-19 18:04:00,232,IMPS,hawala_structuring
UP-TXN-02346,UP00109,Satish Ansari,UBIN000000000109,UP00277,Dharmendra Gautam,SBIN000000000277,46453,2024-03-31 18:16:00,91,UPI,hawala_structuring
UP-TXN-02347,UP00079,Pramod Gautam,PUNB000000000079,UP00237,Sunil Gupta,SBIN000000000237,46795,2024-01-23 11:28:00,23,IMPS,hawala_structuring
UP-TXN-02348,UP00501,Ravindra Maurya,SBIN000000000501,UP00117,Munna Gurjar,PUNB000000000117,49359,2024-06-08 15:58:00,160,NEFT,hawala_structuring
UP-TXN-02349,UP00464,Dhananjay Ansari,BARB000000000464,UP00365,Brijesh Yadav,PUNB000000000365,440635,2024-07-09 09:13:00,191,RTGS,none
UP-TXN-02350,UP00098,Sonu Qureshi,UBIN000000000098,UP00293,Imran Singh,PUNB000000000293,47926,2024-01-14 14:54:00,14,NEFT,hawala_structuring
UP-TXN-02351,UP00002,Rajesh Tiwari,HDFC000000000002,UP00119,Alok Gupta,BARB000000000119,18442,2024-08-09 14:49:00,222,Bank Transfer,none
UP-TXN-02352,UP00586,Mahesh Srivastav,PUNB000000000586,UP00213,Neeraj Maurya,PUNB000000000213,263172,2024-01-08 13:26:00,8,RTGS,none
UP-TXN-02353,UP00472,Rajesh Jaiswal,HDFC000000000472,UP00037,Sunil Gautam,PUNB000000000037,400752,2024-02-02 13:41:00,33,RTGS,none
UP-TXN-02354,UP00433,Sanjay Mishra,BARB000000000433,UP00273,Deepak Pandey,SBIN000000000273,45000,2024-05-28 15:37:00,149,UPI,hawala_structuring
UP-TXN-02355,UP00380,Brijesh Gurjar,PUNB000000000380,UP00040,Rizwan Mishra,UBIN000000000040,270693,2024-04-26 16:17:00,117,RTGS,none
UP-TXN-02356,UP00311,Babloo Ansari,PUNB000000000311,UP00059,Aslam Chauhan,BARB000000000059,47830,2024-03-02 11:50:00,62,IMPS,hawala_structuring
UP-TXN-02357,UP00186,Sunil Rajput,SBIN000000000186,UP00453,Ravindra Tripathi,PUNB000000000453,392757,2024-04-20 15:46:00,111,RTGS,none
UP-TXN-02358,UP00187,Rakesh Mishra,UBIN000000000187,UP00195,Pramod Siddiqui,PUNB000000000195,46416,2024-07-05 19:49:00,187,NEFT,hawala_structuring
UP-TXN-02359,UP00097,Atiq Pandey,HDFC000000000097,UP00360,Atiq Chaudhary,UBIN000000000360,150232,2024-05-30 15:35:00,151,NEFT,none
UP-TXN-02360,UP00007,Gufran Siddiqui,PUNB000000000007,UP00267,Aslam Rawat,SBIN000000000267,49135,2024-04-22 18:01:00,113,NEFT,hawala_structuring
UP-TXN-02361,UP00157,Imran Singh,PUNB000000000157,UP00554,Satish Rawat,SBIN000000000554,375604,2024-03-04 18:47:00,64,RTGS,none
UP-TXN-02362,UP00196,Gufran Jaiswal,BARB000000000196,UP00309,Suresh Gupta,SBIN000000000309,45981,2024-07-04 14:24:00,186,IMPS,hawala_structuring
UP-TXN-02363,UP00324,Abhay Gupta,SBIN000000000324,UP00143,Vikram Pal,PUNB000000000143,211269,2024-07-05 11:53:00,187,RTGS,none
UP-TXN-02364,UP00374,Ramesh Rajput,PUNB000000000374,UP00178,Rizwan Siddiqui,PUNB000000000178,48763,2024-08-06 11:21:00,219,NEFT,hawala_structuring
UP-TXN-02365,UP00537,Guddu Srivastav,SBIN000000000537,UP00294,Akhilesh Mishra,SBIN000000000294,360255,2024-02-18 16:30:00,49,RTGS,none
UP-TXN-02366,UP00468,Mukhtar Verma,BARB000000000468,UP00432,Manoj Qureshi,BARB000000000432,405187,2024-04-12 15:58:00,103,RTGS,none
UP-TXN-02367,UP00307,Neeraj Shukla,SBIN000000000307,UP00249,Neeraj Pandey,HDFC000000000249,45023,2024-05-14 19:57:00,135,UPI,hawala_structuring
UP-TXN-02368,UP00211,Satish Shukla,SBIN000000000211,UP00348,Rakesh Pal,PUNB000000000348,379061,2024-07-15 15:10:00,197,RTGS,none
UP-TXN-02369,UP00163,Rakesh Dubey,PUNB000000000163,UP00304,Rajesh Mishra,BARB000000000304,35473,2024-03-06 17:06:00,66,Bank Transfer,none
UP-TXN-02370,UP00332,Pankaj Qureshi,PUNB000000000332,UP00072,Chhotu Nagar,SBIN000000000072,47027,2024-01-14 19:50:00,14,NEFT,hawala_structuring
UP-TXN-02371,UP00006,Rizwan Chaudhary,BARB000000000006,UP00286,Abhay Jaiswal,HDFC000000000286,375139,2024-01-06 15:48:00,6,RTGS,none
UP-TXN-02372,UP00554,Satish Rawat,SBIN000000000554,UP00114,Atiq Chaudhary,PUNB000000000114,5591,2024-06-17 18:42:00,169,IMPS,none
UP-TXN-02373,UP00042,Brijesh Tripathi,SBIN000000000042,UP00213,Neeraj Maurya,PUNB000000000213,211714,2024-08-16 16:29:00,229,RTGS,none
UP-TXN-02374,UP00167,Sunil Kushwaha,BARB000000000167,UP00479,Manoj Singh,PUNB000000000479,187332,2024-03-01 11:51:00,61,Bank Transfer,none
UP-TXN-02375,UP00253,Mahesh Chaudhary,HDFC000000000253,UP00157,Imran Singh,PUNB000000000157,48319,2024-08-07 14:08:00,220,UPI,hawala_structuring
UP-TXN-02376,UP00489,Pramod Srivastav,SBIN000000000489,UP00575,Suresh Gautam,PUNB000000000575,118991,2024-04-26 12:51:00,117,NEFT,none
UP-TXN-02377,UP00046,Rajesh Dubey,SBIN000000000046,UP00061,Sonu Khan,SBIN000000000061,225587,2024-07-16 10:48:00,198,RTGS,none
UP-TXN-02378,UP00350,Aslam Pandey,BARB000000000350,UP00330,Akhilesh Yadav,PUNB000000000330,324055,2024-06-18 12:39:00,170,RTGS,none
UP-TXN-02379,UP00141,Mahesh Dubey,UBIN000000000141,UP00419,Gufran Dubey,SBIN000000000419,49144,2024-04-25 16:44:00,116,Bank Transfer,hawala_structuring
UP-TXN-02380,UP00323,Rajesh Siddiqui,PUNB000000000323,UP00137,Deepak Jaiswal,BARB000000000137,115560,2024-06-11 09:12:00,163,Bank Transfer,none
UP-TXN-02381,UP00555,Anil Srivastav,UBIN000000000555,UP00251,Santosh Rajput,SBIN000000000251,339490,2024-01-23 11:04:00,23,RTGS,none
UP-TXN-02382,UP00178,Rizwan Siddiqui,PUNB000000000178,UP00535,Mahesh Srivastav,SBIN000000000535,360438,2024-05-15 19:48:00,136,RTGS,none
UP-TXN-02383,UP00292,Rakesh Rajput,BARB000000000292,UP00242,Abhay Maurya,BARB000000000242,344051,2024-06-12 14:58:00,164,RTGS,none
UP-TXN-02384,UP00198,Tariq Bind,HDFC000000000198,UP00554,Satish Rawat,SBIN000000000554,421788,2024-01-16 19:52:00,16,RTGS,none
UP-TXN-02385,UP00476,Sonu Siddiqui,BARB000000000476,UP00395,Ramesh Pal,SBIN000000000395,322516,2024-03-31 16:42:00,91,RTGS,none
UP-TXN-02386,UP00397,Dhananjay Nagar,BARB000000000397,UP00053,Rajesh Chauhan,PUNB000000000053,48955,2024-03-05 16:18:00,65,UPI,hawala_structuring
UP-TXN-02387,UP00350,Aslam Pandey,BARB000000000350,UP00120,Alok Srivastav,PUNB000000000120,46029,2024-08-09 11:18:00,222,NEFT,hawala_structuring
UP-TXN-02388,UP00436,Tariq Verma,SBIN000000000436,UP00578,Santosh Yadav,SBIN000000000578,47212,2024-03-13 14:17:00,73,IMPS,hawala_structuring
UP-TXN-02389,UP00547,Aslam Dubey,PUNB000000000547,UP00582,Imran Kushwaha,HDFC000000000582,48849,2024-01-13 13:38:00,13,NEFT,hawala_structuring
UP-TXN-02390,UP00324,Abhay Gupta,SBIN000000000324,UP00294,Akhilesh Mishra,SBIN000000000294,229995,2024-07-14 19:39:00,196,RTGS,none
UP-TXN-02391,UP00390,Guddu Siddiqui,SBIN000000000390,UP00272,Neeraj Chauhan,SBIN000000000272,152054,2024-07-29 16:59:00,211,NEFT,none
UP-TXN-02392,UP00245,Babloo Ansari,BARB000000000245,UP00061,Sonu Khan,SBIN000000000061,49242,2024-06-07 18:08:00,159,UPI,hawala_structuring
UP-TXN-02393,UP00183,Vikram Tripathi,PUNB000000000183,UP00418,Ajay Maurya,PUNB000000000418,47628,2024-01-31 17:01:00,31,NEFT,hawala_structuring
UP-TXN-02394,UP00508,Babloo Maurya,SBIN000000000508,UP00181,Sanjay Yadav,UBIN000000000181,197768,2024-07-16 11:16:00,198,NEFT,none
UP-TXN-02395,UP00267,Aslam Rawat,SBIN000000000267,UP00271,Atiq Yadav,BARB000000000271,47011,2024-07-27 14:56:00,209,IMPS,hawala_structuring
UP-TXN-02396,UP00309,Suresh Gupta,SBIN000000000309,UP00223,Rakesh Bind,SBIN000000000223,359826,2024-03-08 17:25:00,68,RTGS,none
UP-TXN-02397,UP00170,Rakesh Srivastav,UBIN000000000170,UP00368,Brijesh Chauhan,BARB000000000368,49842,2024-06-13 11:47:00,165,IMPS,hawala_structuring
UP-TXN-02398,UP00160,Deepak Gautam,SBIN000000000160,UP00320,Ramesh Nagar,SBIN000000000320,47344,2024-03-02 15:00:00,62,IMPS,hawala_structuring
UP-TXN-02399,UP00023,Sanjay Jaiswal,PUNB000000000023,UP00383,Alok Khan,BARB000000000383,5188,2024-01-19 16:30:00,19,Bank Transfer,none
UP-TXN-02400,UP00403,Imran Verma,SBIN000000000403,UP00585,Satish Tyagi,UBIN000000000585,47548,2024-04-25 09:00:00,116,NEFT,hawala_structuring
UP-TXN-02401,UP00308,Imran Jaiswal,UBIN000000000308,UP00472,Rajesh Jaiswal,HDFC000000000472,252848,2024-02-14 14:26:00,45,RTGS,none
UP-TXN-02402,UP00249,Neeraj Pandey,HDFC000000000249,UP00057,Akhilesh Chauhan,SBIN000000000057,48390,2024-03-14 19:55:00,74,NEFT,hawala_structuring
UP-TXN-02403,UP00500,Vikram Gurjar,PUNB000000000500,UP00149,Neeraj Khan,UBIN000000000149,46909,2024-03-30 15:38:00,90,UPI,hawala_structuring
UP-TXN-02404,UP00080,Ramesh Verma,SBIN000000000080,UP00128,Atiq Siddiqui,SBIN000000000128,46867,2024-01-18 09:17:00,18,IMPS,hawala_structuring
UP-TXN-02405,UP00574,Chhotu Rajput,SBIN000000000574,UP00309,Suresh Gupta,SBIN000000000309,346965,2024-04-24 12:22:00,115,RTGS,none
UP-TXN-02406,UP00395,Ramesh Pal,SBIN000000000395,UP00390,Guddu Siddiqui,SBIN000000000390,47594,2024-03-24 15:39:00,84,UPI,hawala_structuring
UP-TXN-02407,UP00344,Neeraj Kushwaha,HDFC000000000344,UP00582,Imran Kushwaha,HDFC000000000582,48828,2024-05-04 10:23:00,125,IMPS,hawala_structuring
UP-TXN-02408,UP00127,Akhilesh Pandey,SBIN000000000127,UP00115,Virendra Tripathi,BARB000000000115,46932,2024-02-15 15:43:00,46,NEFT,hawala_structuring
UP-TXN-02409,UP00102,Deepak Gautam,SBIN000000000102,UP00024,Deepak Gautam,BARB000000000024,49056,2024-05-04 15:45:00,125,IMPS,hawala_structuring
UP-TXN-02410,UP00207,Dhananjay Pandey,SBIN000000000207,UP00211,Satish Shukla,SBIN000000000211,365787,2024-06-25 15:23:00,177,RTGS,none
UP-TXN-02411,UP00227,Santosh Gupta,PUNB000000000227,UP00353,Brijesh Dubey,SBIN000000000353,358741,2024-04-28 15:59:00,119,RTGS,none
UP-TXN-02412,UP00214,Imran Yadav,PUNB000000000214,UP00589,Babloo Pandey,BARB000000000589,45056,2024-03-07 16:32:00,67,IMPS,hawala_structuring
UP-TXN-02413,UP00482,Munna Singh,SBIN000000000482,UP00481,Ajay Ansari,BARB000000000481,48711,2024-03-01 14:36:00,61,UPI,hawala_structuring
UP-TXN-02414,UP00069,Pramod Yadav,BARB000000000069,UP00152,Sonu Rajput,PUNB000000000152,249409,2024-08-15 13:17:00,228,RTGS,none
UP-TXN-02415,UP00098,Sonu Qureshi,UBIN000000000098,UP00138,Deepak Tiwari,SBIN000000000138,72101,2024-08-18 15:03:00,231,IMPS,none
UP-TXN-02416,UP00313,Satish Gurjar,SBIN000000000313,UP00107,Ravindra Jaiswal,PUNB000000000107,13681,2024-01-12 16:15:00,12,IMPS,none
UP-TXN-02417,UP00577,Pappu Pandey,SBIN000000000577,UP00046,Rajesh Dubey,SBIN000000000046,399392,2024-05-22 14:49:00,143,RTGS,none
UP-TXN-02418,UP00260,Munna Rajput,SBIN000000000260,UP00190,Pappu Rawat,SBIN000000000190,48096,2024-02-20 16:10:00,51,UPI,hawala_structuring
UP-TXN-02419,UP00020,Santosh Gurjar,BARB000000000020,UP00259,Amit Chauhan,SBIN000000000259,49296,2024-06-02 10:36:00,154,NEFT,hawala_structuring
UP-TXN-02420,UP00499,Akhilesh Bind,SBIN000000000499,UP00072,Chhotu Nagar,SBIN000000000072,48222,2024-06-29 14:23:00,181,IMPS,hawala_structuring
UP-TXN-02421,UP00340,Akhilesh Tomar,SBIN000000000340,UP00529,Dhananjay Kushwaha,SBIN000000000529,193179,2024-05-13 09:11:00,134,Bank Transfer,none
UP-TXN-02422,UP00327,Guddu Tomar,BARB000000000327,UP00187,Rakesh Mishra,UBIN000000000187,45612,2024-04-07 10:11:00,98,IMPS,hawala_structuring
UP-TXN-02423,UP00443,Imran Shukla,UBIN000000000443,UP00462,Mahesh Srivastav,PUNB000000000462,48277,2024-02-28 13:05:00,59,NEFT,hawala_structuring
UP-TXN-02424,UP00075,Anil Chauhan,PUNB000000000075,UP00384,Dharmendra Singh,HDFC000000000384,49924,2024-07-19 16:21:00,201,NEFT,hawala_structuring
UP-TXN-02425,UP00317,Satish Tiwari,SBIN000000000317,UP00120,Alok Srivastav,PUNB000000000120,48667,2024-01-04 16:00:00,4,UPI,hawala_structuring
UP-TXN-02426,UP00221,Deepak Kushwaha,SBIN000000000221,UP00305,Abhay Tyagi,UBIN000000000305,256660,2024-07-05 15:05:00,187,RTGS,none
UP-TXN-02427,UP00402,Ajay Dubey,SBIN000000000402,UP00005,Ravindra Kushwaha,UBIN000000000005,49498,2024-04-19 09:45:00,110,NEFT,hawala_structuring
UP-TXN-02428,UP00049,Virendra Tyagi,HDFC000000000049,UP00271,Atiq Yadav,BARB000000000271,193550,2024-07-09 19:10:00,191,NEFT,none
UP-TXN-02429,UP00206,Pramod Yadav,BARB000000000206,UP00304,Rajesh Mishra,BARB000000000304,45866,2024-07-20 11:15:00,202,IMPS,hawala_structuring
UP-TXN-02430,UP00280,Pappu Gupta,HDFC000000000280,UP00377,Santosh Singh,UBIN000000000377,47884,2024-03-04 11:41:00,64,UPI,hawala_structuring
UP-TXN-02431,UP00160,Deepak Gautam,SBIN000000000160,UP00571,Abhay Srivastav,SBIN000000000571,211037,2024-01-24 16:12:00,24,RTGS,none
UP-TXN-02432,UP00009,Chhotu Maurya,HDFC000000000009,UP00332,Pankaj Qureshi,PUNB000000000332,48886,2024-04-21 11:44:00,112,IMPS,hawala_structuring
UP-TXN-02433,UP00581,Ravindra Chauhan,BARB000000000581,UP00340,Akhilesh Tomar,SBIN000000000340,284959,2024-04-02 18:57:00,93,RTGS,none
UP-TXN-02434,UP00593,Vikram Dubey,UBIN000000000593,UP00509,Manoj Shukla,SBIN000000000509,146192,2024-08-17 11:46:00,230,NEFT,none
UP-TXN-02435,UP00194,Santosh Jaiswal,SBIN000000000194,UP00198,Tariq Bind,HDFC000000000198,136335,2024-04-06 18:41:00,97,Bank Transfer,none
UP-TXN-02436,UP00291,Rakesh Rawat,UBIN000000000291,UP00536,Brijesh Gautam,BARB000000000536,279419,2024-05-20 18:46:00,141,RTGS,none
UP-TXN-02437,UP00266,Gufran Khan,BARB000000000266,UP00284,Brijesh Kushwaha,SBIN000000000284,46258,2024-04-26 16:38:00,117,IMPS,hawala_structuring
UP-TXN-02438,UP00032,Babloo Tomar,SBIN000000000032,UP00525,Abhay Verma,BARB000000000525,174517,2024-07-07 13:36:00,189,NEFT,none
UP-TXN-02439,UP00258,Suresh Pal,UBIN000000000258,UP00527,Suresh Pandey,SBIN000000000527,284608,2024-03-25 12:30:00,85,RTGS,none
UP-TXN-02440,UP00491,Anil Rawat,SBIN000000000491,UP00501,Ravindra Maurya,SBIN000000000501,244177,2024-04-01 14:57:00,92,RTGS,none
UP-TXN-02441,UP00227,Santosh Gupta,PUNB000000000227,UP00528,Rakesh Rawat,HDFC000000000528,396802,2024-01-12 16:38:00,12,RTGS,none
UP-TXN-02442,UP00362,Neeraj Gautam,PUNB000000000362,UP00578,Santosh Yadav,SBIN000000000578,34337,2024-08-14 13:23:00,227,NEFT,none
UP-TXN-02443,UP00186,Sunil Rajput,SBIN000000000186,UP00281,Abhay Yadav,SBIN000000000281,136625,2024-07-14 16:59:00,196,IMPS,none
UP-TXN-02444,UP00496,Ravindra Yadav,HDFC000000000496,UP00085,Munna Verma,UBIN000000000085,333839,2024-06-17 13:56:00,169,RTGS,none
UP-TXN-02445,UP00168,Ravindra Srivastav,PUNB000000000168,UP00593,Vikram Dubey,UBIN000000000593,369050,2024-01-06 13:58:00,6,RTGS,none
UP-TXN-02446,UP00358,Akhilesh Nagar,UBIN000000000358,UP00195,Pramod Siddiqui,PUNB000000000195,347555,2024-01-25 12:29:00,25,RTGS,none
UP-TXN-02447,UP00494,Amit Gautam,SBIN000000000494,UP00574,Chhotu Rajput,SBIN000000000574,426427,2024-05-27 19:32:00,148,RTGS,none
UP-TXN-02448,UP00056,Ajay Jaiswal,SBIN000000000056,UP00377,Santosh Singh,UBIN000000000377,45487,2024-06-27 09:27:00,179,NEFT,hawala_structuring
UP-TXN-02449,UP00380,Brijesh Gurjar,PUNB000000000380,UP00096,Chhotu Dubey,HDFC000000000096,49618,2024-07-07 16:46:00,189,NEFT,hawala_structuring
UP-TXN-02450,UP00243,Dharmendra Chaudhary,UBIN000000000243,UP00364,Akhilesh Gautam,SBIN000000000364,204346,2024-03-27 17:13:00,87,RTGS,none
UP-TXN-02451,UP00560,Guddu Verma,UBIN000000000560,UP00289,Dharmendra Dubey,SBIN000000000289,98195,2024-08-07 10:34:00,220,Bank Transfer,none
UP-TXN-02452,UP00121,Anil Tiwari,BARB000000000121,UP00479,Manoj Singh,PUNB000000000479,226529,2024-05-13 09:03:00,134,RTGS,none
UP-TXN-02453,UP00483,Abhay Yadav,BARB000000000483,UP00097,Atiq Pandey,HDFC000000000097,144621,2024-07-30 12:19:00,212,IMPS,none
UP-TXN-02454,UP00346,Tariq Verma,PUNB000000000346,UP00464,Dhananjay Ansari,BARB000000000464,47539,2024-06-06 18:34:00,158,UPI,hawala_structuring
UP-TXN-02455,UP00543,Mahesh Jaiswal,BARB000000000543,UP00037,Sunil Gautam,PUNB000000000037,162142,2024-08-01 14:21:00,214,NEFT,none
UP-TXN-02456,UP00174,Ramesh Kushwaha,SBIN000000000174,UP00396,Munna Gurjar,BARB000000000396,46182,2024-06-16 13:46:00,168,NEFT,hawala_structuring
UP-TXN-02457,UP00428,Vikram Shukla,SBIN000000000428,UP00462,Mahesh Srivastav,PUNB000000000462,105090,2024-08-09 18:06:00,222,Bank Transfer,none
UP-TXN-02458,UP00490,Mukhtar Mishra,PUNB000000000490,UP00023,Sanjay Jaiswal,PUNB000000000023,49297,2024-02-16 11:07:00,47,IMPS,hawala_structuring
UP-TXN-02459,UP00163,Rakesh Dubey,PUNB000000000163,UP00295,Neeraj Bind,SBIN000000000295,167730,2024-06-09 14:41:00,161,IMPS,none
UP-TXN-02460,UP00553,Pramod Chaudhary,PUNB000000000553,UP00135,Sunil Shukla,HDFC000000000135,293472,2024-06-04 13:21:00,156,RTGS,none
UP-TXN-02461,UP00385,Rajesh Kushwaha,SBIN000000000385,UP00552,Abhay Khan,SBIN000000000552,348839,2024-03-24 13:14:00,84,RTGS,none
UP-TXN-02462,UP00358,Akhilesh Nagar,UBIN000000000358,UP00267,Aslam Rawat,SBIN000000000267,49585,2024-04-22 16:21:00,113,UPI,hawala_structuring
UP-TXN-02463,UP00049,Virendra Tyagi,HDFC000000000049,UP00537,Guddu Srivastav,SBIN000000000537,48508,2024-07-15 18:42:00,197,NEFT,hawala_structuring
UP-TXN-02464,UP00310,Sanjay Dubey,SBIN000000000310,UP00501,Ravindra Maurya,SBIN000000000501,46511,2024-01-15 18:14:00,15,UPI,hawala_structuring
UP-TXN-02465,UP00451,Alok Chaudhary,UBIN000000000451,UP00238,Virendra Tiwari,PUNB000000000238,137328,2024-08-28 14:03:00,241,NEFT,none
UP-TXN-02466,UP00026,Rajesh Shukla,BARB000000000026,UP00251,Santosh Rajput,SBIN000000000251,49846,2024-07-23 11:30:00,205,NEFT,hawala_structuring
UP-TXN-02467,UP00592,Guddu Gurjar,SBIN000000000592,UP00322,Rajesh Verma,PUNB000000000322,154459,2024-06-17 09:07:00,169,IMPS,none
UP-TXN-02468,UP00070,Pankaj Tiwari,SBIN000000000070,UP00171,Babloo Qureshi,PUNB000000000171,70966,2024-03-24 15:52:00,84,NEFT,none
UP-TXN-02469,UP00555,Anil Srivastav,UBIN000000000555,UP00274,Ajay Singh,HDFC000000000274,25537,2024-08-23 17:32:00,236,Bank Transfer,none
UP-TXN-02470,UP00487,Ajay Rajput,PUNB000000000487,UP00017,Dharmendra Yadav,UBIN000000000017,45377,2024-03-09 14:21:00,69,NEFT,hawala_structuring
UP-TXN-02471,UP00400,Abhay Nagar,PUNB000000000400,UP00409,Anil Nishad,BARB000000000409,414229,2024-02-11 10:52:00,42,RTGS,none
UP-TXN-02472,UP00081,Manoj Siddiqui,SBIN000000000081,UP00593,Vikram Dubey,UBIN000000000593,47464,2024-06-06 14:33:00,158,UPI,hawala_structuring
UP-TXN-02473,UP00170,Rakesh Srivastav,UBIN000000000170,UP00141,Mahesh Dubey,UBIN000000000141,46336,2024-07-15 19:53:00,197,UPI,hawala_structuring
UP-TXN-02474,UP00138,Deepak Tiwari,SBIN000000000138,UP00214,Imran Yadav,PUNB000000000214,49788,2024-05-23 10:11:00,144,IMPS,hawala_structuring
UP-TXN-02475,UP00002,Rajesh Tiwari,HDFC000000000002,UP00140,Chhotu Gupta,SBIN000000000140,204831,2024-07-13 15:41:00,195,RTGS,none
UP-TXN-02476,UP00029,Ramesh Gautam,PUNB000000000029,UP00112,Sunil Srivastav,SBIN000000000112,174602,2024-07-16 10:17:00,198,NEFT,none
UP-TXN-02477,UP00518,Babloo Bind,PUNB000000000518,UP00191,Suresh Pal,SBIN000000000191,411117,2024-07-18 14:12:00,200,RTGS,none
UP-TXN-02478,UP00367,Abhay Srivastav,HDFC000000000367,UP00274,Ajay Singh,HDFC000000000274,245482,2024-08-15 15:40:00,228,RTGS,none
UP-TXN-02479,UP00486,Deepak Rawat,BARB000000000486,UP00450,Neeraj Nagar,UBIN000000000450,185574,2024-06-20 13:59:00,172,IMPS,none
UP-TXN-02480,UP00086,Guddu Srivastav,SBIN000000000086,UP00408,Mahesh Mishra,BARB000000000408,320640,2024-04-09 13:44:00,100,RTGS,none
UP-TXN-02481,UP00462,Mahesh Srivastav,PUNB000000000462,UP00433,Sanjay Mishra,BARB000000000433,129744,2024-03-15 15:36:00,75,IMPS,none
UP-TXN-02482,UP00541,Sonu Tiwari,UBIN000000000541,UP00357,Amit Shukla,HDFC000000000357,264882,2024-04-08 09:45:00,99,RTGS,none
UP-TXN-02483,UP00275,Sanjay Ansari,HDFC000000000275,UP00120,Alok Srivastav,PUNB000000000120,62079,2024-04-25 11:50:00,116,NEFT,none
UP-TXN-02484,UP00402,Ajay Dubey,SBIN000000000402,UP00501,Ravindra Maurya,SBIN000000000501,421215,2024-07-08 11:48:00,190,RTGS,none
UP-TXN-02485,UP00013,Satish Siddiqui,SBIN000000000013,UP00069,Pramod Yadav,BARB000000000069,124615,2024-07-25 14:32:00,207,IMPS,none
UP-TXN-02486,UP00393,Rajesh Pal,PUNB000000000393,UP00542,Virendra Kushwaha,SBIN000000000542,374303,2024-08-05 09:39:00,218,RTGS,none
UP-TXN-02487,UP00364,Akhilesh Gautam,SBIN000000000364,UP00073,Akhilesh Khan,PUNB000000000073,409662,2024-07-06 12:44:00,188,RTGS,none
UP-TXN-02488,UP00301,Mukhtar Siddiqui,PUNB000000000301,UP00318,Abhay Rawat,BARB000000000318,69709,2024-05-04 11:42:00,125,Bank Transfer,none
UP-TXN-02489,UP00045,Tariq Tiwari,UBIN000000000045,UP00391,Dhananjay Pandey,BARB000000000391,48188,2024-07-18 15:29:00,200,UPI,hawala_structuring
UP-TXN-02490,UP00401,Akhilesh Kushwaha,UBIN000000000401,UP00038,Sunil Tiwari,PUNB000000000038,48170,2024-07-04 11:54:00,186,IMPS,hawala_structuring
UP-TXN-02491,UP00541,Sonu Tiwari,UBIN000000000541,UP00572,Rakesh Ansari,UBIN000000000572,47030,2024-02-02 17:44:00,33,NEFT,hawala_structuring
UP-TXN-02492,UP00332,Pankaj Qureshi,PUNB000000000332,UP00507,Amit Singh,PUNB000000000507,48651,2024-07-21 16:37:00,203,IMPS,hawala_structuring
UP-TXN-02493,UP00381,Chhotu Gurjar,PUNB000000000381,UP00069,Pramod Yadav,BARB000000000069,127243,2024-06-18 19:29:00,170,IMPS,none
UP-TXN-02494,UP00306,Imran Rawat,SBIN000000000306,UP00094,Dharmendra Shukla,BARB000000000094,47675,2024-07-15 18:39:00,197,UPI,hawala_structuring
UP-TXN-02495,UP00301,Mukhtar Siddiqui,PUNB000000000301,UP00263,Ajay Gautam,UBIN000000000263,47093,2024-05-18 12:49:00,139,NEFT,hawala_structuring
UP-TXN-02496,UP00366,Mukhtar Tripathi,SBIN000000000366,UP00353,Brijesh Dubey,SBIN000000000353,47655,2024-05-31 18:55:00,152,IMPS,hawala_structuring
UP-TXN-02497,UP00112,Sunil Srivastav,SBIN000000000112,UP00519,Deepak Gautam,PUNB000000000519,49696,2024-03-13 15:29:00,73,UPI,hawala_structuring
UP-TXN-02498,UP00147,Suresh Pal,PUNB000000000147,UP00183,Vikram Tripathi,PUNB000000000183,49226,2024-01-01 11:41:00,1,NEFT,hawala_structuring
UP-TXN-02499,UP00148,Pappu Gupta,PUNB000000000148,UP00475,Pramod Gupta,UBIN000000000475,46774,2024-01-21 13:09:00,21,IMPS,hawala_structuring
