call_id,caller_id,caller_name,caller_phone,callee_id,callee_name,callee_phone,timestamp,day,call_type,duration_sec,cell_tower_location
KK-CDR-000001,KK00286,Bhavesh Shinde,9930000286,KK00370,Pravin Khatib,8976000370,2025-01-01 09:55:40,1,voice,253,"Naupada Cell Site B, Thane"
KK-CDR-000002,KK00068,Prakash Koli,9833000068,KK00161,Shirish Parab,9833000161,2025-01-01 06:00:17,1,voice,800,"Rabodi Cell Site A, Thane"
KK-CDR-000003,KK00020,Vilas Sawant,9167000020,KK00003,Deepak Pawar,9167000003,2025-01-01 06:10:33,1,voice,765,"Palghar Cell Site B, Palghar"
KK-CDR-000004,KK00016,Anil Tandel,9167000016,KK00030,Vilas Khatib,8655000030,2025-01-01 22:51:57,1,voice,452,"Dapoli Cell Site A, Ratnagiri"
KK-CDR-000005,KK00072,Yogesh Momin,9833000072,KK00084,Vinod Deshmukh,9833000084,2025-01-01 11:50:16,1,voice,31,"Kapurbawdi Cell Site A, Thane"
KK-CDR-000006,KK00042,Shabbir Jadhav,9930000042,KK00038,Iqbal Mehta,9820000038,2025-01-01 08:55:38,1,voice,340,"Ghatkopar Cell Site B, Mumbai Suburban"
KK-CDR-000007,KK00076,Jitendra Shaikh,9833000076,KK00148,Anil Ansari,9930000148,2025-01-01 16:09:46,1,voice,431,"Naupada Cell Site B, Thane"
KK-CDR-000008,KK00049,Santosh Zaveri,9833000049,KK00061,Sameer Soni,9820000061,2025-01-01 10:23:37,1,voice,737,"Kurla Cell Site B, Mumbai Suburban"
KK-CDR-000009,KK00038,Iqbal Mehta,9820000038,KK00060,Mangesh Tandel,9820000060,2025-01-01 22:56:39,1,voice,150,"Sakinaka Cell Site B, Mumbai Suburban"
KK-CDR-000010,KK00011,Yogesh Kadam,7045000011,KK00035,Balkrishna Shaikh,9167000035,2025-01-01 21:36:15,1,voice,701,"Uran Cell Site A, Raigad (Uran / JNPT)"
KK-CDR-000011,KK00055,Vilas Shinde,8976000055,KK00044,Ashok Sayyed,9833000044,2025-01-01 11:10:37,1,voice,757,"LT Marg Cell Site A, Mumbai City"
KK-CDR-000012,KK00058,Dattatray Patil,9833000058,KK00042,Shabbir Jadhav,9930000042,2025-01-01 16:06:25,1,voice,769,"LT Marg Cell Site A, Mumbai City"
KK-CDR-000013,KK00029,Pravin Koli,7045000029,KK00104,Imtiaz Bhosale,9167000104,2025-01-01 23:35:28,1,voice,814,"Satpati Coastal Cell Site B, Palghar"
KK-CDR-000014,KK00024,Nilesh Parekh,9422000024,KK00019,Arif Gaikwad,9422000019,2025-01-01 23:42:03,1,voice,245,"Uran Cell Site A, Raigad (Uran / JNPT)"
KK-CDR-000015,KK00189,Dattatray Jadhav,9833000189,KK00120,Bhavesh Soni,8976000120,2025-01-01 19:13:39,1,voice,63,"Rabodi Cell Site B, Thane"
KK-CDR-000016,KK00075,Rafiq Pawar,8976000075,KK00084,Vinod Deshmukh,9833000084,2025-01-01 22:04:17,1,voice,220,"Vartak Nagar Cell Site B, Thane"
KK-CDR-000017,KK00100,Suhas Mehta,9323000100,KK00198,Ashok Khatib,9833000198,2025-01-01 11:11:55,1,voice,463,"Sakinaka Cell Site B, Mumbai Suburban"
KK-CDR-000018,KK00024,Nilesh Parekh,9422000024,KK00023,Prakash Deshmukh,8655000023,2025-01-01 15:57:44,1,voice,440,"Nhava Sheva Port Cell Site A, Raigad (Uran / JNPT)"
KK-CDR-000019,KK00079,Rafiq Soni,8976000079,KK00078,Shirish Salvi,9833000078,2025-01-01 19:44:56,1,voice,18,"Kapurbawdi Cell Site A, Thane"
KK-CDR-000020,KK00053,Pravin Bhatkar,9833000053,KK00062,Paresh Parekh,9820000062,2025-01-01 07:43:51,1,voice,563,"Sakinaka Cell Site A, Mumbai Suburban"
KK-CDR-000021,KK00013,Kishor Koli,7045000013,KK00003,Deepak Pawar,9167000003,2025-01-01 18:25:33,1,voice,574,"Satpati Coastal Cell Site A, Palghar"
KK-CDR-000022,KK00018,Suhas Sanghvi,9167000018,KK00006,Salim Parab,8655000006,2025-01-01 16:11:41,1,voice,845,"Guhagar Cell Site B, Ratnagiri"
KK-CDR-000023,KK00190,Bhavesh Kothari,9323000190,KK00211,Nitin Parekh,9820000211,2025-01-01 22:58:19,1,voice,318,"Wagle Estate Cell Site A, Thane"
KK-CDR-000024,KK00021,Santosh Bhandari,9422000021,KK00016,Anil Tandel,9167000016,2025-01-02 09:43:54,2,voice,447,"Harnai Coastal Cell Site A, Ratnagiri"
KK-CDR-000025,KK00073,Mangesh Naik,9323000073,KK00078,Shirish Salvi,9833000078,2025-01-02 07:45:53,2,voice,564,"Vartak Nagar Cell Site A, Thane"
KK-CDR-000026,KK00013,Kishor Koli,7045000013,KK00205,Mangesh Koli,7045000205,2025-01-02 17:33:35,2,voice,415,"Nalasopara Cell Site A, Palghar"
KK-CDR-000027,KK00168,Rajan Gaikwad,9323000168,KK00162,Hanif Deshmukh,9323000162,2025-01-02 10:11:49,2,voice,59,"Pydhonie Cell Site B, Mumbai City"
KK-CDR-000028,KK00105,Pravin Desai,9323000105,KK00146,Rajan Zaveri,9323000146,2025-01-02 09:58:52,2,voice,42,"Rabodi Cell Site B, Thane"
KK-CDR-000029,KK00102,Hitesh Kothari,9820000102,KK00206,Rakesh Shah,9323000206,2025-01-02 15:52:59,2,voice,745,"VP Road Cell Site A, Mumbai City"
KK-CDR-000030,KK00007,Santosh Sanghvi,9167000007,KK00004,Kishor Pawar,9167000004,2025-01-02 06:35:12,2,voice,62,"Dapoli Cell Site B, Ratnagiri"
KK-CDR-000031,KK00021,Santosh Bhandari,9422000021,KK00002,Iqbal Naik,9860000002,2025-01-02 13:35:59,2,voice,218,"Ratnagiri City Cell Site A, Ratnagiri"
KK-CDR-000032,KK00184,Iqbal Jadhav,9833000184,KK00162,Hanif Deshmukh,9323000162,2025-01-02 10:15:54,2,voice,51,"Dongri Cell Site B, Mumbai City"
KK-CDR-000033,KK00226,Yogesh Thakur,9820000226,KK00273,Javed Sanghvi,9820000273,2025-01-02 12:19:25,2,voice,233,"Vartak Nagar Cell Site B, Thane"
KK-CDR-000034,KK00065,Dnyaneshwar Bhandari,8976000065,KK00059,Salim More,9820000059,2025-01-02 17:29:31,2,voice,231,"Sakinaka Cell Site B, Mumbai Suburban"
KK-CDR-000035,KK00050,Shirish Patil,9833000050,KK00043,Vinod Mehta,9323000043,2025-01-02 22:50:18,2,voice,433,"Pydhonie Cell Site A, Mumbai City"
KK-CDR-000036,KK00093,Rajan Sanghvi,9820000093,KK00080,Rajan Desai,9820000080,2025-01-02 20:04:15,2,voice,80,"Vartak Nagar Cell Site B, Thane"
KK-CDR-000037,KK00011,Yogesh Kadam,7045000011,KK00002,Iqbal Naik,9860000002,2025-01-02 22:58:27,2,voice,210,"Nhava Sheva Port Cell Site A, Raigad (Uran / JNPT)"
KK-CDR-000038,KK00055,Vilas Shinde,8976000055,KK00129,Ravindra Sanghvi,8976000129,2025-01-02 07:41:54,2,voice,54,"VP Road Cell Site A, Mumbai City"
KK-CDR-000039,KK00019,Arif Gaikwad,9422000019,KK00209,Jitendra Kadam,7045000209,2025-01-02 17:29:46,2,voice,834,"Palghar Cell Site A, Palghar"
KK-CDR-000040,KK00052,Rakesh Zaveri,8976000052,KK00051,Pravin Kadam,8976000051,2025-01-02 17:03:25,2,voice,168,"Bandra Cell Site A, Mumbai Suburban"
KK-CDR-000041,KK00055,Vilas Shinde,8976000055,KK00168,Rajan Gaikwad,9323000168,2025-01-02 14:39:24,2,voice,547,"Dongri Cell Site B, Mumbai City"
KK-CDR-000042,KK00072,Yogesh Momin,9833000072,KK00088,Rajan Sawant,9323000088,2025-01-02 17:15:11,2,voice,411,"Rabodi Cell Site A, Thane"
KK-CDR-000043,KK00040,Rajan Ansari,9930000040,KK00054,Kishor Sawant,9833000054,2025-01-02 09:06:13,2,voice,359,"MRA Marg Cell Site B, Mumbai City"
KK-CDR-000044,KK00095,Umesh Shaikh,9930000095,KK00030,Vilas Khatib,8655000030,2025-01-02 13:15:06,2,voice,130,"Nerul Cell Site B, Navi Mumbai"
KK-CDR-000045,KK00271,Fayyaz Mhatre,9820000271,KK00383,Sachin Parekh,9820000383,2025-01-03 18:40:41,3,voice,810,"Kapurbawdi Cell Site B, Thane"
KK-CDR-000046,KK00136,Mangesh Shaikh,9930000136,KK00184,Iqbal Jadhav,9833000184,2025-01-03 19:16:34,3,voice,785,"Pydhonie Cell Site B, Mumbai City"
KK-CDR-000047,KK00082,Kishor Gaikwad,8976000082,KK00076,Jitendra Shaikh,9833000076,2025-01-03 15:00:09,3,voice,241,"Naupada Cell Site B, Thane"
KK-CDR-000048,KK00124,Sachin Bhosale,8655000124,KK00098,Yogesh Naik,9167000098,2025-01-03 16:18:03,3,voice,758,"Uran Cell Site A, Raigad (Uran / JNPT)"
KK-CDR-000049,KK00060,Mangesh Tandel,9820000060,KK00044,Ashok Sayyed,9833000044,2025-01-03 20:24:29,3,voice,412,"Bandra Cell Site A, Mumbai Suburban"
KK-CDR-000050,KK00004,Kishor Pawar,9167000004,KK00021,Santosh Bhandari,9422000021,2025-01-03 15:12:29,3,voice,127,"Uran Cell Site A, Raigad (Uran / JNPT)"
KK-CDR-000051,KK00021,Santosh Bhandari,9422000021,KK00170,Kishor Thakur,9860000170,2025-01-03 23:17:23,3,voice,27,"Dapoli Cell Site A, Ratnagiri"
KK-CDR-000052,KK00062,Paresh Parekh,9820000062,KK00046,Shabbir Shaikh,9820000046,2025-01-03 12:57:10,3,voice,18,"Andheri Cell Site A, Mumbai Suburban"
KK-CDR-000053,KK00059,Salim More,9820000059,KK00049,Santosh Zaveri,9833000049,2025-01-03 10:18:15,3,voice,737,"Sakinaka Cell Site A, Mumbai Suburban"
KK-CDR-000054,KK00084,Vinod Deshmukh,9833000084,KK00077,Anil Thakur,9833000077,2025-01-03 09:33:38,3,voice,363,"Naupada Cell Site A, Thane"
KK-CDR-000055,KK00003,Deepak Pawar,9167000003,KK00139,Sunil Bhandari,9860000139,2025-01-03 19:06:23,3,voice,62,"Harnai Coastal Cell Site B, Ratnagiri"
KK-CDR-000056,KK00083,Sachin Naik,9930000083,KK00190,Bhavesh Kothari,9323000190,2025-01-03 18:35:06,3,voice,631,"Naupada Cell Site A, Thane"
KK-CDR-000057,KK00130,Nitin Doshi,8976000130,KK00200,Vilas Pawar,9323000200,2025-01-03 22:45:13,3,voice,866,"Kapurbawdi Cell Site B, Thane"
KK-CDR-000058,KK00155,Rakesh Kothari,9422000155,KK00205,Mangesh Koli,7045000205,2025-01-03 20:15:13,3,voice,748,"Satpati Coastal Cell Site B, Palghar"
KK-CDR-000059,KK00060,Mangesh Tandel,9820000060,KK00053,Pravin Bhatkar,9833000053,2025-01-03 14:29:22,3,voice,797,"Sakinaka Cell Site A, Mumbai Suburban"
KK-CDR-000060,KK00068,Prakash Koli,9833000068,KK00195,Pravin Kothari,9820000195,2025-01-03 15:44:02,3,voice,129,"Wagle Estate Cell Site A, Thane"
KK-CDR-000061,KK00056,Mahesh Bhandari,9833000056,KK00042,Shabbir Jadhav,9930000042,2025-01-03 17:52:05,3,voice,882,"Ghatkopar Cell Site B, Mumbai Suburban"
KK-CDR-000062,KK00007,Santosh Sanghvi,9167000007,KK00019,Arif Gaikwad,9422000019,2025-01-03 17:18:14,3,voice,898,"Ratnagiri City Cell Site A, Ratnagiri"
KK-CDR-000063,KK00026,Rafiq Shah,9167000026,KK00152,Sachin Zaveri,9860000152,2025-01-03 20:24:32,3,voice,31,"Ratnagiri City Cell Site A, Ratnagiri"
KK-CDR-000064,KK00083,Sachin Naik,9930000083,KK00103,Rafiq Khatib,9930000103,2025-01-03 08:01:14,3,voice,729,"Wagle Estate Cell Site B, Thane"
KK-CDR-000065,KK00082,Kishor Gaikwad,8976000082,KK00212,Rafiq Kothari,8976000212,2025-01-03 18:07:30,3,voice,488,"Kapurbawdi Cell Site B, Thane"
KK-CDR-000066,KK00008,Vilas Tandel,9860000008,KK00017,Anil Tandel,7045000017,2025-01-03 20:18:35,3,voice,110,"Uran Cell Site A, Raigad (Uran / JNPT)"
KK-CDR-000067,KK00048,Sameer Doshi,9323000048,KK00175,Balkrishna Pawar,9323000175,2025-01-03 07:53:17,3,voice,786,"Pydhonie Cell Site B, Mumbai City"
KK-CDR-000068,KK00096,Hitesh Parekh,9422000096,KK00011,Yogesh Kadam,7045000011,2025-01-03 20:50:57,3,voice,28,"Vasai Cell Site B, Palghar"
KK-CDR-000069,KK00024,Nilesh Parekh,9422000024,KK00005,Kishor Ansari,8655000005,2025-01-04 12:20:02,4,voice,146,"Panvel Taluka Cell Site A, Raigad (Uran / JNPT)"
KK-CDR-000070,KK00140,Salim Kothari,9167000140,KK00152,Sachin Zaveri,9860000152,2025-01-04 15:01:32,4,voice,442,"Harnai Coastal Cell Site B, Ratnagiri"
KK-CDR-000071,KK00070,Hanif Kadam,9323000070,KK00078,Shirish Salvi,9833000078,2025-01-04 07:06:37,4,voice,848,"Wagle Estate Cell Site B, Thane"
KK-CDR-000072,KK00166,Hitesh Shah,9833000166,KK00213,Ravindra Zaveri,9820000213,2025-01-04 18:17:21,4,voice,83,"Kapurbawdi Cell Site B, Thane"
KK-CDR-000073,KK00024,Nilesh Parekh,9422000024,KK00005,Kishor Ansari,8655000005,2025-01-04 07:45:57,4,voice,456,"Nhava Sheva Port Cell Site B, Raigad (Uran / JNPT)"
KK-CDR-000074,KK00064,Anil Khatib,9820000064,KK00044,Ashok Sayyed,9833000044,2025-01-04 19:15:49,4,voice,46,"Pydhonie Cell Site B, Mumbai City"
KK-CDR-000075,KK00044,Ashok Sayyed,9833000044,KK00052,Rakesh Zaveri,8976000052,2025-01-04 18:39:09,4,voice,354,"Pydhonie Cell Site A, Mumbai City"
KK-CDR-000076,KK00066,Hanif Chavan,9833000066,KK00063,Sameer Koli,9323000063,2025-01-04 15:23:12,4,voice,786,"Dongri Cell Site A, Mumbai City"
KK-CDR-000077,KK00261,Imtiaz Bhatkar,8976000261,KK00420,Umesh Sawant,9833000420,2025-01-04 22:13:38,4,voice,250,"Kurla Cell Site B, Mumbai Suburban"
KK-CDR-000078,KK00130,Nitin Doshi,8976000130,KK00195,Pravin Kothari,9820000195,2025-01-04 19:31:41,4,voice,110,"Kapurbawdi Cell Site B, Thane"
KK-CDR-000079,KK00101,Javed Bhandari,9833000101,KK00121,Mangesh Doshi,9930000121,2025-01-04 07:42:34,4,voice,134,"Vartak Nagar Cell Site A, Thane"
KK-CDR-000080,KK00153,Pravin Shaikh,8976000153,KK00147,Suhas Shinde,9833000147,2025-01-04 23:44:57,4,voice,27,"Rabodi Cell Site B, Thane"
KK-CDR-000081,KK00023,Prakash Deshmukh,8655000023,KK00033,Shirish Chavan,9422000033,2025-01-04 08:40:01,4,voice,218,"Guhagar Cell Site B, Ratnagiri"
KK-CDR-000082,KK00115,Rakesh Patil,9820000115,KK00190,Bhavesh Kothari,9323000190,2025-01-04 11:24:14,4,voice,608,"Rabodi Cell Site A, Thane"
KK-CDR-000083,KK00017,Anil Tandel,7045000017,KK00122,Salim Kulkarni,8655000122,2025-01-04 12:12:19,4,voice,606,"Nhava Sheva Port Cell Site A, Raigad (Uran / JNPT)"
KK-CDR-000084,KK00075,Rafiq Pawar,8976000075,KK00130,Nitin Doshi,8976000130,2025-01-04 21:38:54,4,voice,897,"Wagle Estate Cell Site B, Thane"
KK-CDR-000085,KK00055,Vilas Shinde,8976000055,KK00048,Sameer Doshi,9323000048,2025-01-04 12:32:21,4,voice,23,"Pydhonie Cell Site A, Mumbai City"
KK-CDR-000086,KK00044,Ashok Sayyed,9833000044,KK00050,Shirish Patil,9833000050,2025-01-04 13:27:32,4,voice,294,"LT Marg Cell Site B, Mumbai City"
KK-CDR-000087,KK00095,Umesh Shaikh,9930000095,KK00028,Sameer Kulkarni,9422000028,2025-01-04 17:58:09,4,voice,155,"CBD Belapur Cell Site A, Navi Mumbai"
KK-CDR-000088,KK00095,Umesh Shaikh,9930000095,KK00014,Anil Tandel,8655000014,2025-01-04 17:22:29,4,voice,212,"Vashi Cell Site B, Navi Mumbai"
KK-CDR-000089,KK00003,Deepak Pawar,9167000003,KK00012,Bhavesh Parekh,9860000012,2025-01-05 22:42:57,5,voice,518,"Dapoli Cell Site A, Ratnagiri"
KK-CDR-000090,KK00049,Santosh Zaveri,9833000049,KK00057,Balkrishna Parekh,8976000057,2025-01-05 17:10:32,5,voice,109,"Andheri Cell Site B, Mumbai Suburban"
KK-CDR-000091,KK00143,Shabbir Surve,9930000143,KK00178,Imtiaz Ansari,9323000178,2025-01-05 18:40:14,5,voice,40,"Kapurbawdi Cell Site B, Thane"
KK-CDR-000092,KK00027,Hanif Shinde,9422000027,KK00020,Vilas Sawant,9167000020,2025-01-05 13:36:30,5,voice,39,"Khopoli Cell Site A, Raigad (Uran / JNPT)"
KK-CDR-000093,KK00082,Kishor Gaikwad,8976000082,KK00075,Rafiq Pawar,8976000075,2025-01-05 08:49:37,5,voice,105,"Rabodi Cell Site B, Thane"
KK-CDR-000094,KK00049,Santosh Zaveri,9833000049,KK00055,Vilas Shinde,8976000055,2025-01-05 21:10:23,5,voice,728,"Kurla Cell Site A, Mumbai Suburban"
KK-CDR-000095,KK00036,Fayyaz Kadam,9422000036,KK00023,Prakash Deshmukh,8655000023,2025-01-05 16:44:03,5,voice,555,"Satpati Coastal Cell Site A, Palghar"
KK-CDR-000096,KK00066,Hanif Chavan,9833000066,KK00206,Rakesh Shah,9323000206,2025-01-05 19:55:04,5,voice,714,"Pydhonie Cell Site A, Mumbai City"
KK-CDR-000097,KK00055,Vilas Shinde,8976000055,KK00065,Dnyaneshwar Bhandari,8976000065,2025-01-05 17:49:46,5,voice,308,"VP Road Cell Site A, Mumbai City"
KK-CDR-000098,KK00079,Rafiq Soni,8976000079,KK00081,Deepak Kadam,9833000081,2025-01-05 13:08:32,5,voice,276,"Rabodi Cell Site B, Thane"
KK-CDR-000099,KK00206,Rakesh Shah,9323000206,KK00149,Paresh Khatib,9820000149,2025-01-05 10:09:59,5,voice,155,"LT Marg Cell Site B, Mumbai City"
KK-CDR-000100,KK00042,Shabbir Jadhav,9930000042,KK00053,Pravin Bhatkar,9833000053,2025-01-05 12:13:08,5,voice,93,"Kurla Cell Site A, Mumbai Suburban"
KK-CDR-000101,KK00095,Umesh Shaikh,9930000095,KK00028,Sameer Kulkarni,9422000028,2025-01-05 07:55:16,5,voice,178,"Vashi Cell Site A, Navi Mumbai"
KK-CDR-000102,KK00030,Vilas Khatib,8655000030,KK00010,Hitesh Desai,7045000010,2025-01-06 07:14:36,6,voice,35,"Dapoli Cell Site B, Ratnagiri"
KK-CDR-000103,KK00108,Hitesh Bhandari,9930000108,KK00115,Rakesh Patil,9820000115,2025-01-06 19:10:49,6,voice,265,"Rabodi Cell Site A, Thane"
KK-CDR-000104,KK00048,Sameer Doshi,9323000048,KK00063,Sameer Koli,9323000063,2025-01-06 12:08:23,6,voice,253,"Pydhonie Cell Site B, Mumbai City"
KK-CDR-000105,KK00059,Salim More,9820000059,KK00053,Pravin Bhatkar,9833000053,2025-01-06 19:20:09,6,voice,62,"Andheri Cell Site B, Mumbai Suburban"
KK-CDR-000106,KK00033,Shirish Chavan,9422000033,KK00036,Fayyaz Kadam,9422000036,2025-01-06 08:49:30,6,voice,80,"Dapoli Cell Site B, Ratnagiri"
KK-CDR-000107,KK00050,Shirish Patil,9833000050,KK00194,Nilesh Bhandari,9323000194,2025-01-06 20:51:36,6,voice,822,"Dongri Cell Site A, Mumbai City"
KK-CDR-000108,KK00079,Rafiq Soni,8976000079,KK00089,Ganesh Naik,8976000089,2025-01-06 22:56:02,6,voice,663,"Naupada Cell Site B, Thane"
KK-CDR-000109,KK00117,Ganesh Bhosale,8976000117,KK00133,Ravindra Chavan,9833000133,2025-01-06 09:25:27,6,voice,272,"Kapurbawdi Cell Site A, Thane"
KK-CDR-000110,KK00038,Iqbal Mehta,9820000038,KK00039,Ravindra Bhosale,9323000039,2025-01-06 08:10:43,6,voice,275,"Ghatkopar Cell Site B, Mumbai Suburban"
KK-CDR-000111,KK00130,Nitin Doshi,8976000130,KK00200,Vilas Pawar,9323000200,2025-01-06 14:30:09,6,voice,721,"Vartak Nagar Cell Site B, Thane"
KK-CDR-000112,KK00078,Shirish Salvi,9833000078,KK00133,Ravindra Chavan,9833000133,2025-01-06 18:39:30,6,voice,106,"Naupada Cell Site A, Thane"
KK-CDR-000113,KK00063,Sameer Koli,9323000063,KK00060,Mangesh Tandel,9820000060,2025-01-06 13:42:43,6,voice,564,"Pydhonie Cell Site A, Mumbai City"
KK-CDR-000114,KK00070,Hanif Kadam,9323000070,KK00093,Rajan Sanghvi,9820000093,2025-01-06 09:56:36,6,voice,560,"Wagle Estate Cell Site A, Thane"
KK-CDR-000115,KK00024,Nilesh Parekh,9422000024,KK00138,Vinod Desai,8655000138,2025-01-06 20:05:47,6,voice,282,"Panvel Taluka Cell Site B, Raigad (Uran / JNPT)"
KK-CDR-000116,KK00081,Deepak Kadam,9833000081,KK00091,Ashok More,9833000091,2025-01-06 07:10:30,6,voice,394,"Kapurbawdi Cell Site A, Thane"
KK-CDR-000117,KK00024,Nilesh Parekh,9422000024,KK00193,Dnyaneshwar Bhosale,9167000193,2025-01-06 07:40:38,6,voice,762,"Khopoli Cell Site A, Raigad (Uran / JNPT)"
KK-CDR-000118,KK00079,Rafiq Soni,8976000079,KK00088,Rajan Sawant,9323000088,2025-01-06 10:29:45,6,voice,595,"Vartak Nagar Cell Site A, Thane"
KK-CDR-000119,KK00068,Prakash Koli,9833000068,KK00089,Ganesh Naik,8976000089,2025-01-06 14:24:31,6,voice,692,"Vartak Nagar Cell Site A, Thane"
KK-CDR-000120,KK00010,Hitesh Desai,7045000010,KK00182,Dnyaneshwar Shinde,9422000182,2025-01-06 06:45:36,6,voice,210,"Guhagar Cell Site A, Ratnagiri"
KK-CDR-000121,KK00206,Rakesh Shah,9323000206,KK00191,Javed Naik,9323000191,2025-01-06 21:29:42,6,voice,171,"Dongri Cell Site B, Mumbai City"
KK-CDR-000122,KK00060,Mangesh Tandel,9820000060,KK00065,Dnyaneshwar Bhandari,8976000065,2025-01-06 10:24:10,6,voice,207,"Kurla Cell Site A, Mumbai Suburban"
KK-CDR-000123,KK00066,Hanif Chavan,9833000066,KK00053,Pravin Bhatkar,9833000053,2025-01-06 21:48:41,6,voice,757,"LT Marg Cell Site B, Mumbai City"
KK-CDR-000124,KK00003,Deepak Pawar,9167000003,KK00032,Dattatray Mehta,9860000032,2025-01-07 13:28:28,7,voice,614,"Guhagar Cell Site B, Ratnagiri"
KK-CDR-000125,KK00024,Nilesh Parekh,9422000024,KK00014,Anil Tandel,8655000014,2025-01-07 11:49:18,7,voice,238,"Khopoli Cell Site B, Raigad (Uran / JNPT)"
KK-CDR-000126,KK00012,Bhavesh Parekh,9860000012,KK00031,Anil Chavan,8655000031,2025-01-07 09:43:32,7,voice,750,"Panvel Taluka Cell Site B, Raigad (Uran / JNPT)"
KK-CDR-000127,KK00011,Yogesh Kadam,7045000011,KK00010,Hitesh Desai,7045000010,2025-01-07 13:25:35,7,voice,274,"Uran Cell Site A, Raigad (Uran / JNPT)"
KK-CDR-000128,KK00018,Suhas Sanghvi,9167000018,KK00209,Jitendra Kadam,7045000209,2025-01-07 10:53:50,7,voice,824,"Dapoli Cell Site B, Ratnagiri"
KK-CDR-000129,KK00047,Santosh Thakur,9833000047,KK00063,Sameer Koli,9323000063,2025-01-07 07:00:03,7,voice,280,"Sakinaka Cell Site A, Mumbai Suburban"
KK-CDR-000130,KK00016,Anil Tandel,9167000016,KK00001,Nilesh Khatib,8655000001,2025-01-07 22:02:02,7,voice,651,"Guhagar Cell Site B, Ratnagiri"
KK-CDR-000131,KK00224,Sachin Pawar,9833000224,KK00301,Mahesh Salvi,9930000301,2025-01-07 16:21:00,7,voice,873,"Ghatkopar Cell Site B, Mumbai Suburban"
KK-CDR-000132,KK00058,Dattatray Patil,9833000058,KK00040,Rajan Ansari,9930000040,2025-01-07 12:01:27,7,voice,299,"LT Marg Cell Site B, Mumbai City"
KK-CDR-000133,KK00043,Vinod Mehta,9323000043,KK00049,Santosh Zaveri,9833000049,2025-01-07 10:00:21,7,voice,591,"Andheri Cell Site A, Mumbai Suburban"
KK-CDR-000134,KK00070,Hanif Kadam,9323000070,KK00085,Prakash Shaikh,9820000085,2025-01-07 07:36:14,7,voice,424,"Wagle Estate Cell Site A, Thane"
KK-CDR-000135,KK00003,Deepak Pawar,9167000003,KK00014,Anil Tandel,8655000014,2025-01-07 22:57:34,7,voice,190,"Harnai Coastal Cell Site B, Ratnagiri"
KK-CDR-000136,KK00005,Kishor Ansari,8655000005,KK00006,Salim Parab,8655000006,2025-01-07 16:19:54,7,voice,548,"Palghar Cell Site B, Palghar"
KK-CDR-000137,KK00073,Mangesh Naik,9323000073,KK00137,Pravin Zaveri,9930000137,2025-01-08 10:33:15,8,voice,282,"Wagle Estate Cell Site A, Thane"
KK-CDR-000138,KK00024,Nilesh Parekh,9422000024,KK00008,Vilas Tandel,9860000008,2025-01-08 21:41:23,8,voice,757,"Khopoli Cell Site B, Raigad (Uran / JNPT)"
KK-CDR-000139,KK00281,Hanif Gaikwad,9833000281,KK00321,Salim Gaikwad,9930000321,2025-01-08 18:57:13,8,voice,825,"Faraskhana Cell Site A, Pune"
KK-CDR-000140,KK00066,Hanif Chavan,9833000066,KK00198,Ashok Khatib,9833000198,2025-01-08 12:35:54,8,voice,488,"Pydhonie Cell Site A, Mumbai City"
KK-CDR-000141,KK00089,Ganesh Naik,8976000089,KK00094,Iqbal Patil,9833000094,2025-01-08 14:07:10,8,voice,599,"Kapurbawdi Cell Site A, Thane"
KK-CDR-000142,KK00090,Arif Mhatre,9930000090,KK00094,Iqbal Patil,9833000094,2025-01-08 06:32:42,8,voice,891,"Wagle Estate Cell Site B, Thane"
KK-CDR-000143,KK00028,Sameer Kulkarni,9422000028,KK00030,Vilas Khatib,8655000030,2025-01-08 10:26:40,8,voice,723,"Vasai Cell Site B, Palghar"
KK-CDR-000144,KK00084,Vinod Deshmukh,9833000084,KK00092,Suhas Parekh,9930000092,2025-01-08 23:01:07,8,voice,168,"Vartak Nagar Cell Site A, Thane"
KK-CDR-000145,KK00088,Rajan Sawant,9323000088,KK00090,Arif Mhatre,9930000090,2025-01-08 13:53:01,8,voice,267,"Kapurbawdi Cell Site A, Thane"
KK-CDR-000146,KK00046,Shabbir Shaikh,9820000046,KK00066,Hanif Chavan,9833000066,2025-01-08 16:56:02,8,voice,434,"VP Road Cell Site B, Mumbai City"
KK-CDR-000147,KK00043,Vinod Mehta,9323000043,KK00063,Sameer Koli,9323000063,2025-01-08 22:43:26,8,voice,481,"Ghatkopar Cell Site B, Mumbai Suburban"
KK-CDR-000148,KK00064,Anil Khatib,9820000064,KK00042,Shabbir Jadhav,9930000042,2025-01-08 14:52:56,8,voice,888,"Pydhonie Cell Site B, Mumbai City"
KK-CDR-000149,KK00044,Ashok Sayyed,9833000044,KK00050,Shirish Patil,9833000050,2025-01-08 19:37:16,8,voice,259,"Pydhonie Cell Site B, Mumbai City"
KK-CDR-000150,KK00055,Vilas Shinde,8976000055,KK00038,Iqbal Mehta,9820000038,2025-01-08 15:00:35,8,voice,491,"LT Marg Cell Site B, Mumbai City"
KK-CDR-000151,KK00069,Imtiaz Kadam,9323000069,KK00092,Suhas Parekh,9930000092,2025-01-08 09:42:52,8,voice,265,"Wagle Estate Cell Site A, Thane"
KK-CDR-000152,KK00118,Ashok Deshmukh,9167000118,KK00134,Vilas Mehta,9860000134,2025-01-08 19:34:31,8,voice,502,"Nhava Sheva Port Cell Site B, Raigad (Uran / JNPT)"
KK-CDR-000153,KK00036,Fayyaz Kadam,9422000036,KK00008,Vilas Tandel,9860000008,2025-01-08 07:51:07,8,voice,886,"Satpati Coastal Cell Site A, Palghar"
KK-CDR-000154,KK00015,Balkrishna Shinde,7045000015,KK00003,Deepak Pawar,9167000003,2025-01-08 09:08:57,8,voice,480,"Vasai Cell Site A, Palghar"
KK-CDR-000155,KK00096,Hitesh Parekh,9422000096,KK00095,Umesh Shaikh,9930000095,2025-01-08 06:01:37,8,voice,187,"Vasai Cell Site B, Palghar"
KK-CDR-000156,KK00110,Kishor Shah,9820000110,KK00215,Pravin Sayyed,9930000215,2025-01-09 18:13:51,9,voice,463,"Dongri Cell Site A, Mumbai City"
KK-CDR-000157,KK00044,Ashok Sayyed,9833000044,KK00060,Mangesh Tandel,9820000060,2025-01-09 21:57:23,9,voice,503,"MRA Marg Cell Site A, Mumbai City"
KK-CDR-000158,KK00009,Dattatray Soni,9860000009,KK00036,Fayyaz Kadam,9422000036,2025-01-09 17:59:17,9,voice,808,"Khopoli Cell Site A, Raigad (Uran / JNPT)"
KK-CDR-000159,KK00134,Vilas Mehta,9860000134,KK00205,Mangesh Koli,7045000205,2025-01-09 23:11:26,9,voice,465,"Ratnagiri City Cell Site B, Ratnagiri"
KK-CDR-000160,KK00054,Kishor Sawant,9833000054,KK00064,Anil Khatib,9820000064,2025-01-09 14:16:27,9,voice,606,"Bandra Cell Site A, Mumbai Suburban"
KK-CDR-000161,KK00040,Rajan Ansari,9930000040,KK00045,Kishor Sanghvi,9833000045,2025-01-09 14:34:44,9,voice,650,"VP Road Cell Site B, Mumbai City"
KK-CDR-000162,KK00010,Hitesh Desai,7045000010,KK00182,Dnyaneshwar Shinde,9422000182,2025-01-09 21:14:46,9,voice,417,"Ratnagiri City Cell Site A, Ratnagiri"
KK-CDR-000163,KK00093,Rajan Sanghvi,9820000093,KK00079,Rafiq Soni,8976000079,2025-01-09 21:56:00,9,voice,879,"Rabodi Cell Site B, Thane"
KK-CDR-000164,KK00033,Shirish Chavan,9422000033,KK00014,Anil Tandel,8655000014,2025-01-09 08:48:49,9,voice,581,"Guhagar Cell Site B, Ratnagiri"
KK-CDR-000165,KK00046,Shabbir Shaikh,9820000046,KK00065,Dnyaneshwar Bhandari,8976000065,2025-01-09 17:23:18,9,voice,118,"LT Marg Cell Site B, Mumbai City"
KK-CDR-000166,KK00005,Kishor Ansari,8655000005,KK00034,Rakesh Doshi,9860000034,2025-01-09 18:38:36,9,voice,140,"Vasai Cell Site B, Palghar"
KK-CDR-000167,KK00026,Rafiq Shah,9167000026,KK00025,Deepak Zaveri,8655000025,2025-01-09 09:39:48,9,voice,39,"Dapoli Cell Site A, Ratnagiri"
KK-CDR-000168,KK00079,Rafiq Soni,8976000079,KK00086,Arif Bhosale,8976000086,2025-01-09 23:06:36,9,voice,219,"Vartak Nagar Cell Site A, Thane"
KK-CDR-000169,KK00024,Nilesh Parekh,9422000024,KK00152,Sachin Zaveri,9860000152,2025-01-09 08:44:55,9,voice,581,"Uran Cell Site A, Raigad (Uran / JNPT)"
KK-CDR-000170,KK00009,Dattatray Soni,9860000009,KK00031,Anil Chavan,8655000031,2025-01-09 15:10:58,9,voice,893,"Nhava Sheva Port Cell Site A, Raigad (Uran / JNPT)"
KK-CDR-000171,KK00018,Suhas Sanghvi,9167000018,KK00025,Deepak Zaveri,8655000025,2025-01-09 11:25:30,9,voice,707,"Guhagar Cell Site A, Ratnagiri"
KK-CDR-000172,KK00032,Dattatray Mehta,9860000032,KK00193,Dnyaneshwar Bhosale,9167000193,2025-01-10 20:22:44,10,voice,638,"Khopoli Cell Site B, Raigad (Uran / JNPT)"
KK-CDR-000173,KK00029,Pravin Koli,7045000029,KK00003,Deepak Pawar,9167000003,2025-01-10 21:31:51,10,voice,585,"Palghar Cell Site B, Palghar"
KK-CDR-000174,KK00024,Nilesh Parekh,9422000024,KK00018,Suhas Sanghvi,9167000018,2025-01-10 09:46:51,10,voice,654,"Uran Cell Site B, Raigad (Uran / JNPT)"
KK-CDR-000175,KK00016,Anil Tandel,9167000016,KK00188,Bhavesh Bhandari,7045000188,2025-01-10 20:45:30,10,voice,880,"Guhagar Cell Site A, Ratnagiri"
KK-CDR-000176,KK00033,Shirish Chavan,9422000033,KK00018,Suhas Sanghvi,9167000018,2025-01-10 14:37:05,10,voice,627,"Dapoli Cell Site B, Ratnagiri"
KK-CDR-000177,KK00119,Prakash Doshi,9323000119,KK00144,Anil Shinde,9323000144,2025-01-10 13:12:34,10,voice,622,"Wagle Estate Cell Site B, Thane"
KK-CDR-000178,KK00076,Jitendra Shaikh,9833000076,KK00121,Mangesh Doshi,9930000121,2025-01-10 12:34:52,10,voice,269,"Naupada Cell Site B, Thane"
KK-CDR-000179,KK00052,Rakesh Zaveri,8976000052,KK00038,Iqbal Mehta,9820000038,2025-01-10 23:46:19,10,voice,103,"Ghatkopar Cell Site B, Mumbai Suburban"
KK-CDR-000180,KK00094,Iqbal Patil,9833000094,KK00153,Pravin Shaikh,8976000153,2025-01-10 20:58:20,10,voice,89,"Wagle Estate Cell Site A, Thane"
KK-CDR-000181,KK00253,Imtiaz More,9930000253,KK00371,Imtiaz Kothari,9930000371,2025-01-10 15:02:29,10,voice,86,"Bandra Cell Site B, Mumbai Suburban"
KK-CDR-000182,KK00034,Rakesh Doshi,9860000034,KK00122,Salim Kulkarni,8655000122,2025-01-10 20:29:18,10,voice,316,"Panvel Taluka Cell Site B, Raigad (Uran / JNPT)"
KK-CDR-000183,KK00102,Hitesh Kothari,9820000102,KK00109,Yogesh Gaikwad,8976000109,2025-01-10 12:14:56,10,voice,223,"MRA Marg Cell Site A, Mumbai City"
KK-CDR-000184,KK00002,Iqbal Naik,9860000002,KK00032,Dattatray Mehta,9860000032,2025-01-10 16:43:07,10,voice,881,"Panvel Taluka Cell Site B, Raigad (Uran / JNPT)"
KK-CDR-000185,KK00063,Sameer Koli,9323000063,KK00051,Pravin Kadam,8976000051,2025-01-10 22:10:35,10,voice,707,"VP Road Cell Site B, Mumbai City"
KK-CDR-000186,KK00106,Dattatray Pawar,9820000106,KK00107,Yogesh Bhosale,9820000107,2025-01-10 14:05:51,10,voice,292,"Andheri Cell Site A, Mumbai Suburban"
KK-CDR-000187,KK00086,Arif Bhosale,8976000086,KK00178,Imtiaz Ansari,9323000178,2025-01-10 08:16:04,10,voice,840,"Kapurbawdi Cell Site A, Thane"
KK-CDR-000188,KK00064,Anil Khatib,9820000064,KK00039,Ravindra Bhosale,9323000039,2025-01-10 13:20:04,10,voice,733,"LT Marg Cell Site B, Mumbai City"
KK-CDR-000189,KK00119,Prakash Doshi,9323000119,KK00108,Hitesh Bhandari,9930000108,2025-01-10 10:54:53,10,voice,716,"Naupada Cell Site B, Thane"
KK-CDR-000190,KK00092,Suhas Parekh,9930000092,KK00088,Rajan Sawant,9323000088,2025-01-10 22:06:52,10,voice,466,"Kapurbawdi Cell Site B, Thane"
KK-CDR-000191,KK00095,Umesh Shaikh,9930000095,KK00082,Kishor Gaikwad,8976000082,2025-01-10 13:36:17,10,voice,207,"Nerul Cell Site A, Navi Mumbai"
KK-CDR-000192,KK00096,Hitesh Parekh,9422000096,KK00003,Deepak Pawar,9167000003,2025-01-10 13:49:05,10,voice,187,"Nalasopara Cell Site A, Palghar"
KK-CDR-000193,KK00075,Rafiq Pawar,8976000075,KK00071,Arif Salvi,9833000071,2025-01-11 16:51:11,11,voice,269,"Naupada Cell Site A, Thane"
KK-CDR-000194,KK00072,Yogesh Momin,9833000072,KK00079,Rafiq Soni,8976000079,2025-01-11 07:31:27,11,voice,299,"Wagle Estate Cell Site A, Thane"
KK-CDR-000195,KK00182,Dnyaneshwar Shinde,9422000182,KK00201,Javed Shah,9860000201,2025-01-11 11:43:02,11,voice,878,"Satpati Coastal Cell Site B, Palghar"
KK-CDR-000196,KK00053,Pravin Bhatkar,9833000053,KK00060,Mangesh Tandel,9820000060,2025-01-11 22:32:45,11,voice,407,"Sakinaka Cell Site A, Mumbai Suburban"
KK-CDR-000197,KK00164,Nitin Thakur,9422000164,KK00173,Rajan Momin,7045000173,2025-01-11 23:26:00,11,voice,276,"Palghar Cell Site A, Palghar"
KK-CDR-000198,KK00041,Dnyaneshwar Parab,9930000041,KK00045,Kishor Sanghvi,9833000045,2025-01-11 14:36:37,11,voice,735,"Andheri Cell Site A, Mumbai Suburban"
KK-CDR-000199,KK00058,Dattatray Patil,9833000058,KK00062,Paresh Parekh,9820000062,2025-01-11 14:16:39,11,voice,535,"Pydhonie Cell Site A, Mumbai City"
KK-CDR-000200,KK00042,Shabbir Jadhav,9930000042,KK00057,Balkrishna Parekh,8976000057,2025-01-11 17:16:37,11,voice,412,"Kurla Cell Site B, Mumbai Suburban"
KK-CDR-000201,KK00084,Vinod Deshmukh,9833000084,KK00069,Imtiaz Kadam,9323000069,2025-01-11 13:28:50,11,voice,300,"Kapurbawdi Cell Site A, Thane"
KK-CDR-000202,KK00215,Pravin Sayyed,9930000215,KK00177,Rakesh Sawant,8976000177,2025-01-11 08:37:32,11,voice,25,"Pydhonie Cell Site B, Mumbai City"
KK-CDR-000203,KK00143,Shabbir Surve,9930000143,KK00137,Pravin Zaveri,9930000137,2025-01-11 12:26:06,11,voice,90,"Naupada Cell Site A, Thane"
KK-CDR-000204,KK00067,Shirish Pawar,8976000067,KK00076,Jitendra Shaikh,9833000076,2025-01-11 16:42:30,11,voice,690,"Rabodi Cell Site A, Thane"
KK-CDR-000205,KK00149,Paresh Khatib,9820000149,KK00151,Deepak Mehta,9820000151,2025-01-11 08:23:25,11,voice,582,"Ghatkopar Cell Site B, Mumbai Suburban"
KK-CDR-000206,KK00082,Kishor Gaikwad,8976000082,KK00144,Anil Shinde,9323000144,2025-01-11 21:52:49,11,voice,65,"Rabodi Cell Site A, Thane"
KK-CDR-000207,KK00059,Salim More,9820000059,KK00065,Dnyaneshwar Bhandari,8976000065,2025-01-11 23:14:44,11,voice,661,"Andheri Cell Site B, Mumbai Suburban"
KK-CDR-000208,KK00243,Prakash Dalvi,9833000243,KK00246,Anil Dalvi,9930000246,2025-01-11 16:16:50,11,voice,478,"Faraskhana Cell Site B, Pune"
KK-CDR-000209,KK00077,Anil Thakur,9833000077,KK00132,Vilas Kulkarni,9930000132,2025-01-11 15:29:45,11,voice,139,"Wagle Estate Cell Site B, Thane"
KK-CDR-000210,KK00002,Iqbal Naik,9860000002,KK00155,Rakesh Kothari,9422000155,2025-01-12 06:14:31,12,voice,285,"Panvel Taluka Cell Site B, Raigad (Uran / JNPT)"
KK-CDR-000211,KK00076,Jitendra Shaikh,9833000076,KK00137,Pravin Zaveri,9930000137,2025-01-12 13:43:21,12,voice,811,"Wagle Estate Cell Site B, Thane"
KK-CDR-000212,KK00033,Shirish Chavan,9422000033,KK00021,Santosh Bhandari,9422000021,2025-01-12 20:50:27,12,voice,434,"Guhagar Cell Site B, Ratnagiri"
KK-CDR-000213,KK00091,Ashok More,9833000091,KK00083,Sachin Naik,9930000083,2025-01-12 12:15:25,12,voice,283,"Vartak Nagar Cell Site B, Thane"
KK-CDR-000214,KK00080,Rajan Desai,9820000080,KK00183,Paresh Thakur,9930000183,2025-01-12 12:44:17,12,voice,329,"Naupada Cell Site B, Thane"
KK-CDR-000215,KK00106,Dattatray Pawar,9820000106,KK00199,Sunil Deshmukh,9820000199,2025-01-12 17:05:31,12,voice,308,"Kurla Cell Site A, Mumbai Suburban"
KK-CDR-000216,KK00056,Mahesh Bhandari,9833000056,KK00066,Hanif Chavan,9833000066,2025-01-12 07:16:27,12,voice,884,"Sakinaka Cell Site A, Mumbai Suburban"
KK-CDR-000217,KK00082,Kishor Gaikwad,8976000082,KK00200,Vilas Pawar,9323000200,2025-01-12 10:34:26,12,voice,111,"Rabodi Cell Site B, Thane"
KK-CDR-000218,KK00156,Shabbir Naik,9930000156,KK00162,Hanif Deshmukh,9323000162,2025-01-12 09:53:36,12,voice,740,"Andheri Cell Site A, Mumbai Suburban"
KK-CDR-000219,KK00170,Kishor Thakur,9860000170,KK00141,Kishor Doshi,9422000141,2025-01-12 07:05:26,12,voice,101,"Panvel Taluka Cell Site B, Raigad (Uran / JNPT)"
KK-CDR-000220,KK00024,Nilesh Parekh,9422000024,KK00008,Vilas Tandel,9860000008,2025-01-12 06:51:38,12,voice,411,"Nhava Sheva Port Cell Site B, Raigad (Uran / JNPT)"
KK-CDR-000221,KK00010,Hitesh Desai,7045000010,KK00006,Salim Parab,8655000006,2025-01-12 17:50:18,12,voice,792,"Guhagar Cell Site A, Ratnagiri"
KK-CDR-000222,KK00049,Santosh Zaveri,9833000049,KK00057,Balkrishna Parekh,8976000057,2025-01-12 17:12:33,12,voice,65,"Bandra Cell Site B, Mumbai Suburban"
KK-CDR-000223,KK00001,Nilesh Khatib,8655000001,KK00214,Vinod Pawar,7045000214,2025-01-12 07:57:53,12,voice,423,"Harnai Coastal Cell Site A, Ratnagiri"
KK-CDR-000224,KK00044,Ashok Sayyed,9833000044,KK00145,Vilas Ansari,9323000145,2025-01-12 13:11:40,12,voice,766,"Pydhonie Cell Site A, Mumbai City"
KK-CDR-000225,KK00014,Anil Tandel,8655000014,KK00201,Javed Shah,9860000201,2025-01-12 18:03:22,12,voice,899,"Palghar Cell Site A, Palghar"
KK-CDR-000226,KK00025,Deepak Zaveri,8655000025,KK00035,Balkrishna Shaikh,9167000035,2025-01-12 06:24:20,12,voice,95,"Panvel Taluka Cell Site B, Raigad (Uran / JNPT)"
KK-CDR-000227,KK00095,Umesh Shaikh,9930000095,KK00018,Suhas Sanghvi,9167000018,2025-01-12 09:02:15,12,voice,73,"APMC Cell Site A, Navi Mumbai"
KK-CDR-000228,KK00095,Umesh Shaikh,9930000095,KK00084,Vinod Deshmukh,9833000084,2025-01-12 08:40:48,12,voice,53,"Vashi Cell Site A, Navi Mumbai"
KK-CDR-000229,KK00034,Rakesh Doshi,9860000034,KK00112,Rakesh Gaikwad,8655000112,2025-01-13 06:38:04,13,voice,145,"Nhava Sheva Port Cell Site B, Raigad (Uran / JNPT)"
KK-CDR-000230,KK00072,Yogesh Momin,9833000072,KK00087,Rafiq Deshmukh,8976000087,2025-01-13 21:55:43,13,voice,873,"Vartak Nagar Cell Site B, Thane"
KK-CDR-000231,KK00080,Rajan Desai,9820000080,KK00081,Deepak Kadam,9833000081,2025-01-13 08:45:35,13,voice,478,"Vartak Nagar Cell Site B, Thane"
KK-CDR-000232,KK00162,Hanif Deshmukh,9323000162,KK00168,Rajan Gaikwad,9323000168,2025-01-13 06:31:16,13,voice,28,"MRA Marg Cell Site A, Mumbai City"
KK-CDR-000233,KK00041,Dnyaneshwar Parab,9930000041,KK00048,Sameer Doshi,9323000048,2025-01-13 15:34:07,13,voice,235,"Ghatkopar Cell Site B, Mumbai Suburban"
KK-CDR-000234,KK00076,Jitendra Shaikh,9833000076,KK00094,Iqbal Patil,9833000094,2025-01-13 08:18:28,13,voice,290,"Rabodi Cell Site B, Thane"
KK-CDR-000235,KK00022,Dnyaneshwar Salvi,8655000022,KK00002,Iqbal Naik,9860000002,2025-01-13 09:50:25,13,voice,666,"Dapoli Cell Site A, Ratnagiri"
KK-CDR-000236,KK00021,Santosh Bhandari,9422000021,KK00127,Ganesh Kadam,7045000127,2025-01-13 23:53:34,13,voice,855,"Dapoli Cell Site B, Ratnagiri"
KK-CDR-000237,KK00086,Arif Bhosale,8976000086,KK00190,Bhavesh Kothari,9323000190,2025-01-13 10:29:50,13,voice,803,"Naupada Cell Site B, Thane"
KK-CDR-000238,KK00042,Shabbir Jadhav,9930000042,KK00056,Mahesh Bhandari,9833000056,2025-01-13 15:39:31,13,voice,868,"Kurla Cell Site B, Mumbai Suburban"
KK-CDR-000239,KK00080,Rajan Desai,9820000080,KK00097,Arif Kadam,9323000097,2025-01-13 11:12:38,13,voice,163,"Kapurbawdi Cell Site B, Thane"
KK-CDR-000240,KK00026,Rafiq Shah,9167000026,KK00016,Anil Tandel,9167000016,2025-01-13 21:04:48,13,voice,594,"Guhagar Cell Site A, Ratnagiri"
KK-CDR-000241,KK00015,Balkrishna Shinde,7045000015,KK00024,Nilesh Parekh,9422000024,2025-01-13 10:23:45,13,voice,474,"Vasai Cell Site B, Palghar"
KK-CDR-000242,KK00090,Arif Mhatre,9930000090,KK00081,Deepak Kadam,9833000081,2025-01-13 09:39:03,13,voice,151,"Vartak Nagar Cell Site B, Thane"
KK-CDR-000243,KK00113,Fayyaz Chavan,8976000113,KK00177,Rakesh Sawant,8976000177,2025-01-13 07:26:12,13,voice,322,"Andheri Cell Site A, Mumbai Suburban"
KK-CDR-000244,KK00095,Umesh Shaikh,9930000095,KK00015,Balkrishna Shinde,7045000015,2025-01-13 17:29:51,13,voice,156,"CBD Belapur Cell Site B, Navi Mumbai"
KK-CDR-000245,KK00096,Hitesh Parekh,9422000096,KK00003,Deepak Pawar,9167000003,2025-01-13 06:34:00,13,voice,126,"Palghar Cell Site B, Palghar"
KK-CDR-000246,KK00022,Dnyaneshwar Salvi,8655000022,KK00004,Kishor Pawar,9167000004,2025-01-14 21:55:00,14,voice,557,"Dapoli Cell Site B, Ratnagiri"
KK-CDR-000247,KK00178,Imtiaz Ansari,9323000178,KK00097,Arif Kadam,9323000097,2025-01-14 12:45:02,14,voice,310,"Naupada Cell Site B, Thane"
KK-CDR-000248,KK00051,Pravin Kadam,8976000051,KK00042,Shabbir Jadhav,9930000042,2025-01-14 23:41:58,14,voice,895,"Pydhonie Cell Site B, Mumbai City"
KK-CDR-000249,KK00015,Balkrishna Shinde,7045000015,KK00036,Fayyaz Kadam,9422000036,2025-01-14 15:31:02,14,voice,518,"Satpati Coastal Cell Site A, Palghar"
KK-CDR-000250,KK00057,Balkrishna Parekh,8976000057,KK00038,Iqbal Mehta,9820000038,2025-01-14 15:37:37,14,voice,844,"LT Marg Cell Site A, Mumbai City"
KK-CDR-000251,KK00092,Suhas Parekh,9930000092,KK00189,Dattatray Jadhav,9833000189,2025-01-14 09:30:46,14,voice,42,"Wagle Estate Cell Site A, Thane"
KK-CDR-000252,KK00153,Pravin Shaikh,8976000153,KK00146,Rajan Zaveri,9323000146,2025-01-14 12:11:23,14,voice,596,"Vartak Nagar Cell Site A, Thane"
KK-CDR-000253,KK00038,Iqbal Mehta,9820000038,KK00065,Dnyaneshwar Bhandari,8976000065,2025-01-14 22:19:44,14,voice,124,"Bandra Cell Site B, Mumbai Suburban"
KK-CDR-000254,KK00087,Rafiq Deshmukh,8976000087,KK00092,Suhas Parekh,9930000092,2025-01-14 14:17:01,14,voice,744,"Naupada Cell Site B, Thane"
KK-CDR-000255,KK00083,Sachin Naik,9930000083,KK00097,Arif Kadam,9323000097,2025-01-14 06:15:54,14,voice,229,"Rabodi Cell Site A, Thane"
KK-CDR-000256,KK00018,Suhas Sanghvi,9167000018,KK00173,Rajan Momin,7045000173,2025-01-14 23:34:23,14,voice,342,"Harnai Coastal Cell Site B, Ratnagiri"
KK-CDR-000257,KK00036,Fayyaz Kadam,9422000036,KK00013,Kishor Koli,7045000013,2025-01-14 19:14:33,14,voice,840,"Satpati Coastal Cell Site B, Palghar"
KK-CDR-000258,KK00122,Salim Kulkarni,8655000122,KK00165,Prakash Zaveri,7045000165,2025-01-14 18:15:07,14,voice,554,"Satpati Coastal Cell Site B, Palghar"
KK-CDR-000259,KK00073,Mangesh Naik,9323000073,KK00072,Yogesh Momin,9833000072,2025-01-14 12:08:44,14,voice,457,"Rabodi Cell Site A, Thane"
KK-CDR-000260,KK00289,Nilesh Shaikh,9820000289,KK00247,Javed Ansari,9323000247,2025-01-14 19:33:45,14,voice,755,"Naupada Cell Site B, Thane"
KK-CDR-000261,KK00088,Rajan Sawant,9323000088,KK00073,Mangesh Naik,9323000073,2025-01-14 23:52:08,14,voice,77,"Naupada Cell Site B, Thane"
KK-CDR-000262,KK00074,Prakash Bhosale,9323000074,KK00079,Rafiq Soni,8976000079,2025-01-14 18:41:01,14,voice,404,"Naupada Cell Site B, Thane"
KK-CDR-000263,KK00077,Anil Thakur,9833000077,KK00195,Pravin Kothari,9820000195,2025-01-14 16:21:01,14,voice,84,"Rabodi Cell Site A, Thane"
KK-CDR-000264,KK00095,Umesh Shaikh,9930000095,KK00027,Hanif Shinde,9422000027,2025-01-14 19:49:09,14,voice,206,"CBD Belapur Cell Site A, Navi Mumbai"
KK-CDR-000265,KK00096,Hitesh Parekh,9422000096,KK00011,Yogesh Kadam,7045000011,2025-01-14 18:04:26,14,voice,141,"Vasai Cell Site B, Palghar"
KK-CDR-000266,KK00096,Hitesh Parekh,9422000096,KK00003,Deepak Pawar,9167000003,2025-01-14 14:37:18,14,voice,25,"Palghar Cell Site A, Palghar"
KK-CDR-000267,KK00072,Yogesh Momin,9833000072,KK00069,Imtiaz Kadam,9323000069,2025-01-15 11:16:38,15,voice,188,"Wagle Estate Cell Site A, Thane"
KK-CDR-000268,KK00062,Paresh Parekh,9820000062,KK00199,Sunil Deshmukh,9820000199,2025-01-15 23:50:29,15,voice,772,"Kurla Cell Site A, Mumbai Suburban"
KK-CDR-000269,KK00037,Ganesh Deshmukh,9323000037,KK00043,Vinod Mehta,9323000043,2025-01-15 17:17:32,15,voice,300,"Kurla Cell Site A, Mumbai Suburban"
KK-CDR-000270,KK00034,Rakesh Doshi,9860000034,KK00016,Anil Tandel,9167000016,2025-01-15 11:02:59,15,voice,41,"Panvel Taluka Cell Site A, Raigad (Uran / JNPT)"
KK-CDR-000271,KK00053,Pravin Bhatkar,9833000053,KK00064,Anil Khatib,9820000064,2025-01-15 15:27:59,15,voice,406,"Ghatkopar Cell Site B, Mumbai Suburban"
KK-CDR-000272,KK00090,Arif Mhatre,9930000090,KK00081,Deepak Kadam,9833000081,2025-01-15 18:02:33,15,voice,548,"Rabodi Cell Site B, Thane"
KK-CDR-000273,KK00084,Vinod Deshmukh,9833000084,KK00078,Shirish Salvi,9833000078,2025-01-15 07:01:00,15,voice,847,"Rabodi Cell Site A, Thane"
KK-CDR-000274,KK00032,Dattatray Mehta,9860000032,KK00010,Hitesh Desai,7045000010,2025-01-15 08:08:29,15,voice,652,"Panvel Taluka Cell Site B, Raigad (Uran / JNPT)"
KK-CDR-000275,KK00071,Arif Salvi,9833000071,KK00069,Imtiaz Kadam,9323000069,2025-01-15 13:58:22,15,voice,311,"Vartak Nagar Cell Site A, Thane"
KK-CDR-000276,KK00022,Dnyaneshwar Salvi,8655000022,KK00008,Vilas Tandel,9860000008,2025-01-15 19:04:44,15,voice,837,"Ratnagiri City Cell Site B, Ratnagiri"
KK-CDR-000277,KK00061,Sameer Soni,9820000061,KK00052,Rakesh Zaveri,8976000052,2025-01-15 17:53:10,15,voice,694,"Dongri Cell Site B, Mumbai City"
KK-CDR-000278,KK00349,Pravin Doshi,8976000349,KK00220,Mangesh Desai,9833000220,2025-01-15 21:34:42,15,voice,156,"Faraskhana Cell Site B, Pune"
KK-CDR-000279,KK00084,Vinod Deshmukh,9833000084,KK00166,Hitesh Shah,9833000166,2025-01-15 15:46:39,15,voice,270,"Vartak Nagar Cell Site A, Thane"
KK-CDR-000280,KK00002,Iqbal Naik,9860000002,KK00141,Kishor Doshi,9422000141,2025-01-15 10:57:28,15,voice,642,"Khopoli Cell Site B, Raigad (Uran / JNPT)"
KK-CDR-000281,KK00045,Kishor Sanghvi,9833000045,KK00208,Rafiq Momin,9930000208,2025-01-15 07:46:48,15,voice,436,"Kurla Cell Site A, Mumbai Suburban"
KK-CDR-000282,KK00093,Rajan Sanghvi,9820000093,KK00083,Sachin Naik,9930000083,2025-01-15 19:48:12,15,voice,454,"Rabodi Cell Site B, Thane"
KK-CDR-000283,KK00084,Vinod Deshmukh,9833000084,KK00091,Ashok More,9833000091,2025-01-15 14:38:25,15,voice,812,"Kapurbawdi Cell Site A, Thane"
KK-CDR-000284,KK00017,Anil Tandel,7045000017,KK00139,Sunil Bhandari,9860000139,2025-01-15 06:23:45,15,voice,626,"Uran Cell Site A, Raigad (Uran / JNPT)"
KK-CDR-000285,KK00087,Rafiq Deshmukh,8976000087,KK00069,Imtiaz Kadam,9323000069,2025-01-15 17:07:57,15,voice,268,"Vartak Nagar Cell Site B, Thane"
KK-CDR-000286,KK00084,Vinod Deshmukh,9833000084,KK00094,Iqbal Patil,9833000094,2025-01-15 06:30:54,15,voice,611,"Naupada Cell Site B, Thane"
KK-CDR-000287,KK00074,Prakash Bhosale,9323000074,KK00137,Pravin Zaveri,9930000137,2025-01-15 07:55:25,15,voice,81,"Vartak Nagar Cell Site B, Thane"
KK-CDR-000288,KK00158,Balkrishna Naik,9323000158,KK00146,Rajan Zaveri,9323000146,2025-01-15 19:42:33,15,voice,91,"Naupada Cell Site B, Thane"
KK-CDR-000289,KK00077,Anil Thakur,9833000077,KK00087,Rafiq Deshmukh,8976000087,2025-01-15 23:51:12,15,voice,658,"Wagle Estate Cell Site A, Thane"
KK-CDR-000290,KK00020,Vilas Sawant,9167000020,KK00035,Balkrishna Shaikh,9167000035,2025-01-15 06:58:29,15,voice,642,"Vasai Cell Site A, Palghar"
KK-CDR-000291,KK00044,Ashok Sayyed,9833000044,KK00039,Ravindra Bhosale,9323000039,2025-01-16 22:27:51,16,voice,418,"LT Marg Cell Site B, Mumbai City"
KK-CDR-000292,KK00148,Anil Ansari,9930000148,KK00212,Rafiq Kothari,8976000212,2025-01-16 09:50:35,16,voice,167,"Wagle Estate Cell Site B, Thane"
KK-CDR-000293,KK00172,Nilesh Kadam,8976000172,KK00126,Mangesh Thakur,9833000126,2025-01-16 12:02:47,16,voice,808,"LT Marg Cell Site A, Mumbai City"
KK-CDR-000294,KK00036,Fayyaz Kadam,9422000036,KK00124,Sachin Bhosale,8655000124,2025-01-16 06:32:54,16,voice,882,"Nalasopara Cell Site B, Palghar"
KK-CDR-000295,KK00079,Rafiq Soni,8976000079,KK00093,Rajan Sanghvi,9820000093,2025-01-16 19:23:04,16,voice,481,"Naupada Cell Site A, Thane"
KK-CDR-000296,KK00085,Prakash Shaikh,9820000085,KK00087,Rafiq Deshmukh,8976000087,2025-01-16 10:56:33,16,voice,650,"Naupada Cell Site A, Thane"
KK-CDR-000297,KK00013,Kishor Koli,7045000013,KK00099,Salim Khatib,7045000099,2025-01-16 10:53:39,16,voice,308,"Satpati Coastal Cell Site B, Palghar"
KK-CDR-000298,KK00019,Arif Gaikwad,9422000019,KK00029,Pravin Koli,7045000029,2025-01-16 23:30:32,16,voice,167,"Vasai Cell Site A, Palghar"
KK-CDR-000299,KK00084,Vinod Deshmukh,9833000084,KK00083,Sachin Naik,9930000083,2025-01-16 17:55:21,16,voice,642,"Vartak Nagar Cell Site B, Thane"
KK-CDR-000300,KK00063,Sameer Koli,9323000063,KK00197,Fayyaz Dalvi,9820000197,2025-01-16 08:47:25,16,voice,382,"MRA Marg Cell Site A, Mumbai City"
KK-CDR-000301,KK00076,Jitendra Shaikh,9833000076,KK00094,Iqbal Patil,9833000094,2025-01-16 12:13:02,16,voice,735,"Wagle Estate Cell Site A, Thane"
KK-CDR-000302,KK00096,Hitesh Parekh,9422000096,KK00009,Dattatray Soni,9860000009,2025-01-16 18:24:40,16,voice,87,"Satpati Coastal Cell Site B, Palghar"
KK-CDR-000303,KK00027,Hanif Shinde,9422000027,KK00193,Dnyaneshwar Bhosale,9167000193,2025-01-17 10:49:55,17,voice,160,"Khopoli Cell Site A, Raigad (Uran / JNPT)"
KK-CDR-000304,KK00018,Suhas Sanghvi,9167000018,KK00196,Nitin Sayyed,9422000196,2025-01-17 06:50:58,17,voice,693,"Guhagar Cell Site A, Ratnagiri"
KK-CDR-000305,KK00019,Arif Gaikwad,9422000019,KK00001,Nilesh Khatib,8655000001,2025-01-17 18:25:43,17,voice,339,"Vasai Cell Site A, Palghar"
KK-CDR-000306,KK00218,Vinod Thakur,9930000218,KK00324,Rakesh Ansari,9820000324,2025-01-17 09:27:56,17,voice,870,"Kapurbawdi Cell Site A, Thane"
KK-CDR-000307,KK00080,Rajan Desai,9820000080,KK00094,Iqbal Patil,9833000094,2025-01-17 16:39:59,17,voice,339,"Wagle Estate Cell Site B, Thane"
KK-CDR-000308,KK00068,Prakash Koli,9833000068,KK00088,Rajan Sawant,9323000088,2025-01-17 20:58:37,17,voice,820,"Rabodi Cell Site B, Thane"
KK-CDR-000309,KK00020,Vilas Sawant,9167000020,KK00005,Kishor Ansari,8655000005,2025-01-17 22:35:34,17,voice,236,"Vasai Cell Site B, Palghar"
KK-CDR-000310,KK00059,Salim More,9820000059,KK00123,Nitin Shaikh,8976000123,2025-01-17 12:52:07,17,voice,276,"Kurla Cell Site A, Mumbai Suburban"
KK-CDR-000311,KK00188,Bhavesh Bhandari,7045000188,KK00122,Salim Kulkarni,8655000122,2025-01-17 07:17:28,17,voice,579,"Guhagar Cell Site B, Ratnagiri"
KK-CDR-000312,KK00025,Deepak Zaveri,8655000025,KK00216,Santosh Jadhav,8655000216,2025-01-17 19:19:25,17,voice,243,"Khopoli Cell Site A, Raigad (Uran / JNPT)"
KK-CDR-000313,KK00014,Anil Tandel,8655000014,KK00006,Salim Parab,8655000006,2025-01-17 14:37:51,17,voice,282,"Satpati Coastal Cell Site B, Palghar"
KK-CDR-000314,KK00002,Iqbal Naik,9860000002,KK00013,Kishor Koli,7045000013,2025-01-17 12:49:04,17,voice,833,"Uran Cell Site B, Raigad (Uran / JNPT)"
KK-CDR-000315,KK00093,Rajan Sanghvi,9820000093,KK00083,Sachin Naik,9930000083,2025-01-17 23:56:05,17,voice,726,"Wagle Estate Cell Site B, Thane"
KK-CDR-000316,KK00086,Arif Bhosale,8976000086,KK00073,Mangesh Naik,9323000073,2025-01-17 12:05:55,17,voice,677,"Wagle Estate Cell Site A, Thane"
KK-CDR-000317,KK00058,Dattatray Patil,9833000058,KK00045,Kishor Sanghvi,9833000045,2025-01-17 09:28:09,17,voice,724,"Pydhonie Cell Site B, Mumbai City"
KK-CDR-000318,KK00004,Kishor Pawar,9167000004,KK00034,Rakesh Doshi,9860000034,2025-01-17 18:15:13,17,voice,535,"Panvel Taluka Cell Site A, Raigad (Uran / JNPT)"
KK-CDR-000319,KK00046,Shabbir Shaikh,9820000046,KK00056,Mahesh Bhandari,9833000056,2025-01-17 10:44:52,17,voice,102,"LT Marg Cell Site B, Mumbai City"
KK-CDR-000320,KK00081,Deepak Kadam,9833000081,KK00213,Ravindra Zaveri,9820000213,2025-01-17 16:09:01,17,voice,699,"Naupada Cell Site A, Thane"
KK-CDR-000321,KK00073,Mangesh Naik,9323000073,KK00093,Rajan Sanghvi,9820000093,2025-01-17 07:06:32,17,voice,533,"Wagle Estate Cell Site A, Thane"
KK-CDR-000322,KK00075,Rafiq Pawar,8976000075,KK00088,Rajan Sawant,9323000088,2025-01-17 06:41:35,17,voice,875,"Wagle Estate Cell Site B, Thane"
KK-CDR-000323,KK00088,Rajan Sawant,9323000088,KK00070,Hanif Kadam,9323000070,2025-01-17 06:57:43,17,voice,371,"Wagle Estate Cell Site A, Thane"
KK-CDR-000324,KK00089,Ganesh Naik,8976000089,KK00088,Rajan Sawant,9323000088,2025-01-17 09:45:22,17,voice,421,"Rabodi Cell Site A, Thane"
KK-CDR-000325,KK00018,Suhas Sanghvi,9167000018,KK00012,Bhavesh Parekh,9860000012,2025-01-17 12:57:29,17,voice,198,"Guhagar Cell Site B, Ratnagiri"
KK-CDR-000326,KK00193,Dnyaneshwar Bhosale,9167000193,KK00207,Shabbir Pawar,9422000207,2025-01-17 23:01:02,17,voice,285,"Uran Cell Site B, Raigad (Uran / JNPT)"
KK-CDR-000327,KK00095,Umesh Shaikh,9930000095,KK00083,Sachin Naik,9930000083,2025-01-17 22:03:46,17,voice,185,"CBD Belapur Cell Site B, Navi Mumbai"
KK-CDR-000328,KK00074,Prakash Bhosale,9323000074,KK00069,Imtiaz Kadam,9323000069,2025-01-18 16:54:33,18,voice,152,"Vartak Nagar Cell Site B, Thane"
KK-CDR-000329,KK00036,Fayyaz Kadam,9422000036,KK00017,Anil Tandel,7045000017,2025-01-18 18:18:17,18,voice,428,"Nalasopara Cell Site A, Palghar"
KK-CDR-000330,KK00009,Dattatray Soni,9860000009,KK00019,Arif Gaikwad,9422000019,2025-01-18 18:01:04,18,voice,510,"Panvel Taluka Cell Site A, Raigad (Uran / JNPT)"
KK-CDR-000331,KK00015,Balkrishna Shinde,7045000015,KK00034,Rakesh Doshi,9860000034,2025-01-18 14:08:55,18,voice,288,"Vasai Cell Site B, Palghar"
KK-CDR-000332,KK00081,Deepak Kadam,9833000081,KK00069,Imtiaz Kadam,9323000069,2025-01-18 06:17:19,18,voice,584,"Kapurbawdi Cell Site A, Thane"
KK-CDR-000333,KK00015,Balkrishna Shinde,7045000015,KK00193,Dnyaneshwar Bhosale,9167000193,2025-01-18 17:23:40,18,voice,495,"Palghar Cell Site A, Palghar"
KK-CDR-000334,KK00181,Umesh Jadhav,8976000181,KK00162,Hanif Deshmukh,9323000162,2025-01-18 06:28:28,18,voice,625,"Pydhonie Cell Site A, Mumbai City"
KK-CDR-000335,KK00385,Paresh Kadam,9930000385,KK00348,Jitendra Parab,8976000348,2025-01-18 20:04:15,18,voice,449,"Koregaon Park Cell Site A, Pune"
KK-CDR-000336,KK00042,Shabbir Jadhav,9930000042,KK00053,Pravin Bhatkar,9833000053,2025-01-18 21:14:43,18,voice,196,"Bandra Cell Site A, Mumbai Suburban"
KK-CDR-000337,KK00195,Pravin Kothari,9820000195,KK00119,Prakash Doshi,9323000119,2025-01-18 06:12:14,18,voice,76,"Vartak Nagar Cell Site B, Thane"
KK-CDR-000338,KK00073,Mangesh Naik,9323000073,KK00071,Arif Salvi,9833000071,2025-01-18 16:54:56,18,voice,140,"Naupada Cell Site B, Thane"
KK-CDR-000339,KK00072,Yogesh Momin,9833000072,KK00082,Kishor Gaikwad,8976000082,2025-01-18 22:02:00,18,voice,256,"Vartak Nagar Cell Site A, Thane"
KK-CDR-000340,KK00165,Prakash Zaveri,7045000165,KK00205,Mangesh Koli,7045000205,2025-01-18 20:36:20,18,voice,262,"Nhava Sheva Port Cell Site A, Raigad (Uran / JNPT)"
KK-CDR-000341,KK00099,Salim Khatib,7045000099,KK00188,Bhavesh Bhandari,7045000188,2025-01-18 18:33:21,18,voice,580,"Ratnagiri City Cell Site A, Ratnagiri"
KK-CDR-000342,KK00024,Nilesh Parekh,9422000024,KK00005,Kishor Ansari,8655000005,2025-01-18 18:37:06,18,voice,463,"Panvel Taluka Cell Site A, Raigad (Uran / JNPT)"
KK-CDR-000343,KK00068,Prakash Koli,9833000068,KK00072,Yogesh Momin,9833000072,2025-01-18 23:32:33,18,voice,217,"Naupada Cell Site B, Thane"
KK-CDR-000344,KK00056,Mahesh Bhandari,9833000056,KK00129,Ravindra Sanghvi,8976000129,2025-01-18 13:45:12,18,voice,779,"Ghatkopar Cell Site A, Mumbai Suburban"
KK-CDR-000345,KK00111,Deepak Tandel,9820000111,KK00202,Rajan Bhosale,9820000202,2025-01-18 13:35:27,18,voice,169,"Andheri Cell Site A, Mumbai Suburban"
KK-CDR-000346,KK00031,Anil Chavan,8655000031,KK00025,Deepak Zaveri,8655000025,2025-01-18 13:24:50,18,voice,566,"Dapoli Cell Site A, Ratnagiri"
KK-CDR-000347,KK00008,Vilas Tandel,9860000008,KK00024,Nilesh Parekh,9422000024,2025-01-18 10:12:28,18,voice,617,"Nhava Sheva Port Cell Site A, Raigad (Uran / JNPT)"
KK-CDR-000348,KK00046,Shabbir Shaikh,9820000046,KK00057,Balkrishna Parekh,8976000057,2025-01-18 13:15:04,18,voice,514,"VP Road Cell Site A, Mumbai City"
KK-CDR-000349,KK00044,Ashok Sayyed,9833000044,KK00194,Nilesh Bhandari,9323000194,2025-01-18 17:12:04,18,voice,690,"Dongri Cell Site B, Mumbai City"
KK-CDR-000350,KK00055,Vilas Shinde,8976000055,KK00041,Dnyaneshwar Parab,9930000041,2025-01-18 19:16:57,18,voice,650,"Dongri Cell Site A, Mumbai City"
KK-CDR-000351,KK00061,Sameer Soni,9820000061,KK00049,Santosh Zaveri,9833000049,2025-01-18 16:15:04,18,voice,639,"Dongri Cell Site B, Mumbai City"
KK-CDR-000352,KK00014,Anil Tandel,8655000014,KK00002,Iqbal Naik,9860000002,2025-01-18 19:20:54,18,voice,307,"Palghar Cell Site B, Palghar"
KK-CDR-000353,KK00022,Dnyaneshwar Salvi,8655000022,KK00011,Yogesh Kadam,7045000011,2025-01-18 06:04:39,18,voice,871,"Ratnagiri City Cell Site A, Ratnagiri"
KK-CDR-000354,KK00003,Deepak Pawar,9167000003,KK00104,Imtiaz Bhosale,9167000104,2025-01-18 11:00:24,18,voice,388,"Harnai Coastal Cell Site A, Ratnagiri"
KK-CDR-000355,KK00094,Iqbal Patil,9833000094,KK00072,Yogesh Momin,9833000072,2025-01-18 08:19:01,18,voice,561,"Naupada Cell Site A, Thane"
KK-CDR-000356,KK00046,Shabbir Shaikh,9820000046,KK00053,Pravin Bhatkar,9833000053,2025-01-18 17:01:54,18,voice,678,"LT Marg Cell Site B, Mumbai City"
KK-CDR-000357,KK00048,Sameer Doshi,9323000048,KK00197,Fayyaz Dalvi,9820000197,2025-01-18 23:40:15,18,voice,307,"VP Road Cell Site A, Mumbai City"
KK-CDR-000358,KK00095,Umesh Shaikh,9930000095,KK00001,Nilesh Khatib,8655000001,2025-01-18 09:13:30,18,voice,50,"Nerul Cell Site B, Navi Mumbai"
KK-CDR-000359,KK00095,Umesh Shaikh,9930000095,KK00067,Shirish Pawar,8976000067,2025-01-18 10:21:09,18,voice,33,"CBD Belapur Cell Site B, Navi Mumbai"
KK-CDR-000360,KK00096,Hitesh Parekh,9422000096,KK00004,Kishor Pawar,9167000004,2025-01-18 14:52:41,18,voice,153,"Nalasopara Cell Site A, Palghar"
KK-CDR-000361,KK00096,Hitesh Parekh,9422000096,KK00009,Dattatray Soni,9860000009,2025-01-18 08:52:30,18,voice,123,"Vasai Cell Site A, Palghar"
KK-CDR-000362,KK00096,Hitesh Parekh,9422000096,KK00010,Hitesh Desai,7045000010,2025-01-18 15:59:37,18,voice,112,"Satpati Coastal Cell Site A, Palghar"
KK-CDR-000363,KK00069,Imtiaz Kadam,9323000069,KK00091,Ashok More,9833000091,2025-01-19 10:48:19,19,voice,887,"Vartak Nagar Cell Site A, Thane"
KK-CDR-000364,KK00313,Mangesh Jadhav,9323000313,KK00307,Iqbal Shinde,9323000307,2025-01-19 10:30:32,19,voice,898,"Bund Garden Cell Site B, Pune"
KK-CDR-000365,KK00048,Sameer Doshi,9323000048,KK00129,Ravindra Sanghvi,8976000129,2025-01-19 23:18:47,19,voice,274,"LT Marg Cell Site A, Mumbai City"
KK-CDR-000366,KK00198,Ashok Khatib,9833000198,KK00145,Vilas Ansari,9323000145,2025-01-19 07:40:49,19,voice,424,"Bandra Cell Site A, Mumbai Suburban"
KK-CDR-000367,KK00013,Kishor Koli,7045000013,KK00141,Kishor Doshi,9422000141,2025-01-19 17:42:19,19,voice,422,"Satpati Coastal Cell Site A, Palghar"
KK-CDR-000368,KK00003,Deepak Pawar,9167000003,KK00004,Kishor Pawar,9167000004,2025-01-19 23:10:46,19,voice,321,"Ratnagiri City Cell Site B, Ratnagiri"
KK-CDR-000369,KK00009,Dattatray Soni,9860000009,KK00024,Nilesh Parekh,9422000024,2025-01-19 20:14:11,19,voice,554,"Uran Cell Site A, Raigad (Uran / JNPT)"
KK-CDR-000370,KK00067,Shirish Pawar,8976000067,KK00137,Pravin Zaveri,9930000137,2025-01-19 18:50:35,19,voice,754,"Wagle Estate Cell Site A, Thane"
KK-CDR-000371,KK00094,Iqbal Patil,9833000094,KK00080,Rajan Desai,9820000080,2025-01-19 14:17:46,19,voice,36,"Wagle Estate Cell Site A, Thane"
KK-CDR-000372,KK00019,Arif Gaikwad,9422000019,KK00098,Yogesh Naik,9167000098,2025-01-19 15:29:44,19,voice,133,"Nalasopara Cell Site A, Palghar"
KK-CDR-000373,KK00051,Pravin Kadam,8976000051,KK00040,Rajan Ansari,9930000040,2025-01-19 12:03:08,19,voice,843,"MRA Marg Cell Site B, Mumbai City"
KK-CDR-000374,KK00050,Shirish Patil,9833000050,KK00041,Dnyaneshwar Parab,9930000041,2025-01-19 12:23:24,19,voice,425,"MRA Marg Cell Site B, Mumbai City"
KK-CDR-000375,KK00141,Kishor Doshi,9422000141,KK00134,Vilas Mehta,9860000134,2025-01-19 11:43:45,19,voice,544,"Guhagar Cell Site B, Ratnagiri"
KK-CDR-000376,KK00002,Iqbal Naik,9860000002,KK00030,Vilas Khatib,8655000030,2025-01-19 12:42:53,19,voice,468,"Nhava Sheva Port Cell Site A, Raigad (Uran / JNPT)"
KK-CDR-000377,KK00014,Anil Tandel,8655000014,KK00135,Deepak Sanghvi,7045000135,2025-01-19 17:20:38,19,voice,146,"Satpati Coastal Cell Site B, Palghar"
KK-CDR-000378,KK00022,Dnyaneshwar Salvi,8655000022,KK00032,Dattatray Mehta,9860000032,2025-01-19 21:37:26,19,voice,68,"Guhagar Cell Site A, Ratnagiri"
KK-CDR-000379,KK00045,Kishor Sanghvi,9833000045,KK00208,Rafiq Momin,9930000208,2025-01-19 10:31:37,19,voice,630,"Sakinaka Cell Site B, Mumbai Suburban"
KK-CDR-000380,KK00238,Prakash Pawar,9820000238,KK00280,Shabbir Parekh,9820000280,2025-01-19 23:27:12,19,voice,843,"Ghatkopar Cell Site A, Mumbai Suburban"
KK-CDR-000381,KK00019,Arif Gaikwad,9422000019,KK00026,Rafiq Shah,9167000026,2025-01-19 17:35:23,19,voice,846,"Vasai Cell Site A, Palghar"
KK-CDR-000382,KK00011,Yogesh Kadam,7045000011,KK00036,Fayyaz Kadam,9422000036,2025-01-19 20:36:30,19,voice,51,"Khopoli Cell Site B, Raigad (Uran / JNPT)"
KK-CDR-000383,KK00198,Ashok Khatib,9833000198,KK00208,Rafiq Momin,9930000208,2025-01-19 11:09:14,19,voice,288,"Andheri Cell Site B, Mumbai Suburban"
KK-CDR-000384,KK00053,Pravin Bhatkar,9833000053,KK00052,Rakesh Zaveri,8976000052,2025-01-19 10:08:50,19,voice,632,"Andheri Cell Site A, Mumbai Suburban"
KK-CDR-000385,KK00067,Shirish Pawar,8976000067,KK00130,Nitin Doshi,8976000130,2025-01-19 15:16:04,19,voice,374,"Vartak Nagar Cell Site B, Thane"
KK-CDR-000386,KK00039,Ravindra Bhosale,9323000039,KK00111,Deepak Tandel,9820000111,2025-01-19 08:43:06,19,voice,830,"MRA Marg Cell Site B, Mumbai City"
KK-CDR-000387,KK00079,Rafiq Soni,8976000079,KK00070,Hanif Kadam,9323000070,2025-01-19 15:25:06,19,voice,388,"Rabodi Cell Site A, Thane"
KK-CDR-000388,KK00114,Dnyaneshwar Bhatkar,9167000114,KK00134,Vilas Mehta,9860000134,2025-01-19 20:42:08,19,voice,873,"Khopoli Cell Site A, Raigad (Uran / JNPT)"
KK-CDR-000389,KK00037,Ganesh Deshmukh,9323000037,KK00058,Dattatray Patil,9833000058,2025-01-19 09:15:23,19,voice,766,"Andheri Cell Site A, Mumbai Suburban"
KK-CDR-000390,KK00036,Fayyaz Kadam,9422000036,KK00027,Hanif Shinde,9422000027,2025-01-19 08:17:26,19,voice,893,"Palghar Cell Site A, Palghar"
KK-CDR-000391,KK00079,Rafiq Soni,8976000079,KK00085,Prakash Shaikh,9820000085,2025-01-19 21:54:20,19,voice,279,"Naupada Cell Site A, Thane"
KK-CDR-000392,KK00011,Yogesh Kadam,7045000011,KK00029,Pravin Koli,7045000029,2025-01-19 23:29:23,19,voice,230,"Panvel Taluka Cell Site A, Raigad (Uran / JNPT)"
KK-CDR-000393,KK00031,Anil Chavan,8655000031,KK00004,Kishor Pawar,9167000004,2025-01-19 23:46:40,19,voice,205,"Ratnagiri City Cell Site A, Ratnagiri"
KK-CDR-000394,KK00036,Fayyaz Kadam,9422000036,KK00023,Prakash Deshmukh,8655000023,2025-01-19 18:56:51,19,voice,122,"Nalasopara Cell Site B, Palghar"
KK-CDR-000395,KK00034,Rakesh Doshi,9860000034,KK00004,Kishor Pawar,9167000004,2025-01-19 17:36:24,19,voice,198,"Khopoli Cell Site A, Raigad (Uran / JNPT)"
KK-CDR-000396,KK00031,Anil Chavan,8655000031,KK00009,Dattatray Soni,9860000009,2025-01-19 15:32:42,19,voice,201,"Dapoli Cell Site A, Ratnagiri"
KK-CDR-000397,KK00023,Prakash Deshmukh,8655000023,KK00006,Salim Parab,8655000006,2025-01-19 12:31:03,19,voice,100,"Guhagar Cell Site B, Ratnagiri"
KK-CDR-000398,KK00030,Vilas Khatib,8655000030,KK00009,Dattatray Soni,9860000009,2025-01-19 09:24:21,19,voice,116,"Harnai Coastal Cell Site A, Ratnagiri"
KK-CDR-000399,KK00013,Kishor Koli,7045000013,KK00022,Dnyaneshwar Salvi,8655000022,2025-01-19 10:56:18,19,voice,224,"Palghar Cell Site B, Palghar"
KK-CDR-000400,KK00015,Balkrishna Shinde,7045000015,KK00016,Anil Tandel,9167000016,2025-01-19 13:59:44,19,voice,174,"Nalasopara Cell Site A, Palghar"
KK-CDR-000401,KK00023,Prakash Deshmukh,8655000023,KK00015,Balkrishna Shinde,7045000015,2025-01-19 15:21:13,19,voice,57,"Ratnagiri City Cell Site A, Ratnagiri"
KK-CDR-000402,KK00032,Dattatray Mehta,9860000032,KK00004,Kishor Pawar,9167000004,2025-01-19 20:27:43,19,voice,194,"Panvel Taluka Cell Site A, Raigad (Uran / JNPT)"
KK-CDR-000403,KK00027,Hanif Shinde,9422000027,KK00029,Pravin Koli,7045000029,2025-01-19 08:26:41,19,voice,62,"Khopoli Cell Site B, Raigad (Uran / JNPT)"
KK-CDR-000404,KK00009,Dattatray Soni,9860000009,KK00016,Anil Tandel,9167000016,2025-01-19 23:43:53,19,voice,212,"Uran Cell Site A, Raigad (Uran / JNPT)"
KK-CDR-000405,KK00005,Kishor Ansari,8655000005,KK00034,Rakesh Doshi,9860000034,2025-01-19 10:56:26,19,voice,231,"Nalasopara Cell Site A, Palghar"
KK-CDR-000406,KK00033,Shirish Chavan,9422000033,KK00001,Nilesh Khatib,8655000001,2025-01-19 12:14:32,19,voice,51,"Ratnagiri City Cell Site A, Ratnagiri"
KK-CDR-000407,KK00028,Sameer Kulkarni,9422000028,KK00027,Hanif Shinde,9422000027,2025-01-19 14:33:23,19,voice,229,"Palghar Cell Site B, Palghar"
KK-CDR-000408,KK00036,Fayyaz Kadam,9422000036,KK00020,Vilas Sawant,9167000020,2025-01-19 23:10:06,19,voice,173,"Satpati Coastal Cell Site B, Palghar"
KK-CDR-000409,KK00023,Prakash Deshmukh,8655000023,KK00016,Anil Tandel,9167000016,2025-01-19 20:49:32,19,voice,48,"Dapoli Cell Site A, Ratnagiri"
KK-CDR-000410,KK00021,Santosh Bhandari,9422000021,KK00004,Kishor Pawar,9167000004,2025-01-19 19:05:09,19,voice,102,"Ratnagiri City Cell Site A, Ratnagiri"
KK-CDR-000411,KK00017,Anil Tandel,7045000017,KK00020,Vilas Sawant,9167000020,2025-01-19 15:50:22,19,voice,56,"Nhava Sheva Port Cell Site B, Raigad (Uran / JNPT)"
KK-CDR-000412,KK00006,Salim Parab,8655000006,KK00028,Sameer Kulkarni,9422000028,2025-01-19 12:40:48,19,voice,120,"Dapoli Cell Site A, Ratnagiri"
KK-CDR-000413,KK00002,Iqbal Naik,9860000002,KK00030,Vilas Khatib,8655000030,2025-01-19 19:29:15,19,voice,142,"Panvel Taluka Cell Site A, Raigad (Uran / JNPT)"
KK-CDR-000414,KK00017,Anil Tandel,7045000017,KK00031,Anil Chavan,8655000031,2025-01-19 19:55:54,19,voice,137,"Uran Cell Site A, Raigad (Uran / JNPT)"
KK-CDR-000415,KK00015,Balkrishna Shinde,7045000015,KK00028,Sameer Kulkarni,9422000028,2025-01-19 11:13:22,19,voice,195,"Nalasopara Cell Site A, Palghar"
KK-CDR-000416,KK00023,Prakash Deshmukh,8655000023,KK00006,Salim Parab,8655000006,2025-01-19 07:46:25,19,voice,152,"Harnai Coastal Cell Site A, Ratnagiri"
KK-CDR-000417,KK00005,Kishor Ansari,8655000005,KK00027,Hanif Shinde,9422000027,2025-01-19 14:04:16,19,voice,220,"Palghar Cell Site A, Palghar"
KK-CDR-000418,KK00011,Yogesh Kadam,7045000011,KK00025,Deepak Zaveri,8655000025,2025-01-19 17:44:32,19,voice,75,"Nhava Sheva Port Cell Site A, Raigad (Uran / JNPT)"
KK-CDR-000419,KK00005,Kishor Ansari,8655000005,KK00003,Deepak Pawar,9167000003,2025-01-19 06:18:32,19,voice,136,"Palghar Cell Site A, Palghar"
KK-CDR-000420,KK00020,Vilas Sawant,9167000020,KK00018,Suhas Sanghvi,9167000018,2025-01-19 06:35:02,19,voice,105,"Palghar Cell Site A, Palghar"
KK-CDR-000421,KK00016,Anil Tandel,9167000016,KK00014,Anil Tandel,8655000014,2025-01-19 06:02:53,19,voice,231,"Ratnagiri City Cell Site A, Ratnagiri"
KK-CDR-000422,KK00015,Balkrishna Shinde,7045000015,KK00021,Santosh Bhandari,9422000021,2025-01-19 21:21:26,19,voice,225,"Palghar Cell Site A, Palghar"
KK-CDR-000423,KK00018,Suhas Sanghvi,9167000018,KK00009,Dattatray Soni,9860000009,2025-01-19 10:45:44,19,voice,68,"Ratnagiri City Cell Site B, Ratnagiri"
KK-CDR-000424,KK00016,Anil Tandel,9167000016,KK00015,Balkrishna Shinde,7045000015,2025-01-19 14:36:18,19,voice,188,"Harnai Coastal Cell Site A, Ratnagiri"
KK-CDR-000425,KK00025,Deepak Zaveri,8655000025,KK00001,Nilesh Khatib,8655000001,2025-01-19 10:58:12,19,voice,27,"Panvel Taluka Cell Site A, Raigad (Uran / JNPT)"
KK-CDR-000426,KK00003,Deepak Pawar,9167000003,KK00029,Pravin Koli,7045000029,2025-01-19 16:19:49,19,voice,133,"Ratnagiri City Cell Site A, Ratnagiri"
KK-CDR-000427,KK00026,Rafiq Shah,9167000026,KK00011,Yogesh Kadam,7045000011,2025-01-19 16:17:58,19,voice,163,"Ratnagiri City Cell Site B, Ratnagiri"
KK-CDR-000428,KK00029,Pravin Koli,7045000029,KK00017,Anil Tandel,7045000017,2025-01-19 23:24:18,19,voice,118,"Satpati Coastal Cell Site B, Palghar"
KK-CDR-000429,KK00033,Shirish Chavan,9422000033,KK00019,Arif Gaikwad,9422000019,2025-01-19 08:46:39,19,voice,178,"Guhagar Cell Site B, Ratnagiri"
KK-CDR-000430,KK00004,Kishor Pawar,9167000004,KK00027,Hanif Shinde,9422000027,2025-01-19 16:46:35,19,voice,62,"Uran Cell Site B, Raigad (Uran / JNPT)"
KK-CDR-000431,KK00006,Salim Parab,8655000006,KK00010,Hitesh Desai,7045000010,2025-01-19 21:27:04,19,voice,43,"Guhagar Cell Site A, Ratnagiri"
KK-CDR-000432,KK00029,Pravin Koli,7045000029,KK00017,Anil Tandel,7045000017,2025-01-19 15:47:01,19,voice,156,"Satpati Coastal Cell Site B, Palghar"
KK-CDR-000433,KK00019,Arif Gaikwad,9422000019,KK00014,Anil Tandel,8655000014,2025-01-19 06:40:39,19,voice,209,"Satpati Coastal Cell Site B, Palghar"
KK-CDR-000434,KK00007,Santosh Sanghvi,9167000007,KK00013,Kishor Koli,7045000013,2025-01-19 09:34:50,19,voice,198,"Guhagar Cell Site A, Ratnagiri"
KK-CDR-000435,KK00017,Anil Tandel,7045000017,KK00034,Rakesh Doshi,9860000034,2025-01-19 08:54:39,19,voice,141,"Khopoli Cell Site B, Raigad (Uran / JNPT)"
KK-CDR-000436,KK00036,Fayyaz Kadam,9422000036,KK00022,Dnyaneshwar Salvi,8655000022,2025-01-19 06:47:09,19,voice,55,"Nalasopara Cell Site B, Palghar"
KK-CDR-000437,KK00011,Yogesh Kadam,7045000011,KK00004,Kishor Pawar,9167000004,2025-01-19 07:11:49,19,voice,123,"Khopoli Cell Site B, Raigad (Uran / JNPT)"
KK-CDR-000438,KK00004,Kishor Pawar,9167000004,KK00032,Dattatray Mehta,9860000032,2025-01-19 15:21:54,19,voice,71,"Panvel Taluka Cell Site A, Raigad (Uran / JNPT)"
KK-CDR-000439,KK00010,Hitesh Desai,7045000010,KK00009,Dattatray Soni,9860000009,2025-01-19 11:31:15,19,voice,211,"Dapoli Cell Site B, Ratnagiri"
KK-CDR-000440,KK00007,Santosh Sanghvi,9167000007,KK00035,Balkrishna Shaikh,9167000035,2025-01-19 11:04:44,19,voice,186,"Guhagar Cell Site A, Ratnagiri"
KK-CDR-000441,KK00028,Sameer Kulkarni,9422000028,KK00019,Arif Gaikwad,9422000019,2025-01-19 13:07:58,19,voice,72,"Vasai Cell Site B, Palghar"
KK-CDR-000442,KK00015,Balkrishna Shinde,7045000015,KK00023,Prakash Deshmukh,8655000023,2025-01-19 21:44:46,19,voice,121,"Palghar Cell Site A, Palghar"
KK-CDR-000443,KK00011,Yogesh Kadam,7045000011,KK00033,Shirish Chavan,9422000033,2025-01-19 13:23:56,19,voice,149,"Nhava Sheva Port Cell Site B, Raigad (Uran / JNPT)"
KK-CDR-000444,KK00012,Bhavesh Parekh,9860000012,KK00008,Vilas Tandel,9860000008,2025-01-19 18:58:25,19,voice,126,"Uran Cell Site B, Raigad (Uran / JNPT)"
KK-CDR-000445,KK00004,Kishor Pawar,9167000004,KK00032,Dattatray Mehta,9860000032,2025-01-19 16:36:07,19,voice,30,"Uran Cell Site B, Raigad (Uran / JNPT)"
KK-CDR-000446,KK00033,Shirish Chavan,9422000033,KK00012,Bhavesh Parekh,9860000012,2025-01-19 08:33:54,19,voice,41,"Dapoli Cell Site B, Ratnagiri"
KK-CDR-000447,KK00018,Suhas Sanghvi,9167000018,KK00017,Anil Tandel,7045000017,2025-01-19 20:47:36,19,voice,154,"Harnai Coastal Cell Site A, Ratnagiri"
KK-CDR-000448,KK00036,Fayyaz Kadam,9422000036,KK00016,Anil Tandel,9167000016,2025-01-19 09:04:55,19,voice,230,"Satpati Coastal Cell Site B, Palghar"
KK-CDR-000449,KK00015,Balkrishna Shinde,7045000015,KK00035,Balkrishna Shaikh,9167000035,2025-01-19 22:02:24,19,voice,105,"Satpati Coastal Cell Site B, Palghar"
KK-CDR-000450,KK00012,Bhavesh Parekh,9860000012,KK00020,Vilas Sawant,9167000020,2025-01-19 17:11:39,19,voice,123,"Khopoli Cell Site B, Raigad (Uran / JNPT)"
KK-CDR-000451,KK00022,Dnyaneshwar Salvi,8655000022,KK00012,Bhavesh Parekh,9860000012,2025-01-19 22:17:40,19,voice,121,"Guhagar Cell Site A, Ratnagiri"
KK-CDR-000452,KK00019,Arif Gaikwad,9422000019,KK00020,Vilas Sawant,9167000020,2025-01-19 09:39:46,19,voice,86,"Vasai Cell Site A, Palghar"
KK-CDR-000453,KK00020,Vilas Sawant,9167000020,KK00026,Rafiq Shah,9167000026,2025-01-19 09:14:02,19,voice,45,"Vasai Cell Site B, Palghar"
KK-CDR-000454,KK00018,Suhas Sanghvi,9167000018,KK00004,Kishor Pawar,9167000004,2025-01-19 21:33:33,19,voice,87,"Dapoli Cell Site B, Ratnagiri"
KK-CDR-000455,KK00031,Anil Chavan,8655000031,KK00010,Hitesh Desai,7045000010,2025-01-19 11:12:52,19,voice,27,"Harnai Coastal Cell Site B, Ratnagiri"
KK-CDR-000456,KK00012,Bhavesh Parekh,9860000012,KK00015,Balkrishna Shinde,7045000015,2025-01-19 13:10:21,19,voice,38,"Panvel Taluka Cell Site B, Raigad (Uran / JNPT)"
KK-CDR-000457,KK00022,Dnyaneshwar Salvi,8655000022,KK00035,Balkrishna Shaikh,9167000035,2025-01-19 23:54:59,19,voice,125,"Guhagar Cell Site B, Ratnagiri"
KK-CDR-000458,KK00028,Sameer Kulkarni,9422000028,KK00030,Vilas Khatib,8655000030,2025-01-19 13:50:49,19,voice,25,"Palghar Cell Site A, Palghar"
KK-CDR-000459,KK00003,Deepak Pawar,9167000003,KK00035,Balkrishna Shaikh,9167000035,2025-01-19 17:57:02,19,voice,203,"Harnai Coastal Cell Site A, Ratnagiri"
KK-CDR-000460,KK00003,Deepak Pawar,9167000003,KK00012,Bhavesh Parekh,9860000012,2025-01-19 11:47:25,19,voice,39,"Guhagar Cell Site B, Ratnagiri"
KK-CDR-000461,KK00015,Balkrishna Shinde,7045000015,KK00016,Anil Tandel,9167000016,2025-01-19 08:17:48,19,voice,120,"Palghar Cell Site B, Palghar"
KK-CDR-000462,KK00010,Hitesh Desai,7045000010,KK00027,Hanif Shinde,9422000027,2025-01-19 17:02:40,19,voice,30,"Guhagar Cell Site A, Ratnagiri"
KK-CDR-000463,KK00025,Deepak Zaveri,8655000025,KK00009,Dattatray Soni,9860000009,2025-01-19 11:23:44,19,voice,130,"Uran Cell Site B, Raigad (Uran / JNPT)"
KK-CDR-000464,KK00011,Yogesh Kadam,7045000011,KK00025,Deepak Zaveri,8655000025,2025-01-19 17:07:29,19,voice,39,"Khopoli Cell Site B, Raigad (Uran / JNPT)"
KK-CDR-000465,KK00014,Anil Tandel,8655000014,KK00030,Vilas Khatib,8655000030,2025-01-19 17:39:53,19,voice,202,"Nalasopara Cell Site B, Palghar"
KK-CDR-000466,KK00002,Iqbal Naik,9860000002,KK00010,Hitesh Desai,7045000010,2025-01-19 11:47:32,19,voice,152,"Panvel Taluka Cell Site B, Raigad (Uran / JNPT)"
KK-CDR-000467,KK00018,Suhas Sanghvi,9167000018,KK00028,Sameer Kulkarni,9422000028,2025-01-19 18:11:01,19,voice,80,"Dapoli Cell Site A, Ratnagiri"
KK-CDR-000468,KK00021,Santosh Bhandari,9422000021,KK00031,Anil Chavan,8655000031,2025-01-19 12:33:10,19,voice,113,"Harnai Coastal Cell Site B, Ratnagiri"
KK-CDR-000469,KK00022,Dnyaneshwar Salvi,8655000022,KK00017,Anil Tandel,7045000017,2025-01-19 17:13:37,19,voice,80,"Ratnagiri City Cell Site B, Ratnagiri"
KK-CDR-000470,KK00031,Anil Chavan,8655000031,KK00009,Dattatray Soni,9860000009,2025-01-19 17:58:48,19,voice,132,"Dapoli Cell Site B, Ratnagiri"
KK-CDR-000471,KK00010,Hitesh Desai,7045000010,KK00008,Vilas Tandel,9860000008,2025-01-19 23:34:34,19,voice,234,"Guhagar Cell Site A, Ratnagiri"
KK-CDR-000472,KK00006,Salim Parab,8655000006,KK00019,Arif Gaikwad,9422000019,2025-01-19 13:30:50,19,voice,185,"Ratnagiri City Cell Site B, Ratnagiri"
KK-CDR-000473,KK00032,Dattatray Mehta,9860000032,KK00027,Hanif Shinde,9422000027,2025-01-19 09:35:23,19,voice,152,"Khopoli Cell Site A, Raigad (Uran / JNPT)"
KK-CDR-000474,KK00027,Hanif Shinde,9422000027,KK00012,Bhavesh Parekh,9860000012,2025-01-19 09:47:27,19,voice,171,"Nhava Sheva Port Cell Site A, Raigad (Uran / JNPT)"
KK-CDR-000475,KK00002,Iqbal Naik,9860000002,KK00015,Balkrishna Shinde,7045000015,2025-01-19 13:31:11,19,voice,204,"Nhava Sheva Port Cell Site A, Raigad (Uran / JNPT)"
KK-CDR-000476,KK00005,Kishor Ansari,8655000005,KK00021,Santosh Bhandari,9422000021,2025-01-19 23:49:15,19,voice,24,"Nalasopara Cell Site B, Palghar"
KK-CDR-000477,KK00028,Sameer Kulkarni,9422000028,KK00025,Deepak Zaveri,8655000025,2025-01-19 07:51:47,19,voice,100,"Nalasopara Cell Site A, Palghar"
KK-CDR-000478,KK00032,Dattatray Mehta,9860000032,KK00029,Pravin Koli,7045000029,2025-01-19 17:59:08,19,voice,89,"Nhava Sheva Port Cell Site B, Raigad (Uran / JNPT)"
KK-CDR-000479,KK00004,Kishor Pawar,9167000004,KK00007,Santosh Sanghvi,9167000007,2025-01-19 16:17:54,19,voice,144,"Panvel Taluka Cell Site A, Raigad (Uran / JNPT)"
KK-CDR-000480,KK00026,Rafiq Shah,9167000026,KK00009,Dattatray Soni,9860000009,2025-01-19 14:54:18,19,voice,183,"Dapoli Cell Site B, Ratnagiri"
KK-CDR-000481,KK00027,Hanif Shinde,9422000027,KK00021,Santosh Bhandari,9422000021,2025-01-19 11:22:28,19,voice,145,"Uran Cell Site B, Raigad (Uran / JNPT)"
KK-CDR-000482,KK00025,Deepak Zaveri,8655000025,KK00033,Shirish Chavan,9422000033,2025-01-19 12:05:35,19,voice,179,"Nhava Sheva Port Cell Site A, Raigad (Uran / JNPT)"
KK-CDR-000483,KK00001,Nilesh Khatib,8655000001,KK00026,Rafiq Shah,9167000026,2025-01-19 07:35:05,19,voice,152,"Harnai Coastal Cell Site B, Ratnagiri"
KK-CDR-000484,KK00006,Salim Parab,8655000006,KK00008,Vilas Tandel,9860000008,2025-01-19 13:05:09,19,voice,82,"Ratnagiri City Cell Site A, Ratnagiri"
KK-CDR-000485,KK00023,Prakash Deshmukh,8655000023,KK00009,Dattatray Soni,9860000009,2025-01-19 08:12:14,19,voice,34,"Guhagar Cell Site B, Ratnagiri"
KK-CDR-000486,KK00021,Santosh Bhandari,9422000021,KK00017,Anil Tandel,7045000017,2025-01-19 13:46:03,19,voice,92,"Guhagar Cell Site B, Ratnagiri"
KK-CDR-000487,KK00020,Vilas Sawant,9167000020,KK00025,Deepak Zaveri,8655000025,2025-01-19 18:43:38,19,voice,23,"Palghar Cell Site A, Palghar"
KK-CDR-000488,KK00004,Kishor Pawar,9167000004,KK00009,Dattatray Soni,9860000009,2025-01-19 14:18:02,19,voice,168,"Nhava Sheva Port Cell Site B, Raigad (Uran / JNPT)"
KK-CDR-000489,KK00014,Anil Tandel,8655000014,KK00008,Vilas Tandel,9860000008,2025-01-19 15:00:09,19,voice,112,"Palghar Cell Site A, Palghar"
KK-CDR-000490,KK00006,Salim Parab,8655000006,KK00022,Dnyaneshwar Salvi,8655000022,2025-01-19 11:06:04,19,voice,211,"Ratnagiri City Cell Site A, Ratnagiri"
KK-CDR-000491,KK00036,Fayyaz Kadam,9422000036,KK00032,Dattatray Mehta,9860000032,2025-01-19 23:34:56,19,voice,27,"Vasai Cell Site B, Palghar"
KK-CDR-000492,KK00005,Kishor Ansari,8655000005,KK00011,Yogesh Kadam,7045000011,2025-01-19 08:22:19,19,voice,89,"Palghar Cell Site A, Palghar"
KK-CDR-000493,KK00022,Dnyaneshwar Salvi,8655000022,KK00031,Anil Chavan,8655000031,2025-01-19 11:34:58,19,voice,232,"Dapoli Cell Site A, Ratnagiri"
KK-CDR-000494,KK00029,Pravin Koli,7045000029,KK00017,Anil Tandel,7045000017,2025-01-19 08:39:42,19,voice,210,"Satpati Coastal Cell Site B, Palghar"
KK-CDR-000495,KK00017,Anil Tandel,7045000017,KK00010,Hitesh Desai,7045000010,2025-01-19 16:20:12,19,voice,56,"Khopoli Cell Site A, Raigad (Uran / JNPT)"
KK-CDR-000496,KK00036,Fayyaz Kadam,9422000036,KK00013,Kishor Koli,7045000013,2025-01-19 07:28:03,19,voice,166,"Palghar Cell Site A, Palghar"
KK-CDR-000497,KK00012,Bhavesh Parekh,9860000012,KK00001,Nilesh Khatib,8655000001,2025-01-19 12:31:56,19,voice,109,"Uran Cell Site B, Raigad (Uran / JNPT)"
KK-CDR-000498,KK00024,Nilesh Parekh,9422000024,KK00032,Dattatray Mehta,9860000032,2025-01-19 23:40:03,19,voice,60,"Khopoli Cell Site A, Raigad (Uran / JNPT)"
KK-CDR-000499,KK00010,Hitesh Desai,7045000010,KK00017,Anil Tandel,7045000017,2025-01-19 20:16:50,19,voice,119,"Dapoli Cell Site B, Ratnagiri"
KK-CDR-000500,KK00009,Dattatray Soni,9860000009,KK00035,Balkrishna Shaikh,9167000035,2025-01-19 09:50:11,19,voice,106,"Khopoli Cell Site A, Raigad (Uran / JNPT)"
KK-CDR-000501,KK00022,Dnyaneshwar Salvi,8655000022,KK00006,Salim Parab,8655000006,2025-01-19 16:54:20,19,voice,138,"Guhagar Cell Site A, Ratnagiri"
KK-CDR-000502,KK00023,Prakash Deshmukh,8655000023,KK00018,Suhas Sanghvi,9167000018,2025-01-19 15:02:58,19,voice,181,"Ratnagiri City Cell Site A, Ratnagiri"
KK-CDR-000503,KK00026,Rafiq Shah,9167000026,KK00030,Vilas Khatib,8655000030,2025-01-19 06:46:54,19,voice,69,"Dapoli Cell Site B, Ratnagiri"
KK-CDR-000504,KK00015,Balkrishna Shinde,7045000015,KK00026,Rafiq Shah,9167000026,2025-01-19 22:19:40,19,voice,150,"Satpati Coastal Cell Site A, Palghar"
KK-CDR-000505,KK00031,Anil Chavan,8655000031,KK00032,Dattatray Mehta,9860000032,2025-01-19 09:13:17,19,voice,62,"Ratnagiri City Cell Site B, Ratnagiri"
KK-CDR-000506,KK00011,Yogesh Kadam,7045000011,KK00001,Nilesh Khatib,8655000001,2025-01-19 18:45:41,19,voice,168,"Khopoli Cell Site B, Raigad (Uran / JNPT)"
KK-CDR-000507,KK00026,Rafiq Shah,9167000026,KK00004,Kishor Pawar,9167000004,2025-01-19 20:49:29,19,voice,199,"Guhagar Cell Site A, Ratnagiri"
KK-CDR-000508,KK00021,Santosh Bhandari,9422000021,KK00029,Pravin Koli,7045000029,2025-01-19 19:41:40,19,voice,239,"Dapoli Cell Site B, Ratnagiri"
KK-CDR-000509,KK00013,Kishor Koli,7045000013,KK00005,Kishor Ansari,8655000005,2025-01-19 20:22:43,19,voice,197,"Satpati Coastal Cell Site A, Palghar"
KK-CDR-000510,KK00020,Vilas Sawant,9167000020,KK00028,Sameer Kulkarni,9422000028,2025-01-19 07:24:43,19,voice,40,"Palghar Cell Site B, Palghar"
KK-CDR-000511,KK00026,Rafiq Shah,9167000026,KK00019,Arif Gaikwad,9422000019,2025-01-19 14:11:58,19,voice,199,"Ratnagiri City Cell Site A, Ratnagiri"
KK-CDR-000512,KK00007,Santosh Sanghvi,9167000007,KK00032,Dattatray Mehta,9860000032,2025-01-19 17:38:04,19,voice,235,"Harnai Coastal Cell Site A, Ratnagiri"
KK-CDR-000513,KK00028,Sameer Kulkarni,9422000028,KK00021,Santosh Bhandari,9422000021,2025-01-19 12:50:23,19,voice,29,"Vasai Cell Site B, Palghar"
KK-CDR-000514,KK00012,Bhavesh Parekh,9860000012,KK00016,Anil Tandel,9167000016,2025-01-19 23:10:48,19,voice,137,"Uran Cell Site A, Raigad (Uran / JNPT)"
KK-CDR-000515,KK00022,Dnyaneshwar Salvi,8655000022,KK00025,Deepak Zaveri,8655000025,2025-01-19 21:50:10,19,voice,178,"Harnai Coastal Cell Site A, Ratnagiri"
KK-CDR-000516,KK00003,Deepak Pawar,9167000003,KK00027,Hanif Shinde,9422000027,2025-01-19 17:36:06,19,voice,140,"Harnai Coastal Cell Site B, Ratnagiri"
KK-CDR-000517,KK00007,Santosh Sanghvi,9167000007,KK00012,Bhavesh Parekh,9860000012,2025-01-19 09:23:17,19,voice,63,"Harnai Coastal Cell Site A, Ratnagiri"
KK-CDR-000518,KK00034,Rakesh Doshi,9860000034,KK00036,Fayyaz Kadam,9422000036,2025-01-19 08:52:55,19,voice,96,"Uran Cell Site B, Raigad (Uran / JNPT)"
KK-CDR-000519,KK00006,Salim Parab,8655000006,KK00028,Sameer Kulkarni,9422000028,2025-01-19 21:44:16,19,voice,227,"Harnai Coastal Cell Site B, Ratnagiri"
KK-CDR-000520,KK00007,Santosh Sanghvi,9167000007,KK00032,Dattatray Mehta,9860000032,2025-01-19 10:50:44,19,voice,90,"Dapoli Cell Site A, Ratnagiri"
KK-CDR-000521,KK00017,Anil Tandel,7045000017,KK00003,Deepak Pawar,9167000003,2025-01-19 15:14:29,19,voice,191,"Khopoli Cell Site A, Raigad (Uran / JNPT)"
KK-CDR-000522,KK00026,Rafiq Shah,9167000026,KK00012,Bhavesh Parekh,9860000012,2025-01-19 09:37:16,19,voice,76,"Harnai Coastal Cell Site B, Ratnagiri"
KK-CDR-000523,KK00008,Vilas Tandel,9860000008,KK00022,Dnyaneshwar Salvi,8655000022,2025-01-19 16:57:01,19,voice,229,"Khopoli Cell Site B, Raigad (Uran / JNPT)"
KK-CDR-000524,KK00013,Kishor Koli,7045000013,KK00026,Rafiq Shah,9167000026,2025-01-19 21:44:36,19,voice,52,"Nalasopara Cell Site B, Palghar"
KK-CDR-000525,KK00007,Santosh Sanghvi,9167000007,KK00031,Anil Chavan,8655000031,2025-01-19 14:24:47,19,voice,32,"Harnai Coastal Cell Site B, Ratnagiri"
KK-CDR-000526,KK00002,Iqbal Naik,9860000002,KK00007,Santosh Sanghvi,9167000007,2025-01-19 19:46:44,19,voice,25,"Panvel Taluka Cell Site A, Raigad (Uran / JNPT)"
KK-CDR-000527,KK00010,Hitesh Desai,7045000010,KK00015,Balkrishna Shinde,7045000015,2025-01-19 20:59:37,19,voice,136,"Ratnagiri City Cell Site B, Ratnagiri"
KK-CDR-000528,KK00016,Anil Tandel,9167000016,KK00010,Hitesh Desai,7045000010,2025-01-19 12:24:33,19,voice,183,"Harnai Coastal Cell Site B, Ratnagiri"
KK-CDR-000529,KK00013,Kishor Koli,7045000013,KK00034,Rakesh Doshi,9860000034,2025-01-19 14:33:35,19,voice,118,"Nalasopara Cell Site B, Palghar"
KK-CDR-000530,KK00017,Anil Tandel,7045000017,KK00035,Balkrishna Shaikh,9167000035,2025-01-19 18:19:00,19,voice,188,"Panvel Taluka Cell Site B, Raigad (Uran / JNPT)"
KK-CDR-000531,KK00028,Sameer Kulkarni,9422000028,KK00017,Anil Tandel,7045000017,2025-01-19 17:43:36,19,voice,157,"Nalasopara Cell Site A, Palghar"
KK-CDR-000532,KK00016,Anil Tandel,9167000016,KK00027,Hanif Shinde,9422000027,2025-01-19 11:29:03,19,voice,106,"Dapoli Cell Site A, Ratnagiri"
KK-CDR-000533,KK00005,Kishor Ansari,8655000005,KK00019,Arif Gaikwad,9422000019,2025-01-19 11:18:54,19,voice,106,"Nalasopara Cell Site A, Palghar"
KK-CDR-000534,KK00006,Salim Parab,8655000006,KK00018,Suhas Sanghvi,9167000018,2025-01-19 15:33:04,19,voice,122,"Guhagar Cell Site A, Ratnagiri"
KK-CDR-000535,KK00020,Vilas Sawant,9167000020,KK00025,Deepak Zaveri,8655000025,2025-01-19 19:54:00,19,voice,55,"Satpati Coastal Cell Site B, Palghar"
KK-CDR-000536,KK00026,Rafiq Shah,9167000026,KK00009,Dattatray Soni,9860000009,2025-01-19 23:41:08,19,voice,83,"Harnai Coastal Cell Site A, Ratnagiri"
KK-CDR-000537,KK00021,Santosh Bhandari,9422000021,KK00018,Suhas Sanghvi,9167000018,2025-01-19 16:44:27,19,voice,51,"Harnai Coastal Cell Site B, Ratnagiri"
KK-CDR-000538,KK00021,Santosh Bhandari,9422000021,KK00009,Dattatray Soni,9860000009,2025-01-19 23:56:16,19,voice,169,"Ratnagiri City Cell Site A, Ratnagiri"
KK-CDR-000539,KK00034,Rakesh Doshi,9860000034,KK00033,Shirish Chavan,9422000033,2025-01-19 20:03:40,19,voice,138,"Nhava Sheva Port Cell Site B, Raigad (Uran / JNPT)"
KK-CDR-000540,KK00014,Anil Tandel,8655000014,KK00034,Rakesh Doshi,9860000034,2025-01-19 15:20:27,19,voice,102,"Vasai Cell Site A, Palghar"
KK-CDR-000541,KK00032,Dattatray Mehta,9860000032,KK00015,Balkrishna Shinde,7045000015,2025-01-19 06:22:39,19,voice,68,"Khopoli Cell Site B, Raigad (Uran / JNPT)"
KK-CDR-000542,KK00037,Ganesh Deshmukh,9323000037,KK00066,Hanif Chavan,9833000066,2025-01-20 11:20:13,20,voice,843,"Sakinaka Cell Site A, Mumbai Suburban"
KK-CDR-000543,KK00186,Santosh Kadam,9833000186,KK00143,Shabbir Surve,9930000143,2025-01-20 14:31:52,20,voice,678,"Naupada Cell Site B, Thane"
KK-CDR-000544,KK00093,Rajan Sanghvi,9820000093,KK00071,Arif Salvi,9833000071,2025-01-20 21:56:38,20,voice,415,"Wagle Estate Cell Site A, Thane"
KK-CDR-000545,KK00064,Anil Khatib,9820000064,KK00044,Ashok Sayyed,9833000044,2025-01-20 20:36:25,20,voice,182,"VP Road Cell Site A, Mumbai City"
KK-CDR-000546,KK00025,Deepak Zaveri,8655000025,KK00008,Vilas Tandel,9860000008,2025-01-20 06:51:36,20,voice,271,"Uran Cell Site A, Raigad (Uran / JNPT)"
KK-CDR-000547,KK00076,Jitendra Shaikh,9833000076,KK00094,Iqbal Patil,9833000094,2025-01-20 19:29:24,20,voice,201,"Naupada Cell Site A, Thane"
KK-CDR-000548,KK00085,Prakash Shaikh,9820000085,KK00195,Pravin Kothari,9820000195,2025-01-20 15:03:15,20,voice,365,"Wagle Estate Cell Site B, Thane"
KK-CDR-000549,KK00032,Dattatray Mehta,9860000032,KK00033,Shirish Chavan,9422000033,2025-01-20 15:38:56,20,voice,226,"Uran Cell Site A, Raigad (Uran / JNPT)"
KK-CDR-000550,KK00026,Rafiq Shah,9167000026,KK00002,Iqbal Naik,9860000002,2025-01-20 13:26:56,20,voice,183,"Ratnagiri City Cell Site A, Ratnagiri"
KK-CDR-000551,KK00011,Yogesh Kadam,7045000011,KK00008,Vilas Tandel,9860000008,2025-01-20 13:21:16,20,voice,29,"Khopoli Cell Site A, Raigad (Uran / JNPT)"
KK-CDR-000552,KK00012,Bhavesh Parekh,9860000012,KK00007,Santosh Sanghvi,9167000007,2025-01-20 09:52:13,20,voice,210,"Nhava Sheva Port Cell Site B, Raigad (Uran / JNPT)"
KK-CDR-000553,KK00026,Rafiq Shah,9167000026,KK00012,Bhavesh Parekh,9860000012,2025-01-20 13:41:27,20,voice,187,"Harnai Coastal Cell Site B, Ratnagiri"
KK-CDR-000554,KK00007,Santosh Sanghvi,9167000007,KK00018,Suhas Sanghvi,9167000018,2025-01-20 17:39:13,20,voice,114,"Guhagar Cell Site B, Ratnagiri"
KK-CDR-000555,KK00025,Deepak Zaveri,8655000025,KK00013,Kishor Koli,7045000013,2025-01-20 14:57:33,20,voice,61,"Uran Cell Site B, Raigad (Uran / JNPT)"
KK-CDR-000556,KK00028,Sameer Kulkarni,9422000028,KK00007,Santosh Sanghvi,9167000007,2025-01-20 10:34:29,20,voice,224,"Vasai Cell Site A, Palghar"
KK-CDR-000557,KK00028,Sameer Kulkarni,9422000028,KK00016,Anil Tandel,9167000016,2025-01-20 12:06:02,20,voice,142,"Satpati Coastal Cell Site B, Palghar"
KK-CDR-000558,KK00007,Santosh Sanghvi,9167000007,KK00035,Balkrishna Shaikh,9167000035,2025-01-20 18:58:18,20,voice,33,"Harnai Coastal Cell Site A, Ratnagiri"
KK-CDR-000559,KK00027,Hanif Shinde,9422000027,KK00013,Kishor Koli,7045000013,2025-01-20 21:22:21,20,voice,240,"Uran Cell Site A, Raigad (Uran / JNPT)"
KK-CDR-000560,KK00033,Shirish Chavan,9422000033,KK00011,Yogesh Kadam,7045000011,2025-01-20 22:08:33,20,voice,96,"Dapoli Cell Site A, Ratnagiri"
KK-CDR-000561,KK00023,Prakash Deshmukh,8655000023,KK00016,Anil Tandel,9167000016,2025-01-20 22:00:35,20,voice,166,"Dapoli Cell Site B, Ratnagiri"
KK-CDR-000562,KK00019,Arif Gaikwad,9422000019,KK00034,Rakesh Doshi,9860000034,2025-01-20 22:57:25,20,voice,23,"Vasai Cell Site A, Palghar"
KK-CDR-000563,KK00031,Anil Chavan,8655000031,KK00018,Suhas Sanghvi,9167000018,2025-01-20 09:32:30,20,voice,234,"Harnai Coastal Cell Site B, Ratnagiri"
KK-CDR-000564,KK00008,Vilas Tandel,9860000008,KK00026,Rafiq Shah,9167000026,2025-01-20 14:03:34,20,voice,54,"Khopoli Cell Site B, Raigad (Uran / JNPT)"
KK-CDR-000565,KK00015,Balkrishna Shinde,7045000015,KK00018,Suhas Sanghvi,9167000018,2025-01-20 18:51:13,20,voice,207,"Satpati Coastal Cell Site A, Palghar"
KK-CDR-000566,KK00009,Dattatray Soni,9860000009,KK00023,Prakash Deshmukh,8655000023,2025-01-20 10:00:47,20,voice,91,"Panvel Taluka Cell Site A, Raigad (Uran / JNPT)"
KK-CDR-000567,KK00005,Kishor Ansari,8655000005,KK00016,Anil Tandel,9167000016,2025-01-20 21:44:19,20,voice,104,"Palghar Cell Site A, Palghar"
KK-CDR-000568,KK00020,Vilas Sawant,9167000020,KK00008,Vilas Tandel,9860000008,2025-01-20 23:09:14,20,voice,114,"Palghar Cell Site B, Palghar"
KK-CDR-000569,KK00010,Hitesh Desai,7045000010,KK00019,Arif Gaikwad,9422000019,2025-01-20 18:54:23,20,voice,206,"Guhagar Cell Site B, Ratnagiri"
KK-CDR-000570,KK00019,Arif Gaikwad,9422000019,KK00033,Shirish Chavan,9422000033,2025-01-20 18:34:28,20,voice,162,"Palghar Cell Site B, Palghar"
KK-CDR-000571,KK00032,Dattatray Mehta,9860000032,KK00017,Anil Tandel,7045000017,2025-01-20 12:18:31,20,voice,186,"Nhava Sheva Port Cell Site A, Raigad (Uran / JNPT)"
KK-CDR-000572,KK00005,Kishor Ansari,8655000005,KK00023,Prakash Deshmukh,8655000023,2025-01-20 07:44:16,20,voice,158,"Vasai Cell Site B, Palghar"
KK-CDR-000573,KK00006,Salim Parab,8655000006,KK00027,Hanif Shinde,9422000027,2025-01-20 16:42:18,20,voice,64,"Ratnagiri City Cell Site B, Ratnagiri"
KK-CDR-000574,KK00032,Dattatray Mehta,9860000032,KK00009,Dattatray Soni,9860000009,2025-01-20 21:38:24,20,voice,33,"Uran Cell Site A, Raigad (Uran / JNPT)"
KK-CDR-000575,KK00036,Fayyaz Kadam,9422000036,KK00027,Hanif Shinde,9422000027,2025-01-20 13:16:01,20,voice,154,"Nalasopara Cell Site B, Palghar"
KK-CDR-000576,KK00015,Balkrishna Shinde,7045000015,KK00017,Anil Tandel,7045000017,2025-01-20 09:57:11,20,voice,223,"Nalasopara Cell Site B, Palghar"
KK-CDR-000577,KK00007,Santosh Sanghvi,9167000007,KK00019,Arif Gaikwad,9422000019,2025-01-20 15:58:36,20,voice,223,"Guhagar Cell Site B, Ratnagiri"
KK-CDR-000578,KK00006,Salim Parab,8655000006,KK00025,Deepak Zaveri,8655000025,2025-01-20 13:48:20,20,voice,103,"Guhagar Cell Site B, Ratnagiri"
KK-CDR-000579,KK00020,Vilas Sawant,9167000020,KK00009,Dattatray Soni,9860000009,2025-01-20 15:21:50,20,voice,182,"Nalasopara Cell Site B, Palghar"
KK-CDR-000580,KK00026,Rafiq Shah,9167000026,KK00004,Kishor Pawar,9167000004,2025-01-20 14:33:57,20,voice,175,"Dapoli Cell Site B, Ratnagiri"
KK-CDR-000581,KK00026,Rafiq Shah,9167000026,KK00003,Deepak Pawar,9167000003,2025-01-20 13:18:53,20,voice,72,"Guhagar Cell Site B, Ratnagiri"
KK-CDR-000582,KK00015,Balkrishna Shinde,7045000015,KK00011,Yogesh Kadam,7045000011,2025-01-20 14:42:19,20,voice,228,"Palghar Cell Site B, Palghar"
KK-CDR-000583,KK00022,Dnyaneshwar Salvi,8655000022,KK00002,Iqbal Naik,9860000002,2025-01-20 22:52:31,20,voice,229,"Ratnagiri City Cell Site A, Ratnagiri"
KK-CDR-000584,KK00018,Suhas Sanghvi,9167000018,KK00028,Sameer Kulkarni,9422000028,2025-01-20 06:53:51,20,voice,28,"Dapoli Cell Site B, Ratnagiri"
KK-CDR-000585,KK00033,Shirish Chavan,9422000033,KK00017,Anil Tandel,7045000017,2025-01-20 10:49:56,20,voice,24,"Harnai Coastal Cell Site A, Ratnagiri"
KK-CDR-000586,KK00028,Sameer Kulkarni,9422000028,KK00001,Nilesh Khatib,8655000001,2025-01-20 16:01:58,20,voice,57,"Vasai Cell Site B, Palghar"
KK-CDR-000587,KK00014,Anil Tandel,8655000014,KK00023,Prakash Deshmukh,8655000023,2025-01-20 14:26:31,20,voice,200,"Palghar Cell Site B, Palghar"
KK-CDR-000588,KK00014,Anil Tandel,8655000014,KK00030,Vilas Khatib,8655000030,2025-01-20 12:42:02,20,voice,212,"Nalasopara Cell Site B, Palghar"
KK-CDR-000589,KK00008,Vilas Tandel,9860000008,KK00011,Yogesh Kadam,7045000011,2025-01-20 22:22:07,20,voice,164,"Nhava Sheva Port Cell Site A, Raigad (Uran / JNPT)"
KK-CDR-000590,KK00011,Yogesh Kadam,7045000011,KK00019,Arif Gaikwad,9422000019,2025-01-20 14:52:28,20,voice,42,"Khopoli Cell Site A, Raigad (Uran / JNPT)"
KK-CDR-000591,KK00028,Sameer Kulkarni,9422000028,KK00023,Prakash Deshmukh,8655000023,2025-01-20 17:15:42,20,voice,147,"Vasai Cell Site B, Palghar"
KK-CDR-000592,KK00028,Sameer Kulkarni,9422000028,KK00009,Dattatray Soni,9860000009,2025-01-20 21:33:23,20,voice,88,"Palghar Cell Site B, Palghar"
KK-CDR-000593,KK00002,Iqbal Naik,9860000002,KK00027,Hanif Shinde,9422000027,2025-01-20 18:42:28,20,voice,165,"Uran Cell Site B, Raigad (Uran / JNPT)"
KK-CDR-000594,KK00017,Anil Tandel,7045000017,KK00029,Pravin Koli,7045000029,2025-01-20 21:19:21,20,voice,107,"Nhava Sheva Port Cell Site B, Raigad (Uran / JNPT)"
KK-CDR-000595,KK00017,Anil Tandel,7045000017,KK00003,Deepak Pawar,9167000003,2025-01-20 09:24:07,20,voice,192,"Uran Cell Site B, Raigad (Uran / JNPT)"
KK-CDR-000596,KK00026,Rafiq Shah,9167000026,KK00001,Nilesh Khatib,8655000001,2025-01-20 07:45:15,20,voice,159,"Dapoli Cell Site B, Ratnagiri"
KK-CDR-000597,KK00001,Nilesh Khatib,8655000001,KK00015,Balkrishna Shinde,7045000015,2025-01-20 11:34:32,20,voice,159,"Dapoli Cell Site A, Ratnagiri"
KK-CDR-000598,KK00009,Dattatray Soni,9860000009,KK00019,Arif Gaikwad,9422000019,2025-01-20 13:25:23,20,voice,78,"Nhava Sheva Port Cell Site A, Raigad (Uran / JNPT)"
KK-CDR-000599,KK00002,Iqbal Naik,9860000002,KK00006,Salim Parab,8655000006,2025-01-20 19:19:30,20,voice,25,"Uran Cell Site B, Raigad (Uran / JNPT)"
KK-CDR-000600,KK00033,Shirish Chavan,9422000033,KK00031,Anil Chavan,8655000031,2025-01-20 23:12:21,20,voice,223,"Dapoli Cell Site B, Ratnagiri"
KK-CDR-000601,KK00016,Anil Tandel,9167000016,KK00001,Nilesh Khatib,8655000001,2025-01-20 23:00:12,20,voice,98,"Ratnagiri City Cell Site B, Ratnagiri"
KK-CDR-000602,KK00022,Dnyaneshwar Salvi,8655000022,KK00007,Santosh Sanghvi,9167000007,2025-01-20 16:27:18,20,voice,35,"Guhagar Cell Site A, Ratnagiri"
KK-CDR-000603,KK00023,Prakash Deshmukh,8655000023,KK00026,Rafiq Shah,9167000026,2025-01-20 18:57:43,20,voice,154,"Harnai Coastal Cell Site B, Ratnagiri"
KK-CDR-000604,KK00027,Hanif Shinde,9422000027,KK00016,Anil Tandel,9167000016,2025-01-20 16:41:28,20,voice,224,"Nhava Sheva Port Cell Site A, Raigad (Uran / JNPT)"
KK-CDR-000605,KK00012,Bhavesh Parekh,9860000012,KK00009,Dattatray Soni,9860000009,2025-01-20 15:49:48,20,voice,22,"Panvel Taluka Cell Site B, Raigad (Uran / JNPT)"
KK-CDR-000606,KK00012,Bhavesh Parekh,9860000012,KK00030,Vilas Khatib,8655000030,2025-01-20 12:28:10,20,voice,200,"Panvel Taluka Cell Site B, Raigad (Uran / JNPT)"
KK-CDR-000607,KK00006,Salim Parab,8655000006,KK00026,Rafiq Shah,9167000026,2025-01-20 22:50:36,20,voice,100,"Harnai Coastal Cell Site B, Ratnagiri"
KK-CDR-000608,KK00019,Arif Gaikwad,9422000019,KK00030,Vilas Khatib,8655000030,2025-01-20 15:52:32,20,voice,81,"Satpati Coastal Cell Site A, Palghar"
KK-CDR-000609,KK00095,Umesh Shaikh,9930000095,KK00017,Anil Tandel,7045000017,2025-01-20 20:20:11,20,voice,132,"APMC Cell Site B, Navi Mumbai"
KK-CDR-000610,KK00095,Umesh Shaikh,9930000095,KK00079,Rafiq Soni,8976000079,2025-01-20 13:14:37,20,voice,51,"CBD Belapur Cell Site A, Navi Mumbai"
KK-CDR-000611,KK00096,Hitesh Parekh,9422000096,KK00002,Iqbal Naik,9860000002,2025-01-20 21:34:57,20,voice,88,"Palghar Cell Site B, Palghar"
KK-CDR-000612,KK00096,Hitesh Parekh,9422000096,KK00004,Kishor Pawar,9167000004,2025-01-20 06:34:08,20,voice,25,"Satpati Coastal Cell Site A, Palghar"
KK-CDR-000613,KK00096,Hitesh Parekh,9422000096,KK00002,Iqbal Naik,9860000002,2025-01-20 20:36:30,20,voice,122,"Palghar Cell Site A, Palghar"
KK-CDR-000614,KK00030,Vilas Khatib,8655000030,KK00026,Rafiq Shah,9167000026,2025-01-21 15:52:35,21,voice,205,"Guhagar Cell Site A, Ratnagiri"
KK-CDR-000615,KK00035,Balkrishna Shaikh,9167000035,KK00012,Bhavesh Parekh,9860000012,2025-01-21 08:20:24,21,voice,321,"Vasai Cell Site B, Palghar"
KK-CDR-000616,KK00214,Vinod Pawar,7045000214,KK00182,Dnyaneshwar Shinde,9422000182,2025-01-21 10:31:43,21,voice,264,"Uran Cell Site A, Raigad (Uran / JNPT)"
KK-CDR-000617,KK00021,Santosh Bhandari,9422000021,KK00210,Sameer More,8655000210,2025-01-21 11:50:53,21,voice,819,"Guhagar Cell Site A, Ratnagiri"
KK-CDR-000618,KK00012,Bhavesh Parekh,9860000012,KK00021,Santosh Bhandari,9422000021,2025-01-21 07:07:27,21,voice,695,"Nhava Sheva Port Cell Site A, Raigad (Uran / JNPT)"
KK-CDR-000619,KK00061,Sameer Soni,9820000061,KK00038,Iqbal Mehta,9820000038,2025-01-21 08:55:47,21,voice,897,"Dongri Cell Site B, Mumbai City"
KK-CDR-000620,KK00069,Imtiaz Kadam,9323000069,KK00131,Hitesh Dalvi,8976000131,2025-01-21 18:58:26,21,voice,809,"Rabodi Cell Site B, Thane"
KK-CDR-000621,KK00053,Pravin Bhatkar,9833000053,KK00040,Rajan Ansari,9930000040,2025-01-21 15:53:53,21,voice,35,"Andheri Cell Site B, Mumbai Suburban"
KK-CDR-000622,KK00083,Sachin Naik,9930000083,KK00069,Imtiaz Kadam,9323000069,2025-01-21 11:36:38,21,voice,499,"Kapurbawdi Cell Site A, Thane"
KK-CDR-000623,KK00023,Prakash Deshmukh,8655000023,KK00011,Yogesh Kadam,7045000011,2025-01-21 19:14:37,21,voice,561,"Dapoli Cell Site A, Ratnagiri"
KK-CDR-000624,KK00009,Dattatray Soni,9860000009,KK00002,Iqbal Naik,9860000002,2025-01-21 11:50:34,21,voice,423,"Panvel Taluka Cell Site B, Raigad (Uran / JNPT)"
KK-CDR-000625,KK00058,Dattatray Patil,9833000058,KK00039,Ravindra Bhosale,9323000039,2025-01-21 23:36:55,21,voice,39,"MRA Marg Cell Site B, Mumbai City"
KK-CDR-000626,KK00137,Pravin Zaveri,9930000137,KK00120,Bhavesh Soni,8976000120,2025-01-21 12:17:40,21,voice,804,"Kapurbawdi Cell Site A, Thane"
KK-CDR-000627,KK00004,Kishor Pawar,9167000004,KK00017,Anil Tandel,7045000017,2025-01-21 20:57:24,21,voice,643,"Khopoli Cell Site B, Raigad (Uran / JNPT)"
KK-CDR-000628,KK00067,Shirish Pawar,8976000067,KK00069,Imtiaz Kadam,9323000069,2025-01-21 22:15:42,21,voice,167,"Vartak Nagar Cell Site A, Thane"
KK-CDR-000629,KK00005,Kishor Ansari,8655000005,KK00027,Hanif Shinde,9422000027,2025-01-21 23:02:38,21,voice,302,"Nalasopara Cell Site B, Palghar"
KK-CDR-000630,KK00029,Pravin Koli,7045000029,KK00016,Anil Tandel,9167000016,2025-01-21 11:51:01,21,voice,373,"Satpati Coastal Cell Site B, Palghar"
KK-CDR-000631,KK00168,Rajan Gaikwad,9323000168,KK00159,Hitesh Sayyed,8976000159,2025-01-21 16:19:27,21,voice,881,"Pydhonie Cell Site B, Mumbai City"
KK-CDR-000632,KK00375,Hitesh Kadam,9833000375,KK00284,Imtiaz Surve,9833000284,2025-01-21 22:45:46,21,voice,747,"Sakinaka Cell Site A, Mumbai Suburban"
KK-CDR-000633,KK00009,Dattatray Soni,9860000009,KK00017,Anil Tandel,7045000017,2025-01-21 20:13:25,21,voice,477,"Uran Cell Site A, Raigad (Uran / JNPT)"
KK-CDR-000634,KK00095,Umesh Shaikh,9930000095,KK00022,Dnyaneshwar Salvi,8655000022,2025-01-21 21:44:25,21,voice,35,"Vashi Cell Site B, Navi Mumbai"
KK-CDR-000635,KK00095,Umesh Shaikh,9930000095,KK00080,Rajan Desai,9820000080,2025-01-21 18:48:10,21,voice,51,"APMC Cell Site B, Navi Mumbai"
KK-CDR-000636,KK00095,Umesh Shaikh,9930000095,KK00082,Kishor Gaikwad,8976000082,2025-01-21 13:32:08,21,voice,133,"Vashi Cell Site B, Navi Mumbai"
KK-CDR-000637,KK00096,Hitesh Parekh,9422000096,KK00002,Iqbal Naik,9860000002,2025-01-21 16:02:21,21,voice,191,"Nalasopara Cell Site B, Palghar"
KK-CDR-000638,KK00058,Dattatray Patil,9833000058,KK00039,Ravindra Bhosale,9323000039,2025-01-22 11:41:36,22,voice,198,"MRA Marg Cell Site B, Mumbai City"
KK-CDR-000639,KK00083,Sachin Naik,9930000083,KK00089,Ganesh Naik,8976000089,2025-01-22 17:54:12,22,voice,707,"Rabodi Cell Site B, Thane"
KK-CDR-000640,KK00060,Mangesh Tandel,9820000060,KK00061,Sameer Soni,9820000061,2025-01-22 11:48:01,22,voice,212,"Sakinaka Cell Site B, Mumbai Suburban"
KK-CDR-000641,KK00071,Arif Salvi,9833000071,KK00185,Balkrishna Kothari,8976000185,2025-01-22 15:50:42,22,voice,123,"Naupada Cell Site B, Thane"
KK-CDR-000642,KK00050,Shirish Patil,9833000050,KK00049,Santosh Zaveri,9833000049,2025-01-22 16:22:48,22,voice,686,"Pydhonie Cell Site A, Mumbai City"
KK-CDR-000643,KK00027,Hanif Shinde,9422000027,KK00005,Kishor Ansari,8655000005,2025-01-22 19:04:34,22,voice,454,"Panvel Taluka Cell Site A, Raigad (Uran / JNPT)"
KK-CDR-000644,KK00037,Ganesh Deshmukh,9323000037,KK00048,Sameer Doshi,9323000048,2025-01-22 13:11:18,22,voice,582,"Bandra Cell Site B, Mumbai Suburban"
KK-CDR-000645,KK00355,Shirish Shinde,9323000355,KK00362,Hitesh Kulkarni,9930000362,2025-01-22 21:33:43,22,voice,403,"Koregaon Park Cell Site A, Pune"
KK-CDR-000646,KK00082,Kishor Gaikwad,8976000082,KK00075,Rafiq Pawar,8976000075,2025-01-22 10:11:19,22,voice,844,"Naupada Cell Site B, Thane"
KK-CDR-000647,KK00009,Dattatray Soni,9860000009,KK00013,Kishor Koli,7045000013,2025-01-22 22:23:47,22,voice,162,"Panvel Taluka Cell Site A, Raigad (Uran / JNPT)"
KK-CDR-000648,KK00142,Shirish Soni,8976000142,KK00169,Sunil Parab,9323000169,2025-01-22 16:54:00,22,voice,135,"MRA Marg Cell Site A, Mumbai City"
KK-CDR-000649,KK00085,Prakash Shaikh,9820000085,KK00080,Rajan Desai,9820000080,2025-01-22 20:28:43,22,voice,535,"Rabodi Cell Site B, Thane"
KK-CDR-000650,KK00117,Ganesh Bhosale,8976000117,KK00157,Mahesh Bhatkar,9930000157,2025-01-22 23:19:49,22,voice,396,"Wagle Estate Cell Site A, Thane"
KK-CDR-000651,KK00010,Hitesh Desai,7045000010,KK00192,Ashok Parekh,9422000192,2025-01-22 15:12:11,22,voice,307,"Harnai Coastal Cell Site A, Ratnagiri"
KK-CDR-000652,KK00278,Hanif Dalvi,8976000278,KK00414,Paresh Zaveri,9820000414,2025-01-22 19:25:43,22,voice,590,"Andheri Cell Site A, Mumbai Suburban"
KK-CDR-000653,KK00010,Hitesh Desai,7045000010,KK00008,Vilas Tandel,9860000008,2025-01-22 22:10:41,22,voice,795,"Guhagar Cell Site A, Ratnagiri"
KK-CDR-000654,KK00006,Salim Parab,8655000006,KK00007,Santosh Sanghvi,9167000007,2025-01-22 22:04:28,22,voice,419,"Guhagar Cell Site B, Ratnagiri"
KK-CDR-000655,KK00095,Umesh Shaikh,9930000095,KK00025,Deepak Zaveri,8655000025,2025-01-22 23:28:40,22,voice,93,"APMC Cell Site A, Navi Mumbai"
KK-CDR-000656,KK00095,Umesh Shaikh,9930000095,KK00014,Anil Tandel,8655000014,2025-01-22 15:03:32,22,voice,124,"APMC Cell Site B, Navi Mumbai"
KK-CDR-000657,KK00095,Umesh Shaikh,9930000095,KK00030,Vilas Khatib,8655000030,2025-01-22 14:12:34,22,voice,110,"Vashi Cell Site A, Navi Mumbai"
KK-CDR-000658,KK00096,Hitesh Parekh,9422000096,KK00011,Yogesh Kadam,7045000011,2025-01-22 19:00:32,22,voice,130,"Palghar Cell Site A, Palghar"
KK-CDR-000659,KK00024,Nilesh Parekh,9422000024,KK00006,Salim Parab,8655000006,2025-01-23 10:52:57,23,voice,587,"Nhava Sheva Port Cell Site B, Raigad (Uran / JNPT)"
KK-CDR-000660,KK00025,Deepak Zaveri,8655000025,KK00017,Anil Tandel,7045000017,2025-01-23 21:33:06,23,voice,469,"Khopoli Cell Site A, Raigad (Uran / JNPT)"
KK-CDR-000661,KK00019,Arif Gaikwad,9422000019,KK00021,Santosh Bhandari,9422000021,2025-01-23 17:13:44,23,voice,338,"Satpati Coastal Cell Site B, Palghar"
KK-CDR-000662,KK00086,Arif Bhosale,8976000086,KK00074,Prakash Bhosale,9323000074,2025-01-23 18:45:28,23,voice,171,"Kapurbawdi Cell Site A, Thane"
KK-CDR-000663,KK00086,Arif Bhosale,8976000086,KK00089,Ganesh Naik,8976000089,2025-01-23 16:52:25,23,voice,656,"Vartak Nagar Cell Site A, Thane"
KK-CDR-000664,KK00070,Hanif Kadam,9323000070,KK00067,Shirish Pawar,8976000067,2025-01-23 17:19:51,23,voice,76,"Kapurbawdi Cell Site A, Thane"
KK-CDR-000665,KK00060,Mangesh Tandel,9820000060,KK00172,Nilesh Kadam,8976000172,2025-01-23 22:42:16,23,voice,197,"Bandra Cell Site B, Mumbai Suburban"
KK-CDR-000666,KK00094,Iqbal Patil,9833000094,KK00088,Rajan Sawant,9323000088,2025-01-23 12:19:12,23,voice,830,"Naupada Cell Site A, Thane"
KK-CDR-000667,KK00345,Arif Chavan,9930000345,KK00392,Paresh Momin,9323000392,2025-01-23 06:37:40,23,voice,775,"Kapurbawdi Cell Site B, Thane"
KK-CDR-000668,KK00083,Sachin Naik,9930000083,KK00091,Ashok More,9833000091,2025-01-23 07:44:50,23,voice,625,"Naupada Cell Site B, Thane"
KK-CDR-000669,KK00052,Rakesh Zaveri,8976000052,KK00039,Ravindra Bhosale,9323000039,2025-01-23 22:24:07,23,voice,680,"Ghatkopar Cell Site A, Mumbai Suburban"
KK-CDR-000670,KK00011,Yogesh Kadam,7045000011,KK00008,Vilas Tandel,9860000008,2025-01-23 10:21:36,23,voice,52,"Uran Cell Site B, Raigad (Uran / JNPT)"
KK-CDR-000671,KK00093,Rajan Sanghvi,9820000093,KK00071,Arif Salvi,9833000071,2025-01-23 12:32:56,23,voice,163,"Rabodi Cell Site A, Thane"
KK-CDR-000672,KK00038,Iqbal Mehta,9820000038,KK00057,Balkrishna Parekh,8976000057,2025-01-23 23:14:55,23,voice,450,"Ghatkopar Cell Site B, Mumbai Suburban"
KK-CDR-000673,KK00080,Rajan Desai,9820000080,KK00091,Ashok More,9833000091,2025-01-23 10:53:16,23,voice,476,"Rabodi Cell Site A, Thane"
KK-CDR-000674,KK00091,Ashok More,9833000091,KK00097,Arif Kadam,9323000097,2025-01-23 21:12:22,23,voice,515,"Vartak Nagar Cell Site B, Thane"
KK-CDR-000675,KK00086,Arif Bhosale,8976000086,KK00088,Rajan Sawant,9323000088,2025-01-23 13:08:29,23,voice,822,"Naupada Cell Site B, Thane"
KK-CDR-000676,KK00036,Fayyaz Kadam,9422000036,KK00002,Iqbal Naik,9860000002,2025-01-23 18:47:22,23,voice,463,"Palghar Cell Site B, Palghar"
KK-CDR-000677,KK00072,Yogesh Momin,9833000072,KK00092,Suhas Parekh,9930000092,2025-01-23 19:19:05,23,voice,813,"Kapurbawdi Cell Site B, Thane"
KK-CDR-000678,KK00063,Sameer Koli,9323000063,KK00066,Hanif Chavan,9833000066,2025-01-23 21:53:45,23,voice,426,"Pydhonie Cell Site A, Mumbai City"
KK-CDR-000679,KK00085,Prakash Shaikh,9820000085,KK00117,Ganesh Bhosale,8976000117,2025-01-23 17:57:00,23,voice,629,"Kapurbawdi Cell Site B, Thane"
KK-CDR-000680,KK00068,Prakash Koli,9833000068,KK00083,Sachin Naik,9930000083,2025-01-23 20:01:23,23,voice,454,"Kapurbawdi Cell Site B, Thane"
KK-CDR-000681,KK00059,Salim More,9820000059,KK00172,Nilesh Kadam,8976000172,2025-01-23 16:03:56,23,voice,593,"Kurla Cell Site B, Mumbai Suburban"
KK-CDR-000682,KK00096,Hitesh Parekh,9422000096,KK00009,Dattatray Soni,9860000009,2025-01-23 07:07:17,23,voice,158,"Nalasopara Cell Site A, Palghar"
KK-CDR-000683,KK00096,Hitesh Parekh,9422000096,KK00009,Dattatray Soni,9860000009,2025-01-23 16:15:50,23,voice,133,"Palghar Cell Site A, Palghar"
KK-CDR-000684,KK00075,Rafiq Pawar,8976000075,KK00071,Arif Salvi,9833000071,2025-01-24 22:36:49,24,voice,85,"Vartak Nagar Cell Site B, Thane"
KK-CDR-000685,KK00074,Prakash Bhosale,9323000074,KK00082,Kishor Gaikwad,8976000082,2025-01-24 15:47:04,24,voice,819,"Vartak Nagar Cell Site A, Thane"
KK-CDR-000686,KK00355,Shirish Shinde,9323000355,KK00250,Shabbir Zaveri,9930000250,2025-01-24 11:55:54,24,voice,709,"Bund Garden Cell Site A, Pune"
KK-CDR-000687,KK00081,Deepak Kadam,9833000081,KK00079,Rafiq Soni,8976000079,2025-01-24 17:57:14,24,voice,38,"Rabodi Cell Site B, Thane"
KK-CDR-000688,KK00025,Deepak Zaveri,8655000025,KK00016,Anil Tandel,9167000016,2025-01-24 17:42:16,24,voice,886,"Panvel Taluka Cell Site A, Raigad (Uran / JNPT)"
KK-CDR-000689,KK00257,Sameer Bhatkar,9323000257,KK00266,Balkrishna Jadhav,9820000266,2025-01-24 07:50:36,24,voice,577,"Faraskhana Cell Site A, Pune"
KK-CDR-000690,KK00094,Iqbal Patil,9833000094,KK00213,Ravindra Zaveri,9820000213,2025-01-24 16:20:36,24,voice,31,"Rabodi Cell Site A, Thane"
KK-CDR-000691,KK00044,Ashok Sayyed,9833000044,KK00064,Anil Khatib,9820000064,2025-01-24 14:47:42,24,voice,466,"LT Marg Cell Site B, Mumbai City"
KK-CDR-000692,KK00108,Hitesh Bhandari,9930000108,KK00115,Rakesh Patil,9820000115,2025-01-24 10:47:18,24,voice,354,"Rabodi Cell Site A, Thane"
KK-CDR-000693,KK00037,Ganesh Deshmukh,9323000037,KK00050,Shirish Patil,9833000050,2025-01-24 14:21:44,24,voice,362,"Sakinaka Cell Site A, Mumbai Suburban"
KK-CDR-000694,KK00036,Fayyaz Kadam,9422000036,KK00167,Sameer Parekh,9167000167,2025-01-24 14:20:51,24,voice,290,"Nalasopara Cell Site A, Palghar"
KK-CDR-000695,KK00070,Hanif Kadam,9323000070,KK00086,Arif Bhosale,8976000086,2025-01-24 23:30:39,24,voice,149,"Naupada Cell Site A, Thane"
KK-CDR-000696,KK00092,Suhas Parekh,9930000092,KK00075,Rafiq Pawar,8976000075,2025-01-24 06:39:29,24,voice,808,"Wagle Estate Cell Site B, Thane"
KK-CDR-000697,KK00079,Rafiq Soni,8976000079,KK00083,Sachin Naik,9930000083,2025-01-24 07:52:34,24,voice,249,"Kapurbawdi Cell Site B, Thane"
KK-CDR-000698,KK00018,Suhas Sanghvi,9167000018,KK00001,Nilesh Khatib,8655000001,2025-01-24 15:24:20,24,voice,462,"Dapoli Cell Site B, Ratnagiri"
KK-CDR-000699,KK00058,Dattatray Patil,9833000058,KK00056,Mahesh Bhandari,9833000056,2025-01-24 18:34:16,24,voice,697,"Dongri Cell Site B, Mumbai City"
KK-CDR-000700,KK00047,Santosh Thakur,9833000047,KK00053,Pravin Bhatkar,9833000053,2025-01-24 07:50:25,24,voice,683,"Kurla Cell Site B, Mumbai Suburban"
KK-CDR-000701,KK00096,Hitesh Parekh,9422000096,KK00003,Deepak Pawar,9167000003,2025-01-24 13:44:35,24,voice,166,"Satpati Coastal Cell Site B, Palghar"
KK-CDR-000702,KK00096,Hitesh Parekh,9422000096,KK00010,Hitesh Desai,7045000010,2025-01-24 17:59:11,24,voice,111,"Palghar Cell Site B, Palghar"
KK-CDR-000703,KK00045,Kishor Sanghvi,9833000045,KK00198,Ashok Khatib,9833000198,2025-01-25 13:33:27,25,voice,447,"Kurla Cell Site B, Mumbai Suburban"
KK-CDR-000704,KK00094,Iqbal Patil,9833000094,KK00212,Rafiq Kothari,8976000212,2025-01-25 09:23:25,25,voice,772,"Kapurbawdi Cell Site B, Thane"
KK-CDR-000705,KK00091,Ashok More,9833000091,KK00143,Shabbir Surve,9930000143,2025-01-25 22:23:39,25,voice,488,"Rabodi Cell Site A, Thane"
KK-CDR-000706,KK00154,Hanif Thakur,7045000154,KK00210,Sameer More,8655000210,2025-01-25 07:41:04,25,voice,811,"Dapoli Cell Site B, Ratnagiri"
KK-CDR-000707,KK00266,Balkrishna Jadhav,9820000266,KK00217,Rafiq Ansari,9323000217,2025-01-25 17:00:11,25,voice,719,"Sakinaka Cell Site A, Mumbai Suburban"
KK-CDR-000708,KK00100,Suhas Mehta,9323000100,KK00215,Pravin Sayyed,9930000215,2025-01-25 20:09:14,25,voice,49,"Sakinaka Cell Site B, Mumbai Suburban"
KK-CDR-000709,KK00189,Dattatray Jadhav,9833000189,KK00105,Pravin Desai,9323000105,2025-01-25 22:47:09,25,voice,241,"Vartak Nagar Cell Site B, Thane"
KK-CDR-000710,KK00343,Ashok Parab,9820000343,KK00356,Iqbal Parekh,9323000356,2025-01-25 10:30:48,25,voice,650,"Rabodi Cell Site A, Thane"
KK-CDR-000711,KK00040,Rajan Ansari,9930000040,KK00041,Dnyaneshwar Parab,9930000041,2025-01-25 19:08:32,25,voice,218,"VP Road Cell Site B, Mumbai City"
KK-CDR-000712,KK00089,Ganesh Naik,8976000089,KK00094,Iqbal Patil,9833000094,2025-01-25 08:58:46,25,voice,341,"Naupada Cell Site A, Thane"
KK-CDR-000713,KK00094,Iqbal Patil,9833000094,KK00146,Rajan Zaveri,9323000146,2025-01-25 18:53:20,25,voice,431,"Rabodi Cell Site B, Thane"
KK-CDR-000714,KK00043,Vinod Mehta,9323000043,KK00045,Kishor Sanghvi,9833000045,2025-01-25 18:24:34,25,voice,72,"Bandra Cell Site A, Mumbai Suburban"
KK-CDR-000715,KK00057,Balkrishna Parekh,8976000057,KK00039,Ravindra Bhosale,9323000039,2025-01-25 14:30:28,25,voice,718,"Dongri Cell Site A, Mumbai City"
KK-CDR-000716,KK00006,Salim Parab,8655000006,KK00201,Javed Shah,9860000201,2025-01-25 19:44:41,25,voice,854,"Ratnagiri City Cell Site B, Ratnagiri"
KK-CDR-000717,KK00109,Yogesh Gaikwad,8976000109,KK00149,Paresh Khatib,9820000149,2025-01-25 13:18:47,25,voice,545,"VP Road Cell Site A, Mumbai City"
KK-CDR-000718,KK00097,Arif Kadam,9323000097,KK00203,Hanif Koli,8976000203,2025-01-25 16:54:06,25,voice,85,"Vartak Nagar Cell Site B, Thane"
KK-CDR-000719,KK00038,Iqbal Mehta,9820000038,KK00149,Paresh Khatib,9820000149,2025-01-25 20:03:47,25,voice,211,"Bandra Cell Site B, Mumbai Suburban"
KK-CDR-000720,KK00052,Rakesh Zaveri,8976000052,KK00100,Suhas Mehta,9323000100,2025-01-25 19:18:47,25,voice,180,"Ghatkopar Cell Site A, Mumbai Suburban"
KK-CDR-000721,KK00074,Prakash Bhosale,9323000074,KK00081,Deepak Kadam,9833000081,2025-01-25 17:22:14,25,voice,175,"Naupada Cell Site A, Thane"
KK-CDR-000722,KK00096,Hitesh Parekh,9422000096,KK00004,Kishor Pawar,9167000004,2025-01-25 15:49:15,25,voice,123,"Vasai Cell Site B, Palghar"
KK-CDR-000723,KK00059,Salim More,9820000059,KK00056,Mahesh Bhandari,9833000056,2025-01-26 11:57:21,26,voice,823,"Andheri Cell Site B, Mumbai Suburban"
KK-CDR-000724,KK00091,Ashok More,9833000091,KK00131,Hitesh Dalvi,8976000131,2025-01-26 11:08:41,26,voice,360,"Wagle Estate Cell Site A, Thane"
KK-CDR-000725,KK00065,Dnyaneshwar Bhandari,8976000065,KK00123,Nitin Shaikh,8976000123,2025-01-26 14:13:10,26,voice,19,"Andheri Cell Site A, Mumbai Suburban"
KK-CDR-000726,KK00014,Anil Tandel,8655000014,KK00001,Nilesh Khatib,8655000001,2025-01-26 08:45:46,26,voice,524,"Satpati Coastal Cell Site B, Palghar"
KK-CDR-000727,KK00078,Shirish Salvi,9833000078,KK00092,Suhas Parekh,9930000092,2025-01-26 22:56:05,26,voice,482,"Wagle Estate Cell Site B, Thane"
KK-CDR-000728,KK00314,Sachin Jadhav,9930000314,KK00236,Nilesh Thakur,9930000236,2025-01-26 17:45:12,26,voice,627,"Andheri Cell Site B, Mumbai Suburban"
KK-CDR-000729,KK00061,Sameer Soni,9820000061,KK00042,Shabbir Jadhav,9930000042,2025-01-26 23:17:36,26,voice,686,"Pydhonie Cell Site A, Mumbai City"
KK-CDR-000730,KK00058,Dattatray Patil,9833000058,KK00208,Rafiq Momin,9930000208,2025-01-26 22:09:08,26,voice,98,"LT Marg Cell Site B, Mumbai City"
KK-CDR-000731,KK00071,Arif Salvi,9833000071,KK00089,Ganesh Naik,8976000089,2025-01-26 16:22:55,26,voice,473,"Vartak Nagar Cell Site A, Thane"
KK-CDR-000732,KK00066,Hanif Chavan,9833000066,KK00039,Ravindra Bhosale,9323000039,2025-01-26 11:05:10,26,voice,44,"VP Road Cell Site A, Mumbai City"
KK-CDR-000733,KK00186,Santosh Kadam,9833000186,KK00212,Rafiq Kothari,8976000212,2025-01-26 13:39:45,26,voice,86,"Naupada Cell Site A, Thane"
KK-CDR-000734,KK00174,Hitesh Sanghvi,9820000174,KK00191,Javed Naik,9323000191,2025-01-26 23:25:21,26,voice,240,"Kurla Cell Site A, Mumbai Suburban"
KK-CDR-000735,KK00214,Vinod Pawar,7045000214,KK00118,Ashok Deshmukh,9167000118,2025-01-26 08:21:27,26,voice,750,"Nhava Sheva Port Cell Site A, Raigad (Uran / JNPT)"
KK-CDR-000736,KK00069,Imtiaz Kadam,9323000069,KK00161,Shirish Parab,9833000161,2025-01-26 09:57:02,26,voice,484,"Wagle Estate Cell Site A, Thane"
KK-CDR-000737,KK00037,Ganesh Deshmukh,9323000037,KK00191,Javed Naik,9323000191,2025-01-26 19:08:38,26,voice,668,"Ghatkopar Cell Site B, Mumbai Suburban"
KK-CDR-000738,KK00195,Pravin Kothari,9820000195,KK00147,Suhas Shinde,9833000147,2025-01-26 08:18:40,26,voice,370,"Vartak Nagar Cell Site B, Thane"
KK-CDR-000739,KK00095,Umesh Shaikh,9930000095,KK00016,Anil Tandel,9167000016,2025-01-26 12:52:21,26,voice,123,"Nerul Cell Site A, Navi Mumbai"
KK-CDR-000740,KK00056,Mahesh Bhandari,9833000056,KK00172,Nilesh Kadam,8976000172,2025-01-27 13:06:18,27,voice,498,"Bandra Cell Site B, Mumbai Suburban"
KK-CDR-000741,KK00025,Deepak Zaveri,8655000025,KK00009,Dattatray Soni,9860000009,2025-01-27 20:38:30,27,voice,812,"Uran Cell Site A, Raigad (Uran / JNPT)"
KK-CDR-000742,KK00039,Ravindra Bhosale,9323000039,KK00060,Mangesh Tandel,9820000060,2025-01-27 17:58:54,27,voice,50,"VP Road Cell Site B, Mumbai City"
KK-CDR-000743,KK00077,Anil Thakur,9833000077,KK00094,Iqbal Patil,9833000094,2025-01-27 22:54:08,27,voice,838,"Wagle Estate Cell Site B, Thane"
KK-CDR-000744,KK00278,Hanif Dalvi,8976000278,KK00270,Rakesh More,9833000270,2025-01-27 16:30:57,27,voice,561,"Andheri Cell Site A, Mumbai Suburban"
KK-CDR-000745,KK00083,Sachin Naik,9930000083,KK00073,Mangesh Naik,9323000073,2025-01-27 16:17:14,27,voice,157,"Wagle Estate Cell Site A, Thane"
KK-CDR-000746,KK00081,Deepak Kadam,9833000081,KK00079,Rafiq Soni,8976000079,2025-01-27 07:48:13,27,voice,484,"Vartak Nagar Cell Site A, Thane"
KK-CDR-000747,KK00062,Paresh Parekh,9820000062,KK00056,Mahesh Bhandari,9833000056,2025-01-27 07:52:39,27,voice,213,"Sakinaka Cell Site B, Mumbai Suburban"
KK-CDR-000748,KK00077,Anil Thakur,9833000077,KK00087,Rafiq Deshmukh,8976000087,2025-01-27 12:47:51,27,voice,153,"Kapurbawdi Cell Site B, Thane"
KK-CDR-000749,KK00030,Vilas Khatib,8655000030,KK00003,Deepak Pawar,9167000003,2025-01-27 15:17:46,27,voice,522,"Dapoli Cell Site A, Ratnagiri"
KK-CDR-000750,KK00287,Jitendra Bhatkar,9833000287,KK00304,Prakash Tandel,9323000304,2025-01-27 10:06:19,27,voice,686,"Ghatkopar Cell Site B, Mumbai Suburban"
KK-CDR-000751,KK00077,Anil Thakur,9833000077,KK00071,Arif Salvi,9833000071,2025-01-27 21:20:18,27,voice,190,"Vartak Nagar Cell Site B, Thane"
KK-CDR-000752,KK00078,Shirish Salvi,9833000078,KK00085,Prakash Shaikh,9820000085,2025-01-27 15:34:26,27,voice,874,"Vartak Nagar Cell Site A, Thane"
KK-CDR-000753,KK00076,Jitendra Shaikh,9833000076,KK00074,Prakash Bhosale,9323000074,2025-01-27 18:51:02,27,voice,588,"Wagle Estate Cell Site A, Thane"
KK-CDR-000754,KK00044,Ashok Sayyed,9833000044,KK00065,Dnyaneshwar Bhandari,8976000065,2025-01-27 10:24:07,27,voice,562,"LT Marg Cell Site A, Mumbai City"
KK-CDR-000755,KK00038,Iqbal Mehta,9820000038,KK00062,Paresh Parekh,9820000062,2025-01-27 08:50:32,27,voice,823,"Kurla Cell Site B, Mumbai Suburban"
KK-CDR-000756,KK00406,Sameer Bhosale,9833000406,KK00255,Anil Koli,8976000255,2025-01-27 14:31:46,27,voice,428,"Ghatkopar Cell Site A, Mumbai Suburban"
KK-CDR-000757,KK00109,Yogesh Gaikwad,8976000109,KK00191,Javed Naik,9323000191,2025-01-27 23:38:41,27,voice,590,"LT Marg Cell Site B, Mumbai City"
KK-CDR-000758,KK00053,Pravin Bhatkar,9833000053,KK00051,Pravin Kadam,8976000051,2025-01-27 13:28:08,27,voice,528,"Andheri Cell Site A, Mumbai Suburban"
KK-CDR-000759,KK00044,Ashok Sayyed,9833000044,KK00037,Ganesh Deshmukh,9323000037,2025-01-27 07:38:06,27,voice,170,"VP Road Cell Site A, Mumbai City"
KK-CDR-000760,KK00095,Umesh Shaikh,9930000095,KK00029,Pravin Koli,7045000029,2025-01-27 12:00:35,27,voice,198,"Nerul Cell Site B, Navi Mumbai"
KK-CDR-000761,KK00095,Umesh Shaikh,9930000095,KK00077,Anil Thakur,9833000077,2025-01-27 17:56:12,27,voice,250,"Nerul Cell Site B, Navi Mumbai"
KK-CDR-000762,KK00058,Dattatray Patil,9833000058,KK00041,Dnyaneshwar Parab,9930000041,2025-01-28 14:29:05,28,voice,723,"VP Road Cell Site A, Mumbai City"
KK-CDR-000763,KK00206,Rakesh Shah,9323000206,KK00208,Rafiq Momin,9930000208,2025-01-28 07:02:41,28,voice,134,"VP Road Cell Site A, Mumbai City"
KK-CDR-000764,KK00126,Mangesh Thakur,9833000126,KK00202,Rajan Bhosale,9820000202,2025-01-28 22:01:30,28,voice,438,"LT Marg Cell Site B, Mumbai City"
KK-CDR-000765,KK00104,Imtiaz Bhosale,9167000104,KK00207,Shabbir Pawar,9422000207,2025-01-28 10:05:05,28,voice,588,"Nhava Sheva Port Cell Site A, Raigad (Uran / JNPT)"
KK-CDR-000766,KK00224,Sachin Pawar,9833000224,KK00237,Dattatray Ansari,9833000237,2025-01-28 12:56:54,28,voice,573,"Bandra Cell Site B, Mumbai Suburban"
KK-CDR-000767,KK00033,Shirish Chavan,9422000033,KK00002,Iqbal Naik,9860000002,2025-01-28 21:19:50,28,voice,542,"Dapoli Cell Site A, Ratnagiri"
KK-CDR-000768,KK00244,Sunil Shaikh,8976000244,KK00286,Bhavesh Shinde,9930000286,2025-01-28 18:04:56,28,voice,244,"Faraskhana Cell Site A, Pune"
KK-CDR-000769,KK00033,Shirish Chavan,9422000033,KK00035,Balkrishna Shaikh,9167000035,2025-01-28 11:27:48,28,voice,357,"Ratnagiri City Cell Site B, Ratnagiri"
KK-CDR-000770,KK00068,Prakash Koli,9833000068,KK00185,Balkrishna Kothari,8976000185,2025-01-28 06:53:55,28,voice,530,"Wagle Estate Cell Site B, Thane"
KK-CDR-000771,KK00038,Iqbal Mehta,9820000038,KK00060,Mangesh Tandel,9820000060,2025-01-28 23:59:54,28,voice,831,"Bandra Cell Site B, Mumbai Suburban"
KK-CDR-000772,KK00077,Anil Thakur,9833000077,KK00086,Arif Bhosale,8976000086,2025-01-28 09:39:18,28,voice,279,"Vartak Nagar Cell Site A, Thane"
KK-CDR-000773,KK00016,Anil Tandel,9167000016,KK00029,Pravin Koli,7045000029,2025-01-28 07:47:01,28,voice,539,"Harnai Coastal Cell Site B, Ratnagiri"
KK-CDR-000774,KK00096,Hitesh Parekh,9422000096,KK00010,Hitesh Desai,7045000010,2025-01-28 22:45:18,28,voice,109,"Palghar Cell Site B, Palghar"
KK-CDR-000775,KK00082,Kishor Gaikwad,8976000082,KK00092,Suhas Parekh,9930000092,2025-01-29 15:13:41,29,voice,43,"Naupada Cell Site B, Thane"
KK-CDR-000776,KK00078,Shirish Salvi,9833000078,KK00082,Kishor Gaikwad,8976000082,2025-01-29 09:12:09,29,voice,456,"Rabodi Cell Site A, Thane"
KK-CDR-000777,KK00090,Arif Mhatre,9930000090,KK00079,Rafiq Soni,8976000079,2025-01-29 19:59:19,29,voice,629,"Rabodi Cell Site A, Thane"
KK-CDR-000778,KK00048,Sameer Doshi,9323000048,KK00042,Shabbir Jadhav,9930000042,2025-01-29 13:17:49,29,voice,836,"Dongri Cell Site B, Mumbai City"
KK-CDR-000779,KK00058,Dattatray Patil,9833000058,KK00061,Sameer Soni,9820000061,2025-01-29 23:01:53,29,voice,222,"VP Road Cell Site A, Mumbai City"
KK-CDR-000780,KK00198,Ashok Khatib,9833000198,KK00123,Nitin Shaikh,8976000123,2025-01-29 13:22:14,29,voice,607,"Bandra Cell Site A, Mumbai Suburban"
KK-CDR-000781,KK00010,Hitesh Desai,7045000010,KK00122,Salim Kulkarni,8655000122,2025-01-29 14:01:54,29,voice,529,"Ratnagiri City Cell Site A, Ratnagiri"
KK-CDR-000782,KK00192,Ashok Parekh,9422000192,KK00114,Dnyaneshwar Bhatkar,9167000114,2025-01-29 09:38:24,29,voice,484,"Guhagar Cell Site A, Ratnagiri"
KK-CDR-000783,KK00083,Sachin Naik,9930000083,KK00082,Kishor Gaikwad,8976000082,2025-01-29 17:04:06,29,voice,689,"Vartak Nagar Cell Site A, Thane"
KK-CDR-000784,KK00048,Sameer Doshi,9323000048,KK00175,Balkrishna Pawar,9323000175,2025-01-29 12:53:59,29,voice,315,"VP Road Cell Site A, Mumbai City"
KK-CDR-000785,KK00056,Mahesh Bhandari,9833000056,KK00128,Mahesh Bhosale,9833000128,2025-01-29 06:49:20,29,voice,629,"Sakinaka Cell Site A, Mumbai Suburban"
KK-CDR-000786,KK00009,Dattatray Soni,9860000009,KK00033,Shirish Chavan,9422000033,2025-01-29 23:04:39,29,voice,336,"Nhava Sheva Port Cell Site B, Raigad (Uran / JNPT)"
KK-CDR-000787,KK00016,Anil Tandel,9167000016,KK00031,Anil Chavan,8655000031,2025-01-29 13:13:51,29,voice,65,"Ratnagiri City Cell Site B, Ratnagiri"
KK-CDR-000788,KK00033,Shirish Chavan,9422000033,KK00002,Iqbal Naik,9860000002,2025-01-29 14:01:46,29,voice,833,"Harnai Coastal Cell Site B, Ratnagiri"
KK-CDR-000789,KK00066,Hanif Chavan,9833000066,KK00051,Pravin Kadam,8976000051,2025-01-29 12:31:27,29,voice,619,"Pydhonie Cell Site A, Mumbai City"
KK-CDR-000790,KK00067,Shirish Pawar,8976000067,KK00091,Ashok More,9833000091,2025-01-29 11:38:07,29,voice,551,"Kapurbawdi Cell Site A, Thane"
KK-CDR-000791,KK00072,Yogesh Momin,9833000072,KK00083,Sachin Naik,9930000083,2025-01-29 22:19:36,29,voice,376,"Wagle Estate Cell Site A, Thane"
KK-CDR-000792,KK00082,Kishor Gaikwad,8976000082,KK00076,Jitendra Shaikh,9833000076,2025-01-29 18:47:49,29,voice,516,"Naupada Cell Site A, Thane"
KK-CDR-000793,KK00014,Anil Tandel,8655000014,KK00036,Fayyaz Kadam,9422000036,2025-01-29 11:42:26,29,voice,784,"Vasai Cell Site B, Palghar"
KK-CDR-000794,KK00096,Hitesh Parekh,9422000096,KK00095,Umesh Shaikh,9930000095,2025-01-29 10:38:06,29,voice,185,"Palghar Cell Site A, Palghar"
KK-CDR-000795,KK00034,Rakesh Doshi,9860000034,KK00007,Santosh Sanghvi,9167000007,2025-01-30 20:42:42,30,voice,783,"Khopoli Cell Site A, Raigad (Uran / JNPT)"
KK-CDR-000796,KK00040,Rajan Ansari,9930000040,KK00064,Anil Khatib,9820000064,2025-01-30 13:11:49,30,voice,54,"Pydhonie Cell Site A, Mumbai City"
KK-CDR-000797,KK00010,Hitesh Desai,7045000010,KK00026,Rafiq Shah,9167000026,2025-01-30 19:47:42,30,voice,785,"Guhagar Cell Site B, Ratnagiri"
KK-CDR-000798,KK00001,Nilesh Khatib,8655000001,KK00026,Rafiq Shah,9167000026,2025-01-30 19:29:54,30,voice,201,"Ratnagiri City Cell Site B, Ratnagiri"
KK-CDR-000799,KK00140,Salim Kothari,9167000140,KK00214,Vinod Pawar,7045000214,2025-01-30 06:12:06,30,voice,689,"Guhagar Cell Site A, Ratnagiri"
KK-CDR-000800,KK00044,Ashok Sayyed,9833000044,KK00054,Kishor Sawant,9833000054,2025-01-30 15:00:18,30,voice,423,"VP Road Cell Site B, Mumbai City"
KK-CDR-000801,KK00078,Shirish Salvi,9833000078,KK00157,Mahesh Bhatkar,9930000157,2025-01-30 11:54:35,30,voice,700,"Wagle Estate Cell Site B, Thane"
KK-CDR-000802,KK00011,Yogesh Kadam,7045000011,KK00030,Vilas Khatib,8655000030,2025-01-30 11:14:23,30,voice,40,"Khopoli Cell Site B, Raigad (Uran / JNPT)"
KK-CDR-000803,KK00212,Rafiq Kothari,8976000212,KK00101,Javed Bhandari,9833000101,2025-01-30 17:05:16,30,voice,807,"Rabodi Cell Site A, Thane"
KK-CDR-000804,KK00072,Yogesh Momin,9833000072,KK00211,Nitin Parekh,9820000211,2025-01-30 09:49:30,30,voice,208,"Kapurbawdi Cell Site B, Thane"
KK-CDR-000805,KK00076,Jitendra Shaikh,9833000076,KK00086,Arif Bhosale,8976000086,2025-01-30 17:19:45,30,voice,595,"Rabodi Cell Site B, Thane"
KK-CDR-000806,KK00189,Dattatray Jadhav,9833000189,KK00130,Nitin Doshi,8976000130,2025-01-30 11:50:28,30,voice,52,"Kapurbawdi Cell Site A, Thane"
KK-CDR-000807,KK00085,Prakash Shaikh,9820000085,KK00121,Mangesh Doshi,9930000121,2025-01-30 17:16:35,30,voice,793,"Kapurbawdi Cell Site B, Thane"
KK-CDR-000808,KK00062,Paresh Parekh,9820000062,KK00111,Deepak Tandel,9820000111,2025-01-30 18:03:17,30,voice,635,"Sakinaka Cell Site A, Mumbai Suburban"
KK-CDR-000809,KK00040,Rajan Ansari,9930000040,KK00063,Sameer Koli,9323000063,2025-01-30 17:19:21,30,voice,107,"MRA Marg Cell Site B, Mumbai City"
KK-CDR-000810,KK00047,Santosh Thakur,9833000047,KK00053,Pravin Bhatkar,9833000053,2025-01-30 07:10:29,30,voice,690,"Bandra Cell Site A, Mumbai Suburban"
KK-CDR-000811,KK00095,Umesh Shaikh,9930000095,KK00019,Arif Gaikwad,9422000019,2025-01-30 11:27:51,30,voice,235,"Nerul Cell Site B, Navi Mumbai"
KK-CDR-000812,KK00096,Hitesh Parekh,9422000096,KK00002,Iqbal Naik,9860000002,2025-01-30 14:51:26,30,voice,166,"Vasai Cell Site A, Palghar"
KK-CDR-000813,KK00096,Hitesh Parekh,9422000096,KK00004,Kishor Pawar,9167000004,2025-01-30 19:36:53,30,voice,178,"Palghar Cell Site B, Palghar"
KK-CDR-000814,KK00096,Hitesh Parekh,9422000096,KK00095,Umesh Shaikh,9930000095,2025-01-30 15:35:10,30,voice,52,"Satpati Coastal Cell Site B, Palghar"
KK-CDR-000815,KK00096,Hitesh Parekh,9422000096,KK00095,Umesh Shaikh,9930000095,2025-01-30 11:43:13,30,voice,64,"Palghar Cell Site A, Palghar"
KK-CDR-000816,KK00023,Prakash Deshmukh,8655000023,KK00015,Balkrishna Shinde,7045000015,2025-01-31 16:30:28,31,voice,804,"Harnai Coastal Cell Site A, Ratnagiri"
KK-CDR-000817,KK00012,Bhavesh Parekh,9860000012,KK00006,Salim Parab,8655000006,2025-01-31 20:33:34,31,voice,265,"Uran Cell Site A, Raigad (Uran / JNPT)"
KK-CDR-000818,KK00042,Shabbir Jadhav,9930000042,KK00051,Pravin Kadam,8976000051,2025-01-31 14:33:27,31,voice,389,"Kurla Cell Site B, Mumbai Suburban"
KK-CDR-000819,KK00075,Rafiq Pawar,8976000075,KK00067,Shirish Pawar,8976000067,2025-01-31 18:03:34,31,voice,347,"Wagle Estate Cell Site A, Thane"
KK-CDR-000820,KK00083,Sachin Naik,9930000083,KK00092,Suhas Parekh,9930000092,2025-01-31 06:38:38,31,voice,251,"Rabodi Cell Site B, Thane"
KK-CDR-000821,KK00054,Kishor Sawant,9833000054,KK00204,Vilas Desai,9820000204,2025-01-31 09:16:19,31,voice,404,"Sakinaka Cell Site B, Mumbai Suburban"
KK-CDR-000822,KK00019,Arif Gaikwad,9422000019,KK00112,Rakesh Gaikwad,8655000112,2025-01-31 22:20:19,31,voice,499,"Nalasopara Cell Site B, Palghar"
KK-CDR-000823,KK00032,Dattatray Mehta,9860000032,KK00029,Pravin Koli,7045000029,2025-01-31 12:58:04,31,voice,331,"Panvel Taluka Cell Site A, Raigad (Uran / JNPT)"
KK-CDR-000824,KK00058,Dattatray Patil,9833000058,KK00149,Paresh Khatib,9820000149,2025-01-31 11:26:52,31,voice,598,"MRA Marg Cell Site A, Mumbai City"
KK-CDR-000825,KK00091,Ashok More,9833000091,KK00080,Rajan Desai,9820000080,2025-01-31 10:50:41,31,voice,492,"Wagle Estate Cell Site A, Thane"
KK-CDR-000826,KK00114,Dnyaneshwar Bhatkar,9167000114,KK00176,Ravindra Shaikh,8655000176,2025-01-31 18:33:01,31,voice,230,"Nhava Sheva Port Cell Site A, Raigad (Uran / JNPT)"
KK-CDR-000827,KK00005,Kishor Ansari,8655000005,KK00134,Vilas Mehta,9860000134,2025-01-31 16:39:57,31,voice,29,"Nalasopara Cell Site A, Palghar"
KK-CDR-000828,KK00015,Balkrishna Shinde,7045000015,KK00125,Mahesh Desai,9422000125,2025-01-31 23:17:52,31,voice,488,"Palghar Cell Site B, Palghar"
KK-CDR-000829,KK00023,Prakash Deshmukh,8655000023,KK00139,Sunil Bhandari,9860000139,2025-01-31 18:25:04,31,voice,41,"Guhagar Cell Site B, Ratnagiri"
KK-CDR-000830,KK00083,Sachin Naik,9930000083,KK00148,Anil Ansari,9930000148,2025-01-31 22:33:56,31,voice,176,"Kapurbawdi Cell Site A, Thane"
KK-CDR-000831,KK00066,Hanif Chavan,9833000066,KK00106,Dattatray Pawar,9820000106,2025-01-31 12:43:35,31,voice,72,"VP Road Cell Site A, Mumbai City"
KK-CDR-000832,KK00043,Vinod Mehta,9323000043,KK00056,Mahesh Bhandari,9833000056,2025-01-31 20:52:54,31,voice,663,"Ghatkopar Cell Site A, Mumbai Suburban"
KK-CDR-000833,KK00025,Deepak Zaveri,8655000025,KK00024,Nilesh Parekh,9422000024,2025-01-31 11:36:38,31,voice,239,"Khopoli Cell Site B, Raigad (Uran / JNPT)"
KK-CDR-000834,KK00084,Vinod Deshmukh,9833000084,KK00119,Prakash Doshi,9323000119,2025-01-31 22:51:54,31,voice,399,"Kapurbawdi Cell Site A, Thane"
KK-CDR-000835,KK00081,Deepak Kadam,9833000081,KK00161,Shirish Parab,9833000161,2025-01-31 09:24:39,31,voice,284,"Vartak Nagar Cell Site B, Thane"
KK-CDR-000836,KK00085,Prakash Shaikh,9820000085,KK00074,Prakash Bhosale,9323000074,2025-01-31 22:21:49,31,voice,403,"Wagle Estate Cell Site A, Thane"
KK-CDR-000837,KK00036,Fayyaz Kadam,9422000036,KK00013,Kishor Koli,7045000013,2025-01-31 21:31:14,31,voice,328,"Vasai Cell Site A, Palghar"
KK-CDR-000838,KK00072,Yogesh Momin,9833000072,KK00080,Rajan Desai,9820000080,2025-01-31 07:53:12,31,voice,76,"Kapurbawdi Cell Site A, Thane"
KK-CDR-000839,KK00076,Jitendra Shaikh,9833000076,KK00085,Prakash Shaikh,9820000085,2025-01-31 07:25:59,31,voice,233,"Kapurbawdi Cell Site A, Thane"
KK-CDR-000840,KK00095,Umesh Shaikh,9930000095,KK00080,Rajan Desai,9820000080,2025-01-31 15:36:22,31,voice,238,"APMC Cell Site B, Navi Mumbai"
KK-CDR-000841,KK00048,Sameer Doshi,9323000048,KK00053,Pravin Bhatkar,9833000053,2025-02-01 20:33:23,32,voice,169,"MRA Marg Cell Site B, Mumbai City"
KK-CDR-000842,KK00376,Ravindra Parab,9930000376,KK00227,Umesh Desai,8976000227,2025-02-01 17:00:59,32,voice,387,"Bund Garden Cell Site B, Pune"
KK-CDR-000843,KK00144,Anil Shinde,9323000144,KK00105,Pravin Desai,9323000105,2025-02-01 17:44:39,32,voice,491,"Naupada Cell Site B, Thane"
KK-CDR-000844,KK00069,Imtiaz Kadam,9323000069,KK00067,Shirish Pawar,8976000067,2025-02-01 14:39:13,32,voice,720,"Wagle Estate Cell Site A, Thane"
KK-CDR-000845,KK00093,Rajan Sanghvi,9820000093,KK00085,Prakash Shaikh,9820000085,2025-02-01 15:48:26,32,voice,540,"Naupada Cell Site A, Thane"
KK-CDR-000846,KK00097,Arif Kadam,9323000097,KK00117,Ganesh Bhosale,8976000117,2025-02-01 09:16:38,32,voice,446,"Wagle Estate Cell Site A, Thane"
KK-CDR-000847,KK00008,Vilas Tandel,9860000008,KK00033,Shirish Chavan,9422000033,2025-02-01 11:32:51,32,voice,405,"Uran Cell Site B, Raigad (Uran / JNPT)"
KK-CDR-000848,KK00331,Nilesh Bhatkar,9820000331,KK00277,Rafiq Bhatkar,8976000277,2025-02-01 20:06:25,32,voice,166,"Vartak Nagar Cell Site A, Thane"
KK-CDR-000849,KK00141,Kishor Doshi,9422000141,KK00114,Dnyaneshwar Bhatkar,9167000114,2025-02-01 14:49:02,32,voice,572,"Dapoli Cell Site A, Ratnagiri"
KK-CDR-000850,KK00011,Yogesh Kadam,7045000011,KK00014,Anil Tandel,8655000014,2025-02-01 13:13:17,32,voice,823,"Nhava Sheva Port Cell Site A, Raigad (Uran / JNPT)"
KK-CDR-000851,KK00002,Iqbal Naik,9860000002,KK00155,Rakesh Kothari,9422000155,2025-02-01 11:40:25,32,voice,889,"Panvel Taluka Cell Site A, Raigad (Uran / JNPT)"
KK-CDR-000852,KK00081,Deepak Kadam,9833000081,KK00070,Hanif Kadam,9323000070,2025-02-01 07:06:57,32,voice,544,"Wagle Estate Cell Site A, Thane"
KK-CDR-000853,KK00017,Anil Tandel,7045000017,KK00125,Mahesh Desai,9422000125,2025-02-01 19:01:59,32,voice,697,"Uran Cell Site A, Raigad (Uran / JNPT)"
KK-CDR-000854,KK00040,Rajan Ansari,9930000040,KK00055,Vilas Shinde,8976000055,2025-02-01 18:01:50,32,voice,404,"VP Road Cell Site B, Mumbai City"
KK-CDR-000855,KK00080,Rajan Desai,9820000080,KK00130,Nitin Doshi,8976000130,2025-02-01 13:44:52,32,voice,119,"Rabodi Cell Site B, Thane"
KK-CDR-000856,KK00307,Iqbal Shinde,9323000307,KK00352,Anil Parekh,8976000352,2025-02-01 21:10:59,32,voice,254,"Ghatkopar Cell Site B, Mumbai Suburban"
KK-CDR-000857,KK00058,Dattatray Patil,9833000058,KK00063,Sameer Koli,9323000063,2025-02-01 13:00:06,32,voice,217,"VP Road Cell Site B, Mumbai City"
KK-CDR-000858,KK00003,Deepak Pawar,9167000003,KK00031,Anil Chavan,8655000031,2025-02-01 16:26:37,32,voice,157,"Harnai Coastal Cell Site A, Ratnagiri"
KK-CDR-000859,KK00146,Rajan Zaveri,9323000146,KK00103,Rafiq Khatib,9930000103,2025-02-01 14:32:44,32,voice,719,"Kapurbawdi Cell Site A, Thane"
KK-CDR-000860,KK00034,Rakesh Doshi,9860000034,KK00031,Anil Chavan,8655000031,2025-02-01 06:54:03,32,voice,731,"Khopoli Cell Site B, Raigad (Uran / JNPT)"
KK-CDR-000861,KK00181,Umesh Jadhav,8976000181,KK00156,Shabbir Naik,9930000156,2025-02-01 11:37:17,32,voice,430,"LT Marg Cell Site A, Mumbai City"
KK-CDR-000862,KK00087,Rafiq Deshmukh,8976000087,KK00080,Rajan Desai,9820000080,2025-02-01 19:48:28,32,voice,419,"Rabodi Cell Site B, Thane"
KK-CDR-000863,KK00065,Dnyaneshwar Bhandari,8976000065,KK00175,Balkrishna Pawar,9323000175,2025-02-01 20:18:43,32,voice,713,"Ghatkopar Cell Site A, Mumbai Suburban"
KK-CDR-000864,KK00137,Pravin Zaveri,9930000137,KK00147,Suhas Shinde,9833000147,2025-02-01 06:47:35,32,voice,526,"Rabodi Cell Site B, Thane"
KK-CDR-000865,KK00065,Dnyaneshwar Bhandari,8976000065,KK00038,Iqbal Mehta,9820000038,2025-02-01 20:17:04,32,voice,212,"Kurla Cell Site A, Mumbai Suburban"
KK-CDR-000866,KK00205,Mangesh Koli,7045000205,KK00171,Dnyaneshwar Dalvi,7045000171,2025-02-01 06:13:00,32,voice,311,"Khopoli Cell Site A, Raigad (Uran / JNPT)"
KK-CDR-000867,KK00064,Anil Khatib,9820000064,KK00059,Salim More,9820000059,2025-02-01 22:53:44,32,voice,818,"LT Marg Cell Site B, Mumbai City"
KK-CDR-000868,KK00078,Shirish Salvi,9833000078,KK00077,Anil Thakur,9833000077,2025-02-01 21:15:31,32,voice,31,"Wagle Estate Cell Site B, Thane"
KK-CDR-000869,KK00095,Umesh Shaikh,9930000095,KK00023,Prakash Deshmukh,8655000023,2025-02-01 14:54:08,32,voice,90,"Nerul Cell Site A, Navi Mumbai"
KK-CDR-000870,KK00072,Yogesh Momin,9833000072,KK00084,Vinod Deshmukh,9833000084,2025-02-02 17:20:26,33,voice,403,"Vartak Nagar Cell Site B, Thane"
KK-CDR-000871,KK00010,Hitesh Desai,7045000010,KK00003,Deepak Pawar,9167000003,2025-02-02 14:27:12,33,voice,569,"Dapoli Cell Site B, Ratnagiri"
KK-CDR-000872,KK00089,Ganesh Naik,8976000089,KK00071,Arif Salvi,9833000071,2025-02-02 22:50:58,33,voice,744,"Naupada Cell Site A, Thane"
KK-CDR-000873,KK00089,Ganesh Naik,8976000089,KK00071,Arif Salvi,9833000071,2025-02-02 06:36:06,33,voice,148,"Kapurbawdi Cell Site B, Thane"
KK-CDR-000874,KK00033,Shirish Chavan,9422000033,KK00006,Salim Parab,8655000006,2025-02-02 14:14:33,33,voice,91,"Harnai Coastal Cell Site A, Ratnagiri"
KK-CDR-000875,KK00011,Yogesh Kadam,7045000011,KK00017,Anil Tandel,7045000017,2025-02-02 20:47:37,33,voice,67,"Nhava Sheva Port Cell Site A, Raigad (Uran / JNPT)"
KK-CDR-000876,KK00095,Umesh Shaikh,9930000095,KK00017,Anil Tandel,7045000017,2025-02-02 23:04:03,33,voice,220,"CBD Belapur Cell Site A, Navi Mumbai"
KK-CDR-000877,KK00095,Umesh Shaikh,9930000095,KK00024,Nilesh Parekh,9422000024,2025-02-02 15:37:47,33,voice,135,"Nerul Cell Site B, Navi Mumbai"
KK-CDR-000878,KK00213,Ravindra Zaveri,9820000213,KK00186,Santosh Kadam,9833000186,2025-02-03 19:43:42,34,voice,641,"Wagle Estate Cell Site B, Thane"
KK-CDR-000879,KK00065,Dnyaneshwar Bhandari,8976000065,KK00053,Pravin Bhatkar,9833000053,2025-02-03 07:28:49,34,voice,831,"Kurla Cell Site B, Mumbai Suburban"
KK-CDR-000880,KK00064,Anil Khatib,9820000064,KK00044,Ashok Sayyed,9833000044,2025-02-03 08:12:58,34,voice,108,"Pydhonie Cell Site B, Mumbai City"
KK-CDR-000881,KK00058,Dattatray Patil,9833000058,KK00045,Kishor Sanghvi,9833000045,2025-02-03 06:28:08,34,voice,613,"MRA Marg Cell Site A, Mumbai City"
KK-CDR-000882,KK00087,Rafiq Deshmukh,8976000087,KK00078,Shirish Salvi,9833000078,2025-02-03 16:30:36,34,voice,756,"Kapurbawdi Cell Site A, Thane"
KK-CDR-000883,KK00079,Rafiq Soni,8976000079,KK00070,Hanif Kadam,9323000070,2025-02-03 18:02:35,34,voice,126,"Naupada Cell Site B, Thane"
KK-CDR-000884,KK00047,Santosh Thakur,9833000047,KK00040,Rajan Ansari,9930000040,2025-02-03 21:06:49,34,voice,733,"Ghatkopar Cell Site B, Mumbai Suburban"
KK-CDR-000885,KK00105,Pravin Desai,9323000105,KK00108,Hitesh Bhandari,9930000108,2025-02-03 15:30:34,34,voice,351,"Rabodi Cell Site B, Thane"
KK-CDR-000886,KK00074,Prakash Bhosale,9323000074,KK00080,Rajan Desai,9820000080,2025-02-03 10:00:49,34,voice,466,"Kapurbawdi Cell Site A, Thane"
KK-CDR-000887,KK00026,Rafiq Shah,9167000026,KK00015,Balkrishna Shinde,7045000015,2025-02-03 10:03:36,34,voice,285,"Harnai Coastal Cell Site A, Ratnagiri"
KK-CDR-000888,KK00052,Rakesh Zaveri,8976000052,KK00064,Anil Khatib,9820000064,2025-02-03 21:23:02,34,voice,490,"Bandra Cell Site A, Mumbai Suburban"
KK-CDR-000889,KK00074,Prakash Bhosale,9323000074,KK00094,Iqbal Patil,9833000094,2025-02-03 15:57:05,34,voice,369,"Vartak Nagar Cell Site A, Thane"
KK-CDR-000890,KK00142,Shirish Soni,8976000142,KK00184,Iqbal Jadhav,9833000184,2025-02-03 09:10:16,34,voice,359,"VP Road Cell Site B, Mumbai City"
KK-CDR-000891,KK00175,Balkrishna Pawar,9323000175,KK00100,Suhas Mehta,9323000100,2025-02-03 22:33:08,34,voice,839,"Sakinaka Cell Site B, Mumbai Suburban"
KK-CDR-000892,KK00023,Prakash Deshmukh,8655000023,KK00024,Nilesh Parekh,9422000024,2025-02-03 16:15:09,34,voice,136,"Dapoli Cell Site A, Ratnagiri"
KK-CDR-000893,KK00201,Javed Shah,9860000201,KK00163,Paresh Patil,9167000163,2025-02-03 21:35:55,34,voice,592,"Guhagar Cell Site A, Ratnagiri"
KK-CDR-000894,KK00063,Sameer Koli,9323000063,KK00172,Nilesh Kadam,8976000172,2025-02-03 17:48:24,34,voice,769,"VP Road Cell Site A, Mumbai City"
KK-CDR-000895,KK00077,Anil Thakur,9833000077,KK00132,Vilas Kulkarni,9930000132,2025-02-03 13:42:39,34,voice,734,"Vartak Nagar Cell Site B, Thane"
KK-CDR-000896,KK00094,Iqbal Patil,9833000094,KK00203,Hanif Koli,8976000203,2025-02-03 09:40:00,34,voice,387,"Vartak Nagar Cell Site A, Thane"
KK-CDR-000897,KK00185,Balkrishna Kothari,8976000185,KK00178,Imtiaz Ansari,9323000178,2025-02-03 17:03:48,34,voice,754,"Naupada Cell Site A, Thane"
KK-CDR-000898,KK00053,Pravin Bhatkar,9833000053,KK00106,Dattatray Pawar,9820000106,2025-02-03 06:15:12,34,voice,243,"Andheri Cell Site B, Mumbai Suburban"
KK-CDR-000899,KK00095,Umesh Shaikh,9930000095,KK00081,Deepak Kadam,9833000081,2025-02-03 15:51:06,34,voice,220,"Vashi Cell Site A, Navi Mumbai"
KK-CDR-000900,KK00011,Yogesh Kadam,7045000011,KK00014,Anil Tandel,8655000014,2025-02-04 07:43:21,35,voice,450,"Khopoli Cell Site B, Raigad (Uran / JNPT)"
KK-CDR-000901,KK00072,Yogesh Momin,9833000072,KK00115,Rakesh Patil,9820000115,2025-02-04 10:54:41,35,voice,563,"Naupada Cell Site B, Thane"
KK-CDR-000902,KK00048,Sameer Doshi,9323000048,KK00184,Iqbal Jadhav,9833000184,2025-02-04 23:50:44,35,voice,884,"LT Marg Cell Site B, Mumbai City"
KK-CDR-000903,KK00023,Prakash Deshmukh,8655000023,KK00025,Deepak Zaveri,8655000025,2025-02-04 19:33:04,35,voice,43,"Guhagar Cell Site B, Ratnagiri"
KK-CDR-000904,KK00167,Sameer Parekh,9167000167,KK00216,Santosh Jadhav,8655000216,2025-02-04 23:13:58,35,voice,443,"Guhagar Cell Site B, Ratnagiri"
KK-CDR-000905,KK00150,Rafiq Naik,7045000150,KK00141,Kishor Doshi,9422000141,2025-02-04 09:38:21,35,voice,253,"Palghar Cell Site A, Palghar"
KK-CDR-000906,KK00083,Sachin Naik,9930000083,KK00084,Vinod Deshmukh,9833000084,2025-02-04 22:07:28,35,voice,809,"Wagle Estate Cell Site B, Thane"
KK-CDR-000907,KK00089,Ganesh Naik,8976000089,KK00070,Hanif Kadam,9323000070,2025-02-04 15:30:16,35,voice,483,"Naupada Cell Site B, Thane"
KK-CDR-000908,KK00179,Dattatray Zaveri,9833000179,KK00102,Hitesh Kothari,9820000102,2025-02-04 16:26:11,35,voice,170,"Bandra Cell Site B, Mumbai Suburban"
KK-CDR-000909,KK00069,Imtiaz Kadam,9323000069,KK00080,Rajan Desai,9820000080,2025-02-04 23:22:03,35,voice,155,"Wagle Estate Cell Site B, Thane"
KK-CDR-000910,KK00041,Dnyaneshwar Parab,9930000041,KK00208,Rafiq Momin,9930000208,2025-02-04 08:25:44,35,voice,844,"Andheri Cell Site A, Mumbai Suburban"
KK-CDR-000911,KK00045,Kishor Sanghvi,9833000045,KK00048,Sameer Doshi,9323000048,2025-02-04 07:06:38,35,voice,384,"Kurla Cell Site A, Mumbai Suburban"
KK-CDR-000912,KK00114,Dnyaneshwar Bhatkar,9167000114,KK00209,Jitendra Kadam,7045000209,2025-02-04 06:38:07,35,voice,498,"Uran Cell Site A, Raigad (Uran / JNPT)"
KK-CDR-000913,KK00056,Mahesh Bhandari,9833000056,KK00064,Anil Khatib,9820000064,2025-02-04 22:58:52,35,voice,284,"Sakinaka Cell Site B, Mumbai Suburban"
KK-CDR-000914,KK00127,Ganesh Kadam,7045000127,KK00125,Mahesh Desai,9422000125,2025-02-04 08:23:51,35,voice,350,"Uran Cell Site B, Raigad (Uran / JNPT)"
KK-CDR-000915,KK00095,Umesh Shaikh,9930000095,KK00083,Sachin Naik,9930000083,2025-02-04 17:48:53,35,voice,224,"CBD Belapur Cell Site B, Navi Mumbai"
KK-CDR-000916,KK00076,Jitendra Shaikh,9833000076,KK00190,Bhavesh Kothari,9323000190,2025-02-05 10:37:51,36,voice,635,"Wagle Estate Cell Site B, Thane"
KK-CDR-000917,KK00082,Kishor Gaikwad,8976000082,KK00078,Shirish Salvi,9833000078,2025-02-05 19:58:44,36,voice,439,"Rabodi Cell Site A, Thane"
KK-CDR-000918,KK00068,Prakash Koli,9833000068,KK00086,Arif Bhosale,8976000086,2025-02-05 06:35:33,36,voice,491,"Wagle Estate Cell Site A, Thane"
KK-CDR-000919,KK00094,Iqbal Patil,9833000094,KK00088,Rajan Sawant,9323000088,2025-02-05 12:23:24,36,voice,365,"Vartak Nagar Cell Site A, Thane"
KK-CDR-000920,KK00069,Imtiaz Kadam,9323000069,KK00079,Rafiq Soni,8976000079,2025-02-05 23:01:39,36,voice,86,"Naupada Cell Site A, Thane"
KK-CDR-000921,KK00051,Pravin Kadam,8976000051,KK00039,Ravindra Bhosale,9323000039,2025-02-05 21:14:57,36,voice,636,"LT Marg Cell Site B, Mumbai City"
KK-CDR-000922,KK00085,Prakash Shaikh,9820000085,KK00080,Rajan Desai,9820000080,2025-02-05 11:19:46,36,voice,665,"Naupada Cell Site B, Thane"
KK-CDR-000923,KK00077,Anil Thakur,9833000077,KK00087,Rafiq Deshmukh,8976000087,2025-02-05 19:47:02,36,voice,113,"Naupada Cell Site A, Thane"
KK-CDR-000924,KK00085,Prakash Shaikh,9820000085,KK00084,Vinod Deshmukh,9833000084,2025-02-05 13:42:19,36,voice,494,"Vartak Nagar Cell Site B, Thane"
KK-CDR-000925,KK00082,Kishor Gaikwad,8976000082,KK00092,Suhas Parekh,9930000092,2025-02-05 20:39:17,36,voice,673,"Wagle Estate Cell Site A, Thane"
KK-CDR-000926,KK00039,Ravindra Bhosale,9323000039,KK00199,Sunil Deshmukh,9820000199,2025-02-05 08:22:42,36,voice,722,"LT Marg Cell Site B, Mumbai City"
KK-CDR-000927,KK00039,Ravindra Bhosale,9323000039,KK00047,Santosh Thakur,9833000047,2025-02-05 17:32:00,36,voice,331,"Pydhonie Cell Site A, Mumbai City"
KK-CDR-000928,KK00056,Mahesh Bhandari,9833000056,KK00065,Dnyaneshwar Bhandari,8976000065,2025-02-05 18:55:29,36,voice,436,"Sakinaka Cell Site A, Mumbai Suburban"
KK-CDR-000929,KK00067,Shirish Pawar,8976000067,KK00072,Yogesh Momin,9833000072,2025-02-05 15:47:27,36,voice,228,"Naupada Cell Site B, Thane"
KK-CDR-000930,KK00083,Sachin Naik,9930000083,KK00092,Suhas Parekh,9930000092,2025-02-05 11:51:11,36,voice,466,"Kapurbawdi Cell Site A, Thane"
KK-CDR-000931,KK00047,Santosh Thakur,9833000047,KK00055,Vilas Shinde,8976000055,2025-02-05 13:50:07,36,voice,837,"Andheri Cell Site A, Mumbai Suburban"
KK-CDR-000932,KK00060,Mangesh Tandel,9820000060,KK00051,Pravin Kadam,8976000051,2025-02-05 06:52:18,36,voice,476,"Andheri Cell Site B, Mumbai Suburban"
KK-CDR-000933,KK00056,Mahesh Bhandari,9833000056,KK00040,Rajan Ansari,9930000040,2025-02-06 11:15:19,37,voice,339,"Ghatkopar Cell Site A, Mumbai Suburban"
KK-CDR-000934,KK00075,Rafiq Pawar,8976000075,KK00079,Rafiq Soni,8976000079,2025-02-06 08:16:14,37,voice,387,"Rabodi Cell Site A, Thane"
KK-CDR-000935,KK00002,Iqbal Naik,9860000002,KK00031,Anil Chavan,8655000031,2025-02-06 06:24:01,37,voice,816,"Khopoli Cell Site A, Raigad (Uran / JNPT)"
KK-CDR-000936,KK00057,Balkrishna Parekh,8976000057,KK00039,Ravindra Bhosale,9323000039,2025-02-06 21:22:53,37,voice,593,"Pydhonie Cell Site A, Mumbai City"
KK-CDR-000937,KK00005,Kishor Ansari,8655000005,KK00160,Dattatray Kothari,9860000160,2025-02-06 10:42:56,37,voice,890,"Nalasopara Cell Site A, Palghar"
KK-CDR-000938,KK00054,Kishor Sawant,9833000054,KK00062,Paresh Parekh,9820000062,2025-02-06 06:39:29,37,voice,395,"Kurla Cell Site A, Mumbai Suburban"
KK-CDR-000939,KK00020,Vilas Sawant,9167000020,KK00018,Suhas Sanghvi,9167000018,2025-02-06 18:16:05,37,voice,210,"Vasai Cell Site B, Palghar"
KK-CDR-000940,KK00025,Deepak Zaveri,8655000025,KK00012,Bhavesh Parekh,9860000012,2025-02-06 14:58:13,37,voice,643,"Uran Cell Site B, Raigad (Uran / JNPT)"
KK-CDR-000941,KK00091,Ashok More,9833000091,KK00080,Rajan Desai,9820000080,2025-02-06 10:42:27,37,voice,175,"Naupada Cell Site B, Thane"
KK-CDR-000942,KK00059,Salim More,9820000059,KK00051,Pravin Kadam,8976000051,2025-02-06 22:03:14,37,voice,387,"Bandra Cell Site A, Mumbai Suburban"
KK-CDR-000943,KK00076,Jitendra Shaikh,9833000076,KK00183,Paresh Thakur,9930000183,2025-02-06 13:57:23,37,voice,727,"Vartak Nagar Cell Site A, Thane"
KK-CDR-000944,KK00023,Prakash Deshmukh,8655000023,KK00033,Shirish Chavan,9422000033,2025-02-06 07:55:44,37,voice,149,"Guhagar Cell Site B, Ratnagiri"
KK-CDR-000945,KK00087,Rafiq Deshmukh,8976000087,KK00069,Imtiaz Kadam,9323000069,2025-02-06 20:25:02,37,voice,19,"Rabodi Cell Site B, Thane"
KK-CDR-000946,KK00063,Sameer Koli,9323000063,KK00054,Kishor Sawant,9833000054,2025-02-06 17:34:36,37,voice,328,"MRA Marg Cell Site B, Mumbai City"
KK-CDR-000947,KK00212,Rafiq Kothari,8976000212,KK00131,Hitesh Dalvi,8976000131,2025-02-06 10:49:17,37,voice,869,"Rabodi Cell Site A, Thane"
KK-CDR-000948,KK00081,Deepak Kadam,9833000081,KK00087,Rafiq Deshmukh,8976000087,2025-02-06 22:34:45,37,voice,156,"Vartak Nagar Cell Site A, Thane"
KK-CDR-000949,KK00056,Mahesh Bhandari,9833000056,KK00042,Shabbir Jadhav,9930000042,2025-02-06 23:53:50,37,voice,686,"Andheri Cell Site B, Mumbai Suburban"
KK-CDR-000950,KK00126,Mangesh Thakur,9833000126,KK00191,Javed Naik,9323000191,2025-02-06 10:12:16,37,voice,281,"LT Marg Cell Site A, Mumbai City"
KK-CDR-000951,KK00280,Shabbir Parekh,9820000280,KK00357,Prakash Surve,9820000357,2025-02-06 23:49:02,37,voice,566,"Vartak Nagar Cell Site B, Thane"
KK-CDR-000952,KK00008,Vilas Tandel,9860000008,KK00001,Nilesh Khatib,8655000001,2025-02-06 06:47:51,37,voice,435,"Panvel Taluka Cell Site A, Raigad (Uran / JNPT)"
KK-CDR-000953,KK00047,Santosh Thakur,9833000047,KK00056,Mahesh Bhandari,9833000056,2025-02-06 12:43:43,37,voice,356,"Sakinaka Cell Site B, Mumbai Suburban"
KK-CDR-000954,KK00095,Umesh Shaikh,9930000095,KK00084,Vinod Deshmukh,9833000084,2025-02-06 13:38:58,37,voice,134,"Nerul Cell Site A, Navi Mumbai"
KK-CDR-000955,KK00096,Hitesh Parekh,9422000096,KK00095,Umesh Shaikh,9930000095,2025-02-06 17:27:01,37,voice,70,"Nalasopara Cell Site B, Palghar"
KK-CDR-000956,KK00238,Prakash Pawar,9820000238,KK00406,Sameer Bhosale,9833000406,2025-02-07 23:09:05,38,voice,898,"Kurla Cell Site B, Mumbai Suburban"
KK-CDR-000957,KK00080,Rajan Desai,9820000080,KK00091,Ashok More,9833000091,2025-02-07 13:49:23,38,voice,416,"Vartak Nagar Cell Site A, Thane"
KK-CDR-000958,KK00005,Kishor Ansari,8655000005,KK00018,Suhas Sanghvi,9167000018,2025-02-07 07:57:21,38,voice,112,"Vasai Cell Site B, Palghar"
KK-CDR-000959,KK00001,Nilesh Khatib,8655000001,KK00004,Kishor Pawar,9167000004,2025-02-07 15:19:23,38,voice,490,"Ratnagiri City Cell Site B, Ratnagiri"
KK-CDR-000960,KK00055,Vilas Shinde,8976000055,KK00050,Shirish Patil,9833000050,2025-02-07 06:24:52,38,voice,366,"LT Marg Cell Site A, Mumbai City"
KK-CDR-000961,KK00019,Arif Gaikwad,9422000019,KK00164,Nitin Thakur,9422000164,2025-02-07 06:35:58,38,voice,599,"Satpati Coastal Cell Site B, Palghar"
KK-CDR-000962,KK00036,Fayyaz Kadam,9422000036,KK00020,Vilas Sawant,9167000020,2025-02-07 18:59:32,38,voice,117,"Vasai Cell Site B, Palghar"
KK-CDR-000963,KK00074,Prakash Bhosale,9323000074,KK00078,Shirish Salvi,9833000078,2025-02-07 14:59:56,38,voice,655,"Naupada Cell Site B, Thane"
KK-CDR-000964,KK00027,Hanif Shinde,9422000027,KK00019,Arif Gaikwad,9422000019,2025-02-07 07:47:46,38,voice,450,"Nhava Sheva Port Cell Site B, Raigad (Uran / JNPT)"
KK-CDR-000965,KK00033,Shirish Chavan,9422000033,KK00018,Suhas Sanghvi,9167000018,2025-02-07 17:41:08,38,voice,724,"Dapoli Cell Site B, Ratnagiri"
KK-CDR-000966,KK00183,Paresh Thakur,9930000183,KK00147,Suhas Shinde,9833000147,2025-02-07 08:18:52,38,voice,244,"Rabodi Cell Site A, Thane"
KK-CDR-000967,KK00019,Arif Gaikwad,9422000019,KK00011,Yogesh Kadam,7045000011,2025-02-07 16:22:04,38,voice,707,"Nalasopara Cell Site B, Palghar"
KK-CDR-000968,KK00049,Santosh Zaveri,9833000049,KK00040,Rajan Ansari,9930000040,2025-02-07 08:23:28,38,voice,789,"Ghatkopar Cell Site A, Mumbai Suburban"
KK-CDR-000969,KK00073,Mangesh Naik,9323000073,KK00094,Iqbal Patil,9833000094,2025-02-08 20:14:57,39,voice,387,"Vartak Nagar Cell Site B, Thane"
KK-CDR-000970,KK00175,Balkrishna Pawar,9323000175,KK00129,Ravindra Sanghvi,8976000129,2025-02-08 17:06:15,39,voice,493,"Sakinaka Cell Site B, Mumbai Suburban"
KK-CDR-000971,KK00011,Yogesh Kadam,7045000011,KK00015,Balkrishna Shinde,7045000015,2025-02-08 09:34:21,39,voice,316,"Uran Cell Site B, Raigad (Uran / JNPT)"
KK-CDR-000972,KK00049,Santosh Zaveri,9833000049,KK00060,Mangesh Tandel,9820000060,2025-02-08 11:27:22,39,voice,661,"Kurla Cell Site B, Mumbai Suburban"
KK-CDR-000973,KK00113,Fayyaz Chavan,8976000113,KK00199,Sunil Deshmukh,9820000199,2025-02-08 07:29:58,39,voice,585,"Sakinaka Cell Site A, Mumbai Suburban"
KK-CDR-000974,KK00202,Rajan Bhosale,9820000202,KK00149,Paresh Khatib,9820000149,2025-02-08 20:18:42,39,voice,308,"Pydhonie Cell Site A, Mumbai City"
KK-CDR-000975,KK00172,Nilesh Kadam,8976000172,KK00102,Hitesh Kothari,9820000102,2025-02-08 18:30:13,39,voice,310,"MRA Marg Cell Site B, Mumbai City"
KK-CDR-000976,KK00031,Anil Chavan,8655000031,KK00010,Hitesh Desai,7045000010,2025-02-08 20:39:37,39,voice,663,"Guhagar Cell Site B, Ratnagiri"
KK-CDR-000977,KK00010,Hitesh Desai,7045000010,KK00024,Nilesh Parekh,9422000024,2025-02-08 07:50:42,39,voice,568,"Dapoli Cell Site B, Ratnagiri"
KK-CDR-000978,KK00031,Anil Chavan,8655000031,KK00022,Dnyaneshwar Salvi,8655000022,2025-02-08 22:30:22,39,voice,467,"Dapoli Cell Site A, Ratnagiri"
KK-CDR-000979,KK00042,Shabbir Jadhav,9930000042,KK00050,Shirish Patil,9833000050,2025-02-08 15:59:39,39,voice,597,"Kurla Cell Site B, Mumbai Suburban"
KK-CDR-000980,KK00182,Dnyaneshwar Shinde,9422000182,KK00152,Sachin Zaveri,9860000152,2025-02-08 07:54:48,39,voice,257,"Palghar Cell Site A, Palghar"
KK-CDR-000981,KK00041,Dnyaneshwar Parab,9930000041,KK00113,Fayyaz Chavan,8976000113,2025-02-08 16:34:31,39,voice,312,"Kurla Cell Site B, Mumbai Suburban"
KK-CDR-000982,KK00061,Sameer Soni,9820000061,KK00039,Ravindra Bhosale,9323000039,2025-02-08 13:39:32,39,voice,92,"Pydhonie Cell Site B, Mumbai City"
KK-CDR-000983,KK00080,Rajan Desai,9820000080,KK00093,Rajan Sanghvi,9820000093,2025-02-08 09:39:16,39,voice,143,"Wagle Estate Cell Site A, Thane"
KK-CDR-000984,KK00018,Suhas Sanghvi,9167000018,KK00002,Iqbal Naik,9860000002,2025-02-08 16:00:04,39,voice,167,"Guhagar Cell Site B, Ratnagiri"
KK-CDR-000985,KK00023,Prakash Deshmukh,8655000023,KK00011,Yogesh Kadam,7045000011,2025-02-08 08:05:24,39,voice,149,"Ratnagiri City Cell Site A, Ratnagiri"
KK-CDR-000986,KK00008,Vilas Tandel,9860000008,KK00010,Hitesh Desai,7045000010,2025-02-08 10:24:52,39,voice,547,"Nhava Sheva Port Cell Site B, Raigad (Uran / JNPT)"
KK-CDR-000987,KK00045,Kishor Sanghvi,9833000045,KK00050,Shirish Patil,9833000050,2025-02-08 16:48:00,39,voice,117,"Andheri Cell Site A, Mumbai Suburban"
KK-CDR-000988,KK00082,Kishor Gaikwad,8976000082,KK00189,Dattatray Jadhav,9833000189,2025-02-09 13:01:44,40,voice,88,"Kapurbawdi Cell Site B, Thane"
KK-CDR-000989,KK00071,Arif Salvi,9833000071,KK00073,Mangesh Naik,9323000073,2025-02-09 22:04:00,40,voice,256,"Rabodi Cell Site B, Thane"
KK-CDR-000990,KK00016,Anil Tandel,9167000016,KK00032,Dattatray Mehta,9860000032,2025-02-09 15:35:19,40,voice,206,"Dapoli Cell Site A, Ratnagiri"
KK-CDR-000991,KK00041,Dnyaneshwar Parab,9930000041,KK00179,Dattatray Zaveri,9833000179,2025-02-09 20:36:59,40,voice,392,"Sakinaka Cell Site A, Mumbai Suburban"
KK-CDR-000992,KK00023,Prakash Deshmukh,8655000023,KK00024,Nilesh Parekh,9422000024,2025-02-09 23:34:29,40,voice,51,"Dapoli Cell Site A, Ratnagiri"
KK-CDR-000993,KK00030,Vilas Khatib,8655000030,KK00015,Balkrishna Shinde,7045000015,2025-02-09 19:03:10,40,voice,584,"Harnai Coastal Cell Site B, Ratnagiri"
KK-CDR-000994,KK00047,Santosh Thakur,9833000047,KK00065,Dnyaneshwar Bhandari,8976000065,2025-02-09 19:37:54,40,voice,510,"Bandra Cell Site A, Mumbai Suburban"
KK-CDR-000995,KK00069,Imtiaz Kadam,9323000069,KK00120,Bhavesh Soni,8976000120,2025-02-09 08:51:34,40,voice,876,"Naupada Cell Site A, Thane"
KK-CDR-000996,KK00083,Sachin Naik,9930000083,KK00072,Yogesh Momin,9833000072,2025-02-09 21:13:19,40,voice,49,"Naupada Cell Site A, Thane"
KK-CDR-000997,KK00210,Sameer More,8655000210,KK00165,Prakash Zaveri,7045000165,2025-02-09 17:23:29,40,voice,793,"Panvel Taluka Cell Site A, Raigad (Uran / JNPT)"
KK-CDR-000998,KK00040,Rajan Ansari,9930000040,KK00038,Iqbal Mehta,9820000038,2025-02-09 16:34:09,40,voice,572,"LT Marg Cell Site B, Mumbai City"
KK-CDR-000999,KK00010,Hitesh Desai,7045000010,KK00141,Kishor Doshi,9422000141,2025-02-09 06:09:25,40,voice,694,"Harnai Coastal Cell Site A, Ratnagiri"
KK-CDR-001000,KK00041,Dnyaneshwar Parab,9930000041,KK00046,Shabbir Shaikh,9820000046,2025-02-09 15:35:43,40,voice,463,"Andheri Cell Site B, Mumbai Suburban"
KK-CDR-001001,KK00066,Hanif Chavan,9833000066,KK00107,Yogesh Bhosale,9820000107,2025-02-09 20:11:04,40,voice,365,"Pydhonie Cell Site B, Mumbai City"
KK-CDR-001002,KK00012,Bhavesh Parekh,9860000012,KK00031,Anil Chavan,8655000031,2025-02-09 07:59:54,40,voice,465,"Nhava Sheva Port Cell Site B, Raigad (Uran / JNPT)"
KK-CDR-001003,KK00170,Kishor Thakur,9860000170,KK00164,Nitin Thakur,9422000164,2025-02-09 11:04:30,40,voice,390,"Panvel Taluka Cell Site B, Raigad (Uran / JNPT)"
KK-CDR-001004,KK00037,Ganesh Deshmukh,9323000037,KK00059,Salim More,9820000059,2025-02-09 06:56:23,40,voice,762,"Kurla Cell Site A, Mumbai Suburban"
KK-CDR-001005,KK00048,Sameer Doshi,9323000048,KK00040,Rajan Ansari,9930000040,2025-02-09 20:12:00,40,voice,788,"LT Marg Cell Site B, Mumbai City"
KK-CDR-001006,KK00100,Suhas Mehta,9323000100,KK00172,Nilesh Kadam,8976000172,2025-02-09 14:07:30,40,voice,469,"Sakinaka Cell Site B, Mumbai Suburban"
KK-CDR-001007,KK00095,Umesh Shaikh,9930000095,KK00085,Prakash Shaikh,9820000085,2025-02-09 08:24:31,40,voice,252,"Vashi Cell Site B, Navi Mumbai"
KK-CDR-001008,KK00065,Dnyaneshwar Bhandari,8976000065,KK00054,Kishor Sawant,9833000054,2025-02-10 07:47:21,41,voice,413,"Andheri Cell Site A, Mumbai Suburban"
KK-CDR-001009,KK00082,Kishor Gaikwad,8976000082,KK00084,Vinod Deshmukh,9833000084,2025-02-10 14:54:07,41,voice,582,"Naupada Cell Site A, Thane"
KK-CDR-001010,KK00047,Santosh Thakur,9833000047,KK00044,Ashok Sayyed,9833000044,2025-02-10 18:44:24,41,voice,191,"Andheri Cell Site A, Mumbai Suburban"
KK-CDR-001011,KK00083,Sachin Naik,9930000083,KK00212,Rafiq Kothari,8976000212,2025-02-10 22:08:19,41,voice,81,"Kapurbawdi Cell Site B, Thane"
KK-CDR-001012,KK00015,Balkrishna Shinde,7045000015,KK00035,Balkrishna Shaikh,9167000035,2025-02-10 11:44:02,41,voice,458,"Palghar Cell Site A, Palghar"
KK-CDR-001013,KK00406,Sameer Bhosale,9833000406,KK00335,Shirish Sanghvi,9930000335,2025-02-10 16:18:31,41,voice,18,"Kurla Cell Site A, Mumbai Suburban"
KK-CDR-001014,KK00019,Arif Gaikwad,9422000019,KK00010,Hitesh Desai,7045000010,2025-02-10 21:04:27,41,voice,60,"Palghar Cell Site A, Palghar"
KK-CDR-001015,KK00032,Dattatray Mehta,9860000032,KK00020,Vilas Sawant,9167000020,2025-02-10 07:21:32,41,voice,258,"Nhava Sheva Port Cell Site A, Raigad (Uran / JNPT)"
KK-CDR-001016,KK00088,Rajan Sawant,9323000088,KK00077,Anil Thakur,9833000077,2025-02-10 21:13:42,41,voice,69,"Rabodi Cell Site A, Thane"
KK-CDR-001017,KK00031,Anil Chavan,8655000031,KK00099,Salim Khatib,7045000099,2025-02-10 07:17:55,41,voice,388,"Harnai Coastal Cell Site A, Ratnagiri"
KK-CDR-001018,KK00069,Imtiaz Kadam,9323000069,KK00087,Rafiq Deshmukh,8976000087,2025-02-10 23:13:54,41,voice,310,"Wagle Estate Cell Site B, Thane"
KK-CDR-001019,KK00194,Nilesh Bhandari,9323000194,KK00162,Hanif Deshmukh,9323000162,2025-02-10 22:32:21,41,voice,747,"MRA Marg Cell Site B, Mumbai City"
KK-CDR-001020,KK00249,Ganesh Thakur,9323000249,KK00328,Rafiq Kulkarni,8976000328,2025-02-10 21:36:36,41,voice,136,"Bund Garden Cell Site B, Pune"
KK-CDR-001021,KK00025,Deepak Zaveri,8655000025,KK00027,Hanif Shinde,9422000027,2025-02-10 13:18:41,41,voice,391,"Khopoli Cell Site B, Raigad (Uran / JNPT)"
KK-CDR-001022,KK00407,Javed Mhatre,8976000407,KK00319,Bhavesh Desai,9323000319,2025-02-10 07:13:17,41,voice,802,"Koregaon Park Cell Site B, Pune"
KK-CDR-001023,KK00057,Balkrishna Parekh,8976000057,KK00063,Sameer Koli,9323000063,2025-02-10 14:04:15,41,voice,479,"MRA Marg Cell Site A, Mumbai City"
KK-CDR-001024,KK00031,Anil Chavan,8655000031,KK00032,Dattatray Mehta,9860000032,2025-02-10 16:24:28,41,voice,323,"Harnai Coastal Cell Site A, Ratnagiri"
KK-CDR-001025,KK00178,Imtiaz Ansari,9323000178,KK00148,Anil Ansari,9930000148,2025-02-10 09:26:28,41,voice,620,"Kapurbawdi Cell Site A, Thane"
KK-CDR-001026,KK00125,Mahesh Desai,9422000125,KK00193,Dnyaneshwar Bhosale,9167000193,2025-02-10 23:48:21,41,voice,697,"Vasai Cell Site B, Palghar"
KK-CDR-001027,KK00071,Arif Salvi,9833000071,KK00068,Prakash Koli,9833000068,2025-02-10 16:39:32,41,voice,819,"Vartak Nagar Cell Site A, Thane"
KK-CDR-001028,KK00028,Sameer Kulkarni,9422000028,KK00023,Prakash Deshmukh,8655000023,2025-02-10 12:14:01,41,voice,348,"Vasai Cell Site A, Palghar"
KK-CDR-001029,KK00082,Kishor Gaikwad,8976000082,KK00083,Sachin Naik,9930000083,2025-02-10 21:14:39,41,voice,93,"Vartak Nagar Cell Site A, Thane"
KK-CDR-001030,KK00058,Dattatray Patil,9833000058,KK00038,Iqbal Mehta,9820000038,2025-02-10 13:38:45,41,voice,299,"LT Marg Cell Site A, Mumbai City"
KK-CDR-001031,KK00005,Kishor Ansari,8655000005,KK00041,Dnyaneshwar Parab,9930000041,2025-02-10 06:26:06,41,voice,49,"Palghar Cell Site A, Palghar"
KK-CDR-001032,KK00005,Kishor Ansari,8655000005,KK00041,Dnyaneshwar Parab,9930000041,2025-02-10 16:23:28,41,voice,74,"Nalasopara Cell Site B, Palghar"
KK-CDR-001033,KK00095,Umesh Shaikh,9930000095,KK00029,Pravin Koli,7045000029,2025-02-10 16:47:03,41,voice,77,"Vashi Cell Site B, Navi Mumbai"
KK-CDR-001034,KK00095,Umesh Shaikh,9930000095,KK00026,Rafiq Shah,9167000026,2025-02-10 12:04:19,41,voice,66,"CBD Belapur Cell Site A, Navi Mumbai"
KK-CDR-001035,KK00095,Umesh Shaikh,9930000095,KK00077,Anil Thakur,9833000077,2025-02-10 18:40:02,41,voice,111,"CBD Belapur Cell Site B, Navi Mumbai"
KK-CDR-001036,KK00095,Umesh Shaikh,9930000095,KK00077,Anil Thakur,9833000077,2025-02-10 09:07:43,41,voice,108,"APMC Cell Site A, Navi Mumbai"
KK-CDR-001037,KK00002,Iqbal Naik,9860000002,KK00016,Anil Tandel,9167000016,2025-02-11 15:27:06,42,voice,786,"Nhava Sheva Port Cell Site B, Raigad (Uran / JNPT)"
KK-CDR-001038,KK00037,Ganesh Deshmukh,9323000037,KK00053,Pravin Bhatkar,9833000053,2025-02-11 17:58:17,42,voice,568,"Bandra Cell Site B, Mumbai Suburban"
KK-CDR-001039,KK00082,Kishor Gaikwad,8976000082,KK00076,Jitendra Shaikh,9833000076,2025-02-11 12:04:26,42,voice,68,"Kapurbawdi Cell Site B, Thane"
KK-CDR-001040,KK00048,Sameer Doshi,9323000048,KK00055,Vilas Shinde,8976000055,2025-02-11 20:19:58,42,voice,706,"MRA Marg Cell Site B, Mumbai City"
KK-CDR-001041,KK00005,Kishor Ansari,8655000005,KK00032,Dattatray Mehta,9860000032,2025-02-11 06:34:53,42,voice,28,"Nalasopara Cell Site B, Palghar"
KK-CDR-001042,KK00064,Anil Khatib,9820000064,KK00109,Yogesh Gaikwad,8976000109,2025-02-11 18:02:58,42,voice,646,"Pydhonie Cell Site B, Mumbai City"
KK-CDR-001043,KK00027,Hanif Shinde,9422000027,KK00017,Anil Tandel,7045000017,2025-02-11 21:10:27,42,voice,130,"Panvel Taluka Cell Site A, Raigad (Uran / JNPT)"
KK-CDR-001044,KK00109,Yogesh Gaikwad,8976000109,KK00136,Mangesh Shaikh,9930000136,2025-02-11 19:37:02,42,voice,681,"Pydhonie Cell Site B, Mumbai City"
KK-CDR-001045,KK00039,Ravindra Bhosale,9323000039,KK00043,Vinod Mehta,9323000043,2025-02-11 22:05:10,42,voice,651,"MRA Marg Cell Site A, Mumbai City"
KK-CDR-001046,KK00084,Vinod Deshmukh,9833000084,KK00070,Hanif Kadam,9323000070,2025-02-11 16:11:45,42,voice,559,"Vartak Nagar Cell Site B, Thane"
KK-CDR-001047,KK00067,Shirish Pawar,8976000067,KK00092,Suhas Parekh,9930000092,2025-02-11 08:54:48,42,voice,107,"Vartak Nagar Cell Site A, Thane"
KK-CDR-001048,KK00023,Prakash Deshmukh,8655000023,KK00164,Nitin Thakur,9422000164,2025-02-11 22:55:45,42,voice,338,"Ratnagiri City Cell Site A, Ratnagiri"
KK-CDR-001049,KK00011,Yogesh Kadam,7045000011,KK00026,Rafiq Shah,9167000026,2025-02-11 22:45:05,42,voice,404,"Panvel Taluka Cell Site A, Raigad (Uran / JNPT)"
KK-CDR-001050,KK00010,Hitesh Desai,7045000010,KK00022,Dnyaneshwar Salvi,8655000022,2025-02-11 19:15:33,42,voice,118,"Guhagar Cell Site B, Ratnagiri"
KK-CDR-001051,KK00116,Yogesh Rane,8655000116,KK00182,Dnyaneshwar Shinde,9422000182,2025-02-11 20:47:31,42,voice,631,"Uran Cell Site A, Raigad (Uran / JNPT)"
KK-CDR-001052,KK00010,Hitesh Desai,7045000010,KK00026,Rafiq Shah,9167000026,2025-02-11 08:22:37,42,voice,894,"Ratnagiri City Cell Site A, Ratnagiri"
KK-CDR-001053,KK00005,Kishor Ansari,8655000005,KK00041,Dnyaneshwar Parab,9930000041,2025-02-11 19:18:40,42,voice,165,"Satpati Coastal Cell Site A, Palghar"
KK-CDR-001054,KK00005,Kishor Ansari,8655000005,KK00041,Dnyaneshwar Parab,9930000041,2025-02-11 07:29:33,42,voice,87,"Nalasopara Cell Site A, Palghar"
KK-CDR-001055,KK00095,Umesh Shaikh,9930000095,KK00021,Santosh Bhandari,9422000021,2025-02-11 11:28:54,42,voice,31,"CBD Belapur Cell Site B, Navi Mumbai"
KK-CDR-001056,KK00070,Hanif Kadam,9323000070,KK00105,Pravin Desai,9323000105,2025-02-12 16:28:41,43,voice,586,"Kapurbawdi Cell Site B, Thane"
KK-CDR-001057,KK00330,Deepak Parab,9820000330,KK00264,Dnyaneshwar Parekh,9833000264,2025-02-12 21:01:01,43,voice,347,"Faraskhana Cell Site B, Pune"
KK-CDR-001058,KK00036,Fayyaz Kadam,9422000036,KK00150,Rafiq Naik,7045000150,2025-02-12 07:22:07,43,voice,499,"Palghar Cell Site A, Palghar"
KK-CDR-001059,KK00027,Hanif Shinde,9422000027,KK00018,Suhas Sanghvi,9167000018,2025-02-12 07:22:01,43,voice,668,"Uran Cell Site A, Raigad (Uran / JNPT)"
KK-CDR-001060,KK00041,Dnyaneshwar Parab,9930000041,KK00066,Hanif Chavan,9833000066,2025-02-12 14:44:12,43,voice,579,"Ghatkopar Cell Site B, Mumbai Suburban"
KK-CDR-001061,KK00033,Shirish Chavan,9422000033,KK00004,Kishor Pawar,9167000004,2025-02-12 18:27:53,43,voice,387,"Harnai Coastal Cell Site A, Ratnagiri"
KK-CDR-001062,KK00090,Arif Mhatre,9930000090,KK00086,Arif Bhosale,8976000086,2025-02-12 13:12:11,43,voice,68,"Vartak Nagar Cell Site B, Thane"
KK-CDR-001063,KK00019,Arif Gaikwad,9422000019,KK00033,Shirish Chavan,9422000033,2025-02-12 06:37:56,43,voice,652,"Palghar Cell Site B, Palghar"
KK-CDR-001064,KK00021,Santosh Bhandari,9422000021,KK00134,Vilas Mehta,9860000134,2025-02-12 20:48:57,43,voice,220,"Ratnagiri City Cell Site B, Ratnagiri"
KK-CDR-001065,KK00267,Umesh Thakur,9930000267,KK00232,Ravindra Koli,9930000232,2025-02-12 22:37:32,43,voice,502,"Andheri Cell Site B, Mumbai Suburban"
KK-CDR-001066,KK00042,Shabbir Jadhav,9930000042,KK00181,Umesh Jadhav,8976000181,2025-02-12 10:23:54,43,voice,566,"Bandra Cell Site A, Mumbai Suburban"
KK-CDR-001067,KK00012,Bhavesh Parekh,9860000012,KK00033,Shirish Chavan,9422000033,2025-02-12 18:52:58,43,voice,160,"Nhava Sheva Port Cell Site B, Raigad (Uran / JNPT)"
KK-CDR-001068,KK00001,Nilesh Khatib,8655000001,KK00196,Nitin Sayyed,9422000196,2025-02-12 15:40:03,43,voice,43,"Dapoli Cell Site A, Ratnagiri"
KK-CDR-001069,KK00013,Kishor Koli,7045000013,KK00019,Arif Gaikwad,9422000019,2025-02-12 10:09:04,43,voice,264,"Nalasopara Cell Site B, Palghar"
KK-CDR-001070,KK00173,Rajan Momin,7045000173,KK00210,Sameer More,8655000210,2025-02-12 11:29:34,43,voice,882,"Khopoli Cell Site B, Raigad (Uran / JNPT)"
KK-CDR-001071,KK00056,Mahesh Bhandari,9833000056,KK00050,Shirish Patil,9833000050,2025-02-12 09:55:03,43,voice,676,"Kurla Cell Site B, Mumbai Suburban"
KK-CDR-001072,KK00111,Deepak Tandel,9820000111,KK00168,Rajan Gaikwad,9323000168,2025-02-12 12:28:00,43,voice,227,"Bandra Cell Site A, Mumbai Suburban"
KK-CDR-001073,KK00057,Balkrishna Parekh,8976000057,KK00048,Sameer Doshi,9323000048,2025-02-12 06:10:09,43,voice,145,"Dongri Cell Site B, Mumbai City"
KK-CDR-001074,KK00085,Prakash Shaikh,9820000085,KK00080,Rajan Desai,9820000080,2025-02-12 17:53:55,43,voice,111,"Wagle Estate Cell Site B, Thane"
KK-CDR-001075,KK00012,Bhavesh Parekh,9860000012,KK00010,Hitesh Desai,7045000010,2025-02-12 22:49:06,43,voice,56,"Nhava Sheva Port Cell Site A, Raigad (Uran / JNPT)"
KK-CDR-001076,KK00005,Kishor Ansari,8655000005,KK00041,Dnyaneshwar Parab,9930000041,2025-02-12 15:08:45,43,voice,69,"Satpati Coastal Cell Site B, Palghar"
KK-CDR-001077,KK00005,Kishor Ansari,8655000005,KK00041,Dnyaneshwar Parab,9930000041,2025-02-12 13:38:33,43,voice,115,"Vasai Cell Site B, Palghar"
KK-CDR-001078,KK00095,Umesh Shaikh,9930000095,KK00081,Deepak Kadam,9833000081,2025-02-12 10:38:24,43,voice,257,"CBD Belapur Cell Site B, Navi Mumbai"
KK-CDR-001079,KK00023,Prakash Deshmukh,8655000023,KK00127,Ganesh Kadam,7045000127,2025-02-13 19:08:36,44,voice,659,"Ratnagiri City Cell Site A, Ratnagiri"
KK-CDR-001080,KK00087,Rafiq Deshmukh,8976000087,KK00078,Shirish Salvi,9833000078,2025-02-13 18:26:51,44,voice,720,"Vartak Nagar Cell Site A, Thane"
KK-CDR-001081,KK00064,Anil Khatib,9820000064,KK00100,Suhas Mehta,9323000100,2025-02-13 09:52:37,44,voice,60,"VP Road Cell Site B, Mumbai City"
KK-CDR-001082,KK00272,Sameer Ansari,8976000272,KK00393,Santosh Doshi,8976000393,2025-02-13 23:15:20,44,voice,95,"Faraskhana Cell Site B, Pune"
KK-CDR-001083,KK00022,Dnyaneshwar Salvi,8655000022,KK00028,Sameer Kulkarni,9422000028,2025-02-13 11:42:59,44,voice,888,"Guhagar Cell Site A, Ratnagiri"
KK-CDR-001084,KK00071,Arif Salvi,9833000071,KK00087,Rafiq Deshmukh,8976000087,2025-02-13 17:50:00,44,voice,515,"Wagle Estate Cell Site B, Thane"
KK-CDR-001085,KK00058,Dattatray Patil,9833000058,KK00049,Santosh Zaveri,9833000049,2025-02-13 08:32:27,44,voice,388,"MRA Marg Cell Site B, Mumbai City"
KK-CDR-001086,KK00062,Paresh Parekh,9820000062,KK00054,Kishor Sawant,9833000054,2025-02-13 11:01:26,44,voice,704,"Bandra Cell Site B, Mumbai Suburban"
KK-CDR-001087,KK00084,Vinod Deshmukh,9833000084,KK00077,Anil Thakur,9833000077,2025-02-13 15:00:38,44,voice,97,"Wagle Estate Cell Site A, Thane"
KK-CDR-001088,KK00082,Kishor Gaikwad,8976000082,KK00087,Rafiq Deshmukh,8976000087,2025-02-13 07:16:39,44,voice,522,"Vartak Nagar Cell Site B, Thane"
KK-CDR-001089,KK00013,Kishor Koli,7045000013,KK00019,Arif Gaikwad,9422000019,2025-02-13 13:54:46,44,voice,218,"Vasai Cell Site A, Palghar"
KK-CDR-001090,KK00062,Paresh Parekh,9820000062,KK00064,Anil Khatib,9820000064,2025-02-13 09:13:59,44,voice,429,"Ghatkopar Cell Site B, Mumbai Suburban"
KK-CDR-001091,KK00027,Hanif Shinde,9422000027,KK00033,Shirish Chavan,9422000033,2025-02-13 17:37:29,44,voice,677,"Nhava Sheva Port Cell Site B, Raigad (Uran / JNPT)"
KK-CDR-001092,KK00295,Sachin Momin,9833000295,KK00374,Shabbir Dalvi,9833000374,2025-02-13 18:11:06,44,voice,207,"Faraskhana Cell Site B, Pune"
KK-CDR-001093,KK00308,Shirish More,9820000308,KK00278,Hanif Dalvi,8976000278,2025-02-13 20:44:59,44,voice,300,"Faraskhana Cell Site A, Pune"
KK-CDR-001094,KK00026,Rafiq Shah,9167000026,KK00150,Rafiq Naik,7045000150,2025-02-13 11:23:23,44,voice,347,"Dapoli Cell Site A, Ratnagiri"
KK-CDR-001095,KK00067,Shirish Pawar,8976000067,KK00186,Santosh Kadam,9833000186,2025-02-13 23:28:02,44,voice,808,"Rabodi Cell Site B, Thane"
KK-CDR-001096,KK00182,Dnyaneshwar Shinde,9422000182,KK00134,Vilas Mehta,9860000134,2025-02-13 15:30:43,44,voice,309,"Nalasopara Cell Site A, Palghar"
KK-CDR-001097,KK00340,Hanif Momin,9833000340,KK00358,Jitendra Dalvi,8976000358,2025-02-13 11:32:27,44,voice,636,"Sakinaka Cell Site A, Mumbai Suburban"
KK-CDR-001098,KK00092,Suhas Parekh,9930000092,KK00074,Prakash Bhosale,9323000074,2025-02-13 13:57:30,44,voice,395,"Kapurbawdi Cell Site A, Thane"
KK-CDR-001099,KK00075,Rafiq Pawar,8976000075,KK00091,Ashok More,9833000091,2025-02-13 15:04:09,44,voice,294,"Wagle Estate Cell Site B, Thane"
KK-CDR-001100,KK00328,Rafiq Kulkarni,8976000328,KK00371,Imtiaz Kothari,9930000371,2025-02-13 16:34:29,44,voice,419,"Faraskhana Cell Site A, Pune"
KK-CDR-001101,KK00090,Arif Mhatre,9930000090,KK00186,Santosh Kadam,9833000186,2025-02-13 23:24:21,44,voice,572,"Naupada Cell Site A, Thane"
KK-CDR-001102,KK00005,Kishor Ansari,8655000005,KK00041,Dnyaneshwar Parab,9930000041,2025-02-13 14:13:12,44,voice,95,"Satpati Coastal Cell Site A, Palghar"
KK-CDR-001103,KK00005,Kishor Ansari,8655000005,KK00041,Dnyaneshwar Parab,9930000041,2025-02-13 12:04:44,44,voice,180,"Vasai Cell Site B, Palghar"
KK-CDR-001104,KK00095,Umesh Shaikh,9930000095,KK00024,Nilesh Parekh,9422000024,2025-02-13 12:07:01,44,voice,180,"CBD Belapur Cell Site B, Navi Mumbai"
KK-CDR-001105,KK00068,Prakash Koli,9833000068,KK00077,Anil Thakur,9833000077,2025-02-14 20:56:45,45,voice,40,"Rabodi Cell Site B, Thane"
KK-CDR-001106,KK00053,Pravin Bhatkar,9833000053,KK00058,Dattatray Patil,9833000058,2025-02-14 16:37:24,45,voice,173,"Ghatkopar Cell Site B, Mumbai Suburban"
KK-CDR-001107,KK00139,Sunil Bhandari,9860000139,KK00167,Sameer Parekh,9167000167,2025-02-14 19:40:15,45,voice,718,"Palghar Cell Site A, Palghar"
KK-CDR-001108,KK00209,Jitendra Kadam,7045000209,KK00182,Dnyaneshwar Shinde,9422000182,2025-02-14 12:40:33,45,voice,739,"Harnai Coastal Cell Site A, Ratnagiri"
KK-CDR-001109,KK00167,Sameer Parekh,9167000167,KK00207,Shabbir Pawar,9422000207,2025-02-14 21:22:55,45,voice,645,"Guhagar Cell Site A, Ratnagiri"
KK-CDR-001110,KK00094,Iqbal Patil,9833000094,KK00186,Santosh Kadam,9833000186,2025-02-14 14:08:31,45,voice,69,"Rabodi Cell Site A, Thane"
KK-CDR-001111,KK00353,Hanif Shah,9930000353,KK00412,Rajan Tandel,9323000412,2025-02-14 22:51:23,45,voice,855,"Wagle Estate Cell Site A, Thane"
KK-CDR-001112,KK00069,Imtiaz Kadam,9323000069,KK00082,Kishor Gaikwad,8976000082,2025-02-14 13:47:05,45,voice,22,"Kapurbawdi Cell Site A, Thane"
KK-CDR-001113,KK00063,Sameer Koli,9323000063,KK00061,Sameer Soni,9820000061,2025-02-14 21:41:17,45,voice,124,"Pydhonie Cell Site B, Mumbai City"
KK-CDR-001114,KK00021,Santosh Bhandari,9422000021,KK00007,Santosh Sanghvi,9167000007,2025-02-14 17:42:38,45,voice,445,"Harnai Coastal Cell Site B, Ratnagiri"
KK-CDR-001115,KK00287,Jitendra Bhatkar,9833000287,KK00414,Paresh Zaveri,9820000414,2025-02-14 22:46:56,45,voice,647,"Ghatkopar Cell Site B, Mumbai Suburban"
KK-CDR-001116,KK00003,Deepak Pawar,9167000003,KK00001,Nilesh Khatib,8655000001,2025-02-14 07:53:37,45,voice,646,"Harnai Coastal Cell Site B, Ratnagiri"
KK-CDR-001117,KK00004,Kishor Pawar,9167000004,KK00098,Yogesh Naik,9167000098,2025-02-14 20:15:09,45,voice,764,"Panvel Taluka Cell Site A, Raigad (Uran / JNPT)"
KK-CDR-001118,KK00007,Santosh Sanghvi,9167000007,KK00205,Mangesh Koli,7045000205,2025-02-14 15:51:07,45,voice,728,"Harnai Coastal Cell Site B, Ratnagiri"
KK-CDR-001119,KK00180,Iqbal Parab,9820000180,KK00132,Vilas Kulkarni,9930000132,2025-02-14 06:57:55,45,voice,486,"Wagle Estate Cell Site A, Thane"
KK-CDR-001120,KK00051,Pravin Kadam,8976000051,KK00111,Deepak Tandel,9820000111,2025-02-14 06:34:23,45,voice,269,"MRA Marg Cell Site B, Mumbai City"
KK-CDR-001121,KK00005,Kishor Ansari,8655000005,KK00041,Dnyaneshwar Parab,9930000041,2025-02-14 09:59:48,45,voice,40,"Vasai Cell Site A, Palghar"
KK-CDR-001122,KK00105,Pravin Desai,9323000105,KK00146,Rajan Zaveri,9323000146,2025-02-15 19:35:40,46,voice,187,"Naupada Cell Site A, Thane"
KK-CDR-001123,KK00040,Rajan Ansari,9930000040,KK00181,Umesh Jadhav,8976000181,2025-02-15 09:51:02,46,voice,721,"MRA Marg Cell Site B, Mumbai City"
KK-CDR-001124,KK00016,Anil Tandel,9167000016,KK00023,Prakash Deshmukh,8655000023,2025-02-15 07:57:10,46,voice,390,"Ratnagiri City Cell Site B, Ratnagiri"
KK-CDR-001125,KK00201,Javed Shah,9860000201,KK00112,Rakesh Gaikwad,8655000112,2025-02-15 23:18:56,46,voice,171,"Guhagar Cell Site B, Ratnagiri"
KK-CDR-001126,KK00028,Sameer Kulkarni,9422000028,KK00021,Santosh Bhandari,9422000021,2025-02-15 08:22:13,46,voice,331,"Satpati Coastal Cell Site B, Palghar"
KK-CDR-001127,KK00078,Shirish Salvi,9833000078,KK00073,Mangesh Naik,9323000073,2025-02-15 14:38:17,46,voice,590,"Wagle Estate Cell Site B, Thane"
KK-CDR-001128,KK00074,Prakash Bhosale,9323000074,KK00070,Hanif Kadam,9323000070,2025-02-15 09:48:42,46,voice,503,"Kapurbawdi Cell Site B, Thane"
KK-CDR-001129,KK00178,Imtiaz Ansari,9323000178,KK00108,Hitesh Bhandari,9930000108,2025-02-15 07:35:30,46,voice,752,"Vartak Nagar Cell Site A, Thane"
KK-CDR-001130,KK00393,Santosh Doshi,8976000393,KK00283,Jitendra Deshmukh,9833000283,2025-02-15 21:58:55,46,voice,137,"Naupada Cell Site B, Thane"
KK-CDR-001131,KK00052,Rakesh Zaveri,8976000052,KK00199,Sunil Deshmukh,9820000199,2025-02-15 21:32:29,46,voice,634,"Bandra Cell Site A, Mumbai Suburban"
KK-CDR-001132,KK00010,Hitesh Desai,7045000010,KK00193,Dnyaneshwar Bhosale,9167000193,2025-02-15 09:49:36,46,voice,352,"Harnai Coastal Cell Site A, Ratnagiri"
KK-CDR-001133,KK00009,Dattatray Soni,9860000009,KK00025,Deepak Zaveri,8655000025,2025-02-15 07:43:19,46,voice,191,"Panvel Taluka Cell Site B, Raigad (Uran / JNPT)"
KK-CDR-001134,KK00044,Ashok Sayyed,9833000044,KK00065,Dnyaneshwar Bhandari,8976000065,2025-02-15 09:15:32,46,voice,22,"Dongri Cell Site B, Mumbai City"
KK-CDR-001135,KK00025,Deepak Zaveri,8655000025,KK00023,Prakash Deshmukh,8655000023,2025-02-15 17:54:22,46,voice,151,"Uran Cell Site B, Raigad (Uran / JNPT)"
KK-CDR-001136,KK00093,Rajan Sanghvi,9820000093,KK00086,Arif Bhosale,8976000086,2025-02-15 17:20:26,46,voice,146,"Wagle Estate Cell Site B, Thane"
KK-CDR-001137,KK00008,Vilas Tandel,9860000008,KK00028,Sameer Kulkarni,9422000028,2025-02-15 14:42:06,46,voice,635,"Khopoli Cell Site B, Raigad (Uran / JNPT)"
KK-CDR-001138,KK00088,Rajan Sawant,9323000088,KK00108,Hitesh Bhandari,9930000108,2025-02-15 23:48:46,46,voice,72,"Rabodi Cell Site A, Thane"
KK-CDR-001139,KK00182,Dnyaneshwar Shinde,9422000182,KK00171,Dnyaneshwar Dalvi,7045000171,2025-02-15 20:57:20,46,voice,428,"Satpati Coastal Cell Site B, Palghar"
KK-CDR-001140,KK00177,Rakesh Sawant,8976000177,KK00126,Mangesh Thakur,9833000126,2025-02-15 10:42:52,46,voice,414,"Dongri Cell Site B, Mumbai City"
KK-CDR-001141,KK00090,Arif Mhatre,9930000090,KK00091,Ashok More,9833000091,2025-02-15 22:19:13,46,voice,695,"Naupada Cell Site A, Thane"
KK-CDR-001142,KK00041,Dnyaneshwar Parab,9930000041,KK00061,Sameer Soni,9820000061,2025-02-15 19:18:43,46,voice,220,"Kurla Cell Site B, Mumbai Suburban"
KK-CDR-001143,KK00005,Kishor Ansari,8655000005,KK00041,Dnyaneshwar Parab,9930000041,2025-02-15 13:42:36,46,voice,60,"Nalasopara Cell Site B, Palghar"
KK-CDR-001144,KK00090,Arif Mhatre,9930000090,KK00072,Yogesh Momin,9833000072,2025-02-16 16:23:17,47,voice,882,"Rabodi Cell Site B, Thane"
KK-CDR-001145,KK00037,Ganesh Deshmukh,9323000037,KK00047,Santosh Thakur,9833000047,2025-02-16 07:45:58,47,voice,650,"Bandra Cell Site B, Mumbai Suburban"
KK-CDR-001146,KK00021,Santosh Bhandari,9422000021,KK00028,Sameer Kulkarni,9422000028,2025-02-16 09:47:04,47,voice,471,"Dapoli Cell Site B, Ratnagiri"
KK-CDR-001147,KK00019,Arif Gaikwad,9422000019,KK00182,Dnyaneshwar Shinde,9422000182,2025-02-16 15:53:55,47,voice,733,"Palghar Cell Site A, Palghar"
KK-CDR-001148,KK00188,Bhavesh Bhandari,7045000188,KK00139,Sunil Bhandari,9860000139,2025-02-16 18:45:18,47,voice,477,"Harnai Coastal Cell Site B, Ratnagiri"
KK-CDR-001149,KK00034,Rakesh Doshi,9860000034,KK00031,Anil Chavan,8655000031,2025-02-16 13:53:56,47,voice,358,"Uran Cell Site A, Raigad (Uran / JNPT)"
KK-CDR-001150,KK00084,Vinod Deshmukh,9833000084,KK00089,Ganesh Naik,8976000089,2025-02-16 23:24:36,47,voice,210,"Naupada Cell Site B, Thane"
KK-CDR-001151,KK00054,Kishor Sawant,9833000054,KK00041,Dnyaneshwar Parab,9930000041,2025-02-16 06:15:51,47,voice,900,"Ghatkopar Cell Site B, Mumbai Suburban"
KK-CDR-001152,KK00020,Vilas Sawant,9167000020,KK00019,Arif Gaikwad,9422000019,2025-02-16 14:38:40,47,voice,717,"Satpati Coastal Cell Site B, Palghar"
KK-CDR-001153,KK00042,Shabbir Jadhav,9930000042,KK00065,Dnyaneshwar Bhandari,8976000065,2025-02-16 06:13:33,47,voice,606,"Andheri Cell Site A, Mumbai Suburban"
KK-CDR-001154,KK00010,Hitesh Desai,7045000010,KK00163,Paresh Patil,9167000163,2025-02-16 07:25:03,47,voice,155,"Ratnagiri City Cell Site B, Ratnagiri"
KK-CDR-001155,KK00036,Fayyaz Kadam,9422000036,KK00010,Hitesh Desai,7045000010,2025-02-16 17:06:51,47,voice,222,"Vasai Cell Site B, Palghar"
KK-CDR-001156,KK00038,Iqbal Mehta,9820000038,KK00037,Ganesh Deshmukh,9323000037,2025-02-16 17:32:59,47,voice,51,"Bandra Cell Site A, Mumbai Suburban"
KK-CDR-001157,KK00038,Iqbal Mehta,9820000038,KK00061,Sameer Soni,9820000061,2025-02-16 09:44:44,47,voice,143,"Ghatkopar Cell Site A, Mumbai Suburban"
KK-CDR-001158,KK00050,Shirish Patil,9833000050,KK00037,Ganesh Deshmukh,9323000037,2025-02-16 15:57:23,47,voice,163,"LT Marg Cell Site A, Mumbai City"
KK-CDR-001159,KK00047,Santosh Thakur,9833000047,KK00065,Dnyaneshwar Bhandari,8976000065,2025-02-16 16:31:48,47,voice,65,"Sakinaka Cell Site A, Mumbai Suburban"
KK-CDR-001160,KK00063,Sameer Koli,9323000063,KK00054,Kishor Sawant,9833000054,2025-02-16 19:07:08,47,voice,129,"LT Marg Cell Site B, Mumbai City"
KK-CDR-001161,KK00057,Balkrishna Parekh,8976000057,KK00056,Mahesh Bhandari,9833000056,2025-02-16 12:53:18,47,voice,111,"VP Road Cell Site B, Mumbai City"
KK-CDR-001162,KK00042,Shabbir Jadhav,9930000042,KK00050,Shirish Patil,9833000050,2025-02-16 10:53:49,47,voice,139,"Bandra Cell Site B, Mumbai Suburban"
KK-CDR-001163,KK00048,Sameer Doshi,9323000048,KK00041,Dnyaneshwar Parab,9930000041,2025-02-16 06:05:58,47,voice,88,"LT Marg Cell Site A, Mumbai City"
KK-CDR-001164,KK00042,Shabbir Jadhav,9930000042,KK00045,Kishor Sanghvi,9833000045,2025-02-16 21:46:27,47,voice,157,"Kurla Cell Site A, Mumbai Suburban"
KK-CDR-001165,KK00051,Pravin Kadam,8976000051,KK00052,Rakesh Zaveri,8976000052,2025-02-16 10:46:29,47,voice,41,"VP Road Cell Site B, Mumbai City"
KK-CDR-001166,KK00040,Rajan Ansari,9930000040,KK00054,Kishor Sawant,9833000054,2025-02-16 15:18:15,47,voice,59,"MRA Marg Cell Site B, Mumbai City"
KK-CDR-001167,KK00062,Paresh Parekh,9820000062,KK00061,Sameer Soni,9820000061,2025-02-16 23:23:01,47,voice,239,"Kurla Cell Site A, Mumbai Suburban"
KK-CDR-001168,KK00063,Sameer Koli,9323000063,KK00051,Pravin Kadam,8976000051,2025-02-16 19:17:08,47,voice,163,"Dongri Cell Site A, Mumbai City"
KK-CDR-001169,KK00052,Rakesh Zaveri,8976000052,KK00047,Santosh Thakur,9833000047,2025-02-16 18:36:27,47,voice,186,"Sakinaka Cell Site B, Mumbai Suburban"
KK-CDR-001170,KK00045,Kishor Sanghvi,9833000045,KK00059,Salim More,9820000059,2025-02-16 19:16:54,47,voice,162,"Andheri Cell Site A, Mumbai Suburban"
KK-CDR-001171,KK00066,Hanif Chavan,9833000066,KK00059,Salim More,9820000059,2025-02-16 14:29:40,47,voice,87,"Pydhonie Cell Site B, Mumbai City"
KK-CDR-001172,KK00055,Vilas Shinde,8976000055,KK00043,Vinod Mehta,9323000043,2025-02-16 13:15:31,47,voice,104,"Pydhonie Cell Site B, Mumbai City"
KK-CDR-001173,KK00055,Vilas Shinde,8976000055,KK00052,Rakesh Zaveri,8976000052,2025-02-16 20:13:18,47,voice,109,"Pydhonie Cell Site A, Mumbai City"
KK-CDR-001174,KK00044,Ashok Sayyed,9833000044,KK00046,Shabbir Shaikh,9820000046,2025-02-16 08:34:35,47,voice,35,"Pydhonie Cell Site A, Mumbai City"
KK-CDR-001175,KK00047,Santosh Thakur,9833000047,KK00038,Iqbal Mehta,9820000038,2025-02-16 18:40:05,47,voice,167,"Andheri Cell Site B, Mumbai Suburban"
KK-CDR-001176,KK00046,Shabbir Shaikh,9820000046,KK00063,Sameer Koli,9323000063,2025-02-16 07:34:05,47,voice,188,"Pydhonie Cell Site B, Mumbai City"
KK-CDR-001177,KK00052,Rakesh Zaveri,8976000052,KK00048,Sameer Doshi,9323000048,2025-02-16 20:11:30,47,voice,42,"Ghatkopar Cell Site B, Mumbai Suburban"
KK-CDR-001178,KK00064,Anil Khatib,9820000064,KK00049,Santosh Zaveri,9833000049,2025-02-16 07:39:32,47,voice,226,"MRA Marg Cell Site A, Mumbai City"
KK-CDR-001179,KK00058,Dattatray Patil,9833000058,KK00039,Ravindra Bhosale,9323000039,2025-02-16 14:38:27,47,voice,108,"LT Marg Cell Site B, Mumbai City"
KK-CDR-001180,KK00043,Vinod Mehta,9323000043,KK00059,Salim More,9820000059,2025-02-16 07:41:27,47,voice,138,"Kurla Cell Site B, Mumbai Suburban"
KK-CDR-001181,KK00040,Rajan Ansari,9930000040,KK00041,Dnyaneshwar Parab,9930000041,2025-02-16 20:14:25,47,voice,89,"Pydhonie Cell Site B, Mumbai City"
KK-CDR-001182,KK00063,Sameer Koli,9323000063,KK00045,Kishor Sanghvi,9833000045,2025-02-16 22:35:52,47,voice,144,"Dongri Cell Site A, Mumbai City"
KK-CDR-001183,KK00059,Salim More,9820000059,KK00057,Balkrishna Parekh,8976000057,2025-02-16 16:40:15,47,voice,197,"Bandra Cell Site A, Mumbai Suburban"
KK-CDR-001184,KK00051,Pravin Kadam,8976000051,KK00045,Kishor Sanghvi,9833000045,2025-02-16 10:20:03,47,voice,65,"Pydhonie Cell Site A, Mumbai City"
KK-CDR-001185,KK00043,Vinod Mehta,9323000043,KK00062,Paresh Parekh,9820000062,2025-02-16 22:02:18,47,voice,230,"Bandra Cell Site B, Mumbai Suburban"
KK-CDR-001186,KK00037,Ganesh Deshmukh,9323000037,KK00039,Ravindra Bhosale,9323000039,2025-02-16 15:12:59,47,voice,161,"Kurla Cell Site B, Mumbai Suburban"
KK-CDR-001187,KK00059,Salim More,9820000059,KK00037,Ganesh Deshmukh,9323000037,2025-02-16 07:09:58,47,voice,24,"Kurla Cell Site B, Mumbai Suburban"
KK-CDR-001188,KK00039,Ravindra Bhosale,9323000039,KK00061,Sameer Soni,9820000061,2025-02-16 08:39:47,47,voice,232,"MRA Marg Cell Site A, Mumbai City"
KK-CDR-001189,KK00055,Vilas Shinde,8976000055,KK00054,Kishor Sawant,9833000054,2025-02-16 23:01:37,47,voice,151,"Dongri Cell Site A, Mumbai City"
KK-CDR-001190,KK00064,Anil Khatib,9820000064,KK00037,Ganesh Deshmukh,9323000037,2025-02-16 10:39:37,47,voice,211,"MRA Marg Cell Site A, Mumbai City"
KK-CDR-001191,KK00045,Kishor Sanghvi,9833000045,KK00065,Dnyaneshwar Bhandari,8976000065,2025-02-16 14:32:23,47,voice,60,"Bandra Cell Site B, Mumbai Suburban"
KK-CDR-001192,KK00037,Ganesh Deshmukh,9323000037,KK00056,Mahesh Bhandari,9833000056,2025-02-16 07:00:32,47,voice,224,"Ghatkopar Cell Site A, Mumbai Suburban"
KK-CDR-001193,KK00053,Pravin Bhatkar,9833000053,KK00042,Shabbir Jadhav,9930000042,2025-02-16 21:49:22,47,voice,111,"Ghatkopar Cell Site A, Mumbai Suburban"
KK-CDR-001194,KK00060,Mangesh Tandel,9820000060,KK00040,Rajan Ansari,9930000040,2025-02-16 20:22:15,47,voice,97,"Sakinaka Cell Site B, Mumbai Suburban"
KK-CDR-001195,KK00064,Anil Khatib,9820000064,KK00041,Dnyaneshwar Parab,9930000041,2025-02-16 17:58:51,47,voice,105,"Dongri Cell Site B, Mumbai City"
KK-CDR-001196,KK00049,Santosh Zaveri,9833000049,KK00043,Vinod Mehta,9323000043,2025-02-16 14:20:52,47,voice,145,"Bandra Cell Site A, Mumbai Suburban"
KK-CDR-001197,KK00061,Sameer Soni,9820000061,KK00040,Rajan Ansari,9930000040,2025-02-16 19:40:34,47,voice,150,"MRA Marg Cell Site B, Mumbai City"
KK-CDR-001198,KK00053,Pravin Bhatkar,9833000053,KK00039,Ravindra Bhosale,9323000039,2025-02-16 14:43:22,47,voice,29,"Andheri Cell Site B, Mumbai Suburban"
KK-CDR-001199,KK00055,Vilas Shinde,8976000055,KK00045,Kishor Sanghvi,9833000045,2025-02-16 22:29:42,47,voice,206,"Dongri Cell Site B, Mumbai City"
KK-CDR-001200,KK00050,Shirish Patil,9833000050,KK00042,Shabbir Jadhav,9930000042,2025-02-16 08:50:47,47,voice,169,"LT Marg Cell Site B, Mumbai City"
KK-CDR-001201,KK00049,Santosh Zaveri,9833000049,KK00047,Santosh Thakur,9833000047,2025-02-16 11:16:26,47,voice,45,"Ghatkopar Cell Site B, Mumbai Suburban"
KK-CDR-001202,KK00056,Mahesh Bhandari,9833000056,KK00041,Dnyaneshwar Parab,9930000041,2025-02-16 16:24:06,47,voice,51,"Andheri Cell Site A, Mumbai Suburban"
KK-CDR-001203,KK00059,Salim More,9820000059,KK00057,Balkrishna Parekh,8976000057,2025-02-16 14:08:02,47,voice,203,"Ghatkopar Cell Site A, Mumbai Suburban"
KK-CDR-001204,KK00042,Shabbir Jadhav,9930000042,KK00038,Iqbal Mehta,9820000038,2025-02-16 15:54:23,47,voice,150,"Sakinaka Cell Site A, Mumbai Suburban"
KK-CDR-001205,KK00045,Kishor Sanghvi,9833000045,KK00056,Mahesh Bhandari,9833000056,2025-02-16 11:27:22,47,voice,152,"Kurla Cell Site A, Mumbai Suburban"
KK-CDR-001206,KK00053,Pravin Bhatkar,9833000053,KK00057,Balkrishna Parekh,8976000057,2025-02-16 11:32:17,47,voice,210,"Kurla Cell Site B, Mumbai Suburban"
KK-CDR-001207,KK00038,Iqbal Mehta,9820000038,KK00047,Santosh Thakur,9833000047,2025-02-16 20:41:03,47,voice,239,"Ghatkopar Cell Site A, Mumbai Suburban"
KK-CDR-001208,KK00048,Sameer Doshi,9323000048,KK00056,Mahesh Bhandari,9833000056,2025-02-16 13:16:13,47,voice,210,"LT Marg Cell Site B, Mumbai City"
KK-CDR-001209,KK00063,Sameer Koli,9323000063,KK00038,Iqbal Mehta,9820000038,2025-02-16 22:29:05,47,voice,194,"LT Marg Cell Site A, Mumbai City"
KK-CDR-001210,KK00060,Mangesh Tandel,9820000060,KK00041,Dnyaneshwar Parab,9930000041,2025-02-16 13:13:23,47,voice,22,"Kurla Cell Site A, Mumbai Suburban"
KK-CDR-001211,KK00037,Ganesh Deshmukh,9323000037,KK00050,Shirish Patil,9833000050,2025-02-16 19:19:48,47,voice,90,"Andheri Cell Site B, Mumbai Suburban"
KK-CDR-001212,KK00056,Mahesh Bhandari,9833000056,KK00053,Pravin Bhatkar,9833000053,2025-02-16 08:58:12,47,voice,181,"Bandra Cell Site A, Mumbai Suburban"
KK-CDR-001213,KK00043,Vinod Mehta,9323000043,KK00051,Pravin Kadam,8976000051,2025-02-16 16:27:09,47,voice,21,"Ghatkopar Cell Site A, Mumbai Suburban"
KK-CDR-001214,KK00049,Santosh Zaveri,9833000049,KK00052,Rakesh Zaveri,8976000052,2025-02-16 22:37:18,47,voice,71,"Ghatkopar Cell Site B, Mumbai Suburban"
KK-CDR-001215,KK00052,Rakesh Zaveri,8976000052,KK00042,Shabbir Jadhav,9930000042,2025-02-16 13:30:56,47,voice,208,"Kurla Cell Site A, Mumbai Suburban"
KK-CDR-001216,KK00050,Shirish Patil,9833000050,KK00038,Iqbal Mehta,9820000038,2025-02-16 20:34:04,47,voice,199,"Pydhonie Cell Site A, Mumbai City"
KK-CDR-001217,KK00061,Sameer Soni,9820000061,KK00039,Ravindra Bhosale,9323000039,2025-02-16 14:33:05,47,voice,69,"VP Road Cell Site A, Mumbai City"
KK-CDR-001218,KK00048,Sameer Doshi,9323000048,KK00055,Vilas Shinde,8976000055,2025-02-16 16:06:46,47,voice,92,"Dongri Cell Site A, Mumbai City"
KK-CDR-001219,KK00043,Vinod Mehta,9323000043,KK00063,Sameer Koli,9323000063,2025-02-16 06:24:29,47,voice,86,"Ghatkopar Cell Site A, Mumbai Suburban"
KK-CDR-001220,KK00058,Dattatray Patil,9833000058,KK00041,Dnyaneshwar Parab,9930000041,2025-02-16 12:39:13,47,voice,104,"Dongri Cell Site B, Mumbai City"
KK-CDR-001221,KK00066,Hanif Chavan,9833000066,KK00064,Anil Khatib,9820000064,2025-02-16 12:06:49,47,voice,49,"LT Marg Cell Site B, Mumbai City"
KK-CDR-001222,KK00051,Pravin Kadam,8976000051,KK00045,Kishor Sanghvi,9833000045,2025-02-16 22:11:00,47,voice,101,"Dongri Cell Site B, Mumbai City"
KK-CDR-001223,KK00057,Balkrishna Parekh,8976000057,KK00062,Paresh Parekh,9820000062,2025-02-16 19:13:46,47,voice,47,"Dongri Cell Site B, Mumbai City"
KK-CDR-001224,KK00058,Dattatray Patil,9833000058,KK00064,Anil Khatib,9820000064,2025-02-16 13:41:36,47,voice,187,"Dongri Cell Site A, Mumbai City"
KK-CDR-001225,KK00039,Ravindra Bhosale,9323000039,KK00041,Dnyaneshwar Parab,9930000041,2025-02-16 08:09:59,47,voice,151,"Pydhonie Cell Site B, Mumbai City"
KK-CDR-001226,KK00056,Mahesh Bhandari,9833000056,KK00053,Pravin Bhatkar,9833000053,2025-02-16 11:43:28,47,voice,233,"Sakinaka Cell Site B, Mumbai Suburban"
KK-CDR-001227,KK00042,Shabbir Jadhav,9930000042,KK00061,Sameer Soni,9820000061,2025-02-16 08:05:12,47,voice,206,"Bandra Cell Site A, Mumbai Suburban"
KK-CDR-001228,KK00040,Rajan Ansari,9930000040,KK00050,Shirish Patil,9833000050,2025-02-16 22:40:05,47,voice,55,"Pydhonie Cell Site B, Mumbai City"
KK-CDR-001229,KK00065,Dnyaneshwar Bhandari,8976000065,KK00053,Pravin Bhatkar,9833000053,2025-02-16 17:49:55,47,voice,136,"Sakinaka Cell Site B, Mumbai Suburban"
KK-CDR-001230,KK00041,Dnyaneshwar Parab,9930000041,KK00043,Vinod Mehta,9323000043,2025-02-16 21:25:46,47,voice,111,"Andheri Cell Site B, Mumbai Suburban"
KK-CDR-001231,KK00039,Ravindra Bhosale,9323000039,KK00043,Vinod Mehta,9323000043,2025-02-16 07:02:21,47,voice,89,"Pydhonie Cell Site A, Mumbai City"
KK-CDR-001232,KK00059,Salim More,9820000059,KK00040,Rajan Ansari,9930000040,2025-02-16 23:51:17,47,voice,186,"Bandra Cell Site A, Mumbai Suburban"
KK-CDR-001233,KK00050,Shirish Patil,9833000050,KK00064,Anil Khatib,9820000064,2025-02-16 11:10:01,47,voice,163,"MRA Marg Cell Site A, Mumbai City"
KK-CDR-001234,KK00047,Santosh Thakur,9833000047,KK00040,Rajan Ansari,9930000040,2025-02-16 17:33:32,47,voice,194,"Sakinaka Cell Site B, Mumbai Suburban"
KK-CDR-001235,KK00042,Shabbir Jadhav,9930000042,KK00038,Iqbal Mehta,9820000038,2025-02-16 15:03:17,47,voice,48,"Andheri Cell Site A, Mumbai Suburban"
KK-CDR-001236,KK00056,Mahesh Bhandari,9833000056,KK00062,Paresh Parekh,9820000062,2025-02-16 19:25:34,47,voice,164,"Bandra Cell Site B, Mumbai Suburban"
KK-CDR-001237,KK00065,Dnyaneshwar Bhandari,8976000065,KK00061,Sameer Soni,9820000061,2025-02-16 21:13:24,47,voice,156,"Ghatkopar Cell Site A, Mumbai Suburban"
KK-CDR-001238,KK00039,Ravindra Bhosale,9323000039,KK00047,Santosh Thakur,9833000047,2025-02-16 22:38:28,47,voice,59,"Dongri Cell Site A, Mumbai City"
KK-CDR-001239,KK00056,Mahesh Bhandari,9833000056,KK00058,Dattatray Patil,9833000058,2025-02-16 22:08:26,47,voice,166,"Andheri Cell Site A, Mumbai Suburban"
KK-CDR-001240,KK00039,Ravindra Bhosale,9323000039,KK00065,Dnyaneshwar Bhandari,8976000065,2025-02-16 23:14:32,47,voice,237,"Pydhonie Cell Site A, Mumbai City"
KK-CDR-001241,KK00040,Rajan Ansari,9930000040,KK00051,Pravin Kadam,8976000051,2025-02-16 17:56:28,47,voice,206,"LT Marg Cell Site B, Mumbai City"
KK-CDR-001242,KK00048,Sameer Doshi,9323000048,KK00064,Anil Khatib,9820000064,2025-02-16 19:12:58,47,voice,226,"Pydhonie Cell Site A, Mumbai City"
KK-CDR-001243,KK00042,Shabbir Jadhav,9930000042,KK00060,Mangesh Tandel,9820000060,2025-02-16 14:02:27,47,voice,142,"Bandra Cell Site B, Mumbai Suburban"
KK-CDR-001244,KK00059,Salim More,9820000059,KK00039,Ravindra Bhosale,9323000039,2025-02-16 10:43:58,47,voice,140,"Sakinaka Cell Site B, Mumbai Suburban"
KK-CDR-001245,KK00039,Ravindra Bhosale,9323000039,KK00044,Ashok Sayyed,9833000044,2025-02-16 11:04:12,47,voice,137,"VP Road Cell Site B, Mumbai City"
KK-CDR-001246,KK00046,Shabbir Shaikh,9820000046,KK00042,Shabbir Jadhav,9930000042,2025-02-16 11:51:49,47,voice,138,"MRA Marg Cell Site A, Mumbai City"
KK-CDR-001247,KK00064,Anil Khatib,9820000064,KK00056,Mahesh Bhandari,9833000056,2025-02-16 08:19:31,47,voice,232,"MRA Marg Cell Site A, Mumbai City"
KK-CDR-001248,KK00063,Sameer Koli,9323000063,KK00057,Balkrishna Parekh,8976000057,2025-02-16 22:27:02,47,voice,174,"Dongri Cell Site B, Mumbai City"
KK-CDR-001249,KK00043,Vinod Mehta,9323000043,KK00063,Sameer Koli,9323000063,2025-02-16 18:41:41,47,voice,126,"Kurla Cell Site B, Mumbai Suburban"
KK-CDR-001250,KK00056,Mahesh Bhandari,9833000056,KK00062,Paresh Parekh,9820000062,2025-02-16 21:34:55,47,voice,143,"Ghatkopar Cell Site B, Mumbai Suburban"
KK-CDR-001251,KK00042,Shabbir Jadhav,9930000042,KK00037,Ganesh Deshmukh,9323000037,2025-02-16 12:14:12,47,voice,147,"Kurla Cell Site A, Mumbai Suburban"
KK-CDR-001252,KK00063,Sameer Koli,9323000063,KK00056,Mahesh Bhandari,9833000056,2025-02-16 10:09:44,47,voice,193,"LT Marg Cell Site A, Mumbai City"
KK-CDR-001253,KK00052,Rakesh Zaveri,8976000052,KK00057,Balkrishna Parekh,8976000057,2025-02-16 18:00:17,47,voice,39,"Ghatkopar Cell Site B, Mumbai Suburban"
KK-CDR-001254,KK00038,Iqbal Mehta,9820000038,KK00063,Sameer Koli,9323000063,2025-02-16 11:21:23,47,voice,211,"Andheri Cell Site A, Mumbai Suburban"
KK-CDR-001255,KK00039,Ravindra Bhosale,9323000039,KK00045,Kishor Sanghvi,9833000045,2025-02-16 17:39:48,47,voice,27,"Pydhonie Cell Site A, Mumbai City"
KK-CDR-001256,KK00056,Mahesh Bhandari,9833000056,KK00065,Dnyaneshwar Bhandari,8976000065,2025-02-16 20:45:58,47,voice,239,"Ghatkopar Cell Site B, Mumbai Suburban"
KK-CDR-001257,KK00054,Kishor Sawant,9833000054,KK00059,Salim More,9820000059,2025-02-16 06:26:06,47,voice,122,"Andheri Cell Site B, Mumbai Suburban"
KK-CDR-001258,KK00065,Dnyaneshwar Bhandari,8976000065,KK00052,Rakesh Zaveri,8976000052,2025-02-16 19:55:53,47,voice,138,"Bandra Cell Site B, Mumbai Suburban"
KK-CDR-001259,KK00047,Santosh Thakur,9833000047,KK00065,Dnyaneshwar Bhandari,8976000065,2025-02-16 06:30:27,47,voice,176,"Andheri Cell Site A, Mumbai Suburban"
KK-CDR-001260,KK00062,Paresh Parekh,9820000062,KK00049,Santosh Zaveri,9833000049,2025-02-16 09:04:23,47,voice,105,"Sakinaka Cell Site B, Mumbai Suburban"
KK-CDR-001261,KK00038,Iqbal Mehta,9820000038,KK00055,Vilas Shinde,8976000055,2025-02-16 10:28:23,47,voice,194,"Andheri Cell Site B, Mumbai Suburban"
KK-CDR-001262,KK00055,Vilas Shinde,8976000055,KK00046,Shabbir Shaikh,9820000046,2025-02-16 07:46:48,47,voice,182,"Dongri Cell Site B, Mumbai City"
KK-CDR-001263,KK00047,Santosh Thakur,9833000047,KK00062,Paresh Parekh,9820000062,2025-02-16 18:57:02,47,voice,170,"Kurla Cell Site A, Mumbai Suburban"
KK-CDR-001264,KK00056,Mahesh Bhandari,9833000056,KK00062,Paresh Parekh,9820000062,2025-02-16 21:55:03,47,voice,203,"Ghatkopar Cell Site A, Mumbai Suburban"
KK-CDR-001265,KK00047,Santosh Thakur,9833000047,KK00053,Pravin Bhatkar,9833000053,2025-02-16 21:43:39,47,voice,149,"Kurla Cell Site A, Mumbai Suburban"
KK-CDR-001266,KK00042,Shabbir Jadhav,9930000042,KK00050,Shirish Patil,9833000050,2025-02-16 21:06:08,47,voice,72,"Ghatkopar Cell Site A, Mumbai Suburban"
KK-CDR-001267,KK00059,Salim More,9820000059,KK00044,Ashok Sayyed,9833000044,2025-02-16 17:37:27,47,voice,72,"Kurla Cell Site B, Mumbai Suburban"
KK-CDR-001268,KK00037,Ganesh Deshmukh,9323000037,KK00043,Vinod Mehta,9323000043,2025-02-16 09:41:20,47,voice,117,"Ghatkopar Cell Site B, Mumbai Suburban"
KK-CDR-001269,KK00054,Kishor Sawant,9833000054,KK00041,Dnyaneshwar Parab,9930000041,2025-02-16 08:55:58,47,voice,109,"Kurla Cell Site A, Mumbai Suburban"
KK-CDR-001270,KK00039,Ravindra Bhosale,9323000039,KK00054,Kishor Sawant,9833000054,2025-02-16 06:05:01,47,voice,140,"LT Marg Cell Site A, Mumbai City"
KK-CDR-001271,KK00066,Hanif Chavan,9833000066,KK00043,Vinod Mehta,9323000043,2025-02-16 20:18:13,47,voice,102,"VP Road Cell Site B, Mumbai City"
KK-CDR-001272,KK00063,Sameer Koli,9323000063,KK00049,Santosh Zaveri,9833000049,2025-02-16 16:54:52,47,voice,232,"Pydhonie Cell Site A, Mumbai City"
KK-CDR-001273,KK00061,Sameer Soni,9820000061,KK00056,Mahesh Bhandari,9833000056,2025-02-16 11:58:31,47,voice,172,"LT Marg Cell Site B, Mumbai City"
KK-CDR-001274,KK00043,Vinod Mehta,9323000043,KK00037,Ganesh Deshmukh,9323000037,2025-02-16 17:06:34,47,voice,72,"Kurla Cell Site A, Mumbai Suburban"
KK-CDR-001275,KK00050,Shirish Patil,9833000050,KK00066,Hanif Chavan,9833000066,2025-02-16 10:44:15,47,voice,58,"VP Road Cell Site B, Mumbai City"
KK-CDR-001276,KK00047,Santosh Thakur,9833000047,KK00059,Salim More,9820000059,2025-02-16 20:44:31,47,voice,83,"Bandra Cell Site B, Mumbai Suburban"
KK-CDR-001277,KK00046,Shabbir Shaikh,9820000046,KK00037,Ganesh Deshmukh,9323000037,2025-02-16 23:58:00,47,voice,34,"MRA Marg Cell Site B, Mumbai City"
KK-CDR-001278,KK00061,Sameer Soni,9820000061,KK00041,Dnyaneshwar Parab,9930000041,2025-02-16 17:11:54,47,voice,212,"MRA Marg Cell Site B, Mumbai City"
KK-CDR-001279,KK00051,Pravin Kadam,8976000051,KK00044,Ashok Sayyed,9833000044,2025-02-16 20:16:45,47,voice,177,"MRA Marg Cell Site B, Mumbai City"
KK-CDR-001280,KK00040,Rajan Ansari,9930000040,KK00042,Shabbir Jadhav,9930000042,2025-02-16 07:53:58,47,voice,170,"VP Road Cell Site A, Mumbai City"
KK-CDR-001281,KK00061,Sameer Soni,9820000061,KK00046,Shabbir Shaikh,9820000046,2025-02-16 09:06:52,47,voice,153,"Dongri Cell Site B, Mumbai City"
KK-CDR-001282,KK00052,Rakesh Zaveri,8976000052,KK00045,Kishor Sanghvi,9833000045,2025-02-16 16:28:13,47,voice,192,"Bandra Cell Site B, Mumbai Suburban"
KK-CDR-001283,KK00062,Paresh Parekh,9820000062,KK00051,Pravin Kadam,8976000051,2025-02-16 07:47:15,47,voice,87,"Bandra Cell Site A, Mumbai Suburban"
KK-CDR-001284,KK00049,Santosh Zaveri,9833000049,KK00052,Rakesh Zaveri,8976000052,2025-02-16 10:00:53,47,voice,235,"Sakinaka Cell Site A, Mumbai Suburban"
KK-CDR-001285,KK00044,Ashok Sayyed,9833000044,KK00056,Mahesh Bhandari,9833000056,2025-02-16 10:10:06,47,voice,143,"MRA Marg Cell Site B, Mumbai City"
KK-CDR-001286,KK00057,Balkrishna Parekh,8976000057,KK00043,Vinod Mehta,9323000043,2025-02-16 14:14:52,47,voice,73,"Dongri Cell Site A, Mumbai City"
KK-CDR-001287,KK00052,Rakesh Zaveri,8976000052,KK00047,Santosh Thakur,9833000047,2025-02-16 09:40:55,47,voice,86,"Ghatkopar Cell Site B, Mumbai Suburban"
KK-CDR-001288,KK00059,Salim More,9820000059,KK00037,Ganesh Deshmukh,9323000037,2025-02-16 23:55:43,47,voice,235,"Bandra Cell Site B, Mumbai Suburban"
KK-CDR-001289,KK00041,Dnyaneshwar Parab,9930000041,KK00061,Sameer Soni,9820000061,2025-02-16 10:10:54,47,voice,220,"Andheri Cell Site A, Mumbai Suburban"
KK-CDR-001290,KK00047,Santosh Thakur,9833000047,KK00040,Rajan Ansari,9930000040,2025-02-16 16:09:47,47,voice,62,"Ghatkopar Cell Site B, Mumbai Suburban"
KK-CDR-001291,KK00058,Dattatray Patil,9833000058,KK00064,Anil Khatib,9820000064,2025-02-16 08:46:12,47,voice,166,"MRA Marg Cell Site A, Mumbai City"
KK-CDR-001292,KK00054,Kishor Sawant,9833000054,KK00061,Sameer Soni,9820000061,2025-02-16 10:11:45,47,voice,73,"Kurla Cell Site B, Mumbai Suburban"
KK-CDR-001293,KK00054,Kishor Sawant,9833000054,KK00055,Vilas Shinde,8976000055,2025-02-16 06:07:51,47,voice,27,"Andheri Cell Site B, Mumbai Suburban"
KK-CDR-001294,KK00054,Kishor Sawant,9833000054,KK00056,Mahesh Bhandari,9833000056,2025-02-16 23:49:15,47,voice,115,"Sakinaka Cell Site A, Mumbai Suburban"
KK-CDR-001295,KK00051,Pravin Kadam,8976000051,KK00053,Pravin Bhatkar,9833000053,2025-02-16 14:22:33,47,voice,196,"MRA Marg Cell Site B, Mumbai City"
KK-CDR-001296,KK00056,Mahesh Bhandari,9833000056,KK00060,Mangesh Tandel,9820000060,2025-02-16 19:55:42,47,voice,25,"Sakinaka Cell Site A, Mumbai Suburban"
KK-CDR-001297,KK00049,Santosh Zaveri,9833000049,KK00059,Salim More,9820000059,2025-02-16 17:20:36,47,voice,142,"Sakinaka Cell Site B, Mumbai Suburban"
KK-CDR-001298,KK00063,Sameer Koli,9323000063,KK00053,Pravin Bhatkar,9833000053,2025-02-16 16:41:38,47,voice,228,"Dongri Cell Site B, Mumbai City"
KK-CDR-001299,KK00047,Santosh Thakur,9833000047,KK00050,Shirish Patil,9833000050,2025-02-16 20:33:52,47,voice,239,"Sakinaka Cell Site B, Mumbai Suburban"
KK-CDR-001300,KK00051,Pravin Kadam,8976000051,KK00049,Santosh Zaveri,9833000049,2025-02-16 13:55:57,47,voice,52,"VP Road Cell Site B, Mumbai City"
KK-CDR-001301,KK00047,Santosh Thakur,9833000047,KK00051,Pravin Kadam,8976000051,2025-02-16 09:55:37,47,voice,165,"Sakinaka Cell Site A, Mumbai Suburban"
KK-CDR-001302,KK00056,Mahesh Bhandari,9833000056,KK00063,Sameer Koli,9323000063,2025-02-16 21:33:33,47,voice,28,"Andheri Cell Site A, Mumbai Suburban"
KK-CDR-001303,KK00049,Santosh Zaveri,9833000049,KK00038,Iqbal Mehta,9820000038,2025-02-16 11:38:52,47,voice,162,"Sakinaka Cell Site A, Mumbai Suburban"
KK-CDR-001304,KK00060,Mangesh Tandel,9820000060,KK00048,Sameer Doshi,9323000048,2025-02-16 11:58:30,47,voice,236,"Andheri Cell Site A, Mumbai Suburban"
KK-CDR-001305,KK00051,Pravin Kadam,8976000051,KK00040,Rajan Ansari,9930000040,2025-02-16 23:03:30,47,voice,129,"Pydhonie Cell Site B, Mumbai City"
KK-CDR-001306,KK00005,Kishor Ansari,8655000005,KK00041,Dnyaneshwar Parab,9930000041,2025-02-16 21:08:53,47,voice,119,"Vasai Cell Site A, Palghar"
KK-CDR-001307,KK00096,Hitesh Parekh,9422000096,KK00095,Umesh Shaikh,9930000095,2025-02-16 16:43:48,47,voice,36,"Palghar Cell Site B, Palghar"
KK-CDR-001308,KK00065,Dnyaneshwar Bhandari,8976000065,KK00047,Santosh Thakur,9833000047,2025-02-17 07:22:52,48,voice,29,"Ghatkopar Cell Site B, Mumbai Suburban"
KK-CDR-001309,KK00080,Rajan Desai,9820000080,KK00072,Yogesh Momin,9833000072,2025-02-17 13:54:32,48,voice,625,"Vartak Nagar Cell Site B, Thane"
KK-CDR-001310,KK00020,Vilas Sawant,9167000020,KK00024,Nilesh Parekh,9422000024,2025-02-17 17:17:20,48,voice,160,"Nalasopara Cell Site B, Palghar"
KK-CDR-001311,KK00061,Sameer Soni,9820000061,KK00050,Shirish Patil,9833000050,2025-02-17 22:37:50,48,voice,485,"Pydhonie Cell Site A, Mumbai City"
KK-CDR-001312,KK00075,Rafiq Pawar,8976000075,KK00070,Hanif Kadam,9323000070,2025-02-17 12:07:51,48,voice,450,"Wagle Estate Cell Site B, Thane"
KK-CDR-001313,KK00070,Hanif Kadam,9323000070,KK00132,Vilas Kulkarni,9930000132,2025-02-17 13:50:40,48,voice,283,"Kapurbawdi Cell Site B, Thane"
KK-CDR-001314,KK00094,Iqbal Patil,9833000094,KK00071,Arif Salvi,9833000071,2025-02-17 06:39:07,48,voice,168,"Kapurbawdi Cell Site B, Thane"
KK-CDR-001315,KK00054,Kishor Sawant,9833000054,KK00040,Rajan Ansari,9930000040,2025-02-17 20:43:25,48,voice,585,"Ghatkopar Cell Site B, Mumbai Suburban"
KK-CDR-001316,KK00077,Anil Thakur,9833000077,KK00086,Arif Bhosale,8976000086,2025-02-17 17:04:36,48,voice,783,"Wagle Estate Cell Site B, Thane"
KK-CDR-001317,KK00031,Anil Chavan,8655000031,KK00014,Anil Tandel,8655000014,2025-02-17 19:37:52,48,voice,26,"Ratnagiri City Cell Site A, Ratnagiri"
KK-CDR-001318,KK00153,Pravin Shaikh,8976000153,KK00133,Ravindra Chavan,9833000133,2025-02-17 18:14:22,48,voice,23,"Wagle Estate Cell Site A, Thane"
KK-CDR-001319,KK00127,Ganesh Kadam,7045000127,KK00138,Vinod Desai,8655000138,2025-02-17 09:35:53,48,voice,661,"Nhava Sheva Port Cell Site B, Raigad (Uran / JNPT)"
KK-CDR-001320,KK00056,Mahesh Bhandari,9833000056,KK00049,Santosh Zaveri,9833000049,2025-02-17 08:32:21,48,voice,94,"Andheri Cell Site A, Mumbai Suburban"
KK-CDR-001321,KK00078,Shirish Salvi,9833000078,KK00071,Arif Salvi,9833000071,2025-02-17 17:45:49,48,voice,796,"Rabodi Cell Site A, Thane"
KK-CDR-001322,KK00001,Nilesh Khatib,8655000001,KK00002,Iqbal Naik,9860000002,2025-02-17 21:45:08,48,voice,77,"Guhagar Cell Site A, Ratnagiri"
KK-CDR-001323,KK00003,Deepak Pawar,9167000003,KK00124,Sachin Bhosale,8655000124,2025-02-17 21:54:57,48,voice,322,"Dapoli Cell Site B, Ratnagiri"
KK-CDR-001324,KK00064,Anil Khatib,9820000064,KK00042,Shabbir Jadhav,9930000042,2025-02-17 18:15:18,48,voice,29,"Pydhonie Cell Site A, Mumbai City"
KK-CDR-001325,KK00065,Dnyaneshwar Bhandari,8976000065,KK00046,Shabbir Shaikh,9820000046,2025-02-17 20:30:14,48,voice,204,"Kurla Cell Site B, Mumbai Suburban"
KK-CDR-001326,KK00042,Shabbir Jadhav,9930000042,KK00054,Kishor Sawant,9833000054,2025-02-17 12:54:00,48,voice,75,"Kurla Cell Site A, Mumbai Suburban"
KK-CDR-001327,KK00056,Mahesh Bhandari,9833000056,KK00065,Dnyaneshwar Bhandari,8976000065,2025-02-17 16:26:18,48,voice,36,"Sakinaka Cell Site A, Mumbai Suburban"
KK-CDR-001328,KK00051,Pravin Kadam,8976000051,KK00039,Ravindra Bhosale,9323000039,2025-02-17 07:17:40,48,voice,185,"MRA Marg Cell Site B, Mumbai City"
KK-CDR-001329,KK00037,Ganesh Deshmukh,9323000037,KK00060,Mangesh Tandel,9820000060,2025-02-17 06:06:42,48,voice,163,"Ghatkopar Cell Site B, Mumbai Suburban"
KK-CDR-001330,KK00040,Rajan Ansari,9930000040,KK00062,Paresh Parekh,9820000062,2025-02-17 13:18:39,48,voice,172,"MRA Marg Cell Site B, Mumbai City"
KK-CDR-001331,KK00052,Rakesh Zaveri,8976000052,KK00050,Shirish Patil,9833000050,2025-02-17 21:05:17,48,voice,120,"Bandra Cell Site B, Mumbai Suburban"
KK-CDR-001332,KK00046,Shabbir Shaikh,9820000046,KK00057,Balkrishna Parekh,8976000057,2025-02-17 13:16:45,48,voice,48,"MRA Marg Cell Site B, Mumbai City"
KK-CDR-001333,KK00064,Anil Khatib,9820000064,KK00051,Pravin Kadam,8976000051,2025-02-17 07:06:59,48,voice,208,"MRA Marg Cell Site B, Mumbai City"
KK-CDR-001334,KK00046,Shabbir Shaikh,9820000046,KK00064,Anil Khatib,9820000064,2025-02-17 23:03:23,48,voice,215,"Dongri Cell Site B, Mumbai City"
KK-CDR-001335,KK00057,Balkrishna Parekh,8976000057,KK00054,Kishor Sawant,9833000054,2025-02-17 10:59:45,48,voice,159,"Pydhonie Cell Site A, Mumbai City"
KK-CDR-001336,KK00059,Salim More,9820000059,KK00050,Shirish Patil,9833000050,2025-02-17 17:19:52,48,voice,157,"Ghatkopar Cell Site A, Mumbai Suburban"
KK-CDR-001337,KK00037,Ganesh Deshmukh,9323000037,KK00064,Anil Khatib,9820000064,2025-02-17 23:45:58,48,voice,180,"Bandra Cell Site B, Mumbai Suburban"
KK-CDR-001338,KK00045,Kishor Sanghvi,9833000045,KK00037,Ganesh Deshmukh,9323000037,2025-02-17 14:36:17,48,voice,228,"Kurla Cell Site B, Mumbai Suburban"
KK-CDR-001339,KK00046,Shabbir Shaikh,9820000046,KK00043,Vinod Mehta,9323000043,2025-02-17 10:20:32,48,voice,100,"VP Road Cell Site B, Mumbai City"
KK-CDR-001340,KK00054,Kishor Sawant,9833000054,KK00062,Paresh Parekh,9820000062,2025-02-17 22:23:35,48,voice,33,"Kurla Cell Site A, Mumbai Suburban"
KK-CDR-001341,KK00039,Ravindra Bhosale,9323000039,KK00041,Dnyaneshwar Parab,9930000041,2025-02-17 18:21:01,48,voice,78,"MRA Marg Cell Site A, Mumbai City"
KK-CDR-001342,KK00063,Sameer Koli,9323000063,KK00043,Vinod Mehta,9323000043,2025-02-17 06:06:46,48,voice,105,"Dongri Cell Site A, Mumbai City"
KK-CDR-001343,KK00053,Pravin Bhatkar,9833000053,KK00058,Dattatray Patil,9833000058,2025-02-17 23:42:25,48,voice,185,"Sakinaka Cell Site A, Mumbai Suburban"
KK-CDR-001344,KK00063,Sameer Koli,9323000063,KK00053,Pravin Bhatkar,9833000053,2025-02-17 17:09:21,48,voice,107,"MRA Marg Cell Site B, Mumbai City"
KK-CDR-001345,KK00039,Ravindra Bhosale,9323000039,KK00061,Sameer Soni,9820000061,2025-02-17 10:37:38,48,voice,36,"LT Marg Cell Site B, Mumbai City"
KK-CDR-001346,KK00053,Pravin Bhatkar,9833000053,KK00056,Mahesh Bhandari,9833000056,2025-02-17 14:58:30,48,voice,37,"Sakinaka Cell Site A, Mumbai Suburban"
KK-CDR-001347,KK00049,Santosh Zaveri,9833000049,KK00053,Pravin Bhatkar,9833000053,2025-02-17 08:15:16,48,voice,171,"Sakinaka Cell Site A, Mumbai Suburban"
KK-CDR-001348,KK00039,Ravindra Bhosale,9323000039,KK00051,Pravin Kadam,8976000051,2025-02-17 23:20:37,48,voice,196,"VP Road Cell Site A, Mumbai City"
KK-CDR-001349,KK00066,Hanif Chavan,9833000066,KK00044,Ashok Sayyed,9833000044,2025-02-17 12:55:28,48,voice,140,"MRA Marg Cell Site B, Mumbai City"
KK-CDR-001350,KK00054,Kishor Sawant,9833000054,KK00064,Anil Khatib,9820000064,2025-02-17 19:37:05,48,voice,148,"Ghatkopar Cell Site B, Mumbai Suburban"
KK-CDR-001351,KK00043,Vinod Mehta,9323000043,KK00046,Shabbir Shaikh,9820000046,2025-02-17 23:20:04,48,voice,62,"Kurla Cell Site B, Mumbai Suburban"
KK-CDR-001352,KK00064,Anil Khatib,9820000064,KK00059,Salim More,9820000059,2025-02-17 13:44:43,48,voice,163,"Pydhonie Cell Site A, Mumbai City"
KK-CDR-001353,KK00038,Iqbal Mehta,9820000038,KK00057,Balkrishna Parekh,8976000057,2025-02-17 09:16:16,48,voice,151,"Sakinaka Cell Site A, Mumbai Suburban"
KK-CDR-001354,KK00041,Dnyaneshwar Parab,9930000041,KK00064,Anil Khatib,9820000064,2025-02-17 19:27:45,48,voice,68,"Andheri Cell Site A, Mumbai Suburban"
KK-CDR-001355,KK00050,Shirish Patil,9833000050,KK00059,Salim More,9820000059,2025-02-17 12:20:30,48,voice,229,"Dongri Cell Site A, Mumbai City"
KK-CDR-001356,KK00054,Kishor Sawant,9833000054,KK00060,Mangesh Tandel,9820000060,2025-02-17 13:46:06,48,voice,187,"Bandra Cell Site A, Mumbai Suburban"
KK-CDR-001357,KK00065,Dnyaneshwar Bhandari,8976000065,KK00043,Vinod Mehta,9323000043,2025-02-17 06:46:43,48,voice,208,"Bandra Cell Site A, Mumbai Suburban"
KK-CDR-001358,KK00039,Ravindra Bhosale,9323000039,KK00065,Dnyaneshwar Bhandari,8976000065,2025-02-17 06:48:27,48,voice,210,"Pydhonie Cell Site A, Mumbai City"
KK-CDR-001359,KK00064,Anil Khatib,9820000064,KK00045,Kishor Sanghvi,9833000045,2025-02-17 16:20:19,48,voice,33,"Pydhonie Cell Site A, Mumbai City"
KK-CDR-001360,KK00050,Shirish Patil,9833000050,KK00041,Dnyaneshwar Parab,9930000041,2025-02-17 18:37:05,48,voice,124,"MRA Marg Cell Site A, Mumbai City"
KK-CDR-001361,KK00050,Shirish Patil,9833000050,KK00061,Sameer Soni,9820000061,2025-02-17 12:00:06,48,voice,169,"MRA Marg Cell Site A, Mumbai City"
KK-CDR-001362,KK00041,Dnyaneshwar Parab,9930000041,KK00044,Ashok Sayyed,9833000044,2025-02-17 20:01:04,48,voice,224,"Andheri Cell Site B, Mumbai Suburban"
KK-CDR-001363,KK00061,Sameer Soni,9820000061,KK00059,Salim More,9820000059,2025-02-17 20:44:14,48,voice,158,"Pydhonie Cell Site A, Mumbai City"
KK-CDR-001364,KK00049,Santosh Zaveri,9833000049,KK00053,Pravin Bhatkar,9833000053,2025-02-17 10:21:29,48,voice,137,"Kurla Cell Site B, Mumbai Suburban"
KK-CDR-001365,KK00048,Sameer Doshi,9323000048,KK00040,Rajan Ansari,9930000040,2025-02-17 18:51:22,48,voice,92,"VP Road Cell Site A, Mumbai City"
KK-CDR-001366,KK00045,Kishor Sanghvi,9833000045,KK00060,Mangesh Tandel,9820000060,2025-02-17 21:18:11,48,voice,134,"Andheri Cell Site B, Mumbai Suburban"
KK-CDR-001367,KK00048,Sameer Doshi,9323000048,KK00046,Shabbir Shaikh,9820000046,2025-02-17 09:56:57,48,voice,166,"Pydhonie Cell Site B, Mumbai City"
KK-CDR-001368,KK00037,Ganesh Deshmukh,9323000037,KK00042,Shabbir Jadhav,9930000042,2025-02-17 23:53:10,48,voice,66,"Bandra Cell Site B, Mumbai Suburban"
KK-CDR-001369,KK00057,Balkrishna Parekh,8976000057,KK00062,Paresh Parekh,9820000062,2025-02-17 08:49:31,48,voice,27,"VP Road Cell Site A, Mumbai City"
KK-CDR-001370,KK00040,Rajan Ansari,9930000040,KK00066,Hanif Chavan,9833000066,2025-02-17 18:28:29,48,voice,39,"Pydhonie Cell Site A, Mumbai City"
KK-CDR-001371,KK00038,Iqbal Mehta,9820000038,KK00039,Ravindra Bhosale,9323000039,2025-02-17 11:52:42,48,voice,100,"Bandra Cell Site A, Mumbai Suburban"
KK-CDR-001372,KK00058,Dattatray Patil,9833000058,KK00038,Iqbal Mehta,9820000038,2025-02-17 15:18:21,48,voice,79,"Dongri Cell Site B, Mumbai City"
KK-CDR-001373,KK00056,Mahesh Bhandari,9833000056,KK00043,Vinod Mehta,9323000043,2025-02-17 11:47:24,48,voice,38,"Sakinaka Cell Site B, Mumbai Suburban"
KK-CDR-001374,KK00039,Ravindra Bhosale,9323000039,KK00045,Kishor Sanghvi,9833000045,2025-02-17 20:14:59,48,voice,59,"MRA Marg Cell Site B, Mumbai City"
KK-CDR-001375,KK00038,Iqbal Mehta,9820000038,KK00052,Rakesh Zaveri,8976000052,2025-02-17 19:59:06,48,voice,111,"Bandra Cell Site B, Mumbai Suburban"
KK-CDR-001376,KK00056,Mahesh Bhandari,9833000056,KK00064,Anil Khatib,9820000064,2025-02-17 11:13:57,48,voice,238,"Kurla Cell Site A, Mumbai Suburban"
KK-CDR-001377,KK00042,Shabbir Jadhav,9930000042,KK00048,Sameer Doshi,9323000048,2025-02-17 21:34:52,48,voice,226,"Kurla Cell Site B, Mumbai Suburban"
KK-CDR-001378,KK00059,Salim More,9820000059,KK00066,Hanif Chavan,9833000066,2025-02-17 06:32:32,48,voice,91,"Sakinaka Cell Site B, Mumbai Suburban"
KK-CDR-001379,KK00065,Dnyaneshwar Bhandari,8976000065,KK00052,Rakesh Zaveri,8976000052,2025-02-17 21:06:55,48,voice,65,"Bandra Cell Site B, Mumbai Suburban"
KK-CDR-001380,KK00056,Mahesh Bhandari,9833000056,KK00053,Pravin Bhatkar,9833000053,2025-02-17 12:47:51,48,voice,161,"Andheri Cell Site B, Mumbai Suburban"
KK-CDR-001381,KK00045,Kishor Sanghvi,9833000045,KK00054,Kishor Sawant,9833000054,2025-02-17 06:31:23,48,voice,171,"Bandra Cell Site B, Mumbai Suburban"
KK-CDR-001382,KK00042,Shabbir Jadhav,9930000042,KK00048,Sameer Doshi,9323000048,2025-02-17 23:35:58,48,voice,169,"Bandra Cell Site A, Mumbai Suburban"
KK-CDR-001383,KK00053,Pravin Bhatkar,9833000053,KK00039,Ravindra Bhosale,9323000039,2025-02-17 16:46:49,48,voice,179,"Sakinaka Cell Site A, Mumbai Suburban"
KK-CDR-001384,KK00061,Sameer Soni,9820000061,KK00107,Yogesh Bhosale,9820000107,2025-02-18 07:53:45,49,voice,792,"VP Road Cell Site B, Mumbai City"
KK-CDR-001385,KK00006,Salim Parab,8655000006,KK00165,Prakash Zaveri,7045000165,2025-02-18 07:24:19,49,voice,31,"Dapoli Cell Site B, Ratnagiri"
KK-CDR-001386,KK00072,Yogesh Momin,9833000072,KK00195,Pravin Kothari,9820000195,2025-02-18 07:12:56,49,voice,540,"Naupada Cell Site A, Thane"
KK-CDR-001387,KK00381,Paresh Deshmukh,9930000381,KK00305,Santosh Pawar,9820000305,2025-02-18 20:14:14,49,voice,667,"Koregaon Park Cell Site A, Pune"
KK-CDR-001388,KK00026,Rafiq Shah,9167000026,KK00018,Suhas Sanghvi,9167000018,2025-02-18 18:50:46,49,voice,177,"Ratnagiri City Cell Site A, Ratnagiri"
KK-CDR-001389,KK00083,Sachin Naik,9930000083,KK00085,Prakash Shaikh,9820000085,2025-02-18 16:22:55,49,voice,20,"Vartak Nagar Cell Site B, Thane"
KK-CDR-001390,KK00090,Arif Mhatre,9930000090,KK00137,Pravin Zaveri,9930000137,2025-02-18 15:06:27,49,voice,486,"Wagle Estate Cell Site B, Thane"
KK-CDR-001391,KK00087,Rafiq Deshmukh,8976000087,KK00094,Iqbal Patil,9833000094,2025-02-18 19:06:01,49,voice,58,"Rabodi Cell Site A, Thane"
KK-CDR-001392,KK00090,Arif Mhatre,9930000090,KK00073,Mangesh Naik,9323000073,2025-02-18 20:30:43,49,voice,199,"Vartak Nagar Cell Site A, Thane"
KK-CDR-001393,KK00128,Mahesh Bhosale,9833000128,KK00123,Nitin Shaikh,8976000123,2025-02-18 21:47:50,49,voice,702,"MRA Marg Cell Site A, Mumbai City"
KK-CDR-001394,KK00062,Paresh Parekh,9820000062,KK00041,Dnyaneshwar Parab,9930000041,2025-02-18 08:01:01,49,voice,386,"Andheri Cell Site A, Mumbai Suburban"
KK-CDR-001395,KK00039,Ravindra Bhosale,9323000039,KK00044,Ashok Sayyed,9833000044,2025-02-18 21:24:33,49,voice,657,"VP Road Cell Site A, Mumbai City"
KK-CDR-001396,KK00055,Vilas Shinde,8976000055,KK00062,Paresh Parekh,9820000062,2025-02-18 21:41:45,49,voice,597,"MRA Marg Cell Site B, Mumbai City"
KK-CDR-001397,KK00063,Sameer Koli,9323000063,KK00043,Vinod Mehta,9323000043,2025-02-18 16:02:56,49,voice,138,"VP Road Cell Site B, Mumbai City"
KK-CDR-001398,KK00204,Vilas Desai,9820000204,KK00149,Paresh Khatib,9820000149,2025-02-18 06:34:05,49,voice,76,"Andheri Cell Site A, Mumbai Suburban"
KK-CDR-001399,KK00130,Nitin Doshi,8976000130,KK00117,Ganesh Bhosale,8976000117,2025-02-18 17:03:03,49,voice,715,"Vartak Nagar Cell Site A, Thane"
KK-CDR-001400,KK00021,Santosh Bhandari,9422000021,KK00025,Deepak Zaveri,8655000025,2025-02-18 06:05:30,49,voice,357,"Harnai Coastal Cell Site A, Ratnagiri"
KK-CDR-001401,KK00067,Shirish Pawar,8976000067,KK00087,Rafiq Deshmukh,8976000087,2025-02-18 12:00:57,49,voice,179,"Kapurbawdi Cell Site A, Thane"
KK-CDR-001402,KK00014,Anil Tandel,8655000014,KK00009,Dattatray Soni,9860000009,2025-02-18 23:30:55,49,voice,748,"Satpati Coastal Cell Site B, Palghar"
KK-CDR-001403,KK00050,Shirish Patil,9833000050,KK00042,Shabbir Jadhav,9930000042,2025-02-18 19:54:20,49,voice,498,"Pydhonie Cell Site A, Mumbai City"
KK-CDR-001404,KK00037,Ganesh Deshmukh,9323000037,KK00067,Shirish Pawar,8976000067,2025-02-18 23:11:10,49,voice,261,"Bandra Cell Site B, Mumbai Suburban"
KK-CDR-001405,KK00036,Fayyaz Kadam,9422000036,KK00008,Vilas Tandel,9860000008,2025-02-19 20:57:33,50,voice,637,"Nalasopara Cell Site A, Palghar"
KK-CDR-001406,KK00062,Paresh Parekh,9820000062,KK00206,Rakesh Shah,9323000206,2025-02-19 11:40:57,50,voice,531,"Ghatkopar Cell Site B, Mumbai Suburban"
KK-CDR-001407,KK00020,Vilas Sawant,9167000020,KK00187,Prakash Salvi,7045000187,2025-02-19 20:30:44,50,voice,544,"Vasai Cell Site B, Palghar"
KK-CDR-001408,KK00054,Kishor Sawant,9833000054,KK00046,Shabbir Shaikh,9820000046,2025-02-19 17:22:51,50,voice,163,"Kurla Cell Site A, Mumbai Suburban"
KK-CDR-001409,KK00043,Vinod Mehta,9323000043,KK00065,Dnyaneshwar Bhandari,8976000065,2025-02-19 23:21:00,50,voice,430,"Ghatkopar Cell Site A, Mumbai Suburban"
KK-CDR-001410,KK00036,Fayyaz Kadam,9422000036,KK00021,Santosh Bhandari,9422000021,2025-02-19 19:26:16,50,voice,494,"Vasai Cell Site B, Palghar"
KK-CDR-001411,KK00079,Rafiq Soni,8976000079,KK00180,Iqbal Parab,9820000180,2025-02-19 22:50:52,50,voice,796,"Vartak Nagar Cell Site A, Thane"
KK-CDR-001412,KK00060,Mangesh Tandel,9820000060,KK00037,Ganesh Deshmukh,9323000037,2025-02-19 09:52:34,50,voice,193,"Sakinaka Cell Site B, Mumbai Suburban"
KK-CDR-001413,KK00033,Shirish Chavan,9422000033,KK00163,Paresh Patil,9167000163,2025-02-19 12:17:56,50,voice,757,"Guhagar Cell Site B, Ratnagiri"
KK-CDR-001414,KK00046,Shabbir Shaikh,9820000046,KK00174,Hitesh Sanghvi,9820000174,2025-02-19 12:23:56,50,voice,173,"MRA Marg Cell Site A, Mumbai City"
KK-CDR-001415,KK00078,Shirish Salvi,9833000078,KK00070,Hanif Kadam,9323000070,2025-02-19 18:23:39,50,voice,379,"Wagle Estate Cell Site B, Thane"
KK-CDR-001416,KK00056,Mahesh Bhandari,9833000056,KK00044,Ashok Sayyed,9833000044,2025-02-19 10:27:36,50,voice,356,"Sakinaka Cell Site A, Mumbai Suburban"
KK-CDR-001417,KK00052,Rakesh Zaveri,8976000052,KK00044,Ashok Sayyed,9833000044,2025-02-19 08:19:40,50,voice,807,"Bandra Cell Site A, Mumbai Suburban"
KK-CDR-001418,KK00082,Kishor Gaikwad,8976000082,KK00076,Jitendra Shaikh,9833000076,2025-02-19 07:01:04,50,voice,734,"Rabodi Cell Site B, Thane"
KK-CDR-001419,KK00072,Yogesh Momin,9833000072,KK00094,Iqbal Patil,9833000094,2025-02-19 07:04:34,50,voice,73,"Kapurbawdi Cell Site A, Thane"
KK-CDR-001420,KK00365,Iqbal Surve,9323000365,KK00259,Javed Momin,8976000259,2025-02-19 15:18:57,50,voice,755,"Kapurbawdi Cell Site B, Thane"
KK-CDR-001421,KK00060,Mangesh Tandel,9820000060,KK00145,Vilas Ansari,9323000145,2025-02-19 08:39:09,50,voice,883,"Kurla Cell Site A, Mumbai Suburban"
KK-CDR-001422,KK00186,Santosh Kadam,9833000186,KK00195,Pravin Kothari,9820000195,2025-02-19 07:33:07,50,voice,617,"Rabodi Cell Site A, Thane"
KK-CDR-001423,KK00140,Salim Kothari,9167000140,KK00114,Dnyaneshwar Bhatkar,9167000114,2025-02-19 12:49:58,50,voice,268,"Harnai Coastal Cell Site B, Ratnagiri"
KK-CDR-001424,KK00092,Suhas Parekh,9930000092,KK00091,Ashok More,9833000091,2025-02-19 16:24:01,50,voice,145,"Naupada Cell Site B, Thane"
KK-CDR-001425,KK00121,Mangesh Doshi,9930000121,KK00103,Rafiq Khatib,9930000103,2025-02-19 18:13:07,50,voice,118,"Naupada Cell Site A, Thane"
KK-CDR-001426,KK00051,Pravin Kadam,8976000051,KK00046,Shabbir Shaikh,9820000046,2025-02-19 16:23:23,50,voice,145,"VP Road Cell Site A, Mumbai City"
KK-CDR-001427,KK00284,Imtiaz Surve,9833000284,KK00380,Sameer Patil,9930000380,2025-02-19 08:39:38,50,voice,845,"Sakinaka Cell Site A, Mumbai Suburban"
KK-CDR-001428,KK00335,Shirish Sanghvi,9930000335,KK00323,Shabbir Kothari,8976000323,2025-02-19 10:44:59,50,voice,456,"Sakinaka Cell Site B, Mumbai Suburban"
KK-CDR-001429,KK00095,Umesh Shaikh,9930000095,KK00015,Balkrishna Shinde,7045000015,2025-02-19 12:46:51,50,voice,245,"CBD Belapur Cell Site A, Navi Mumbai"
KK-CDR-001430,KK00095,Umesh Shaikh,9930000095,KK00001,Nilesh Khatib,8655000001,2025-02-19 16:50:54,50,voice,103,"Nerul Cell Site A, Navi Mumbai"
KK-CDR-001431,KK00037,Ganesh Deshmukh,9323000037,KK00067,Shirish Pawar,8976000067,2025-02-19 14:48:10,50,voice,144,"Sakinaka Cell Site A, Mumbai Suburban"
KK-CDR-001432,KK00046,Shabbir Shaikh,9820000046,KK00042,Shabbir Jadhav,9930000042,2025-02-20 21:01:18,51,voice,114,"MRA Marg Cell Site B, Mumbai City"
KK-CDR-001433,KK00016,Anil Tandel,9167000016,KK00036,Fayyaz Kadam,9422000036,2025-02-20 14:34:33,51,voice,57,"Dapoli Cell Site B, Ratnagiri"
KK-CDR-001434,KK00058,Dattatray Patil,9833000058,KK00045,Kishor Sanghvi,9833000045,2025-02-20 18:38:43,51,voice,26,"LT Marg Cell Site A, Mumbai City"
KK-CDR-001435,KK00016,Anil Tandel,9167000016,KK00005,Kishor Ansari,8655000005,2025-02-20 11:49:58,51,voice,486,"Guhagar Cell Site A, Ratnagiri"
KK-CDR-001436,KK00045,Kishor Sanghvi,9833000045,KK00038,Iqbal Mehta,9820000038,2025-02-20 11:42:02,51,voice,357,"Sakinaka Cell Site A, Mumbai Suburban"
KK-CDR-001437,KK00018,Suhas Sanghvi,9167000018,KK00005,Kishor Ansari,8655000005,2025-02-20 14:31:00,51,voice,836,"Guhagar Cell Site B, Ratnagiri"
KK-CDR-001438,KK00090,Arif Mhatre,9930000090,KK00085,Prakash Shaikh,9820000085,2025-02-20 08:51:45,51,voice,766,"Wagle Estate Cell Site B, Thane"
KK-CDR-001439,KK00202,Rajan Bhosale,9820000202,KK00204,Vilas Desai,9820000204,2025-02-20 20:37:34,51,voice,50,"Pydhonie Cell Site B, Mumbai City"
KK-CDR-001440,KK00030,Vilas Khatib,8655000030,KK00035,Balkrishna Shaikh,9167000035,2025-02-20 06:01:20,51,voice,613,"Guhagar Cell Site A, Ratnagiri"
KK-CDR-001441,KK00057,Balkrishna Parekh,8976000057,KK00045,Kishor Sanghvi,9833000045,2025-02-20 16:21:39,51,voice,427,"Pydhonie Cell Site A, Mumbai City"
KK-CDR-001442,KK00191,Javed Naik,9323000191,KK00208,Rafiq Momin,9930000208,2025-02-20 11:45:19,51,voice,885,"LT Marg Cell Site A, Mumbai City"
KK-CDR-001443,KK00067,Shirish Pawar,8976000067,KK00074,Prakash Bhosale,9323000074,2025-02-20 13:16:25,51,voice,736,"Kapurbawdi Cell Site B, Thane"
KK-CDR-001444,KK00099,Salim Khatib,7045000099,KK00192,Ashok Parekh,9422000192,2025-02-20 11:22:27,51,voice,783,"Harnai Coastal Cell Site B, Ratnagiri"
KK-CDR-001445,KK00091,Ashok More,9833000091,KK00082,Kishor Gaikwad,8976000082,2025-02-20 08:05:35,51,voice,173,"Naupada Cell Site B, Thane"
KK-CDR-001446,KK00067,Shirish Pawar,8976000067,KK00068,Prakash Koli,9833000068,2025-02-20 12:35:36,51,voice,751,"Rabodi Cell Site B, Thane"
KK-CDR-001447,KK00003,Deepak Pawar,9167000003,KK00023,Prakash Deshmukh,8655000023,2025-02-20 13:36:26,51,voice,124,"Dapoli Cell Site B, Ratnagiri"
KK-CDR-001448,KK00047,Santosh Thakur,9833000047,KK00206,Rakesh Shah,9323000206,2025-02-20 16:47:06,51,voice,687,"Kurla Cell Site A, Mumbai Suburban"
KK-CDR-001449,KK00125,Mahesh Desai,9422000125,KK00210,Sameer More,8655000210,2025-02-20 19:03:53,51,voice,708,"Palghar Cell Site A, Palghar"
KK-CDR-001450,KK00217,Rafiq Ansari,9323000217,KK00240,Fayyaz Shinde,9930000240,2025-02-20 11:01:17,51,voice,54,"Andheri Cell Site B, Mumbai Suburban"
KK-CDR-001451,KK00239,Jitendra Parekh,9323000239,KK00408,Kishor Tandel,9930000408,2025-02-20 14:59:01,51,voice,428,"Andheri Cell Site B, Mumbai Suburban"
KK-CDR-001452,KK00074,Prakash Bhosale,9323000074,KK00133,Ravindra Chavan,9833000133,2025-02-20 21:54:46,51,voice,873,"Rabodi Cell Site B, Thane"
KK-CDR-001453,KK00095,Umesh Shaikh,9930000095,KK00030,Vilas Khatib,8655000030,2025-02-20 14:17:33,51,voice,233,"Nerul Cell Site A, Navi Mumbai"
KK-CDR-001454,KK00095,Umesh Shaikh,9930000095,KK00026,Rafiq Shah,9167000026,2025-02-20 08:07:28,51,voice,123,"Nerul Cell Site A, Navi Mumbai"
KK-CDR-001455,KK00095,Umesh Shaikh,9930000095,KK00088,Rajan Sawant,9323000088,2025-02-20 09:35:39,51,voice,216,"CBD Belapur Cell Site B, Navi Mumbai"
KK-CDR-001456,KK00037,Ganesh Deshmukh,9323000037,KK00067,Shirish Pawar,8976000067,2025-02-20 15:14:15,51,voice,168,"Ghatkopar Cell Site A, Mumbai Suburban"
KK-CDR-001457,KK00023,Prakash Deshmukh,8655000023,KK00196,Nitin Sayyed,9422000196,2025-02-21 06:44:57,52,voice,631,"Guhagar Cell Site B, Ratnagiri"
KK-CDR-001458,KK00035,Balkrishna Shaikh,9167000035,KK00008,Vilas Tandel,9860000008,2025-02-21 11:51:19,52,voice,164,"Vasai Cell Site A, Palghar"
KK-CDR-001459,KK00003,Deepak Pawar,9167000003,KK00033,Shirish Chavan,9422000033,2025-02-21 13:02:48,52,voice,619,"Ratnagiri City Cell Site B, Ratnagiri"
KK-CDR-001460,KK00068,Prakash Koli,9833000068,KK00075,Rafiq Pawar,8976000075,2025-02-21 19:08:18,52,voice,407,"Vartak Nagar Cell Site A, Thane"
KK-CDR-001461,KK00150,Rafiq Naik,7045000150,KK00216,Santosh Jadhav,8655000216,2025-02-21 15:12:39,52,voice,708,"Satpati Coastal Cell Site A, Palghar"
KK-CDR-001462,KK00122,Salim Kulkarni,8655000122,KK00154,Hanif Thakur,7045000154,2025-02-21 23:32:59,52,voice,35,"Palghar Cell Site B, Palghar"
KK-CDR-001463,KK00074,Prakash Bhosale,9323000074,KK00076,Jitendra Shaikh,9833000076,2025-02-21 08:30:18,52,voice,296,"Rabodi Cell Site A, Thane"
KK-CDR-001464,KK00053,Pravin Bhatkar,9833000053,KK00061,Sameer Soni,9820000061,2025-02-21 22:49:00,52,voice,534,"Bandra Cell Site B, Mumbai Suburban"
KK-CDR-001465,KK00033,Shirish Chavan,9422000033,KK00021,Santosh Bhandari,9422000021,2025-02-21 15:06:51,52,voice,402,"Ratnagiri City Cell Site B, Ratnagiri"
KK-CDR-001466,KK00076,Jitendra Shaikh,9833000076,KK00070,Hanif Kadam,9323000070,2025-02-21 09:25:04,52,voice,786,"Kapurbawdi Cell Site B, Thane"
KK-CDR-001467,KK00067,Shirish Pawar,8976000067,KK00088,Rajan Sawant,9323000088,2025-02-21 15:55:29,52,voice,287,"Vartak Nagar Cell Site B, Thane"
KK-CDR-001468,KK00062,Paresh Parekh,9820000062,KK00039,Ravindra Bhosale,9323000039,2025-02-21 12:58:56,52,voice,688,"Andheri Cell Site B, Mumbai Suburban"
KK-CDR-001469,KK00062,Paresh Parekh,9820000062,KK00040,Rajan Ansari,9930000040,2025-02-21 18:40:59,52,voice,775,"Bandra Cell Site A, Mumbai Suburban"
KK-CDR-001470,KK00010,Hitesh Desai,7045000010,KK00155,Rakesh Kothari,9422000155,2025-02-21 10:06:49,52,voice,891,"Harnai Coastal Cell Site B, Ratnagiri"
KK-CDR-001471,KK00186,Santosh Kadam,9833000186,KK00157,Mahesh Bhatkar,9930000157,2025-02-21 09:06:05,52,voice,358,"Kapurbawdi Cell Site B, Thane"
KK-CDR-001472,KK00004,Kishor Pawar,9167000004,KK00207,Shabbir Pawar,9422000207,2025-02-21 17:39:02,52,voice,685,"Panvel Taluka Cell Site A, Raigad (Uran / JNPT)"
KK-CDR-001473,KK00061,Sameer Soni,9820000061,KK00054,Kishor Sawant,9833000054,2025-02-21 10:19:25,52,voice,895,"VP Road Cell Site A, Mumbai City"
KK-CDR-001474,KK00328,Rafiq Kulkarni,8976000328,KK00262,Vinod Jadhav,9323000262,2025-02-21 07:58:40,52,voice,558,"Bund Garden Cell Site B, Pune"
KK-CDR-001475,KK00037,Ganesh Deshmukh,9323000037,KK00067,Shirish Pawar,8976000067,2025-02-21 07:24:25,52,voice,240,"Andheri Cell Site B, Mumbai Suburban"
KK-CDR-001476,KK00017,Anil Tandel,7045000017,KK00030,Vilas Khatib,8655000030,2025-02-22 14:14:54,53,voice,876,"Uran Cell Site A, Raigad (Uran / JNPT)"
KK-CDR-001477,KK00044,Ashok Sayyed,9833000044,KK00063,Sameer Koli,9323000063,2025-02-22 18:46:00,53,voice,286,"MRA Marg Cell Site B, Mumbai City"
KK-CDR-001478,KK00053,Pravin Bhatkar,9833000053,KK00038,Iqbal Mehta,9820000038,2025-02-22 22:00:02,53,voice,819,"Andheri Cell Site A, Mumbai Suburban"
KK-CDR-001479,KK00013,Kishor Koli,7045000013,KK00032,Dattatray Mehta,9860000032,2025-02-22 18:58:18,53,voice,347,"Satpati Coastal Cell Site A, Palghar"
KK-CDR-001480,KK00144,Anil Shinde,9323000144,KK00180,Iqbal Parab,9820000180,2025-02-22 13:58:11,53,voice,504,"Naupada Cell Site B, Thane"
KK-CDR-001481,KK00069,Imtiaz Kadam,9323000069,KK00085,Prakash Shaikh,9820000085,2025-02-22 08:03:55,53,voice,392,"Kapurbawdi Cell Site A, Thane"
KK-CDR-001482,KK00077,Anil Thakur,9833000077,KK00093,Rajan Sanghvi,9820000093,2025-02-22 16:31:55,53,voice,678,"Naupada Cell Site B, Thane"
KK-CDR-001483,KK00053,Pravin Bhatkar,9833000053,KK00055,Vilas Shinde,8976000055,2025-02-22 22:22:47,53,voice,713,"Bandra Cell Site B, Mumbai Suburban"
KK-CDR-001484,KK00057,Balkrishna Parekh,8976000057,KK00052,Rakesh Zaveri,8976000052,2025-02-22 14:57:40,53,voice,504,"Pydhonie Cell Site A, Mumbai City"
KK-CDR-001485,KK00176,Ravindra Shaikh,8655000176,KK00192,Ashok Parekh,9422000192,2025-02-22 12:22:40,53,voice,663,"Panvel Taluka Cell Site B, Raigad (Uran / JNPT)"
KK-CDR-001486,KK00206,Rakesh Shah,9323000206,KK00184,Iqbal Jadhav,9833000184,2025-02-22 16:49:14,53,voice,283,"Dongri Cell Site B, Mumbai City"
KK-CDR-001487,KK00208,Rafiq Momin,9930000208,KK00199,Sunil Deshmukh,9820000199,2025-02-22 18:09:21,53,voice,507,"Sakinaka Cell Site A, Mumbai Suburban"
KK-CDR-001488,KK00192,Ashok Parekh,9422000192,KK00207,Shabbir Pawar,9422000207,2025-02-22 14:54:18,53,voice,406,"Harnai Coastal Cell Site A, Ratnagiri"
KK-CDR-001489,KK00031,Anil Chavan,8655000031,KK00032,Dattatray Mehta,9860000032,2025-02-22 08:17:42,53,voice,766,"Guhagar Cell Site A, Ratnagiri"
KK-CDR-001490,KK00094,Iqbal Patil,9833000094,KK00157,Mahesh Bhatkar,9930000157,2025-02-22 20:09:20,53,voice,261,"Kapurbawdi Cell Site A, Thane"
KK-CDR-001491,KK00075,Rafiq Pawar,8976000075,KK00161,Shirish Parab,9833000161,2025-02-22 06:36:11,53,voice,649,"Naupada Cell Site B, Thane"
KK-CDR-001492,KK00370,Pravin Khatib,8976000370,KK00355,Shirish Shinde,9323000355,2025-02-22 23:19:45,53,voice,390,"Rabodi Cell Site A, Thane"
KK-CDR-001493,KK00090,Arif Mhatre,9930000090,KK00185,Balkrishna Kothari,8976000185,2025-02-22 07:36:22,53,voice,65,"Naupada Cell Site A, Thane"
KK-CDR-001494,KK00023,Prakash Deshmukh,8655000023,KK00025,Deepak Zaveri,8655000025,2025-02-22 20:53:50,53,voice,851,"Dapoli Cell Site B, Ratnagiri"
KK-CDR-001495,KK00029,Pravin Koli,7045000029,KK00018,Suhas Sanghvi,9167000018,2025-02-22 17:25:32,53,voice,559,"Nalasopara Cell Site A, Palghar"
KK-CDR-001496,KK00070,Hanif Kadam,9323000070,KK00120,Bhavesh Soni,8976000120,2025-02-22 06:55:20,53,voice,97,"Kapurbawdi Cell Site B, Thane"
KK-CDR-001497,KK00037,Ganesh Deshmukh,9323000037,KK00067,Shirish Pawar,8976000067,2025-02-22 21:27:18,53,voice,203,"Ghatkopar Cell Site B, Mumbai Suburban"
KK-CDR-001498,KK00073,Mangesh Naik,9323000073,KK00090,Arif Mhatre,9930000090,2025-02-23 21:40:24,54,voice,805,"Naupada Cell Site B, Thane"
KK-CDR-001499,KK00067,Shirish Pawar,8976000067,KK00144,Anil Shinde,9323000144,2025-02-23 21:42:42,54,voice,209,"Wagle Estate Cell Site A, Thane"
KK-CDR-001500,KK00074,Prakash Bhosale,9323000074,KK00072,Yogesh Momin,9833000072,2025-02-23 23:30:34,54,voice,371,"Naupada Cell Site A, Thane"
KK-CDR-001501,KK00078,Shirish Salvi,9833000078,KK00080,Rajan Desai,9820000080,2025-02-23 20:12:01,54,voice,636,"Vartak Nagar Cell Site B, Thane"
KK-CDR-001502,KK00083,Sachin Naik,9930000083,KK00079,Rafiq Soni,8976000079,2025-02-23 10:49:27,54,voice,668,"Naupada Cell Site B, Thane"
KK-CDR-001503,KK00079,Rafiq Soni,8976000079,KK00073,Mangesh Naik,9323000073,2025-02-23 11:41:17,54,voice,229,"Vartak Nagar Cell Site B, Thane"
KK-CDR-001504,KK00086,Arif Bhosale,8976000086,KK00075,Rafiq Pawar,8976000075,2025-02-23 22:58:55,54,voice,627,"Kapurbawdi Cell Site B, Thane"
KK-CDR-001505,KK00057,Balkrishna Parekh,8976000057,KK00061,Sameer Soni,9820000061,2025-02-23 11:26:08,54,voice,157,"VP Road Cell Site B, Mumbai City"
KK-CDR-001506,KK00047,Santosh Thakur,9833000047,KK00064,Anil Khatib,9820000064,2025-02-23 19:31:00,54,voice,241,"Ghatkopar Cell Site B, Mumbai Suburban"
KK-CDR-001507,KK00076,Jitendra Shaikh,9833000076,KK00131,Hitesh Dalvi,8976000131,2025-02-23 20:37:28,54,voice,513,"Vartak Nagar Cell Site B, Thane"
KK-CDR-001508,KK00038,Iqbal Mehta,9820000038,KK00102,Hitesh Kothari,9820000102,2025-02-23 07:42:59,54,voice,807,"Bandra Cell Site B, Mumbai Suburban"
KK-CDR-001509,KK00034,Rakesh Doshi,9860000034,KK00025,Deepak Zaveri,8655000025,2025-02-23 22:41:01,54,voice,650,"Uran Cell Site A, Raigad (Uran / JNPT)"
KK-CDR-001510,KK00068,Prakash Koli,9833000068,KK00081,Deepak Kadam,9833000081,2025-02-23 23:26:16,54,voice,320,"Wagle Estate Cell Site A, Thane"
KK-CDR-001511,KK00035,Balkrishna Shaikh,9167000035,KK00028,Sameer Kulkarni,9422000028,2025-02-23 15:41:40,54,voice,581,"Vasai Cell Site B, Palghar"
KK-CDR-001512,KK00014,Anil Tandel,8655000014,KK00214,Vinod Pawar,7045000214,2025-02-23 22:21:29,54,voice,526,"Nalasopara Cell Site B, Palghar"
KK-CDR-001513,KK00073,Mangesh Naik,9323000073,KK00183,Paresh Thakur,9930000183,2025-02-23 19:09:19,54,voice,558,"Naupada Cell Site B, Thane"
KK-CDR-001514,KK00203,Hanif Koli,8976000203,KK00161,Shirish Parab,9833000161,2025-02-23 13:43:27,54,voice,158,"Kapurbawdi Cell Site A, Thane"
KK-CDR-001515,KK00086,Arif Bhosale,8976000086,KK00069,Imtiaz Kadam,9323000069,2025-02-23 06:47:44,54,voice,438,"Vartak Nagar Cell Site B, Thane"
KK-CDR-001516,KK00051,Pravin Kadam,8976000051,KK00038,Iqbal Mehta,9820000038,2025-02-23 14:12:39,54,voice,700,"Dongri Cell Site A, Mumbai City"
KK-CDR-001517,KK00058,Dattatray Patil,9833000058,KK00052,Rakesh Zaveri,8976000052,2025-02-23 14:00:56,54,voice,615,"Dongri Cell Site B, Mumbai City"
KK-CDR-001518,KK00070,Hanif Kadam,9323000070,KK00069,Imtiaz Kadam,9323000069,2025-02-23 07:25:26,54,voice,342,"Kapurbawdi Cell Site A, Thane"
KK-CDR-001519,KK00001,Nilesh Khatib,8655000001,KK00036,Fayyaz Kadam,9422000036,2025-02-23 18:23:09,54,voice,883,"Dapoli Cell Site B, Ratnagiri"
KK-CDR-001520,KK00095,Umesh Shaikh,9930000095,KK00078,Shirish Salvi,9833000078,2025-02-23 09:01:04,54,voice,132,"APMC Cell Site A, Navi Mumbai"
KK-CDR-001521,KK00084,Vinod Deshmukh,9833000084,KK00077,Anil Thakur,9833000077,2025-02-24 10:17:19,55,voice,614,"Naupada Cell Site B, Thane"
KK-CDR-001522,KK00272,Sameer Ansari,8976000272,KK00406,Sameer Bhosale,9833000406,2025-02-24 11:12:51,55,voice,394,"Bund Garden Cell Site B, Pune"
KK-CDR-001523,KK00029,Pravin Koli,7045000029,KK00018,Suhas Sanghvi,9167000018,2025-02-24 18:02:11,55,voice,843,"Palghar Cell Site B, Palghar"
KK-CDR-001524,KK00090,Arif Mhatre,9930000090,KK00081,Deepak Kadam,9833000081,2025-02-24 08:18:39,55,voice,516,"Vartak Nagar Cell Site A, Thane"
KK-CDR-001525,KK00010,Hitesh Desai,7045000010,KK00001,Nilesh Khatib,8655000001,2025-02-24 13:58:16,55,voice,795,"Ratnagiri City Cell Site B, Ratnagiri"
KK-CDR-001526,KK00072,Yogesh Momin,9833000072,KK00070,Hanif Kadam,9323000070,2025-02-24 14:25:18,55,voice,485,"Kapurbawdi Cell Site A, Thane"
KK-CDR-001527,KK00051,Pravin Kadam,8976000051,KK00063,Sameer Koli,9323000063,2025-02-24 14:25:30,55,voice,151,"LT Marg Cell Site B, Mumbai City"
KK-CDR-001528,KK00083,Sachin Naik,9930000083,KK00077,Anil Thakur,9833000077,2025-02-24 21:23:51,55,voice,487,"Wagle Estate Cell Site A, Thane"
KK-CDR-001529,KK00001,Nilesh Khatib,8655000001,KK00034,Rakesh Doshi,9860000034,2025-02-24 20:24:02,55,voice,217,"Dapoli Cell Site A, Ratnagiri"
KK-CDR-001530,KK00055,Vilas Shinde,8976000055,KK00046,Shabbir Shaikh,9820000046,2025-02-24 10:42:58,55,voice,549,"LT Marg Cell Site B, Mumbai City"
KK-CDR-001531,KK00187,Prakash Salvi,7045000187,KK00099,Salim Khatib,7045000099,2025-02-24 11:57:14,55,voice,572,"Vasai Cell Site B, Palghar"
KK-CDR-001532,KK00093,Rajan Sanghvi,9820000093,KK00143,Shabbir Surve,9930000143,2025-02-24 17:35:08,55,voice,793,"Kapurbawdi Cell Site A, Thane"
KK-CDR-001533,KK00066,Hanif Chavan,9833000066,KK00044,Ashok Sayyed,9833000044,2025-02-24 21:59:07,55,voice,45,"MRA Marg Cell Site B, Mumbai City"
KK-CDR-001534,KK00014,Anil Tandel,8655000014,KK00003,Deepak Pawar,9167000003,2025-02-24 16:06:13,55,voice,383,"Nalasopara Cell Site A, Palghar"
KK-CDR-001535,KK00054,Kishor Sawant,9833000054,KK00040,Rajan Ansari,9930000040,2025-02-24 13:00:56,55,voice,444,"Kurla Cell Site B, Mumbai Suburban"
KK-CDR-001536,KK00085,Prakash Shaikh,9820000085,KK00213,Ravindra Zaveri,9820000213,2025-02-24 18:28:57,55,voice,314,"Naupada Cell Site A, Thane"
KK-CDR-001537,KK00030,Vilas Khatib,8655000030,KK00016,Anil Tandel,9167000016,2025-02-24 07:40:01,55,voice,322,"Guhagar Cell Site B, Ratnagiri"
KK-CDR-001538,KK00013,Kishor Koli,7045000013,KK00170,Kishor Thakur,9860000170,2025-02-24 13:21:20,55,voice,164,"Palghar Cell Site A, Palghar"
KK-CDR-001539,KK00003,Deepak Pawar,9167000003,KK00011,Yogesh Kadam,7045000011,2025-02-24 13:13:52,55,voice,246,"Guhagar Cell Site B, Ratnagiri"
KK-CDR-001540,KK00018,Suhas Sanghvi,9167000018,KK00008,Vilas Tandel,9860000008,2025-02-24 07:13:21,55,voice,329,"Dapoli Cell Site A, Ratnagiri"
KK-CDR-001541,KK00164,Nitin Thakur,9422000164,KK00139,Sunil Bhandari,9860000139,2025-02-24 09:50:01,55,voice,174,"Satpati Coastal Cell Site A, Palghar"
KK-CDR-001542,KK00036,Fayyaz Kadam,9422000036,KK00012,Bhavesh Parekh,9860000012,2025-02-24 14:41:46,55,voice,570,"Satpati Coastal Cell Site B, Palghar"
KK-CDR-001543,KK00040,Rajan Ansari,9930000040,KK00110,Kishor Shah,9820000110,2025-02-24 12:24:20,55,voice,705,"Pydhonie Cell Site A, Mumbai City"
KK-CDR-001544,KK00121,Mangesh Doshi,9930000121,KK00183,Paresh Thakur,9930000183,2025-02-25 11:07:25,56,voice,492,"Vartak Nagar Cell Site B, Thane"
KK-CDR-001545,KK00093,Rajan Sanghvi,9820000093,KK00074,Prakash Bhosale,9323000074,2025-02-25 09:59:01,56,voice,587,"Naupada Cell Site B, Thane"
KK-CDR-001546,KK00029,Pravin Koli,7045000029,KK00033,Shirish Chavan,9422000033,2025-02-25 19:14:48,56,voice,79,"Vasai Cell Site B, Palghar"
KK-CDR-001547,KK00035,Balkrishna Shaikh,9167000035,KK00018,Suhas Sanghvi,9167000018,2025-02-25 06:29:02,56,voice,794,"Palghar Cell Site A, Palghar"
KK-CDR-001548,KK00003,Deepak Pawar,9167000003,KK00022,Dnyaneshwar Salvi,8655000022,2025-02-25 12:29:01,56,voice,193,"Dapoli Cell Site B, Ratnagiri"
KK-CDR-001549,KK00001,Nilesh Khatib,8655000001,KK00035,Balkrishna Shaikh,9167000035,2025-02-25 10:51:18,56,voice,233,"Harnai Coastal Cell Site B, Ratnagiri"
KK-CDR-001550,KK00019,Arif Gaikwad,9422000019,KK00002,Iqbal Naik,9860000002,2025-02-25 22:25:23,56,voice,617,"Satpati Coastal Cell Site A, Palghar"
KK-CDR-001551,KK00032,Dattatray Mehta,9860000032,KK00033,Shirish Chavan,9422000033,2025-02-25 19:47:13,56,voice,73,"Nhava Sheva Port Cell Site B, Raigad (Uran / JNPT)"
KK-CDR-001552,KK00280,Shabbir Parekh,9820000280,KK00234,Anil Doshi,9930000234,2025-02-25 18:43:57,56,voice,589,"Kapurbawdi Cell Site B, Thane"
KK-CDR-001553,KK00048,Sameer Doshi,9323000048,KK00049,Santosh Zaveri,9833000049,2025-02-25 10:07:25,56,voice,353,"Pydhonie Cell Site A, Mumbai City"
KK-CDR-001554,KK00096,Hitesh Parekh,9422000096,KK00095,Umesh Shaikh,9930000095,2025-02-25 14:38:25,56,voice,111,"Nalasopara Cell Site A, Palghar"
KK-CDR-001555,KK00079,Rafiq Soni,8976000079,KK00082,Kishor Gaikwad,8976000082,2025-02-26 08:50:48,57,voice,351,"Kapurbawdi Cell Site B, Thane"
KK-CDR-001556,KK00082,Kishor Gaikwad,8976000082,KK00132,Vilas Kulkarni,9930000132,2025-02-26 08:22:02,57,voice,336,"Rabodi Cell Site A, Thane"
KK-CDR-001557,KK00083,Sachin Naik,9930000083,KK00078,Shirish Salvi,9833000078,2025-02-26 16:11:18,57,voice,233,"Kapurbawdi Cell Site A, Thane"
KK-CDR-001558,KK00079,Rafiq Soni,8976000079,KK00083,Sachin Naik,9930000083,2025-02-26 23:52:56,57,voice,124,"Kapurbawdi Cell Site A, Thane"
KK-CDR-001559,KK00033,Shirish Chavan,9422000033,KK00013,Kishor Koli,7045000013,2025-02-26 12:26:10,57,voice,259,"Guhagar Cell Site A, Ratnagiri"
KK-CDR-001560,KK00090,Arif Mhatre,9930000090,KK00133,Ravindra Chavan,9833000133,2025-02-26 09:06:39,57,voice,515,"Vartak Nagar Cell Site B, Thane"
KK-CDR-001561,KK00066,Hanif Chavan,9833000066,KK00058,Dattatray Patil,9833000058,2025-02-26 07:32:05,57,voice,387,"Pydhonie Cell Site B, Mumbai City"
KK-CDR-001562,KK00002,Iqbal Naik,9860000002,KK00035,Balkrishna Shaikh,9167000035,2025-02-26 10:50:04,57,voice,523,"Khopoli Cell Site A, Raigad (Uran / JNPT)"
KK-CDR-001563,KK00062,Paresh Parekh,9820000062,KK00100,Suhas Mehta,9323000100,2025-02-26 14:16:18,57,voice,224,"Andheri Cell Site A, Mumbai Suburban"
KK-CDR-001564,KK00146,Rajan Zaveri,9323000146,KK00103,Rafiq Khatib,9930000103,2025-02-26 22:38:13,57,voice,865,"Rabodi Cell Site B, Thane"
KK-CDR-001565,KK00047,Santosh Thakur,9833000047,KK00059,Salim More,9820000059,2025-02-26 18:00:45,57,voice,372,"Kurla Cell Site B, Mumbai Suburban"
KK-CDR-001566,KK00006,Salim Parab,8655000006,KK00003,Deepak Pawar,9167000003,2025-02-26 19:18:32,57,voice,106,"Ratnagiri City Cell Site B, Ratnagiri"
KK-CDR-001567,KK00072,Yogesh Momin,9833000072,KK00212,Rafiq Kothari,8976000212,2025-02-26 08:24:15,57,voice,688,"Rabodi Cell Site A, Thane"
KK-CDR-001568,KK00017,Anil Tandel,7045000017,KK00216,Santosh Jadhav,8655000216,2025-02-26 16:03:23,57,voice,646,"Uran Cell Site B, Raigad (Uran / JNPT)"
KK-CDR-001569,KK00062,Paresh Parekh,9820000062,KK00044,Ashok Sayyed,9833000044,2025-02-26 23:05:12,57,voice,257,"Ghatkopar Cell Site B, Mumbai Suburban"
KK-CDR-001570,KK00164,Nitin Thakur,9422000164,KK00139,Sunil Bhandari,9860000139,2025-02-26 12:52:28,57,voice,328,"Palghar Cell Site A, Palghar"
KK-CDR-001571,KK00041,Dnyaneshwar Parab,9930000041,KK00058,Dattatray Patil,9833000058,2025-02-26 08:48:35,57,voice,520,"Bandra Cell Site B, Mumbai Suburban"
KK-CDR-001572,KK00152,Sachin Zaveri,9860000152,KK00160,Dattatray Kothari,9860000160,2025-02-26 22:53:12,57,voice,308,"Ratnagiri City Cell Site A, Ratnagiri"
KK-CDR-001573,KK00046,Shabbir Shaikh,9820000046,KK00040,Rajan Ansari,9930000040,2025-02-26 10:13:44,57,voice,263,"MRA Marg Cell Site B, Mumbai City"
KK-CDR-001574,KK00079,Rafiq Soni,8976000079,KK00068,Prakash Koli,9833000068,2025-02-26 20:34:49,57,voice,879,"Wagle Estate Cell Site A, Thane"
KK-CDR-001575,KK00140,Salim Kothari,9167000140,KK00214,Vinod Pawar,7045000214,2025-02-26 15:57:23,57,voice,109,"Harnai Coastal Cell Site B, Ratnagiri"
KK-CDR-001576,KK00056,Mahesh Bhandari,9833000056,KK00215,Pravin Sayyed,9930000215,2025-02-26 11:20:09,57,voice,212,"Andheri Cell Site B, Mumbai Suburban"
KK-CDR-001577,KK00005,Kishor Ansari,8655000005,KK00004,Kishor Pawar,9167000004,2025-02-26 18:47:05,57,voice,469,"Satpati Coastal Cell Site B, Palghar"
KK-CDR-001578,KK00054,Kishor Sawant,9833000054,KK00055,Vilas Shinde,8976000055,2025-02-26 20:21:53,57,voice,79,"Andheri Cell Site A, Mumbai Suburban"
KK-CDR-001579,KK00088,Rajan Sawant,9323000088,KK00068,Prakash Koli,9833000068,2025-02-26 07:23:03,57,voice,660,"Naupada Cell Site A, Thane"
KK-CDR-001580,KK00086,Arif Bhosale,8976000086,KK00087,Rafiq Deshmukh,8976000087,2025-02-26 19:01:43,57,voice,412,"Wagle Estate Cell Site A, Thane"
KK-CDR-001581,KK00095,Umesh Shaikh,9930000095,KK00026,Rafiq Shah,9167000026,2025-02-26 08:27:27,57,voice,144,"Nerul Cell Site A, Navi Mumbai"
KK-CDR-001582,KK00095,Umesh Shaikh,9930000095,KK00078,Shirish Salvi,9833000078,2025-02-26 10:01:47,57,voice,79,"Nerul Cell Site A, Navi Mumbai"
KK-CDR-001583,KK00098,Yogesh Naik,9167000098,KK00171,Dnyaneshwar Dalvi,7045000171,2025-02-27 11:00:38,58,voice,301,"Dapoli Cell Site B, Ratnagiri"
KK-CDR-001584,KK00063,Sameer Koli,9323000063,KK00064,Anil Khatib,9820000064,2025-02-27 14:55:32,58,voice,39,"LT Marg Cell Site B, Mumbai City"
KK-CDR-001585,KK00060,Mangesh Tandel,9820000060,KK00042,Shabbir Jadhav,9930000042,2025-02-27 13:37:45,58,voice,174,"Sakinaka Cell Site B, Mumbai Suburban"
KK-CDR-001586,KK00073,Mangesh Naik,9323000073,KK00074,Prakash Bhosale,9323000074,2025-02-27 08:21:56,58,voice,763,"Wagle Estate Cell Site A, Thane"
KK-CDR-001587,KK00290,Sameer Shinde,8976000290,KK00217,Rafiq Ansari,9323000217,2025-02-27 17:12:11,58,voice,258,"Faraskhana Cell Site A, Pune"
KK-CDR-001588,KK00076,Jitendra Shaikh,9833000076,KK00070,Hanif Kadam,9323000070,2025-02-27 10:56:32,58,voice,803,"Vartak Nagar Cell Site B, Thane"
KK-CDR-001589,KK00001,Nilesh Khatib,8655000001,KK00112,Rakesh Gaikwad,8655000112,2025-02-27 19:25:32,58,voice,743,"Harnai Coastal Cell Site B, Ratnagiri"
KK-CDR-001590,KK00022,Dnyaneshwar Salvi,8655000022,KK00031,Anil Chavan,8655000031,2025-02-27 12:21:45,58,voice,690,"Guhagar Cell Site A, Ratnagiri"
KK-CDR-001591,KK00203,Hanif Koli,8976000203,KK00153,Pravin Shaikh,8976000153,2025-02-27 23:05:58,58,voice,587,"Rabodi Cell Site B, Thane"
KK-CDR-001592,KK00048,Sameer Doshi,9323000048,KK00047,Santosh Thakur,9833000047,2025-02-27 07:56:18,58,voice,552,"MRA Marg Cell Site B, Mumbai City"
KK-CDR-001593,KK00011,Yogesh Kadam,7045000011,KK00002,Iqbal Naik,9860000002,2025-02-27 07:31:28,58,voice,26,"Uran Cell Site A, Raigad (Uran / JNPT)"
KK-CDR-001594,KK00035,Balkrishna Shaikh,9167000035,KK00002,Iqbal Naik,9860000002,2025-02-27 19:10:12,58,voice,366,"Palghar Cell Site B, Palghar"
KK-CDR-001595,KK00166,Hitesh Shah,9833000166,KK00157,Mahesh Bhatkar,9930000157,2025-02-27 10:04:04,58,voice,801,"Rabodi Cell Site A, Thane"
KK-CDR-001596,KK00052,Rakesh Zaveri,8976000052,KK00204,Vilas Desai,9820000204,2025-02-27 20:41:07,58,voice,461,"Ghatkopar Cell Site B, Mumbai Suburban"
KK-CDR-001597,KK00094,Iqbal Patil,9833000094,KK00082,Kishor Gaikwad,8976000082,2025-02-27 19:38:53,58,voice,738,"Rabodi Cell Site A, Thane"
KK-CDR-001598,KK00077,Anil Thakur,9833000077,KK00166,Hitesh Shah,9833000166,2025-02-27 15:26:06,58,voice,351,"Vartak Nagar Cell Site B, Thane"
KK-CDR-001599,KK00030,Vilas Khatib,8655000030,KK00024,Nilesh Parekh,9422000024,2025-02-27 12:12:34,58,voice,645,"Ratnagiri City Cell Site B, Ratnagiri"
KK-CDR-001600,KK00053,Pravin Bhatkar,9833000053,KK00056,Mahesh Bhandari,9833000056,2025-02-27 07:25:15,58,voice,716,"Ghatkopar Cell Site B, Mumbai Suburban"
KK-CDR-001601,KK00186,Santosh Kadam,9833000186,KK00121,Mangesh Doshi,9930000121,2025-02-27 20:38:11,58,voice,592,"Naupada Cell Site A, Thane"
KK-CDR-001602,KK00058,Dattatray Patil,9833000058,KK00162,Hanif Deshmukh,9323000162,2025-02-27 20:43:41,58,voice,25,"Dongri Cell Site B, Mumbai City"
KK-CDR-001603,KK00344,Suhas Shah,9323000344,KK00311,Vinod Sayyed,9820000311,2025-02-27 06:33:42,58,voice,356,"Bund Garden Cell Site B, Pune"
KK-CDR-001604,KK00093,Rajan Sanghvi,9820000093,KK00067,Shirish Pawar,8976000067,2025-02-27 10:34:20,58,voice,642,"Rabodi Cell Site B, Thane"
KK-CDR-001605,KK00057,Balkrishna Parekh,8976000057,KK00039,Ravindra Bhosale,9323000039,2025-02-27 23:35:27,58,voice,222,"Dongri Cell Site A, Mumbai City"
KK-CDR-001606,KK00070,Hanif Kadam,9323000070,KK00082,Kishor Gaikwad,8976000082,2025-02-27 10:55:00,58,voice,418,"Rabodi Cell Site A, Thane"
KK-CDR-001607,KK00204,Vilas Desai,9820000204,KK00102,Hitesh Kothari,9820000102,2025-02-27 07:36:53,58,voice,766,"Bandra Cell Site A, Mumbai Suburban"
KK-CDR-001608,KK00066,Hanif Chavan,9833000066,KK00059,Salim More,9820000059,2025-02-27 18:13:55,58,voice,251,"LT Marg Cell Site B, Mumbai City"
KK-CDR-001609,KK00067,Shirish Pawar,8976000067,KK00075,Rafiq Pawar,8976000075,2025-02-28 20:16:12,59,voice,880,"Kapurbawdi Cell Site B, Thane"
KK-CDR-001610,KK00091,Ashok More,9833000091,KK00089,Ganesh Naik,8976000089,2025-02-28 17:26:16,59,voice,625,"Wagle Estate Cell Site B, Thane"
KK-CDR-001611,KK00048,Sameer Doshi,9323000048,KK00050,Shirish Patil,9833000050,2025-02-28 11:59:02,59,voice,339,"Dongri Cell Site A, Mumbai City"
KK-CDR-001612,KK00155,Rakesh Kothari,9422000155,KK00138,Vinod Desai,8655000138,2025-02-28 10:05:53,59,voice,808,"Palghar Cell Site B, Palghar"
KK-CDR-001613,KK00026,Rafiq Shah,9167000026,KK00017,Anil Tandel,7045000017,2025-02-28 13:09:18,59,voice,308,"Ratnagiri City Cell Site B, Ratnagiri"
KK-CDR-001614,KK00022,Dnyaneshwar Salvi,8655000022,KK00014,Anil Tandel,8655000014,2025-02-28 07:59:51,59,voice,750,"Harnai Coastal Cell Site B, Ratnagiri"
KK-CDR-001615,KK00059,Salim More,9820000059,KK00128,Mahesh Bhosale,9833000128,2025-02-28 18:30:02,59,voice,33,"Sakinaka Cell Site A, Mumbai Suburban"
KK-CDR-001616,KK00062,Paresh Parekh,9820000062,KK00044,Ashok Sayyed,9833000044,2025-02-28 15:36:54,59,voice,68,"Bandra Cell Site A, Mumbai Suburban"
KK-CDR-001617,KK00044,Ashok Sayyed,9833000044,KK00159,Hitesh Sayyed,8976000159,2025-02-28 17:35:38,59,voice,395,"LT Marg Cell Site B, Mumbai City"
KK-CDR-001618,KK00050,Shirish Patil,9833000050,KK00048,Sameer Doshi,9323000048,2025-02-28 19:56:11,59,voice,631,"Pydhonie Cell Site B, Mumbai City"
KK-CDR-001619,KK00056,Mahesh Bhandari,9833000056,KK00050,Shirish Patil,9833000050,2025-02-28 14:49:46,59,voice,453,"Kurla Cell Site B, Mumbai Suburban"
KK-CDR-001620,KK00038,Iqbal Mehta,9820000038,KK00059,Salim More,9820000059,2025-02-28 14:38:33,59,voice,475,"Sakinaka Cell Site A, Mumbai Suburban"
KK-CDR-001621,KK00091,Ashok More,9833000091,KK00068,Prakash Koli,9833000068,2025-02-28 16:09:57,59,voice,561,"Wagle Estate Cell Site B, Thane"
KK-CDR-001622,KK00066,Hanif Chavan,9833000066,KK00062,Paresh Parekh,9820000062,2025-02-28 19:50:41,59,voice,70,"VP Road Cell Site A, Mumbai City"
KK-CDR-001623,KK00083,Sachin Naik,9930000083,KK00117,Ganesh Bhosale,8976000117,2025-02-28 20:36:20,59,voice,549,"Wagle Estate Cell Site B, Thane"
KK-CDR-001624,KK00054,Kishor Sawant,9833000054,KK00045,Kishor Sanghvi,9833000045,2025-02-28 09:31:29,59,voice,29,"Sakinaka Cell Site B, Mumbai Suburban"
KK-CDR-001625,KK00107,Yogesh Bhosale,9820000107,KK00199,Sunil Deshmukh,9820000199,2025-02-28 22:57:13,59,voice,584,"Pydhonie Cell Site A, Mumbai City"
KK-CDR-001626,KK00091,Ashok More,9833000091,KK00088,Rajan Sawant,9323000088,2025-02-28 11:10:52,59,voice,330,"Kapurbawdi Cell Site B, Thane"
KK-CDR-001627,KK00187,Prakash Salvi,7045000187,KK00141,Kishor Doshi,9422000141,2025-03-01 19:58:03,60,voice,268,"Palghar Cell Site A, Palghar"
KK-CDR-001628,KK00046,Shabbir Shaikh,9820000046,KK00048,Sameer Doshi,9323000048,2025-03-01 22:38:55,60,voice,262,"Dongri Cell Site A, Mumbai City"
KK-CDR-001629,KK00032,Dattatray Mehta,9860000032,KK00017,Anil Tandel,7045000017,2025-03-01 17:38:44,60,voice,380,"Nhava Sheva Port Cell Site B, Raigad (Uran / JNPT)"
KK-CDR-001630,KK00088,Rajan Sawant,9323000088,KK00086,Arif Bhosale,8976000086,2025-03-01 17:38:06,60,voice,87,"Rabodi Cell Site A, Thane"
KK-CDR-001631,KK00024,Nilesh Parekh,9422000024,KK00032,Dattatray Mehta,9860000032,2025-03-01 14:10:51,60,voice,678,"Uran Cell Site A, Raigad (Uran / JNPT)"
KK-CDR-001632,KK00080,Rajan Desai,9820000080,KK00088,Rajan Sawant,9323000088,2025-03-01 10:47:30,60,voice,898,"Kapurbawdi Cell Site B, Thane"
KK-CDR-001633,KK00057,Balkrishna Parekh,8976000057,KK00064,Anil Khatib,9820000064,2025-03-01 06:26:16,60,voice,472,"Dongri Cell Site B, Mumbai City"
KK-CDR-001634,KK00089,Ganesh Naik,8976000089,KK00088,Rajan Sawant,9323000088,2025-03-01 15:50:25,60,voice,105,"Vartak Nagar Cell Site A, Thane"
KK-CDR-001635,KK00045,Kishor Sanghvi,9833000045,KK00060,Mangesh Tandel,9820000060,2025-03-01 20:40:03,60,voice,516,"Bandra Cell Site B, Mumbai Suburban"
KK-CDR-001636,KK00077,Anil Thakur,9833000077,KK00069,Imtiaz Kadam,9323000069,2025-03-01 16:40:24,60,voice,583,"Naupada Cell Site A, Thane"
KK-CDR-001637,KK00404,Balkrishna Bhandari,9930000404,KK00396,Salim Mhatre,9820000396,2025-03-01 22:21:21,60,voice,600,"Naupada Cell Site B, Thane"
KK-CDR-001638,KK00018,Suhas Sanghvi,9167000018,KK00173,Rajan Momin,7045000173,2025-03-01 10:42:48,60,voice,59,"Ratnagiri City Cell Site A, Ratnagiri"
KK-CDR-001639,KK00095,Umesh Shaikh,9930000095,KK00087,Rafiq Deshmukh,8976000087,2025-03-01 07:34:19,60,voice,163,"Nerul Cell Site A, Navi Mumbai"
KK-CDR-001640,KK00095,Umesh Shaikh,9930000095,KK00086,Arif Bhosale,8976000086,2025-03-01 19:54:22,60,voice,246,"APMC Cell Site A, Navi Mumbai"
KK-CDR-001641,KK00045,Kishor Sanghvi,9833000045,KK00040,Rajan Ansari,9930000040,2025-03-02 15:09:37,61,voice,199,"Bandra Cell Site B, Mumbai Suburban"
KK-CDR-001642,KK00070,Hanif Kadam,9323000070,KK00067,Shirish Pawar,8976000067,2025-03-02 13:14:51,61,voice,99,"Rabodi Cell Site A, Thane"
KK-CDR-001643,KK00123,Nitin Shaikh,8976000123,KK00145,Vilas Ansari,9323000145,2025-03-02 06:58:34,61,voice,121,"Pydhonie Cell Site A, Mumbai City"
KK-CDR-001644,KK00056,Mahesh Bhandari,9833000056,KK00064,Anil Khatib,9820000064,2025-03-02 21:59:27,61,voice,755,"Kurla Cell Site A, Mumbai Suburban"
KK-CDR-001645,KK00140,Salim Kothari,9167000140,KK00182,Dnyaneshwar Shinde,9422000182,2025-03-02 18:27:09,61,voice,62,"Ratnagiri City Cell Site A, Ratnagiri"
KK-CDR-001646,KK00089,Ganesh Naik,8976000089,KK00080,Rajan Desai,9820000080,2025-03-02 20:10:50,61,voice,211,"Naupada Cell Site A, Thane"
KK-CDR-001647,KK00204,Vilas Desai,9820000204,KK00156,Shabbir Naik,9930000156,2025-03-02 10:25:01,61,voice,203,"Andheri Cell Site B, Mumbai Suburban"
KK-CDR-001648,KK00199,Sunil Deshmukh,9820000199,KK00136,Mangesh Shaikh,9930000136,2025-03-02 19:20:09,61,voice,402,"LT Marg Cell Site B, Mumbai City"
KK-CDR-001649,KK00134,Vilas Mehta,9860000134,KK00170,Kishor Thakur,9860000170,2025-03-02 11:03:44,61,voice,178,"Guhagar Cell Site A, Ratnagiri"
KK-CDR-001650,KK00065,Dnyaneshwar Bhandari,8976000065,KK00056,Mahesh Bhandari,9833000056,2025-03-02 20:52:43,61,voice,222,"Andheri Cell Site B, Mumbai Suburban"
KK-CDR-001651,KK00008,Vilas Tandel,9860000008,KK00019,Arif Gaikwad,9422000019,2025-03-02 23:49:51,61,voice,140,"Nhava Sheva Port Cell Site B, Raigad (Uran / JNPT)"
KK-CDR-001652,KK00060,Mangesh Tandel,9820000060,KK00044,Ashok Sayyed,9833000044,2025-03-02 11:52:57,61,voice,834,"Kurla Cell Site B, Mumbai Suburban"
KK-CDR-001653,KK00166,Hitesh Shah,9833000166,KK00178,Imtiaz Ansari,9323000178,2025-03-02 21:07:23,61,voice,105,"Kapurbawdi Cell Site B, Thane"
KK-CDR-001654,KK00371,Imtiaz Kothari,9930000371,KK00333,Balkrishna Soni,9833000333,2025-03-02 16:47:38,61,voice,362,"Bund Garden Cell Site B, Pune"
KK-CDR-001655,KK00151,Deepak Mehta,9820000151,KK00206,Rakesh Shah,9323000206,2025-03-02 09:35:22,61,voice,384,"Kurla Cell Site A, Mumbai Suburban"
KK-CDR-001656,KK00095,Umesh Shaikh,9930000095,KK00067,Shirish Pawar,8976000067,2025-03-02 14:01:37,61,voice,221,"CBD Belapur Cell Site B, Navi Mumbai"
KK-CDR-001657,KK00096,Hitesh Parekh,9422000096,KK00095,Umesh Shaikh,9930000095,2025-03-02 10:54:48,61,voice,112,"Vasai Cell Site B, Palghar"
KK-CDR-001658,KK00019,Arif Gaikwad,9422000019,KK00027,Hanif Shinde,9422000027,2025-03-03 14:30:12,62,voice,475,"Palghar Cell Site A, Palghar"
KK-CDR-001659,KK00075,Rafiq Pawar,8976000075,KK00080,Rajan Desai,9820000080,2025-03-03 15:38:19,62,voice,174,"Rabodi Cell Site A, Thane"
KK-CDR-001660,KK00025,Deepak Zaveri,8655000025,KK00012,Bhavesh Parekh,9860000012,2025-03-03 12:13:47,62,voice,208,"Panvel Taluka Cell Site B, Raigad (Uran / JNPT)"
KK-CDR-001661,KK00086,Arif Bhosale,8976000086,KK00091,Ashok More,9833000091,2025-03-03 13:33:28,62,voice,171,"Rabodi Cell Site A, Thane"
KK-CDR-001662,KK00074,Prakash Bhosale,9323000074,KK00105,Pravin Desai,9323000105,2025-03-03 10:29:20,62,voice,41,"Naupada Cell Site A, Thane"
KK-CDR-001663,KK00353,Hanif Shah,9930000353,KK00295,Sachin Momin,9833000295,2025-03-03 07:00:38,62,voice,805,"Wagle Estate Cell Site B, Thane"
KK-CDR-001664,KK00076,Jitendra Shaikh,9833000076,KK00086,Arif Bhosale,8976000086,2025-03-03 23:42:31,62,voice,402,"Vartak Nagar Cell Site B, Thane"
KK-CDR-001665,KK00272,Sameer Ansari,8976000272,KK00302,Rafiq Shaikh,9820000302,2025-03-03 09:51:16,62,voice,731,"Koregaon Park Cell Site B, Pune"
KK-CDR-001666,KK00028,Sameer Kulkarni,9422000028,KK00001,Nilesh Khatib,8655000001,2025-03-03 07:26:49,62,voice,196,"Nalasopara Cell Site B, Palghar"
KK-CDR-001667,KK00060,Mangesh Tandel,9820000060,KK00169,Sunil Parab,9323000169,2025-03-03 11:19:37,62,voice,370,"Andheri Cell Site A, Mumbai Suburban"
KK-CDR-001668,KK00001,Nilesh Khatib,8655000001,KK00025,Deepak Zaveri,8655000025,2025-03-03 09:33:58,62,voice,572,"Dapoli Cell Site A, Ratnagiri"
KK-CDR-001669,KK00053,Pravin Bhatkar,9833000053,KK00049,Santosh Zaveri,9833000049,2025-03-03 13:38:52,62,voice,371,"Bandra Cell Site A, Mumbai Suburban"
KK-CDR-001670,KK00138,Vinod Desai,8655000138,KK00140,Salim Kothari,9167000140,2025-03-03 18:12:40,62,voice,218,"Vasai Cell Site A, Palghar"
KK-CDR-001671,KK00018,Suhas Sanghvi,9167000018,KK00021,Santosh Bhandari,9422000021,2025-03-03 23:11:51,62,voice,644,"Guhagar Cell Site B, Ratnagiri"
KK-CDR-001672,KK00015,Balkrishna Shinde,7045000015,KK00004,Kishor Pawar,9167000004,2025-03-03 23:58:57,62,voice,169,"Satpati Coastal Cell Site A, Palghar"
KK-CDR-001673,KK00069,Imtiaz Kadam,9323000069,KK00073,Mangesh Naik,9323000073,2025-03-03 22:28:54,62,voice,653,"Wagle Estate Cell Site A, Thane"
KK-CDR-001674,KK00093,Rajan Sanghvi,9820000093,KK00080,Rajan Desai,9820000080,2025-03-03 12:34:27,62,voice,254,"Vartak Nagar Cell Site A, Thane"
KK-CDR-001675,KK00051,Pravin Kadam,8976000051,KK00062,Paresh Parekh,9820000062,2025-03-03 18:23:31,62,voice,54,"Dongri Cell Site B, Mumbai City"
KK-CDR-001676,KK00067,Shirish Pawar,8976000067,KK00068,Prakash Koli,9833000068,2025-03-03 08:50:11,62,voice,836,"Naupada Cell Site A, Thane"
KK-CDR-001677,KK00086,Arif Bhosale,8976000086,KK00082,Kishor Gaikwad,8976000082,2025-03-03 12:42:32,62,voice,236,"Rabodi Cell Site B, Thane"
KK-CDR-001678,KK00095,Umesh Shaikh,9930000095,KK00089,Ganesh Naik,8976000089,2025-03-03 11:52:25,62,voice,213,"Nerul Cell Site A, Navi Mumbai"
KK-CDR-001679,KK00014,Anil Tandel,8655000014,KK00001,Nilesh Khatib,8655000001,2025-03-04 16:50:14,63,voice,716,"Nalasopara Cell Site A, Palghar"
KK-CDR-001680,KK00197,Fayyaz Dalvi,9820000197,KK00123,Nitin Shaikh,8976000123,2025-03-04 20:28:51,63,voice,877,"Ghatkopar Cell Site A, Mumbai Suburban"
KK-CDR-001681,KK00074,Prakash Bhosale,9323000074,KK00069,Imtiaz Kadam,9323000069,2025-03-04 18:39:45,63,voice,732,"Vartak Nagar Cell Site A, Thane"
KK-CDR-001682,KK00138,Vinod Desai,8655000138,KK00210,Sameer More,8655000210,2025-03-04 06:09:53,63,voice,30,"Satpati Coastal Cell Site B, Palghar"
KK-CDR-001683,KK00088,Rajan Sawant,9323000088,KK00119,Prakash Doshi,9323000119,2025-03-04 21:45:53,63,voice,562,"Rabodi Cell Site A, Thane"
KK-CDR-001684,KK00205,Mangesh Koli,7045000205,KK00207,Shabbir Pawar,9422000207,2025-03-04 19:53:01,63,voice,717,"Panvel Taluka Cell Site B, Raigad (Uran / JNPT)"
KK-CDR-001685,KK00089,Ganesh Naik,8976000089,KK00119,Prakash Doshi,9323000119,2025-03-04 10:00:11,63,voice,866,"Rabodi Cell Site B, Thane"
KK-CDR-001686,KK00084,Vinod Deshmukh,9833000084,KK00068,Prakash Koli,9833000068,2025-03-04 18:28:30,63,voice,848,"Vartak Nagar Cell Site B, Thane"
KK-CDR-001687,KK00187,Prakash Salvi,7045000187,KK00210,Sameer More,8655000210,2025-03-04 22:23:13,63,voice,37,"Palghar Cell Site B, Palghar"
KK-CDR-001688,KK00089,Ganesh Naik,8976000089,KK00083,Sachin Naik,9930000083,2025-03-04 21:12:28,63,voice,662,"Kapurbawdi Cell Site B, Thane"
KK-CDR-001689,KK00011,Yogesh Kadam,7045000011,KK00020,Vilas Sawant,9167000020,2025-03-04 18:34:15,63,voice,721,"Khopoli Cell Site A, Raigad (Uran / JNPT)"
KK-CDR-001690,KK00031,Anil Chavan,8655000031,KK00015,Balkrishna Shinde,7045000015,2025-03-04 10:59:45,63,voice,527,"Ratnagiri City Cell Site B, Ratnagiri"
KK-CDR-001691,KK00051,Pravin Kadam,8976000051,KK00039,Ravindra Bhosale,9323000039,2025-03-04 12:57:10,63,voice,147,"Dongri Cell Site B, Mumbai City"
KK-CDR-001692,KK00069,Imtiaz Kadam,9323000069,KK00074,Prakash Bhosale,9323000074,2025-03-04 20:57:47,63,voice,80,"Naupada Cell Site A, Thane"
KK-CDR-001693,KK00066,Hanif Chavan,9833000066,KK00052,Rakesh Zaveri,8976000052,2025-03-04 11:48:11,63,voice,552,"VP Road Cell Site B, Mumbai City"
KK-CDR-001694,KK00095,Umesh Shaikh,9930000095,KK00086,Arif Bhosale,8976000086,2025-03-04 20:00:29,63,voice,92,"APMC Cell Site A, Navi Mumbai"
KK-CDR-001695,KK00095,Umesh Shaikh,9930000095,KK00080,Rajan Desai,9820000080,2025-03-04 14:51:59,63,voice,207,"CBD Belapur Cell Site A, Navi Mumbai"
KK-CDR-001696,KK00227,Umesh Desai,8976000227,KK00420,Umesh Sawant,9833000420,2025-03-05 23:11:10,64,voice,118,"Andheri Cell Site A, Mumbai Suburban"
KK-CDR-001697,KK00032,Dattatray Mehta,9860000032,KK00024,Nilesh Parekh,9422000024,2025-03-05 23:51:04,64,voice,752,"Khopoli Cell Site B, Raigad (Uran / JNPT)"
KK-CDR-001698,KK00046,Shabbir Shaikh,9820000046,KK00184,Iqbal Jadhav,9833000184,2025-03-05 18:27:33,64,voice,438,"VP Road Cell Site B, Mumbai City"
KK-CDR-001699,KK00065,Dnyaneshwar Bhandari,8976000065,KK00107,Yogesh Bhosale,9820000107,2025-03-05 10:38:23,64,voice,69,"Bandra Cell Site A, Mumbai Suburban"
KK-CDR-001700,KK00018,Suhas Sanghvi,9167000018,KK00022,Dnyaneshwar Salvi,8655000022,2025-03-05 20:36:41,64,voice,130,"Ratnagiri City Cell Site A, Ratnagiri"
KK-CDR-001701,KK00003,Deepak Pawar,9167000003,KK00014,Anil Tandel,8655000014,2025-03-05 15:57:48,64,voice,782,"Ratnagiri City Cell Site A, Ratnagiri"
KK-CDR-001702,KK00081,Deepak Kadam,9833000081,KK00185,Balkrishna Kothari,8976000185,2025-03-05 09:41:39,64,voice,220,"Naupada Cell Site B, Thane"
KK-CDR-001703,KK00042,Shabbir Jadhav,9930000042,KK00046,Shabbir Shaikh,9820000046,2025-03-05 14:39:58,64,voice,105,"Kurla Cell Site B, Mumbai Suburban"
KK-CDR-001704,KK00032,Dattatray Mehta,9860000032,KK00016,Anil Tandel,9167000016,2025-03-05 23:04:59,64,voice,897,"Khopoli Cell Site B, Raigad (Uran / JNPT)"
KK-CDR-001705,KK00038,Iqbal Mehta,9820000038,KK00042,Shabbir Jadhav,9930000042,2025-03-05 14:51:57,64,voice,556,"Andheri Cell Site A, Mumbai Suburban"
KK-CDR-001706,KK00071,Arif Salvi,9833000071,KK00088,Rajan Sawant,9323000088,2025-03-05 11:37:12,64,voice,215,"Vartak Nagar Cell Site A, Thane"
KK-CDR-001707,KK00011,Yogesh Kadam,7045000011,KK00014,Anil Tandel,8655000014,2025-03-05 10:14:54,64,voice,98,"Nhava Sheva Port Cell Site B, Raigad (Uran / JNPT)"
KK-CDR-001708,KK00068,Prakash Koli,9833000068,KK00084,Vinod Deshmukh,9833000084,2025-03-05 21:03:52,64,voice,171,"Vartak Nagar Cell Site B, Thane"
KK-CDR-001709,KK00051,Pravin Kadam,8976000051,KK00053,Pravin Bhatkar,9833000053,2025-03-05 20:15:24,64,voice,875,"Pydhonie Cell Site A, Mumbai City"
KK-CDR-001710,KK00069,Imtiaz Kadam,9323000069,KK00074,Prakash Bhosale,9323000074,2025-03-05 06:58:51,64,voice,549,"Kapurbawdi Cell Site B, Thane"
KK-CDR-001711,KK00128,Mahesh Bhosale,9833000128,KK00159,Hitesh Sayyed,8976000159,2025-03-05 12:07:03,64,voice,342,"VP Road Cell Site B, Mumbai City"
KK-CDR-001712,KK00070,Hanif Kadam,9323000070,KK00146,Rajan Zaveri,9323000146,2025-03-05 14:44:43,64,voice,870,"Vartak Nagar Cell Site A, Thane"
KK-CDR-001713,KK00342,Pravin Bhosale,9930000342,KK00224,Sachin Pawar,9833000224,2025-03-05 15:21:41,64,voice,416,"Bandra Cell Site B, Mumbai Suburban"
KK-CDR-001714,KK00023,Prakash Deshmukh,8655000023,KK00030,Vilas Khatib,8655000030,2025-03-05 08:22:18,64,voice,883,"Harnai Coastal Cell Site A, Ratnagiri"
KK-CDR-001715,KK00310,Hanif Khatib,9323000310,KK00401,Dnyaneshwar Naik,9833000401,2025-03-05 23:22:22,64,voice,400,"Sakinaka Cell Site B, Mumbai Suburban"
KK-CDR-001716,KK00064,Anil Khatib,9820000064,KK00058,Dattatray Patil,9833000058,2025-03-05 10:57:33,64,voice,301,"VP Road Cell Site A, Mumbai City"
KK-CDR-001717,KK00161,Shirish Parab,9833000161,KK00108,Hitesh Bhandari,9930000108,2025-03-05 08:16:58,64,voice,599,"Vartak Nagar Cell Site B, Thane"
KK-CDR-001718,KK00006,Salim Parab,8655000006,KK00036,Fayyaz Kadam,9422000036,2025-03-05 23:18:08,64,voice,342,"Harnai Coastal Cell Site B, Ratnagiri"
KK-CDR-001719,KK00064,Anil Khatib,9820000064,KK00041,Dnyaneshwar Parab,9930000041,2025-03-05 22:46:01,64,voice,546,"LT Marg Cell Site B, Mumbai City"
KK-CDR-001720,KK00001,Nilesh Khatib,8655000001,KK00004,Kishor Pawar,9167000004,2025-03-05 06:59:19,64,voice,309,"Harnai Coastal Cell Site B, Ratnagiri"
KK-CDR-001721,KK00075,Rafiq Pawar,8976000075,KK00076,Jitendra Shaikh,9833000076,2025-03-05 20:48:12,64,voice,323,"Naupada Cell Site A, Thane"
KK-CDR-001722,KK00253,Imtiaz More,9930000253,KK00288,Salim Doshi,9820000288,2025-03-05 23:06:51,64,voice,557,"Bandra Cell Site B, Mumbai Suburban"
KK-CDR-001723,KK00045,Kishor Sanghvi,9833000045,KK00044,Ashok Sayyed,9833000044,2025-03-05 15:14:28,64,voice,221,"Andheri Cell Site B, Mumbai Suburban"
KK-CDR-001724,KK00027,Hanif Shinde,9422000027,KK00098,Yogesh Naik,9167000098,2025-03-05 18:40:14,64,voice,549,"Uran Cell Site B, Raigad (Uran / JNPT)"
KK-CDR-001725,KK00011,Yogesh Kadam,7045000011,KK00019,Arif Gaikwad,9422000019,2025-03-05 12:09:02,64,voice,800,"Nhava Sheva Port Cell Site A, Raigad (Uran / JNPT)"
KK-CDR-001726,KK00095,Umesh Shaikh,9930000095,KK00021,Santosh Bhandari,9422000021,2025-03-05 19:22:43,64,voice,205,"APMC Cell Site A, Navi Mumbai"
KK-CDR-001727,KK00095,Umesh Shaikh,9930000095,KK00025,Deepak Zaveri,8655000025,2025-03-05 17:08:59,64,voice,106,"Nerul Cell Site B, Navi Mumbai"
KK-CDR-001728,KK00118,Ashok Deshmukh,9167000118,KK00171,Dnyaneshwar Dalvi,7045000171,2025-03-06 07:26:18,65,voice,789,"Khopoli Cell Site A, Raigad (Uran / JNPT)"
KK-CDR-001729,KK00146,Rajan Zaveri,9323000146,KK00180,Iqbal Parab,9820000180,2025-03-06 10:38:50,65,voice,469,"Wagle Estate Cell Site B, Thane"
KK-CDR-001730,KK00025,Deepak Zaveri,8655000025,KK00160,Dattatray Kothari,9860000160,2025-03-06 15:13:49,65,voice,490,"Khopoli Cell Site A, Raigad (Uran / JNPT)"
KK-CDR-001731,KK00072,Yogesh Momin,9833000072,KK00105,Pravin Desai,9323000105,2025-03-06 19:38:34,65,voice,425,"Vartak Nagar Cell Site B, Thane"
KK-CDR-001732,KK00152,Sachin Zaveri,9860000152,KK00114,Dnyaneshwar Bhatkar,9167000114,2025-03-06 10:06:54,65,voice,60,"Guhagar Cell Site B, Ratnagiri"
KK-CDR-001733,KK00069,Imtiaz Kadam,9323000069,KK00195,Pravin Kothari,9820000195,2025-03-06 23:09:50,65,voice,477,"Wagle Estate Cell Site B, Thane"
KK-CDR-001734,KK00018,Suhas Sanghvi,9167000018,KK00036,Fayyaz Kadam,9422000036,2025-03-06 10:24:46,65,voice,388,"Guhagar Cell Site B, Ratnagiri"
KK-CDR-001735,KK00014,Anil Tandel,8655000014,KK00023,Prakash Deshmukh,8655000023,2025-03-06 14:16:04,65,voice,632,"Satpati Coastal Cell Site A, Palghar"
KK-CDR-001736,KK00042,Shabbir Jadhav,9930000042,KK00045,Kishor Sanghvi,9833000045,2025-03-06 13:22:06,65,voice,38,"Sakinaka Cell Site B, Mumbai Suburban"
KK-CDR-001737,KK00347,Hitesh Gaikwad,8976000347,KK00302,Rafiq Shaikh,9820000302,2025-03-06 22:23:17,65,voice,770,"Bund Garden Cell Site B, Pune"
KK-CDR-001738,KK00091,Ashok More,9833000091,KK00071,Arif Salvi,9833000071,2025-03-06 22:18:14,65,voice,789,"Rabodi Cell Site B, Thane"
KK-CDR-001739,KK00075,Rafiq Pawar,8976000075,KK00072,Yogesh Momin,9833000072,2025-03-06 13:33:58,65,voice,515,"Naupada Cell Site A, Thane"
KK-CDR-001740,KK00040,Rajan Ansari,9930000040,KK00046,Shabbir Shaikh,9820000046,2025-03-06 09:23:12,65,voice,335,"LT Marg Cell Site B, Mumbai City"
KK-CDR-001741,KK00041,Dnyaneshwar Parab,9930000041,KK00049,Santosh Zaveri,9833000049,2025-03-06 19:27:30,65,voice,94,"Bandra Cell Site B, Mumbai Suburban"
KK-CDR-001742,KK00031,Anil Chavan,8655000031,KK00033,Shirish Chavan,9422000033,2025-03-06 22:26:57,65,voice,463,"Ratnagiri City Cell Site A, Ratnagiri"
KK-CDR-001743,KK00047,Santosh Thakur,9833000047,KK00066,Hanif Chavan,9833000066,2025-03-06 17:03:12,65,voice,897,"Bandra Cell Site A, Mumbai Suburban"
KK-CDR-001744,KK00045,Kishor Sanghvi,9833000045,KK00062,Paresh Parekh,9820000062,2025-03-06 13:22:23,65,voice,94,"Andheri Cell Site B, Mumbai Suburban"
KK-CDR-001745,KK00095,Umesh Shaikh,9930000095,KK00027,Hanif Shinde,9422000027,2025-03-06 18:40:27,65,voice,118,"Vashi Cell Site A, Navi Mumbai"
KK-CDR-001746,KK00004,Kishor Pawar,9167000004,KK00207,Shabbir Pawar,9422000207,2025-03-07 10:46:10,66,voice,771,"Khopoli Cell Site B, Raigad (Uran / JNPT)"
KK-CDR-001747,KK00175,Balkrishna Pawar,9323000175,KK00198,Ashok Khatib,9833000198,2025-03-07 18:43:21,66,voice,710,"Sakinaka Cell Site A, Mumbai Suburban"
KK-CDR-001748,KK00210,Sameer More,8655000210,KK00098,Yogesh Naik,9167000098,2025-03-07 08:00:42,66,voice,379,"Khopoli Cell Site B, Raigad (Uran / JNPT)"
KK-CDR-001749,KK00202,Rajan Bhosale,9820000202,KK00198,Ashok Khatib,9833000198,2025-03-07 12:39:19,66,voice,464,"LT Marg Cell Site A, Mumbai City"
KK-CDR-001750,KK00067,Shirish Pawar,8976000067,KK00073,Mangesh Naik,9323000073,2025-03-07 22:57:06,66,voice,687,"Wagle Estate Cell Site B, Thane"
KK-CDR-001751,KK00036,Fayyaz Kadam,9422000036,KK00030,Vilas Khatib,8655000030,2025-03-07 19:12:10,66,voice,184,"Palghar Cell Site B, Palghar"
KK-CDR-001752,KK00072,Yogesh Momin,9833000072,KK00081,Deepak Kadam,9833000081,2025-03-07 23:36:21,66,voice,867,"Vartak Nagar Cell Site A, Thane"
KK-CDR-001753,KK00027,Hanif Shinde,9422000027,KK00015,Balkrishna Shinde,7045000015,2025-03-07 11:35:12,66,voice,584,"Khopoli Cell Site A, Raigad (Uran / JNPT)"
KK-CDR-001754,KK00081,Deepak Kadam,9833000081,KK00133,Ravindra Chavan,9833000133,2025-03-07 12:06:55,66,voice,459,"Vartak Nagar Cell Site A, Thane"
KK-CDR-001755,KK00056,Mahesh Bhandari,9833000056,KK00055,Vilas Shinde,8976000055,2025-03-07 17:55:50,66,voice,535,"Bandra Cell Site A, Mumbai Suburban"
KK-CDR-001756,KK00047,Santosh Thakur,9833000047,KK00056,Mahesh Bhandari,9833000056,2025-03-07 11:27:41,66,voice,252,"Bandra Cell Site A, Mumbai Suburban"
KK-CDR-001757,KK00065,Dnyaneshwar Bhandari,8976000065,KK00206,Rakesh Shah,9323000206,2025-03-07 11:11:10,66,voice,299,"Andheri Cell Site B, Mumbai Suburban"
KK-CDR-001758,KK00001,Nilesh Khatib,8655000001,KK00024,Nilesh Parekh,9422000024,2025-03-07 13:24:00,66,voice,76,"Guhagar Cell Site B, Ratnagiri"
KK-CDR-001759,KK00295,Sachin Momin,9833000295,KK00406,Sameer Bhosale,9833000406,2025-03-07 19:01:12,66,voice,33,"Faraskhana Cell Site B, Pune"
KK-CDR-001760,KK00103,Rafiq Khatib,9930000103,KK00161,Shirish Parab,9833000161,2025-03-07 08:10:28,66,voice,520,"Naupada Cell Site A, Thane"
KK-CDR-001761,KK00068,Prakash Koli,9833000068,KK00082,Kishor Gaikwad,8976000082,2025-03-07 14:08:32,66,voice,498,"Vartak Nagar Cell Site B, Thane"
KK-CDR-001762,KK00074,Prakash Bhosale,9323000074,KK00085,Prakash Shaikh,9820000085,2025-03-07 17:59:42,66,voice,506,"Rabodi Cell Site A, Thane"
KK-CDR-001763,KK00124,Sachin Bhosale,8655000124,KK00154,Hanif Thakur,7045000154,2025-03-07 21:42:03,66,voice,40,"Panvel Taluka Cell Site A, Raigad (Uran / JNPT)"
KK-CDR-001764,KK00046,Shabbir Shaikh,9820000046,KK00206,Rakesh Shah,9323000206,2025-03-07 08:45:52,66,voice,796,"Pydhonie Cell Site B, Mumbai City"
KK-CDR-001765,KK00054,Kishor Sawant,9833000054,KK00149,Paresh Khatib,9820000149,2025-03-07 12:07:11,66,voice,480,"Bandra Cell Site A, Mumbai Suburban"
KK-CDR-001766,KK00054,Kishor Sawant,9833000054,KK00057,Balkrishna Parekh,8976000057,2025-03-08 08:02:47,67,voice,869,"Andheri Cell Site A, Mumbai Suburban"
KK-CDR-001767,KK00059,Salim More,9820000059,KK00044,Ashok Sayyed,9833000044,2025-03-08 23:08:58,67,voice,143,"Sakinaka Cell Site A, Mumbai Suburban"
KK-CDR-001768,KK00232,Ravindra Koli,9930000232,KK00245,Rakesh Thakur,9323000245,2025-03-08 17:30:25,67,voice,271,"Vartak Nagar Cell Site B, Thane"
KK-CDR-001769,KK00007,Santosh Sanghvi,9167000007,KK00004,Kishor Pawar,9167000004,2025-03-08 20:30:20,67,voice,232,"Harnai Coastal Cell Site A, Ratnagiri"
KK-CDR-001770,KK00026,Rafiq Shah,9167000026,KK00030,Vilas Khatib,8655000030,2025-03-08 10:05:20,67,voice,182,"Harnai Coastal Cell Site A, Ratnagiri"
KK-CDR-001771,KK00017,Anil Tandel,7045000017,KK00010,Hitesh Desai,7045000010,2025-03-08 22:37:08,67,voice,45,"Khopoli Cell Site A, Raigad (Uran / JNPT)"
KK-CDR-001772,KK00069,Imtiaz Kadam,9323000069,KK00203,Hanif Koli,8976000203,2025-03-08 16:31:53,67,voice,510,"Rabodi Cell Site A, Thane"
KK-CDR-001773,KK00058,Dattatray Patil,9833000058,KK00043,Vinod Mehta,9323000043,2025-03-08 15:47:38,67,voice,484,"LT Marg Cell Site B, Mumbai City"
KK-CDR-001774,KK00068,Prakash Koli,9833000068,KK00073,Mangesh Naik,9323000073,2025-03-08 14:43:11,67,voice,464,"Kapurbawdi Cell Site A, Thane"
KK-CDR-001775,KK00208,Rafiq Momin,9930000208,KK00106,Dattatray Pawar,9820000106,2025-03-08 18:36:17,67,voice,549,"Bandra Cell Site B, Mumbai Suburban"
KK-CDR-001776,KK00080,Rajan Desai,9820000080,KK00067,Shirish Pawar,8976000067,2025-03-08 14:55:40,67,voice,770,"Wagle Estate Cell Site A, Thane"
KK-CDR-001777,KK00069,Imtiaz Kadam,9323000069,KK00078,Shirish Salvi,9833000078,2025-03-08 20:04:26,67,voice,336,"Wagle Estate Cell Site B, Thane"
KK-CDR-001778,KK00089,Ganesh Naik,8976000089,KK00079,Rafiq Soni,8976000079,2025-03-08 21:01:38,67,voice,208,"Wagle Estate Cell Site B, Thane"
KK-CDR-001779,KK00231,Sunil Pawar,9820000231,KK00274,Deepak Salvi,8976000274,2025-03-08 22:23:40,67,voice,768,"Wagle Estate Cell Site A, Thane"
KK-CDR-001780,KK00009,Dattatray Soni,9860000009,KK00029,Pravin Koli,7045000029,2025-03-08 21:13:35,67,voice,896,"Uran Cell Site A, Raigad (Uran / JNPT)"
KK-CDR-001781,KK00116,Yogesh Rane,8655000116,KK00122,Salim Kulkarni,8655000122,2025-03-08 19:39:33,67,voice,671,"Nhava Sheva Port Cell Site B, Raigad (Uran / JNPT)"
KK-CDR-001782,KK00078,Shirish Salvi,9833000078,KK00092,Suhas Parekh,9930000092,2025-03-08 07:19:32,67,voice,110,"Vartak Nagar Cell Site B, Thane"
KK-CDR-001783,KK00095,Umesh Shaikh,9930000095,KK00015,Balkrishna Shinde,7045000015,2025-03-08 07:34:43,67,voice,49,"APMC Cell Site A, Navi Mumbai"
KK-CDR-001784,KK00093,Rajan Sanghvi,9820000093,KK00089,Ganesh Naik,8976000089,2025-03-09 18:43:12,68,voice,164,"Wagle Estate Cell Site B, Thane"
KK-CDR-001785,KK00241,Pravin More,8976000241,KK00340,Hanif Momin,9833000340,2025-03-09 22:20:53,68,voice,388,"Ghatkopar Cell Site A, Mumbai Suburban"
KK-CDR-001786,KK00303,Deepak Chavan,9323000303,KK00240,Fayyaz Shinde,9930000240,2025-03-09 13:07:11,68,voice,839,"Faraskhana Cell Site B, Pune"
KK-CDR-001787,KK00036,Fayyaz Kadam,9422000036,KK00019,Arif Gaikwad,9422000019,2025-03-09 21:21:38,68,voice,771,"Nalasopara Cell Site B, Palghar"
KK-CDR-001788,KK00015,Balkrishna Shinde,7045000015,KK00030,Vilas Khatib,8655000030,2025-03-09 15:09:08,68,voice,361,"Palghar Cell Site B, Palghar"
KK-CDR-001789,KK00159,Hitesh Sayyed,8976000159,KK00102,Hitesh Kothari,9820000102,2025-03-09 06:45:40,68,voice,359,"MRA Marg Cell Site A, Mumbai City"
KK-CDR-001790,KK00072,Yogesh Momin,9833000072,KK00091,Ashok More,9833000091,2025-03-09 11:56:22,68,voice,572,"Naupada Cell Site B, Thane"
KK-CDR-001791,KK00016,Anil Tandel,9167000016,KK00023,Prakash Deshmukh,8655000023,2025-03-09 07:50:00,68,voice,263,"Guhagar Cell Site B, Ratnagiri"
KK-CDR-001792,KK00187,Prakash Salvi,7045000187,KK00112,Rakesh Gaikwad,8655000112,2025-03-09 13:29:35,68,voice,725,"Vasai Cell Site A, Palghar"
KK-CDR-001793,KK00067,Shirish Pawar,8976000067,KK00084,Vinod Deshmukh,9833000084,2025-03-09 16:03:31,68,voice,389,"Wagle Estate Cell Site A, Thane"
KK-CDR-001794,KK00053,Pravin Bhatkar,9833000053,KK00051,Pravin Kadam,8976000051,2025-03-09 06:15:56,68,voice,373,"Sakinaka Cell Site A, Mumbai Suburban"
KK-CDR-001795,KK00035,Balkrishna Shaikh,9167000035,KK00036,Fayyaz Kadam,9422000036,2025-03-09 11:24:21,68,voice,396,"Vasai Cell Site A, Palghar"
KK-CDR-001796,KK00039,Ravindra Bhosale,9323000039,KK00059,Salim More,9820000059,2025-03-09 21:06:44,68,voice,521,"Pydhonie Cell Site A, Mumbai City"
KK-CDR-001797,KK00109,Yogesh Gaikwad,8976000109,KK00206,Rakesh Shah,9323000206,2025-03-09 15:53:53,68,voice,428,"MRA Marg Cell Site A, Mumbai City"
KK-CDR-001798,KK00024,Nilesh Parekh,9422000024,KK00154,Hanif Thakur,7045000154,2025-03-09 08:38:25,68,voice,396,"Nhava Sheva Port Cell Site B, Raigad (Uran / JNPT)"
KK-CDR-001799,KK00095,Umesh Shaikh,9930000095,KK00089,Ganesh Naik,8976000089,2025-03-09 16:20:22,68,voice,44,"Nerul Cell Site A, Navi Mumbai"
KK-CDR-001800,KK00095,Umesh Shaikh,9930000095,KK00081,Deepak Kadam,9833000081,2025-03-09 07:49:52,68,voice,100,"Nerul Cell Site B, Navi Mumbai"
KK-CDR-001801,KK00024,Nilesh Parekh,9422000024,KK00020,Vilas Sawant,9167000020,2025-03-10 10:00:06,69,voice,473,"Khopoli Cell Site B, Raigad (Uran / JNPT)"
KK-CDR-001802,KK00039,Ravindra Bhosale,9323000039,KK00048,Sameer Doshi,9323000048,2025-03-10 23:32:42,69,voice,808,"Pydhonie Cell Site A, Mumbai City"
KK-CDR-001803,KK00046,Shabbir Shaikh,9820000046,KK00065,Dnyaneshwar Bhandari,8976000065,2025-03-10 11:10:39,69,voice,637,"LT Marg Cell Site B, Mumbai City"
KK-CDR-001804,KK00055,Vilas Shinde,8976000055,KK00056,Mahesh Bhandari,9833000056,2025-03-10 21:18:37,69,voice,301,"Dongri Cell Site A, Mumbai City"
KK-CDR-001805,KK00089,Ganesh Naik,8976000089,KK00084,Vinod Deshmukh,9833000084,2025-03-10 21:11:19,69,voice,428,"Naupada Cell Site A, Thane"
KK-CDR-001806,KK00016,Anil Tandel,9167000016,KK00032,Dattatray Mehta,9860000032,2025-03-10 18:56:06,69,voice,511,"Harnai Coastal Cell Site B, Ratnagiri"
KK-CDR-001807,KK00094,Iqbal Patil,9833000094,KK00083,Sachin Naik,9930000083,2025-03-10 06:45:43,69,voice,741,"Naupada Cell Site B, Thane"
KK-CDR-001808,KK00051,Pravin Kadam,8976000051,KK00037,Ganesh Deshmukh,9323000037,2025-03-10 06:03:48,69,voice,359,"LT Marg Cell Site B, Mumbai City"
KK-CDR-001809,KK00041,Dnyaneshwar Parab,9930000041,KK00045,Kishor Sanghvi,9833000045,2025-03-10 08:44:42,69,voice,883,"Andheri Cell Site A, Mumbai Suburban"
KK-CDR-001810,KK00065,Dnyaneshwar Bhandari,8976000065,KK00045,Kishor Sanghvi,9833000045,2025-03-10 13:59:52,69,voice,732,"Ghatkopar Cell Site B, Mumbai Suburban"
KK-CDR-001811,KK00032,Dattatray Mehta,9860000032,KK00022,Dnyaneshwar Salvi,8655000022,2025-03-10 23:37:17,69,voice,275,"Nhava Sheva Port Cell Site B, Raigad (Uran / JNPT)"
KK-CDR-001812,KK00026,Rafiq Shah,9167000026,KK00015,Balkrishna Shinde,7045000015,2025-03-10 07:42:58,69,voice,840,"Guhagar Cell Site A, Ratnagiri"
KK-CDR-001813,KK00070,Hanif Kadam,9323000070,KK00097,Arif Kadam,9323000097,2025-03-10 09:00:06,69,voice,212,"Naupada Cell Site B, Thane"
KK-CDR-001814,KK00034,Rakesh Doshi,9860000034,KK00024,Nilesh Parekh,9422000024,2025-03-10 07:52:17,69,voice,331,"Uran Cell Site A, Raigad (Uran / JNPT)"
KK-CDR-001815,KK00032,Dattatray Mehta,9860000032,KK00020,Vilas Sawant,9167000020,2025-03-11 10:37:26,70,voice,288,"Panvel Taluka Cell Site B, Raigad (Uran / JNPT)"
KK-CDR-001816,KK00021,Santosh Bhandari,9422000021,KK00010,Hitesh Desai,7045000010,2025-03-11 10:46:28,70,voice,447,"Dapoli Cell Site A, Ratnagiri"
KK-CDR-001817,KK00005,Kishor Ansari,8655000005,KK00192,Ashok Parekh,9422000192,2025-03-11 10:03:16,70,voice,465,"Nalasopara Cell Site B, Palghar"
KK-CDR-001818,KK00091,Ashok More,9833000091,KK00074,Prakash Bhosale,9323000074,2025-03-11 16:25:15,70,voice,465,"Wagle Estate Cell Site A, Thane"
KK-CDR-001819,KK00029,Pravin Koli,7045000029,KK00032,Dattatray Mehta,9860000032,2025-03-11 17:05:25,70,voice,334,"Satpati Coastal Cell Site A, Palghar"
KK-CDR-001820,KK00046,Shabbir Shaikh,9820000046,KK00057,Balkrishna Parekh,8976000057,2025-03-11 14:32:57,70,voice,456,"VP Road Cell Site A, Mumbai City"
KK-CDR-001821,KK00053,Pravin Bhatkar,9833000053,KK00064,Anil Khatib,9820000064,2025-03-11 13:15:12,70,voice,490,"Ghatkopar Cell Site B, Mumbai Suburban"
KK-CDR-001822,KK00091,Ashok More,9833000091,KK00069,Imtiaz Kadam,9323000069,2025-03-11 19:26:18,70,voice,503,"Wagle Estate Cell Site B, Thane"
KK-CDR-001823,KK00084,Vinod Deshmukh,9833000084,KK00072,Yogesh Momin,9833000072,2025-03-11 21:26:47,70,voice,55,"Vartak Nagar Cell Site B, Thane"
KK-CDR-001824,KK00083,Sachin Naik,9930000083,KK00072,Yogesh Momin,9833000072,2025-03-11 17:59:05,70,voice,273,"Naupada Cell Site A, Thane"
KK-CDR-001825,KK00092,Suhas Parekh,9930000092,KK00088,Rajan Sawant,9323000088,2025-03-11 06:31:24,70,voice,403,"Rabodi Cell Site A, Thane"
KK-CDR-001826,KK00041,Dnyaneshwar Parab,9930000041,KK00054,Kishor Sawant,9833000054,2025-03-11 18:02:03,70,voice,840,"Andheri Cell Site A, Mumbai Suburban"
KK-CDR-001827,KK00064,Anil Khatib,9820000064,KK00181,Umesh Jadhav,8976000181,2025-03-11 23:45:23,70,voice,638,"VP Road Cell Site B, Mumbai City"
KK-CDR-001828,KK00013,Kishor Koli,7045000013,KK00124,Sachin Bhosale,8655000124,2025-03-11 08:10:17,70,voice,721,"Vasai Cell Site B, Palghar"
KK-CDR-001829,KK00006,Salim Parab,8655000006,KK00016,Anil Tandel,9167000016,2025-03-11 20:53:54,70,voice,774,"Ratnagiri City Cell Site B, Ratnagiri"
KK-CDR-001830,KK00040,Rajan Ansari,9930000040,KK00175,Balkrishna Pawar,9323000175,2025-03-11 16:08:45,70,voice,582,"Dongri Cell Site B, Mumbai City"
KK-CDR-001831,KK00065,Dnyaneshwar Bhandari,8976000065,KK00113,Fayyaz Chavan,8976000113,2025-03-11 11:41:32,70,voice,435,"Bandra Cell Site B, Mumbai Suburban"
KK-CDR-001832,KK00060,Mangesh Tandel,9820000060,KK00047,Santosh Thakur,9833000047,2025-03-11 14:07:25,70,voice,834,"Sakinaka Cell Site A, Mumbai Suburban"
KK-CDR-001833,KK00012,Bhavesh Parekh,9860000012,KK00023,Prakash Deshmukh,8655000023,2025-03-11 21:10:43,70,voice,156,"Khopoli Cell Site B, Raigad (Uran / JNPT)"
KK-CDR-001834,KK00191,Javed Naik,9323000191,KK00177,Rakesh Sawant,8976000177,2025-03-11 19:36:18,70,voice,891,"Dongri Cell Site A, Mumbai City"
KK-CDR-001835,KK00008,Vilas Tandel,9860000008,KK00022,Dnyaneshwar Salvi,8655000022,2025-03-11 22:27:00,70,voice,570,"Khopoli Cell Site B, Raigad (Uran / JNPT)"
KK-CDR-001836,KK00014,Anil Tandel,8655000014,KK00001,Nilesh Khatib,8655000001,2025-03-11 19:30:03,70,voice,86,"Nalasopara Cell Site A, Palghar"
KK-CDR-001837,KK00029,Pravin Koli,7045000029,KK00170,Kishor Thakur,9860000170,2025-03-11 10:28:35,70,voice,687,"Satpati Coastal Cell Site B, Palghar"
KK-CDR-001838,KK00007,Santosh Sanghvi,9167000007,KK00188,Bhavesh Bhandari,7045000188,2025-03-11 17:26:03,70,voice,620,"Ratnagiri City Cell Site B, Ratnagiri"
KK-CDR-001839,KK00083,Sachin Naik,9930000083,KK00067,Shirish Pawar,8976000067,2025-03-11 06:42:08,70,voice,381,"Kapurbawdi Cell Site B, Thane"
KK-CDR-001840,KK00033,Shirish Chavan,9422000033,KK00036,Fayyaz Kadam,9422000036,2025-03-12 21:09:57,71,voice,729,"Harnai Coastal Cell Site A, Ratnagiri"
KK-CDR-001841,KK00019,Arif Gaikwad,9422000019,KK00112,Rakesh Gaikwad,8655000112,2025-03-12 14:18:03,71,voice,224,"Satpati Coastal Cell Site B, Palghar"
KK-CDR-001842,KK00018,Suhas Sanghvi,9167000018,KK00001,Nilesh Khatib,8655000001,2025-03-12 07:21:31,71,voice,780,"Guhagar Cell Site B, Ratnagiri"
KK-CDR-001843,KK00069,Imtiaz Kadam,9323000069,KK00108,Hitesh Bhandari,9930000108,2025-03-12 23:43:45,71,voice,874,"Rabodi Cell Site A, Thane"
KK-CDR-001844,KK00018,Suhas Sanghvi,9167000018,KK00016,Anil Tandel,9167000016,2025-03-12 14:12:23,71,voice,837,"Harnai Coastal Cell Site B, Ratnagiri"
KK-CDR-001845,KK00071,Arif Salvi,9833000071,KK00067,Shirish Pawar,8976000067,2025-03-12 11:52:14,71,voice,797,"Vartak Nagar Cell Site A, Thane"
KK-CDR-001846,KK00069,Imtiaz Kadam,9323000069,KK00068,Prakash Koli,9833000068,2025-03-12 07:20:16,71,voice,246,"Rabodi Cell Site B, Thane"
KK-CDR-001847,KK00053,Pravin Bhatkar,9833000053,KK00051,Pravin Kadam,8976000051,2025-03-12 13:58:32,71,voice,253,"Bandra Cell Site B, Mumbai Suburban"
KK-CDR-001848,KK00053,Pravin Bhatkar,9833000053,KK00039,Ravindra Bhosale,9323000039,2025-03-12 15:30:45,71,voice,400,"Sakinaka Cell Site B, Mumbai Suburban"
KK-CDR-001849,KK00216,Santosh Jadhav,8655000216,KK00112,Rakesh Gaikwad,8655000112,2025-03-12 21:28:21,71,voice,104,"Harnai Coastal Cell Site B, Ratnagiri"
KK-CDR-001850,KK00034,Rakesh Doshi,9860000034,KK00009,Dattatray Soni,9860000009,2025-03-12 07:01:21,71,voice,346,"Nhava Sheva Port Cell Site A, Raigad (Uran / JNPT)"
KK-CDR-001851,KK00089,Ganesh Naik,8976000089,KK00097,Arif Kadam,9323000097,2025-03-12 12:53:48,71,voice,819,"Wagle Estate Cell Site A, Thane"
KK-CDR-001852,KK00003,Deepak Pawar,9167000003,KK00031,Anil Chavan,8655000031,2025-03-12 18:40:19,71,voice,713,"Ratnagiri City Cell Site B, Ratnagiri"
KK-CDR-001853,KK00024,Nilesh Parekh,9422000024,KK00018,Suhas Sanghvi,9167000018,2025-03-12 15:28:52,71,voice,686,"Panvel Taluka Cell Site A, Raigad (Uran / JNPT)"
KK-CDR-001854,KK00047,Santosh Thakur,9833000047,KK00100,Suhas Mehta,9323000100,2025-03-12 20:15:58,71,voice,407,"Andheri Cell Site B, Mumbai Suburban"
KK-CDR-001855,KK00324,Rakesh Ansari,9820000324,KK00241,Pravin More,8976000241,2025-03-12 17:48:22,71,voice,405,"Naupada Cell Site B, Thane"
KK-CDR-001856,KK00088,Rajan Sawant,9323000088,KK00143,Shabbir Surve,9930000143,2025-03-12 14:54:34,71,voice,554,"Kapurbawdi Cell Site B, Thane"
KK-CDR-001857,KK00075,Rafiq Pawar,8976000075,KK00080,Rajan Desai,9820000080,2025-03-12 11:26:50,71,voice,736,"Naupada Cell Site A, Thane"
KK-CDR-001858,KK00120,Bhavesh Soni,8976000120,KK00195,Pravin Kothari,9820000195,2025-03-13 23:08:32,72,voice,868,"Kapurbawdi Cell Site A, Thane"
KK-CDR-001859,KK00018,Suhas Sanghvi,9167000018,KK00006,Salim Parab,8655000006,2025-03-13 13:10:16,72,voice,846,"Guhagar Cell Site B, Ratnagiri"
KK-CDR-001860,KK00036,Fayyaz Kadam,9422000036,KK00001,Nilesh Khatib,8655000001,2025-03-13 16:55:14,72,voice,479,"Satpati Coastal Cell Site A, Palghar"
KK-CDR-001861,KK00085,Prakash Shaikh,9820000085,KK00072,Yogesh Momin,9833000072,2025-03-13 11:01:37,72,voice,464,"Vartak Nagar Cell Site A, Thane"
KK-CDR-001862,KK00182,Dnyaneshwar Shinde,9422000182,KK00125,Mahesh Desai,9422000125,2025-03-13 22:36:31,72,voice,103,"Satpati Coastal Cell Site A, Palghar"
KK-CDR-001863,KK00086,Arif Bhosale,8976000086,KK00078,Shirish Salvi,9833000078,2025-03-13 19:22:46,72,voice,329,"Naupada Cell Site A, Thane"
KK-CDR-001864,KK00076,Jitendra Shaikh,9833000076,KK00077,Anil Thakur,9833000077,2025-03-13 06:39:00,72,voice,283,"Wagle Estate Cell Site B, Thane"
KK-CDR-001865,KK00051,Pravin Kadam,8976000051,KK00202,Rajan Bhosale,9820000202,2025-03-13 15:02:26,72,voice,799,"LT Marg Cell Site A, Mumbai City"
KK-CDR-001866,KK00070,Hanif Kadam,9323000070,KK00130,Nitin Doshi,8976000130,2025-03-13 12:32:09,72,voice,564,"Rabodi Cell Site A, Thane"
KK-CDR-001867,KK00073,Mangesh Naik,9323000073,KK00069,Imtiaz Kadam,9323000069,2025-03-13 18:08:46,72,voice,223,"Kapurbawdi Cell Site B, Thane"
KK-CDR-001868,KK00357,Prakash Surve,9820000357,KK00302,Rafiq Shaikh,9820000302,2025-03-13 06:49:15,72,voice,388,"Koregaon Park Cell Site B, Pune"
KK-CDR-001869,KK00093,Rajan Sanghvi,9820000093,KK00073,Mangesh Naik,9323000073,2025-03-13 06:48:37,72,voice,878,"Rabodi Cell Site B, Thane"
KK-CDR-001870,KK00008,Vilas Tandel,9860000008,KK00012,Bhavesh Parekh,9860000012,2025-03-13 08:04:00,72,voice,836,"Uran Cell Site A, Raigad (Uran / JNPT)"
KK-CDR-001871,KK00043,Vinod Mehta,9323000043,KK00059,Salim More,9820000059,2025-03-13 12:10:36,72,voice,74,"Andheri Cell Site A, Mumbai Suburban"
KK-CDR-001872,KK00074,Prakash Bhosale,9323000074,KK00081,Deepak Kadam,9833000081,2025-03-13 11:30:40,72,voice,386,"Naupada Cell Site B, Thane"
KK-CDR-001873,KK00086,Arif Bhosale,8976000086,KK00072,Yogesh Momin,9833000072,2025-03-13 10:51:40,72,voice,882,"Naupada Cell Site A, Thane"
KK-CDR-001874,KK00011,Yogesh Kadam,7045000011,KK00098,Yogesh Naik,9167000098,2025-03-13 22:14:50,72,voice,310,"Khopoli Cell Site A, Raigad (Uran / JNPT)"
KK-CDR-001875,KK00157,Mahesh Bhatkar,9930000157,KK00103,Rafiq Khatib,9930000103,2025-03-13 17:36:13,72,voice,877,"Kapurbawdi Cell Site A, Thane"
KK-CDR-001876,KK00068,Prakash Koli,9833000068,KK00081,Deepak Kadam,9833000081,2025-03-13 15:16:31,72,voice,842,"Vartak Nagar Cell Site A, Thane"
KK-CDR-001877,KK00033,Shirish Chavan,9422000033,KK00127,Ganesh Kadam,7045000127,2025-03-13 09:35:07,72,voice,895,"Guhagar Cell Site B, Ratnagiri"
KK-CDR-001878,KK00095,Umesh Shaikh,9930000095,KK00024,Nilesh Parekh,9422000024,2025-03-13 13:27:08,72,voice,211,"Vashi Cell Site B, Navi Mumbai"
KK-CDR-001879,KK00095,Umesh Shaikh,9930000095,KK00087,Rafiq Deshmukh,8976000087,2025-03-13 17:41:31,72,voice,145,"Vashi Cell Site A, Navi Mumbai"
KK-CDR-001880,KK00095,Umesh Shaikh,9930000095,KK00079,Rafiq Soni,8976000079,2025-03-13 10:39:48,72,voice,186,"CBD Belapur Cell Site B, Navi Mumbai"
KK-CDR-001881,KK00096,Hitesh Parekh,9422000096,KK00095,Umesh Shaikh,9930000095,2025-03-13 23:15:02,72,voice,37,"Vasai Cell Site A, Palghar"
KK-CDR-001882,KK00059,Salim More,9820000059,KK00042,Shabbir Jadhav,9930000042,2025-03-14 06:18:47,73,voice,108,"Andheri Cell Site B, Mumbai Suburban"
KK-CDR-001883,KK00112,Rakesh Gaikwad,8655000112,KK00098,Yogesh Naik,9167000098,2025-03-14 19:37:48,73,voice,429,"Nalasopara Cell Site A, Palghar"
KK-CDR-001884,KK00080,Rajan Desai,9820000080,KK00091,Ashok More,9833000091,2025-03-14 18:09:35,73,voice,645,"Kapurbawdi Cell Site B, Thane"
KK-CDR-001885,KK00065,Dnyaneshwar Bhandari,8976000065,KK00062,Paresh Parekh,9820000062,2025-03-14 16:27:10,73,voice,899,"Andheri Cell Site B, Mumbai Suburban"
KK-CDR-001886,KK00180,Iqbal Parab,9820000180,KK00119,Prakash Doshi,9323000119,2025-03-14 21:09:21,73,voice,59,"Vartak Nagar Cell Site A, Thane"
KK-CDR-001887,KK00328,Rafiq Kulkarni,8976000328,KK00373,Dnyaneshwar Deshmukh,9323000373,2025-03-14 06:34:39,73,voice,167,"Bund Garden Cell Site A, Pune"
KK-CDR-001888,KK00052,Rakesh Zaveri,8976000052,KK00149,Paresh Khatib,9820000149,2025-03-14 22:19:25,73,voice,308,"Ghatkopar Cell Site B, Mumbai Suburban"
KK-CDR-001889,KK00027,Hanif Shinde,9422000027,KK00116,Yogesh Rane,8655000116,2025-03-14 06:14:38,73,voice,758,"Panvel Taluka Cell Site A, Raigad (Uran / JNPT)"
KK-CDR-001890,KK00073,Mangesh Naik,9323000073,KK00195,Pravin Kothari,9820000195,2025-03-14 12:10:17,73,voice,890,"Vartak Nagar Cell Site A, Thane"
KK-CDR-001891,KK00073,Mangesh Naik,9323000073,KK00091,Ashok More,9833000091,2025-03-14 09:56:50,73,voice,380,"Naupada Cell Site A, Thane"
KK-CDR-001892,KK00105,Pravin Desai,9323000105,KK00101,Javed Bhandari,9833000101,2025-03-14 17:47:53,73,voice,898,"Vartak Nagar Cell Site A, Thane"
KK-CDR-001893,KK00011,Yogesh Kadam,7045000011,KK00192,Ashok Parekh,9422000192,2025-03-14 19:18:11,73,voice,20,"Uran Cell Site B, Raigad (Uran / JNPT)"
KK-CDR-001894,KK00135,Deepak Sanghvi,7045000135,KK00196,Nitin Sayyed,9422000196,2025-03-14 21:26:07,73,voice,400,"Ratnagiri City Cell Site B, Ratnagiri"
KK-CDR-001895,KK00077,Anil Thakur,9833000077,KK00067,Shirish Pawar,8976000067,2025-03-14 15:50:41,73,voice,51,"Rabodi Cell Site B, Thane"
KK-CDR-001896,KK00049,Santosh Zaveri,9833000049,KK00057,Balkrishna Parekh,8976000057,2025-03-14 19:55:05,73,voice,228,"Ghatkopar Cell Site A, Mumbai Suburban"
KK-CDR-001897,KK00058,Dattatray Patil,9833000058,KK00065,Dnyaneshwar Bhandari,8976000065,2025-03-14 19:37:02,73,voice,132,"MRA Marg Cell Site A, Mumbai City"
KK-CDR-001898,KK00053,Pravin Bhatkar,9833000053,KK00055,Vilas Shinde,8976000055,2025-03-14 07:38:19,73,voice,42,"Bandra Cell Site B, Mumbai Suburban"
KK-CDR-001899,KK00053,Pravin Bhatkar,9833000053,KK00040,Rajan Ansari,9930000040,2025-03-14 15:00:14,73,voice,160,"Ghatkopar Cell Site B, Mumbai Suburban"
KK-CDR-001900,KK00065,Dnyaneshwar Bhandari,8976000065,KK00048,Sameer Doshi,9323000048,2025-03-14 14:51:40,73,voice,45,"Bandra Cell Site B, Mumbai Suburban"
KK-CDR-001901,KK00041,Dnyaneshwar Parab,9930000041,KK00042,Shabbir Jadhav,9930000042,2025-03-14 18:41:04,73,voice,55,"Ghatkopar Cell Site A, Mumbai Suburban"
KK-CDR-001902,KK00038,Iqbal Mehta,9820000038,KK00040,Rajan Ansari,9930000040,2025-03-14 14:13:36,73,voice,182,"Sakinaka Cell Site B, Mumbai Suburban"
KK-CDR-001903,KK00057,Balkrishna Parekh,8976000057,KK00065,Dnyaneshwar Bhandari,8976000065,2025-03-14 23:24:02,73,voice,69,"Pydhonie Cell Site B, Mumbai City"
KK-CDR-001904,KK00063,Sameer Koli,9323000063,KK00056,Mahesh Bhandari,9833000056,2025-03-14 09:21:34,73,voice,87,"Dongri Cell Site A, Mumbai City"
KK-CDR-001905,KK00065,Dnyaneshwar Bhandari,8976000065,KK00064,Anil Khatib,9820000064,2025-03-14 15:41:30,73,voice,105,"Ghatkopar Cell Site A, Mumbai Suburban"
KK-CDR-001906,KK00063,Sameer Koli,9323000063,KK00053,Pravin Bhatkar,9833000053,2025-03-14 07:17:18,73,voice,174,"Dongri Cell Site A, Mumbai City"
KK-CDR-001907,KK00058,Dattatray Patil,9833000058,KK00053,Pravin Bhatkar,9833000053,2025-03-14 07:08:32,73,voice,224,"Dongri Cell Site B, Mumbai City"
KK-CDR-001908,KK00055,Vilas Shinde,8976000055,KK00059,Salim More,9820000059,2025-03-14 10:58:34,73,voice,199,"Dongri Cell Site A, Mumbai City"
KK-CDR-001909,KK00038,Iqbal Mehta,9820000038,KK00064,Anil Khatib,9820000064,2025-03-14 21:51:25,73,voice,207,"Bandra Cell Site B, Mumbai Suburban"
KK-CDR-001910,KK00055,Vilas Shinde,8976000055,KK00056,Mahesh Bhandari,9833000056,2025-03-14 09:48:50,73,voice,139,"LT Marg Cell Site B, Mumbai City"
KK-CDR-001911,KK00047,Santosh Thakur,9833000047,KK00061,Sameer Soni,9820000061,2025-03-14 19:41:50,73,voice,211,"Sakinaka Cell Site B, Mumbai Suburban"
KK-CDR-001912,KK00046,Shabbir Shaikh,9820000046,KK00039,Ravindra Bhosale,9323000039,2025-03-14 06:01:47,73,voice,189,"LT Marg Cell Site A, Mumbai City"
KK-CDR-001913,KK00060,Mangesh Tandel,9820000060,KK00053,Pravin Bhatkar,9833000053,2025-03-14 15:08:42,73,voice,37,"Ghatkopar Cell Site A, Mumbai Suburban"
KK-CDR-001914,KK00040,Rajan Ansari,9930000040,KK00038,Iqbal Mehta,9820000038,2025-03-14 13:07:09,73,voice,224,"Dongri Cell Site A, Mumbai City"
KK-CDR-001915,KK00039,Ravindra Bhosale,9323000039,KK00054,Kishor Sawant,9833000054,2025-03-14 18:13:53,73,voice,140,"VP Road Cell Site A, Mumbai City"
KK-CDR-001916,KK00064,Anil Khatib,9820000064,KK00041,Dnyaneshwar Parab,9930000041,2025-03-14 22:18:41,73,voice,70,"MRA Marg Cell Site A, Mumbai City"
KK-CDR-001917,KK00042,Shabbir Jadhav,9930000042,KK00062,Paresh Parekh,9820000062,2025-03-14 10:48:52,73,voice,51,"Bandra Cell Site A, Mumbai Suburban"
KK-CDR-001918,KK00060,Mangesh Tandel,9820000060,KK00043,Vinod Mehta,9323000043,2025-03-14 13:46:22,73,voice,137,"Bandra Cell Site A, Mumbai Suburban"
KK-CDR-001919,KK00062,Paresh Parekh,9820000062,KK00061,Sameer Soni,9820000061,2025-03-14 08:47:40,73,voice,48,"Kurla Cell Site B, Mumbai Suburban"
KK-CDR-001920,KK00050,Shirish Patil,9833000050,KK00049,Santosh Zaveri,9833000049,2025-03-14 06:38:59,73,voice,91,"VP Road Cell Site A, Mumbai City"
KK-CDR-001921,KK00041,Dnyaneshwar Parab,9930000041,KK00047,Santosh Thakur,9833000047,2025-03-14 18:57:25,73,voice,187,"Kurla Cell Site B, Mumbai Suburban"
KK-CDR-001922,KK00048,Sameer Doshi,9323000048,KK00058,Dattatray Patil,9833000058,2025-03-14 20:22:54,73,voice,210,"Pydhonie Cell Site B, Mumbai City"
KK-CDR-001923,KK00053,Pravin Bhatkar,9833000053,KK00039,Ravindra Bhosale,9323000039,2025-03-14 13:47:36,73,voice,165,"Sakinaka Cell Site B, Mumbai Suburban"
KK-CDR-001924,KK00065,Dnyaneshwar Bhandari,8976000065,KK00054,Kishor Sawant,9833000054,2025-03-14 12:58:08,73,voice,234,"Kurla Cell Site B, Mumbai Suburban"
KK-CDR-001925,KK00044,Ashok Sayyed,9833000044,KK00046,Shabbir Shaikh,9820000046,2025-03-14 11:38:28,73,voice,136,"MRA Marg Cell Site A, Mumbai City"
KK-CDR-001926,KK00058,Dattatray Patil,9833000058,KK00040,Rajan Ansari,9930000040,2025-03-14 20:50:33,73,voice,67,"Pydhonie Cell Site B, Mumbai City"
KK-CDR-001927,KK00062,Paresh Parekh,9820000062,KK00043,Vinod Mehta,9323000043,2025-03-14 09:18:11,73,voice,126,"Andheri Cell Site A, Mumbai Suburban"
KK-CDR-001928,KK00056,Mahesh Bhandari,9833000056,KK00057,Balkrishna Parekh,8976000057,2025-03-14 16:52:51,73,voice,104,"Bandra Cell Site B, Mumbai Suburban"
KK-CDR-001929,KK00049,Santosh Zaveri,9833000049,KK00042,Shabbir Jadhav,9930000042,2025-03-14 15:57:51,73,voice,54,"Sakinaka Cell Site B, Mumbai Suburban"
KK-CDR-001930,KK00039,Ravindra Bhosale,9323000039,KK00057,Balkrishna Parekh,8976000057,2025-03-14 18:24:48,73,voice,126,"Pydhonie Cell Site A, Mumbai City"
KK-CDR-001931,KK00062,Paresh Parekh,9820000062,KK00054,Kishor Sawant,9833000054,2025-03-14 06:27:00,73,voice,207,"Andheri Cell Site B, Mumbai Suburban"
KK-CDR-001932,KK00063,Sameer Koli,9323000063,KK00044,Ashok Sayyed,9833000044,2025-03-14 12:40:53,73,voice,119,"VP Road Cell Site B, Mumbai City"
KK-CDR-001933,KK00045,Kishor Sanghvi,9833000045,KK00060,Mangesh Tandel,9820000060,2025-03-14 17:33:12,73,voice,222,"Sakinaka Cell Site A, Mumbai Suburban"
KK-CDR-001934,KK00064,Anil Khatib,9820000064,KK00050,Shirish Patil,9833000050,2025-03-14 07:00:57,73,voice,145,"LT Marg Cell Site B, Mumbai City"
KK-CDR-001935,KK00043,Vinod Mehta,9323000043,KK00062,Paresh Parekh,9820000062,2025-03-14 14:11:52,73,voice,178,"Ghatkopar Cell Site B, Mumbai Suburban"
KK-CDR-001936,KK00049,Santosh Zaveri,9833000049,KK00037,Ganesh Deshmukh,9323000037,2025-03-14 13:00:05,73,voice,146,"Sakinaka Cell Site B, Mumbai Suburban"
KK-CDR-001937,KK00060,Mangesh Tandel,9820000060,KK00040,Rajan Ansari,9930000040,2025-03-14 10:08:47,73,voice,238,"Bandra Cell Site A, Mumbai Suburban"
KK-CDR-001938,KK00063,Sameer Koli,9323000063,KK00044,Ashok Sayyed,9833000044,2025-03-14 10:30:17,73,voice,150,"Dongri Cell Site A, Mumbai City"
KK-CDR-001939,KK00055,Vilas Shinde,8976000055,KK00048,Sameer Doshi,9323000048,2025-03-14 13:59:42,73,voice,113,"MRA Marg Cell Site B, Mumbai City"
KK-CDR-001940,KK00044,Ashok Sayyed,9833000044,KK00039,Ravindra Bhosale,9323000039,2025-03-14 13:58:01,73,voice,71,"Pydhonie Cell Site A, Mumbai City"
KK-CDR-001941,KK00048,Sameer Doshi,9323000048,KK00044,Ashok Sayyed,9833000044,2025-03-14 21:18:20,73,voice,194,"MRA Marg Cell Site A, Mumbai City"
KK-CDR-001942,KK00053,Pravin Bhatkar,9833000053,KK00054,Kishor Sawant,9833000054,2025-03-14 17:48:54,73,voice,137,"Ghatkopar Cell Site B, Mumbai Suburban"
KK-CDR-001943,KK00050,Shirish Patil,9833000050,KK00061,Sameer Soni,9820000061,2025-03-14 16:10:29,73,voice,113,"LT Marg Cell Site B, Mumbai City"
KK-CDR-001944,KK00060,Mangesh Tandel,9820000060,KK00042,Shabbir Jadhav,9930000042,2025-03-14 10:47:05,73,voice,229,"Ghatkopar Cell Site A, Mumbai Suburban"
KK-CDR-001945,KK00062,Paresh Parekh,9820000062,KK00037,Ganesh Deshmukh,9323000037,2025-03-14 07:45:32,73,voice,98,"Kurla Cell Site B, Mumbai Suburban"
KK-CDR-001946,KK00058,Dattatray Patil,9833000058,KK00050,Shirish Patil,9833000050,2025-03-14 07:40:02,73,voice,122,"Pydhonie Cell Site A, Mumbai City"
KK-CDR-001947,KK00050,Shirish Patil,9833000050,KK00043,Vinod Mehta,9323000043,2025-03-14 09:01:24,73,voice,24,"MRA Marg Cell Site A, Mumbai City"
KK-CDR-001948,KK00054,Kishor Sawant,9833000054,KK00049,Santosh Zaveri,9833000049,2025-03-14 13:29:17,73,voice,105,"Kurla Cell Site B, Mumbai Suburban"
KK-CDR-001949,KK00037,Ganesh Deshmukh,9323000037,KK00041,Dnyaneshwar Parab,9930000041,2025-03-14 19:43:19,73,voice,193,"Kurla Cell Site B, Mumbai Suburban"
KK-CDR-001950,KK00050,Shirish Patil,9833000050,KK00045,Kishor Sanghvi,9833000045,2025-03-14 08:06:07,73,voice,78,"Dongri Cell Site A, Mumbai City"
KK-CDR-001951,KK00037,Ganesh Deshmukh,9323000037,KK00046,Shabbir Shaikh,9820000046,2025-03-14 23:35:46,73,voice,137,"Andheri Cell Site A, Mumbai Suburban"
KK-CDR-001952,KK00064,Anil Khatib,9820000064,KK00041,Dnyaneshwar Parab,9930000041,2025-03-14 23:12:59,73,voice,43,"MRA Marg Cell Site B, Mumbai City"
KK-CDR-001953,KK00038,Iqbal Mehta,9820000038,KK00048,Sameer Doshi,9323000048,2025-03-14 08:31:07,73,voice,25,"Bandra Cell Site B, Mumbai Suburban"
KK-CDR-001954,KK00066,Hanif Chavan,9833000066,KK00037,Ganesh Deshmukh,9323000037,2025-03-14 07:18:47,73,voice,146,"LT Marg Cell Site B, Mumbai City"
KK-CDR-001955,KK00038,Iqbal Mehta,9820000038,KK00041,Dnyaneshwar Parab,9930000041,2025-03-14 10:06:53,73,voice,194,"Bandra Cell Site B, Mumbai Suburban"
KK-CDR-001956,KK00054,Kishor Sawant,9833000054,KK00049,Santosh Zaveri,9833000049,2025-03-14 11:39:58,73,voice,219,"Sakinaka Cell Site A, Mumbai Suburban"
KK-CDR-001957,KK00052,Rakesh Zaveri,8976000052,KK00048,Sameer Doshi,9323000048,2025-03-14 19:36:07,73,voice,128,"Bandra Cell Site A, Mumbai Suburban"
KK-CDR-001958,KK00047,Santosh Thakur,9833000047,KK00052,Rakesh Zaveri,8976000052,2025-03-14 17:52:17,73,voice,199,"Andheri Cell Site A, Mumbai Suburban"
KK-CDR-001959,KK00061,Sameer Soni,9820000061,KK00056,Mahesh Bhandari,9833000056,2025-03-14 20:47:03,73,voice,211,"LT Marg Cell Site A, Mumbai City"
KK-CDR-001960,KK00063,Sameer Koli,9323000063,KK00051,Pravin Kadam,8976000051,2025-03-14 18:24:29,73,voice,204,"Dongri Cell Site B, Mumbai City"
KK-CDR-001961,KK00047,Santosh Thakur,9833000047,KK00052,Rakesh Zaveri,8976000052,2025-03-14 13:28:38,73,voice,115,"Bandra Cell Site B, Mumbai Suburban"
KK-CDR-001962,KK00058,Dattatray Patil,9833000058,KK00053,Pravin Bhatkar,9833000053,2025-03-14 08:49:04,73,voice,90,"MRA Marg Cell Site B, Mumbai City"
KK-CDR-001963,KK00045,Kishor Sanghvi,9833000045,KK00040,Rajan Ansari,9930000040,2025-03-14 09:49:31,73,voice,204,"Andheri Cell Site B, Mumbai Suburban"
KK-CDR-001964,KK00054,Kishor Sawant,9833000054,KK00041,Dnyaneshwar Parab,9930000041,2025-03-14 15:46:47,73,voice,181,"Bandra Cell Site B, Mumbai Suburban"
KK-CDR-001965,KK00044,Ashok Sayyed,9833000044,KK00050,Shirish Patil,9833000050,2025-03-14 09:53:58,73,voice,61,"LT Marg Cell Site A, Mumbai City"
KK-CDR-001966,KK00063,Sameer Koli,9323000063,KK00061,Sameer Soni,9820000061,2025-03-14 10:57:30,73,voice,118,"Pydhonie Cell Site A, Mumbai City"
KK-CDR-001967,KK00065,Dnyaneshwar Bhandari,8976000065,KK00040,Rajan Ansari,9930000040,2025-03-14 08:58:45,73,voice,45,"Ghatkopar Cell Site A, Mumbai Suburban"
KK-CDR-001968,KK00044,Ashok Sayyed,9833000044,KK00064,Anil Khatib,9820000064,2025-03-14 10:42:00,73,voice,117,"Dongri Cell Site B, Mumbai City"
KK-CDR-001969,KK00064,Anil Khatib,9820000064,KK00055,Vilas Shinde,8976000055,2025-03-14 10:35:49,73,voice,41,"LT Marg Cell Site B, Mumbai City"
KK-CDR-001970,KK00041,Dnyaneshwar Parab,9930000041,KK00040,Rajan Ansari,9930000040,2025-03-14 22:09:28,73,voice,160,"Kurla Cell Site B, Mumbai Suburban"
KK-CDR-001971,KK00055,Vilas Shinde,8976000055,KK00060,Mangesh Tandel,9820000060,2025-03-14 06:58:27,73,voice,181,"MRA Marg Cell Site A, Mumbai City"
KK-CDR-001972,KK00047,Santosh Thakur,9833000047,KK00052,Rakesh Zaveri,8976000052,2025-03-14 14:15:48,73,voice,161,"Bandra Cell Site A, Mumbai Suburban"
KK-CDR-001973,KK00064,Anil Khatib,9820000064,KK00052,Rakesh Zaveri,8976000052,2025-03-14 19:51:21,73,voice,153,"VP Road Cell Site A, Mumbai City"
KK-CDR-001974,KK00057,Balkrishna Parekh,8976000057,KK00042,Shabbir Jadhav,9930000042,2025-03-14 07:43:45,73,voice,25,"VP Road Cell Site A, Mumbai City"
KK-CDR-001975,KK00051,Pravin Kadam,8976000051,KK00037,Ganesh Deshmukh,9323000037,2025-03-14 10:36:39,73,voice,141,"VP Road Cell Site B, Mumbai City"
KK-CDR-001976,KK00059,Salim More,9820000059,KK00066,Hanif Chavan,9833000066,2025-03-14 14:03:29,73,voice,63,"Bandra Cell Site B, Mumbai Suburban"
KK-CDR-001977,KK00060,Mangesh Tandel,9820000060,KK00061,Sameer Soni,9820000061,2025-03-14 15:00:22,73,voice,163,"Sakinaka Cell Site B, Mumbai Suburban"
KK-CDR-001978,KK00044,Ashok Sayyed,9833000044,KK00054,Kishor Sawant,9833000054,2025-03-14 21:07:50,73,voice,63,"VP Road Cell Site B, Mumbai City"
KK-CDR-001979,KK00038,Iqbal Mehta,9820000038,KK00061,Sameer Soni,9820000061,2025-03-14 08:00:03,73,voice,47,"Bandra Cell Site A, Mumbai Suburban"
KK-CDR-001980,KK00039,Ravindra Bhosale,9323000039,KK00044,Ashok Sayyed,9833000044,2025-03-14 21:17:06,73,voice,223,"Dongri Cell Site B, Mumbai City"
KK-CDR-001981,KK00063,Sameer Koli,9323000063,KK00048,Sameer Doshi,9323000048,2025-03-14 10:20:12,73,voice,172,"VP Road Cell Site A, Mumbai City"
KK-CDR-001982,KK00040,Rajan Ansari,9930000040,KK00054,Kishor Sawant,9833000054,2025-03-14 18:15:02,73,voice,154,"VP Road Cell Site B, Mumbai City"
KK-CDR-001983,KK00062,Paresh Parekh,9820000062,KK00048,Sameer Doshi,9323000048,2025-03-14 06:42:40,73,voice,240,"Andheri Cell Site A, Mumbai Suburban"
KK-CDR-001984,KK00042,Shabbir Jadhav,9930000042,KK00038,Iqbal Mehta,9820000038,2025-03-14 09:03:00,73,voice,223,"Sakinaka Cell Site A, Mumbai Suburban"
KK-CDR-001985,KK00057,Balkrishna Parekh,8976000057,KK00056,Mahesh Bhandari,9833000056,2025-03-14 21:46:10,73,voice,229,"LT Marg Cell Site B, Mumbai City"
KK-CDR-001986,KK00047,Santosh Thakur,9833000047,KK00051,Pravin Kadam,8976000051,2025-03-14 14:14:12,73,voice,188,"Sakinaka Cell Site A, Mumbai Suburban"
KK-CDR-001987,KK00044,Ashok Sayyed,9833000044,KK00060,Mangesh Tandel,9820000060,2025-03-14 11:29:23,73,voice,192,"VP Road Cell Site A, Mumbai City"
KK-CDR-001988,KK00055,Vilas Shinde,8976000055,KK00060,Mangesh Tandel,9820000060,2025-03-14 18:37:48,73,voice,115,"MRA Marg Cell Site A, Mumbai City"
KK-CDR-001989,KK00050,Shirish Patil,9833000050,KK00046,Shabbir Shaikh,9820000046,2025-03-14 08:02:32,73,voice,148,"Dongri Cell Site B, Mumbai City"
KK-CDR-001990,KK00063,Sameer Koli,9323000063,KK00039,Ravindra Bhosale,9323000039,2025-03-14 14:54:40,73,voice,43,"VP Road Cell Site A, Mumbai City"
KK-CDR-001991,KK00095,Umesh Shaikh,9930000095,KK00084,Vinod Deshmukh,9833000084,2025-03-14 16:11:06,73,voice,139,"APMC Cell Site B, Navi Mumbai"
KK-CDR-001992,KK00025,Deepak Zaveri,8655000025,KK00014,Anil Tandel,8655000014,2025-03-15 10:48:35,74,voice,788,"Uran Cell Site A, Raigad (Uran / JNPT)"
KK-CDR-001993,KK00036,Fayyaz Kadam,9422000036,KK00031,Anil Chavan,8655000031,2025-03-15 12:14:47,74,voice,715,"Nalasopara Cell Site B, Palghar"
KK-CDR-001994,KK00009,Dattatray Soni,9860000009,KK00118,Ashok Deshmukh,9167000118,2025-03-15 22:30:36,74,voice,106,"Khopoli Cell Site A, Raigad (Uran / JNPT)"
KK-CDR-001995,KK00064,Anil Khatib,9820000064,KK00202,Rajan Bhosale,9820000202,2025-03-15 19:45:43,74,voice,523,"VP Road Cell Site B, Mumbai City"
KK-CDR-001996,KK00054,Kishor Sawant,9833000054,KK00126,Mangesh Thakur,9833000126,2025-03-15 09:44:57,74,voice,826,"Ghatkopar Cell Site B, Mumbai Suburban"
KK-CDR-001997,KK00045,Kishor Sanghvi,9833000045,KK00048,Sameer Doshi,9323000048,2025-03-15 08:52:41,74,voice,704,"Ghatkopar Cell Site A, Mumbai Suburban"
KK-CDR-001998,KK00099,Salim Khatib,7045000099,KK00165,Prakash Zaveri,7045000165,2025-03-15 09:08:40,74,voice,136,"Harnai Coastal Cell Site A, Ratnagiri"
KK-CDR-001999,KK00075,Rafiq Pawar,8976000075,KK00085,Prakash Shaikh,9820000085,2025-03-15 23:05:25,74,voice,619,"Vartak Nagar Cell Site B, Thane"
KK-CDR-002000,KK00084,Vinod Deshmukh,9833000084,KK00090,Arif Mhatre,9930000090,2025-03-15 15:21:14,74,voice,280,"Wagle Estate Cell Site A, Thane"
KK-CDR-002001,KK00090,Arif Mhatre,9930000090,KK00071,Arif Salvi,9833000071,2025-03-15 10:08:17,74,voice,84,"Rabodi Cell Site A, Thane"
KK-CDR-002002,KK00077,Anil Thakur,9833000077,KK00079,Rafiq Soni,8976000079,2025-03-15 17:12:00,74,voice,776,"Rabodi Cell Site A, Thane"
KK-CDR-002003,KK00203,Hanif Koli,8976000203,KK00213,Ravindra Zaveri,9820000213,2025-03-15 23:10:39,74,voice,676,"Vartak Nagar Cell Site A, Thane"
KK-CDR-002004,KK00085,Prakash Shaikh,9820000085,KK00081,Deepak Kadam,9833000081,2025-03-15 22:26:31,74,voice,545,"Kapurbawdi Cell Site A, Thane"
KK-CDR-002005,KK00013,Kishor Koli,7045000013,KK00030,Vilas Khatib,8655000030,2025-03-15 23:40:30,74,voice,840,"Satpati Coastal Cell Site A, Palghar"
KK-CDR-002006,KK00090,Arif Mhatre,9930000090,KK00105,Pravin Desai,9323000105,2025-03-15 11:50:36,74,voice,353,"Rabodi Cell Site A, Thane"
KK-CDR-002007,KK00094,Iqbal Patil,9833000094,KK00087,Rafiq Deshmukh,8976000087,2025-03-15 11:52:11,74,voice,533,"Naupada Cell Site A, Thane"
KK-CDR-002008,KK00086,Arif Bhosale,8976000086,KK00067,Shirish Pawar,8976000067,2025-03-15 22:01:29,74,voice,825,"Vartak Nagar Cell Site B, Thane"
KK-CDR-002009,KK00033,Shirish Chavan,9422000033,KK00020,Vilas Sawant,9167000020,2025-03-15 18:03:23,74,voice,821,"Dapoli Cell Site A, Ratnagiri"
KK-CDR-002010,KK00079,Rafiq Soni,8976000079,KK00071,Arif Salvi,9833000071,2025-03-15 17:00:26,74,voice,501,"Naupada Cell Site A, Thane"
KK-CDR-002011,KK00088,Rajan Sawant,9323000088,KK00072,Yogesh Momin,9833000072,2025-03-15 18:46:24,74,voice,268,"Kapurbawdi Cell Site A, Thane"
KK-CDR-002012,KK00184,Iqbal Jadhav,9833000184,KK00159,Hitesh Sayyed,8976000159,2025-03-15 09:51:51,74,voice,89,"VP Road Cell Site A, Mumbai City"
KK-CDR-002013,KK00058,Dattatray Patil,9833000058,KK00042,Shabbir Jadhav,9930000042,2025-03-15 15:21:39,74,voice,102,"VP Road Cell Site B, Mumbai City"
KK-CDR-002014,KK00038,Iqbal Mehta,9820000038,KK00042,Shabbir Jadhav,9930000042,2025-03-15 06:47:06,74,voice,20,"Kurla Cell Site B, Mumbai Suburban"
KK-CDR-002015,KK00042,Shabbir Jadhav,9930000042,KK00056,Mahesh Bhandari,9833000056,2025-03-15 19:28:49,74,voice,99,"Andheri Cell Site B, Mumbai Suburban"
KK-CDR-002016,KK00055,Vilas Shinde,8976000055,KK00045,Kishor Sanghvi,9833000045,2025-03-15 23:21:10,74,voice,66,"LT Marg Cell Site A, Mumbai City"
KK-CDR-002017,KK00043,Vinod Mehta,9323000043,KK00065,Dnyaneshwar Bhandari,8976000065,2025-03-15 12:33:27,74,voice,144,"Kurla Cell Site B, Mumbai Suburban"
KK-CDR-002018,KK00058,Dattatray Patil,9833000058,KK00055,Vilas Shinde,8976000055,2025-03-15 20:57:05,74,voice,213,"Dongri Cell Site A, Mumbai City"
KK-CDR-002019,KK00037,Ganesh Deshmukh,9323000037,KK00065,Dnyaneshwar Bhandari,8976000065,2025-03-15 22:06:36,74,voice,156,"Kurla Cell Site A, Mumbai Suburban"
KK-CDR-002020,KK00064,Anil Khatib,9820000064,KK00059,Salim More,9820000059,2025-03-15 20:06:13,74,voice,69,"MRA Marg Cell Site B, Mumbai City"
KK-CDR-002021,KK00045,Kishor Sanghvi,9833000045,KK00057,Balkrishna Parekh,8976000057,2025-03-15 22:32:23,74,voice,74,"Andheri Cell Site B, Mumbai Suburban"
KK-CDR-002022,KK00049,Santosh Zaveri,9833000049,KK00040,Rajan Ansari,9930000040,2025-03-15 19:16:59,74,voice,127,"Andheri Cell Site B, Mumbai Suburban"
KK-CDR-002023,KK00058,Dattatray Patil,9833000058,KK00057,Balkrishna Parekh,8976000057,2025-03-15 18:45:41,74,voice,227,"Pydhonie Cell Site B, Mumbai City"
KK-CDR-002024,KK00045,Kishor Sanghvi,9833000045,KK00058,Dattatray Patil,9833000058,2025-03-15 17:22:00,74,voice,161,"Kurla Cell Site B, Mumbai Suburban"
KK-CDR-002025,KK00037,Ganesh Deshmukh,9323000037,KK00040,Rajan Ansari,9930000040,2025-03-15 07:22:26,74,voice,147,"Kurla Cell Site A, Mumbai Suburban"
KK-CDR-002026,KK00064,Anil Khatib,9820000064,KK00051,Pravin Kadam,8976000051,2025-03-15 22:12:13,74,voice,75,"MRA Marg Cell Site B, Mumbai City"
KK-CDR-002027,KK00062,Paresh Parekh,9820000062,KK00049,Santosh Zaveri,9833000049,2025-03-15 17:32:28,74,voice,178,"Sakinaka Cell Site A, Mumbai Suburban"
KK-CDR-002028,KK00052,Rakesh Zaveri,8976000052,KK00059,Salim More,9820000059,2025-03-15 14:09:47,74,voice,89,"Bandra Cell Site B, Mumbai Suburban"
KK-CDR-002029,KK00038,Iqbal Mehta,9820000038,KK00065,Dnyaneshwar Bhandari,8976000065,2025-03-15 11:23:57,74,voice,182,"Sakinaka Cell Site B, Mumbai Suburban"
KK-CDR-002030,KK00049,Santosh Zaveri,9833000049,KK00048,Sameer Doshi,9323000048,2025-03-15 06:53:58,74,voice,112,"Ghatkopar Cell Site A, Mumbai Suburban"
KK-CDR-002031,KK00038,Iqbal Mehta,9820000038,KK00053,Pravin Bhatkar,9833000053,2025-03-15 18:13:16,74,voice,173,"Ghatkopar Cell Site A, Mumbai Suburban"
KK-CDR-002032,KK00046,Shabbir Shaikh,9820000046,KK00041,Dnyaneshwar Parab,9930000041,2025-03-15 07:22:57,74,voice,175,"Pydhonie Cell Site A, Mumbai City"
KK-CDR-002033,KK00050,Shirish Patil,9833000050,KK00049,Santosh Zaveri,9833000049,2025-03-15 18:27:48,74,voice,197,"Dongri Cell Site A, Mumbai City"
KK-CDR-002034,KK00056,Mahesh Bhandari,9833000056,KK00055,Vilas Shinde,8976000055,2025-03-15 07:11:31,74,voice,53,"Sakinaka Cell Site A, Mumbai Suburban"
KK-CDR-002035,KK00066,Hanif Chavan,9833000066,KK00063,Sameer Koli,9323000063,2025-03-15 16:56:57,74,voice,211,"Pydhonie Cell Site A, Mumbai City"
KK-CDR-002036,KK00039,Ravindra Bhosale,9323000039,KK00038,Iqbal Mehta,9820000038,2025-03-15 14:43:52,74,voice,221,"Dongri Cell Site A, Mumbai City"
KK-CDR-002037,KK00057,Balkrishna Parekh,8976000057,KK00063,Sameer Koli,9323000063,2025-03-15 23:11:16,74,voice,230,"VP Road Cell Site A, Mumbai City"
KK-CDR-002038,KK00040,Rajan Ansari,9930000040,KK00061,Sameer Soni,9820000061,2025-03-15 19:42:08,74,voice,220,"VP Road Cell Site B, Mumbai City"
KK-CDR-002039,KK00062,Paresh Parekh,9820000062,KK00054,Kishor Sawant,9833000054,2025-03-15 06:00:52,74,voice,73,"Kurla Cell Site B, Mumbai Suburban"
KK-CDR-002040,KK00061,Sameer Soni,9820000061,KK00053,Pravin Bhatkar,9833000053,2025-03-15 18:53:02,74,voice,159,"LT Marg Cell Site B, Mumbai City"
KK-CDR-002041,KK00049,Santosh Zaveri,9833000049,KK00044,Ashok Sayyed,9833000044,2025-03-15 07:22:05,74,voice,109,"Sakinaka Cell Site B, Mumbai Suburban"
KK-CDR-002042,KK00061,Sameer Soni,9820000061,KK00058,Dattatray Patil,9833000058,2025-03-15 11:31:09,74,voice,222,"Dongri Cell Site B, Mumbai City"
KK-CDR-002043,KK00056,Mahesh Bhandari,9833000056,KK00051,Pravin Kadam,8976000051,2025-03-15 20:11:41,74,voice,237,"Andheri Cell Site B, Mumbai Suburban"
KK-CDR-002044,KK00041,Dnyaneshwar Parab,9930000041,KK00047,Santosh Thakur,9833000047,2025-03-15 16:47:56,74,voice,110,"Kurla Cell Site B, Mumbai Suburban"
KK-CDR-002045,KK00060,Mangesh Tandel,9820000060,KK00044,Ashok Sayyed,9833000044,2025-03-15 22:08:14,74,voice,21,"Kurla Cell Site A, Mumbai Suburban"
KK-CDR-002046,KK00054,Kishor Sawant,9833000054,KK00058,Dattatray Patil,9833000058,2025-03-15 06:38:19,74,voice,178,"Andheri Cell Site A, Mumbai Suburban"
KK-CDR-002047,KK00050,Shirish Patil,9833000050,KK00059,Salim More,9820000059,2025-03-15 07:36:21,74,voice,125,"Dongri Cell Site B, Mumbai City"
KK-CDR-002048,KK00095,Umesh Shaikh,9930000095,KK00025,Deepak Zaveri,8655000025,2025-03-15 22:13:49,74,voice,258,"Vashi Cell Site A, Navi Mumbai"
KK-CDR-002049,KK00095,Umesh Shaikh,9930000095,KK00023,Prakash Deshmukh,8655000023,2025-03-15 17:03:23,74,voice,167,"CBD Belapur Cell Site A, Navi Mumbai"
KK-CDR-002050,KK00042,Shabbir Jadhav,9930000042,KK00045,Kishor Sanghvi,9833000045,2025-03-16 10:42:53,75,voice,804,"Andheri Cell Site A, Mumbai Suburban"
KK-CDR-002051,KK00078,Shirish Salvi,9833000078,KK00212,Rafiq Kothari,8976000212,2025-03-16 17:20:05,75,voice,592,"Wagle Estate Cell Site B, Thane"
KK-CDR-002052,KK00043,Vinod Mehta,9323000043,KK00054,Kishor Sawant,9833000054,2025-03-16 06:49:01,75,voice,600,"Bandra Cell Site A, Mumbai Suburban"
KK-CDR-002053,KK00037,Ganesh Deshmukh,9323000037,KK00060,Mangesh Tandel,9820000060,2025-03-16 09:12:44,75,voice,802,"Bandra Cell Site B, Mumbai Suburban"
KK-CDR-002054,KK00054,Kishor Sawant,9833000054,KK00042,Shabbir Jadhav,9930000042,2025-03-16 16:18:40,75,voice,426,"Ghatkopar Cell Site A, Mumbai Suburban"
KK-CDR-002055,KK00060,Mangesh Tandel,9820000060,KK00058,Dattatray Patil,9833000058,2025-03-16 20:10:19,75,voice,170,"Kurla Cell Site A, Mumbai Suburban"
KK-CDR-002056,KK00005,Kishor Ansari,8655000005,KK00196,Nitin Sayyed,9422000196,2025-03-16 19:22:09,75,voice,122,"Nalasopara Cell Site A, Palghar"
KK-CDR-002057,KK00022,Dnyaneshwar Salvi,8655000022,KK00011,Yogesh Kadam,7045000011,2025-03-16 08:04:50,75,voice,495,"Guhagar Cell Site B, Ratnagiri"
KK-CDR-002058,KK00086,Arif Bhosale,8976000086,KK00078,Shirish Salvi,9833000078,2025-03-16 19:36:35,75,voice,860,"Kapurbawdi Cell Site A, Thane"
KK-CDR-002059,KK00161,Shirish Parab,9833000161,KK00130,Nitin Doshi,8976000130,2025-03-16 17:01:19,75,voice,888,"Vartak Nagar Cell Site A, Thane"
KK-CDR-002060,KK00009,Dattatray Soni,9860000009,KK00187,Prakash Salvi,7045000187,2025-03-16 07:58:58,75,voice,283,"Nhava Sheva Port Cell Site A, Raigad (Uran / JNPT)"
KK-CDR-002061,KK00087,Rafiq Deshmukh,8976000087,KK00085,Prakash Shaikh,9820000085,2025-03-16 07:24:53,75,voice,56,"Wagle Estate Cell Site A, Thane"
KK-CDR-002062,KK00080,Rajan Desai,9820000080,KK00089,Ganesh Naik,8976000089,2025-03-16 11:21:34,75,voice,95,"Naupada Cell Site B, Thane"
KK-CDR-002063,KK00033,Shirish Chavan,9422000033,KK00188,Bhavesh Bhandari,7045000188,2025-03-16 16:04:35,75,voice,181,"Dapoli Cell Site A, Ratnagiri"
KK-CDR-002064,KK00007,Santosh Sanghvi,9167000007,KK00036,Fayyaz Kadam,9422000036,2025-03-16 11:26:43,75,voice,588,"Guhagar Cell Site A, Ratnagiri"
KK-CDR-002065,KK00032,Dattatray Mehta,9860000032,KK00015,Balkrishna Shinde,7045000015,2025-03-16 20:49:49,75,voice,475,"Khopoli Cell Site A, Raigad (Uran / JNPT)"
KK-CDR-002066,KK00055,Vilas Shinde,8976000055,KK00039,Ravindra Bhosale,9323000039,2025-03-16 09:35:09,75,voice,291,"MRA Marg Cell Site B, Mumbai City"
KK-CDR-002067,KK00375,Hitesh Kadam,9833000375,KK00331,Nilesh Bhatkar,9820000331,2025-03-16 09:47:19,75,voice,302,"Bandra Cell Site A, Mumbai Suburban"
KK-CDR-002068,KK00025,Deepak Zaveri,8655000025,KK00118,Ashok Deshmukh,9167000118,2025-03-16 06:48:37,75,voice,627,"Khopoli Cell Site A, Raigad (Uran / JNPT)"
KK-CDR-002069,KK00068,Prakash Koli,9833000068,KK00094,Iqbal Patil,9833000094,2025-03-16 23:01:01,75,voice,97,"Naupada Cell Site A, Thane"
KK-CDR-002070,KK00084,Vinod Deshmukh,9833000084,KK00074,Prakash Bhosale,9323000074,2025-03-16 14:53:54,75,voice,30,"Naupada Cell Site B, Thane"
KK-CDR-002071,KK00079,Rafiq Soni,8976000079,KK00089,Ganesh Naik,8976000089,2025-03-16 12:52:01,75,voice,106,"Naupada Cell Site A, Thane"
KK-CDR-002072,KK00091,Ashok More,9833000091,KK00075,Rafiq Pawar,8976000075,2025-03-16 15:03:46,75,voice,95,"Rabodi Cell Site A, Thane"
KK-CDR-002073,KK00070,Hanif Kadam,9323000070,KK00093,Rajan Sanghvi,9820000093,2025-03-16 19:47:29,75,voice,211,"Kapurbawdi Cell Site A, Thane"
KK-CDR-002074,KK00075,Rafiq Pawar,8976000075,KK00070,Hanif Kadam,9323000070,2025-03-16 17:14:54,75,voice,187,"Kapurbawdi Cell Site A, Thane"
KK-CDR-002075,KK00089,Ganesh Naik,8976000089,KK00074,Prakash Bhosale,9323000074,2025-03-16 18:45:37,75,voice,180,"Rabodi Cell Site A, Thane"
KK-CDR-002076,KK00086,Arif Bhosale,8976000086,KK00082,Kishor Gaikwad,8976000082,2025-03-16 08:33:28,75,voice,43,"Rabodi Cell Site B, Thane"
KK-CDR-002077,KK00090,Arif Mhatre,9930000090,KK00091,Ashok More,9833000091,2025-03-16 07:49:25,75,voice,150,"Wagle Estate Cell Site A, Thane"
KK-CDR-002078,KK00071,Arif Salvi,9833000071,KK00068,Prakash Koli,9833000068,2025-03-16 17:59:16,75,voice,101,"Kapurbawdi Cell Site B, Thane"
KK-CDR-002079,KK00082,Kishor Gaikwad,8976000082,KK00079,Rafiq Soni,8976000079,2025-03-16 16:27:07,75,voice,124,"Wagle Estate Cell Site B, Thane"
KK-CDR-002080,KK00090,Arif Mhatre,9930000090,KK00092,Suhas Parekh,9930000092,2025-03-16 22:07:05,75,voice,98,"Wagle Estate Cell Site A, Thane"
KK-CDR-002081,KK00080,Rajan Desai,9820000080,KK00090,Arif Mhatre,9930000090,2025-03-16 23:41:00,75,voice,142,"Vartak Nagar Cell Site A, Thane"
KK-CDR-002082,KK00088,Rajan Sawant,9323000088,KK00089,Ganesh Naik,8976000089,2025-03-16 14:56:48,75,voice,186,"Wagle Estate Cell Site A, Thane"
KK-CDR-002083,KK00081,Deepak Kadam,9833000081,KK00088,Rajan Sawant,9323000088,2025-03-16 23:18:06,75,voice,41,"Rabodi Cell Site B, Thane"
KK-CDR-002084,KK00085,Prakash Shaikh,9820000085,KK00069,Imtiaz Kadam,9323000069,2025-03-16 19:48:13,75,voice,57,"Kapurbawdi Cell Site A, Thane"
KK-CDR-002085,KK00093,Rajan Sanghvi,9820000093,KK00092,Suhas Parekh,9930000092,2025-03-16 07:22:47,75,voice,216,"Kapurbawdi Cell Site A, Thane"
KK-CDR-002086,KK00081,Deepak Kadam,9833000081,KK00068,Prakash Koli,9833000068,2025-03-16 16:30:36,75,voice,38,"Kapurbawdi Cell Site B, Thane"
KK-CDR-002087,KK00088,Rajan Sawant,9323000088,KK00085,Prakash Shaikh,9820000085,2025-03-16 10:39:57,75,voice,50,"Naupada Cell Site B, Thane"
KK-CDR-002088,KK00078,Shirish Salvi,9833000078,KK00070,Hanif Kadam,9323000070,2025-03-16 16:00:21,75,voice,53,"Vartak Nagar Cell Site B, Thane"
KK-CDR-002089,KK00090,Arif Mhatre,9930000090,KK00071,Arif Salvi,9833000071,2025-03-16 10:08:38,75,voice,178,"Kapurbawdi Cell Site B, Thane"
KK-CDR-002090,KK00072,Yogesh Momin,9833000072,KK00088,Rajan Sawant,9323000088,2025-03-16 23:44:08,75,voice,200,"Wagle Estate Cell Site A, Thane"
KK-CDR-002091,KK00075,Rafiq Pawar,8976000075,KK00070,Hanif Kadam,9323000070,2025-03-16 18:44:08,75,voice,32,"Wagle Estate Cell Site B, Thane"
KK-CDR-002092,KK00082,Kishor Gaikwad,8976000082,KK00071,Arif Salvi,9833000071,2025-03-16 20:12:21,75,voice,182,"Wagle Estate Cell Site B, Thane"
KK-CDR-002093,KK00085,Prakash Shaikh,9820000085,KK00086,Arif Bhosale,8976000086,2025-03-16 10:59:55,75,voice,107,"Rabodi Cell Site A, Thane"
KK-CDR-002094,KK00068,Prakash Koli,9833000068,KK00088,Rajan Sawant,9323000088,2025-03-16 14:09:56,75,voice,81,"Rabodi Cell Site B, Thane"
KK-CDR-002095,KK00086,Arif Bhosale,8976000086,KK00077,Anil Thakur,9833000077,2025-03-16 14:28:05,75,voice,48,"Vartak Nagar Cell Site B, Thane"
KK-CDR-002096,KK00092,Suhas Parekh,9930000092,KK00085,Prakash Shaikh,9820000085,2025-03-16 15:35:49,75,voice,49,"Wagle Estate Cell Site B, Thane"
KK-CDR-002097,KK00070,Hanif Kadam,9323000070,KK00083,Sachin Naik,9930000083,2025-03-16 23:56:55,75,voice,226,"Kapurbawdi Cell Site B, Thane"
KK-CDR-002098,KK00088,Rajan Sawant,9323000088,KK00082,Kishor Gaikwad,8976000082,2025-03-16 10:44:52,75,voice,60,"Rabodi Cell Site A, Thane"
KK-CDR-002099,KK00078,Shirish Salvi,9833000078,KK00087,Rafiq Deshmukh,8976000087,2025-03-16 23:10:48,75,voice,54,"Naupada Cell Site A, Thane"
KK-CDR-002100,KK00080,Rajan Desai,9820000080,KK00075,Rafiq Pawar,8976000075,2025-03-16 23:39:50,75,voice,156,"Vartak Nagar Cell Site B, Thane"
KK-CDR-002101,KK00067,Shirish Pawar,8976000067,KK00075,Rafiq Pawar,8976000075,2025-03-16 08:23:04,75,voice,24,"Kapurbawdi Cell Site A, Thane"
KK-CDR-002102,KK00069,Imtiaz Kadam,9323000069,KK00089,Ganesh Naik,8976000089,2025-03-16 17:14:51,75,voice,181,"Wagle Estate Cell Site A, Thane"
KK-CDR-002103,KK00077,Anil Thakur,9833000077,KK00073,Mangesh Naik,9323000073,2025-03-16 13:48:22,75,voice,203,"Wagle Estate Cell Site A, Thane"
KK-CDR-002104,KK00091,Ashok More,9833000091,KK00092,Suhas Parekh,9930000092,2025-03-16 16:27:48,75,voice,173,"Vartak Nagar Cell Site B, Thane"
KK-CDR-002105,KK00069,Imtiaz Kadam,9323000069,KK00071,Arif Salvi,9833000071,2025-03-16 18:08:04,75,voice,77,"Vartak Nagar Cell Site A, Thane"
KK-CDR-002106,KK00074,Prakash Bhosale,9323000074,KK00083,Sachin Naik,9930000083,2025-03-16 19:47:58,75,voice,59,"Vartak Nagar Cell Site A, Thane"
KK-CDR-002107,KK00093,Rajan Sanghvi,9820000093,KK00072,Yogesh Momin,9833000072,2025-03-16 09:42:43,75,voice,212,"Rabodi Cell Site B, Thane"
KK-CDR-002108,KK00074,Prakash Bhosale,9323000074,KK00072,Yogesh Momin,9833000072,2025-03-16 06:11:20,75,voice,229,"Naupada Cell Site B, Thane"
KK-CDR-002109,KK00087,Rafiq Deshmukh,8976000087,KK00075,Rafiq Pawar,8976000075,2025-03-16 16:02:04,75,voice,48,"Vartak Nagar Cell Site B, Thane"
KK-CDR-002110,KK00089,Ganesh Naik,8976000089,KK00084,Vinod Deshmukh,9833000084,2025-03-16 19:52:33,75,voice,208,"Naupada Cell Site B, Thane"
KK-CDR-002111,KK00080,Rajan Desai,9820000080,KK00087,Rafiq Deshmukh,8976000087,2025-03-16 06:07:01,75,voice,113,"Naupada Cell Site A, Thane"
KK-CDR-002112,KK00089,Ganesh Naik,8976000089,KK00070,Hanif Kadam,9323000070,2025-03-16 07:36:23,75,voice,194,"Naupada Cell Site B, Thane"
KK-CDR-002113,KK00082,Kishor Gaikwad,8976000082,KK00086,Arif Bhosale,8976000086,2025-03-16 14:02:44,75,voice,231,"Wagle Estate Cell Site A, Thane"
KK-CDR-002114,KK00080,Rajan Desai,9820000080,KK00086,Arif Bhosale,8976000086,2025-03-16 08:52:09,75,voice,97,"Vartak Nagar Cell Site A, Thane"
KK-CDR-002115,KK00092,Suhas Parekh,9930000092,KK00091,Ashok More,9833000091,2025-03-16 08:52:37,75,voice,201,"Wagle Estate Cell Site A, Thane"
KK-CDR-002116,KK00075,Rafiq Pawar,8976000075,KK00082,Kishor Gaikwad,8976000082,2025-03-16 20:25:29,75,voice,61,"Wagle Estate Cell Site A, Thane"
KK-CDR-002117,KK00081,Deepak Kadam,9833000081,KK00094,Iqbal Patil,9833000094,2025-03-16 07:16:14,75,voice,54,"Vartak Nagar Cell Site A, Thane"
KK-CDR-002118,KK00068,Prakash Koli,9833000068,KK00090,Arif Mhatre,9930000090,2025-03-16 23:09:11,75,voice,125,"Kapurbawdi Cell Site A, Thane"
KK-CDR-002119,KK00088,Rajan Sawant,9323000088,KK00089,Ganesh Naik,8976000089,2025-03-16 10:35:14,75,voice,44,"Wagle Estate Cell Site A, Thane"
KK-CDR-002120,KK00075,Rafiq Pawar,8976000075,KK00088,Rajan Sawant,9323000088,2025-03-16 07:54:59,75,voice,207,"Vartak Nagar Cell Site A, Thane"
KK-CDR-002121,KK00073,Mangesh Naik,9323000073,KK00067,Shirish Pawar,8976000067,2025-03-16 08:54:13,75,voice,107,"Wagle Estate Cell Site A, Thane"
KK-CDR-002122,KK00087,Rafiq Deshmukh,8976000087,KK00084,Vinod Deshmukh,9833000084,2025-03-16 10:55:39,75,voice,232,"Wagle Estate Cell Site B, Thane"
KK-CDR-002123,KK00077,Anil Thakur,9833000077,KK00067,Shirish Pawar,8976000067,2025-03-16 10:15:54,75,voice,237,"Wagle Estate Cell Site B, Thane"
KK-CDR-002124,KK00068,Prakash Koli,9833000068,KK00074,Prakash Bhosale,9323000074,2025-03-16 14:16:01,75,voice,72,"Naupada Cell Site A, Thane"
KK-CDR-002125,KK00089,Ganesh Naik,8976000089,KK00082,Kishor Gaikwad,8976000082,2025-03-16 09:30:19,75,voice,143,"Rabodi Cell Site B, Thane"
KK-CDR-002126,KK00074,Prakash Bhosale,9323000074,KK00068,Prakash Koli,9833000068,2025-03-16 12:39:37,75,voice,158,"Kapurbawdi Cell Site A, Thane"
KK-CDR-002127,KK00079,Rafiq Soni,8976000079,KK00084,Vinod Deshmukh,9833000084,2025-03-16 11:09:38,75,voice,182,"Wagle Estate Cell Site B, Thane"
KK-CDR-002128,KK00067,Shirish Pawar,8976000067,KK00088,Rajan Sawant,9323000088,2025-03-16 18:03:47,75,voice,23,"Wagle Estate Cell Site B, Thane"
KK-CDR-002129,KK00088,Rajan Sawant,9323000088,KK00072,Yogesh Momin,9833000072,2025-03-16 23:50:47,75,voice,81,"Vartak Nagar Cell Site A, Thane"
KK-CDR-002130,KK00090,Arif Mhatre,9930000090,KK00076,Jitendra Shaikh,9833000076,2025-03-16 20:11:07,75,voice,59,"Kapurbawdi Cell Site B, Thane"
KK-CDR-002131,KK00086,Arif Bhosale,8976000086,KK00067,Shirish Pawar,8976000067,2025-03-16 19:18:35,75,voice,89,"Naupada Cell Site B, Thane"
KK-CDR-002132,KK00085,Prakash Shaikh,9820000085,KK00094,Iqbal Patil,9833000094,2025-03-16 18:37:01,75,voice,167,"Wagle Estate Cell Site A, Thane"
KK-CDR-002133,KK00075,Rafiq Pawar,8976000075,KK00078,Shirish Salvi,9833000078,2025-03-16 20:18:10,75,voice,115,"Wagle Estate Cell Site A, Thane"
KK-CDR-002134,KK00083,Sachin Naik,9930000083,KK00088,Rajan Sawant,9323000088,2025-03-16 13:30:37,75,voice,180,"Vartak Nagar Cell Site B, Thane"
KK-CDR-002135,KK00076,Jitendra Shaikh,9833000076,KK00085,Prakash Shaikh,9820000085,2025-03-16 13:46:26,75,voice,131,"Wagle Estate Cell Site B, Thane"
KK-CDR-002136,KK00072,Yogesh Momin,9833000072,KK00094,Iqbal Patil,9833000094,2025-03-16 17:20:29,75,voice,44,"Vartak Nagar Cell Site A, Thane"
KK-CDR-002137,KK00084,Vinod Deshmukh,9833000084,KK00074,Prakash Bhosale,9323000074,2025-03-16 15:09:23,75,voice,33,"Naupada Cell Site B, Thane"
KK-CDR-002138,KK00076,Jitendra Shaikh,9833000076,KK00079,Rafiq Soni,8976000079,2025-03-16 17:00:26,75,voice,218,"Rabodi Cell Site A, Thane"
KK-CDR-002139,KK00078,Shirish Salvi,9833000078,KK00092,Suhas Parekh,9930000092,2025-03-16 23:18:04,75,voice,215,"Wagle Estate Cell Site B, Thane"
KK-CDR-002140,KK00081,Deepak Kadam,9833000081,KK00089,Ganesh Naik,8976000089,2025-03-16 19:12:59,75,voice,38,"Vartak Nagar Cell Site A, Thane"
KK-CDR-002141,KK00075,Rafiq Pawar,8976000075,KK00070,Hanif Kadam,9323000070,2025-03-16 09:06:43,75,voice,193,"Rabodi Cell Site B, Thane"
KK-CDR-002142,KK00079,Rafiq Soni,8976000079,KK00074,Prakash Bhosale,9323000074,2025-03-16 20:24:10,75,voice,93,"Naupada Cell Site A, Thane"
KK-CDR-002143,KK00067,Shirish Pawar,8976000067,KK00077,Anil Thakur,9833000077,2025-03-16 06:58:28,75,voice,146,"Wagle Estate Cell Site B, Thane"
KK-CDR-002144,KK00077,Anil Thakur,9833000077,KK00079,Rafiq Soni,8976000079,2025-03-16 06:26:29,75,voice,205,"Rabodi Cell Site B, Thane"
KK-CDR-002145,KK00069,Imtiaz Kadam,9323000069,KK00094,Iqbal Patil,9833000094,2025-03-16 12:14:06,75,voice,178,"Naupada Cell Site B, Thane"
KK-CDR-002146,KK00072,Yogesh Momin,9833000072,KK00092,Suhas Parekh,9930000092,2025-03-16 22:56:14,75,voice,141,"Kapurbawdi Cell Site A, Thane"
KK-CDR-002147,KK00077,Anil Thakur,9833000077,KK00070,Hanif Kadam,9323000070,2025-03-16 23:48:53,75,voice,218,"Kapurbawdi Cell Site A, Thane"
KK-CDR-002148,KK00074,Prakash Bhosale,9323000074,KK00094,Iqbal Patil,9833000094,2025-03-16 19:22:15,75,voice,128,"Rabodi Cell Site A, Thane"
KK-CDR-002149,KK00093,Rajan Sanghvi,9820000093,KK00087,Rafiq Deshmukh,8976000087,2025-03-16 20:55:52,75,voice,118,"Naupada Cell Site A, Thane"
KK-CDR-002150,KK00070,Hanif Kadam,9323000070,KK00083,Sachin Naik,9930000083,2025-03-16 22:29:43,75,voice,198,"Wagle Estate Cell Site A, Thane"
KK-CDR-002151,KK00086,Arif Bhosale,8976000086,KK00078,Shirish Salvi,9833000078,2025-03-16 18:54:52,75,voice,209,"Wagle Estate Cell Site B, Thane"
KK-CDR-002152,KK00088,Rajan Sawant,9323000088,KK00075,Rafiq Pawar,8976000075,2025-03-16 18:01:04,75,voice,86,"Kapurbawdi Cell Site A, Thane"
KK-CDR-002153,KK00068,Prakash Koli,9833000068,KK00075,Rafiq Pawar,8976000075,2025-03-16 23:42:45,75,voice,31,"Vartak Nagar Cell Site B, Thane"
KK-CDR-002154,KK00067,Shirish Pawar,8976000067,KK00090,Arif Mhatre,9930000090,2025-03-16 06:40:04,75,voice,159,"Vartak Nagar Cell Site B, Thane"
KK-CDR-002155,KK00076,Jitendra Shaikh,9833000076,KK00070,Hanif Kadam,9323000070,2025-03-16 13:23:12,75,voice,239,"Naupada Cell Site B, Thane"
KK-CDR-002156,KK00086,Arif Bhosale,8976000086,KK00093,Rajan Sanghvi,9820000093,2025-03-16 07:29:15,75,voice,108,"Vartak Nagar Cell Site B, Thane"
KK-CDR-002157,KK00067,Shirish Pawar,8976000067,KK00093,Rajan Sanghvi,9820000093,2025-03-16 11:21:33,75,voice,234,"Wagle Estate Cell Site A, Thane"
KK-CDR-002158,KK00076,Jitendra Shaikh,9833000076,KK00089,Ganesh Naik,8976000089,2025-03-16 22:14:01,75,voice,207,"Wagle Estate Cell Site A, Thane"
KK-CDR-002159,KK00077,Anil Thakur,9833000077,KK00070,Hanif Kadam,9323000070,2025-03-16 20:10:18,75,voice,143,"Naupada Cell Site A, Thane"
KK-CDR-002160,KK00079,Rafiq Soni,8976000079,KK00083,Sachin Naik,9930000083,2025-03-16 09:59:30,75,voice,226,"Naupada Cell Site A, Thane"
KK-CDR-002161,KK00074,Prakash Bhosale,9323000074,KK00075,Rafiq Pawar,8976000075,2025-03-16 10:49:13,75,voice,111,"Naupada Cell Site A, Thane"
KK-CDR-002162,KK00081,Deepak Kadam,9833000081,KK00087,Rafiq Deshmukh,8976000087,2025-03-16 23:13:16,75,voice,82,"Wagle Estate Cell Site B, Thane"
KK-CDR-002163,KK00089,Ganesh Naik,8976000089,KK00079,Rafiq Soni,8976000079,2025-03-16 08:41:40,75,voice,122,"Kapurbawdi Cell Site A, Thane"
KK-CDR-002164,KK00089,Ganesh Naik,8976000089,KK00081,Deepak Kadam,9833000081,2025-03-16 07:49:45,75,voice,40,"Kapurbawdi Cell Site A, Thane"
KK-CDR-002165,KK00081,Deepak Kadam,9833000081,KK00087,Rafiq Deshmukh,8976000087,2025-03-16 09:06:31,75,voice,197,"Naupada Cell Site B, Thane"
KK-CDR-002166,KK00089,Ganesh Naik,8976000089,KK00083,Sachin Naik,9930000083,2025-03-16 18:58:42,75,voice,163,"Kapurbawdi Cell Site A, Thane"
KK-CDR-002167,KK00073,Mangesh Naik,9323000073,KK00089,Ganesh Naik,8976000089,2025-03-16 15:21:36,75,voice,149,"Rabodi Cell Site B, Thane"
KK-CDR-002168,KK00088,Rajan Sawant,9323000088,KK00091,Ashok More,9833000091,2025-03-16 13:22:06,75,voice,132,"Wagle Estate Cell Site B, Thane"
KK-CDR-002169,KK00069,Imtiaz Kadam,9323000069,KK00067,Shirish Pawar,8976000067,2025-03-16 14:40:06,75,voice,189,"Vartak Nagar Cell Site B, Thane"
KK-CDR-002170,KK00081,Deepak Kadam,9833000081,KK00090,Arif Mhatre,9930000090,2025-03-16 20:53:58,75,voice,171,"Naupada Cell Site A, Thane"
KK-CDR-002171,KK00090,Arif Mhatre,9930000090,KK00085,Prakash Shaikh,9820000085,2025-03-16 06:11:10,75,voice,92,"Rabodi Cell Site B, Thane"
KK-CDR-002172,KK00076,Jitendra Shaikh,9833000076,KK00085,Prakash Shaikh,9820000085,2025-03-16 17:12:35,75,voice,219,"Vartak Nagar Cell Site B, Thane"
KK-CDR-002173,KK00092,Suhas Parekh,9930000092,KK00071,Arif Salvi,9833000071,2025-03-16 17:48:01,75,voice,29,"Vartak Nagar Cell Site B, Thane"
KK-CDR-002174,KK00071,Arif Salvi,9833000071,KK00069,Imtiaz Kadam,9323000069,2025-03-16 10:35:52,75,voice,178,"Kapurbawdi Cell Site B, Thane"
KK-CDR-002175,KK00076,Jitendra Shaikh,9833000076,KK00072,Yogesh Momin,9833000072,2025-03-16 08:46:08,75,voice,135,"Rabodi Cell Site B, Thane"
KK-CDR-002176,KK00073,Mangesh Naik,9323000073,KK00082,Kishor Gaikwad,8976000082,2025-03-16 17:46:14,75,voice,164,"Kapurbawdi Cell Site B, Thane"
KK-CDR-002177,KK00078,Shirish Salvi,9833000078,KK00083,Sachin Naik,9930000083,2025-03-16 19:14:57,75,voice,162,"Kapurbawdi Cell Site A, Thane"
KK-CDR-002178,KK00085,Prakash Shaikh,9820000085,KK00080,Rajan Desai,9820000080,2025-03-16 21:04:42,75,voice,191,"Wagle Estate Cell Site B, Thane"
KK-CDR-002179,KK00073,Mangesh Naik,9323000073,KK00085,Prakash Shaikh,9820000085,2025-03-16 21:58:09,75,voice,23,"Naupada Cell Site B, Thane"
KK-CDR-002180,KK00074,Prakash Bhosale,9323000074,KK00067,Shirish Pawar,8976000067,2025-03-16 14:34:37,75,voice,205,"Naupada Cell Site A, Thane"
KK-CDR-002181,KK00072,Yogesh Momin,9833000072,KK00081,Deepak Kadam,9833000081,2025-03-16 11:55:33,75,voice,158,"Kapurbawdi Cell Site B, Thane"
KK-CDR-002182,KK00094,Iqbal Patil,9833000094,KK00084,Vinod Deshmukh,9833000084,2025-03-16 10:41:40,75,voice,108,"Kapurbawdi Cell Site B, Thane"
KK-CDR-002183,KK00068,Prakash Koli,9833000068,KK00092,Suhas Parekh,9930000092,2025-03-16 21:43:31,75,voice,90,"Kapurbawdi Cell Site B, Thane"
KK-CDR-002184,KK00072,Yogesh Momin,9833000072,KK00087,Rafiq Deshmukh,8976000087,2025-03-16 14:37:02,75,voice,210,"Vartak Nagar Cell Site A, Thane"
KK-CDR-002185,KK00090,Arif Mhatre,9930000090,KK00073,Mangesh Naik,9323000073,2025-03-16 20:59:17,75,voice,109,"Naupada Cell Site B, Thane"
KK-CDR-002186,KK00085,Prakash Shaikh,9820000085,KK00072,Yogesh Momin,9833000072,2025-03-16 18:01:56,75,voice,37,"Vartak Nagar Cell Site A, Thane"
KK-CDR-002187,KK00083,Sachin Naik,9930000083,KK00078,Shirish Salvi,9833000078,2025-03-16 10:59:13,75,voice,55,"Vartak Nagar Cell Site B, Thane"
KK-CDR-002188,KK00077,Anil Thakur,9833000077,KK00069,Imtiaz Kadam,9323000069,2025-03-16 10:41:46,75,voice,39,"Wagle Estate Cell Site A, Thane"
KK-CDR-002189,KK00081,Deepak Kadam,9833000081,KK00075,Rafiq Pawar,8976000075,2025-03-16 14:58:29,75,voice,106,"Kapurbawdi Cell Site B, Thane"
KK-CDR-002190,KK00078,Shirish Salvi,9833000078,KK00092,Suhas Parekh,9930000092,2025-03-16 12:02:37,75,voice,185,"Naupada Cell Site B, Thane"
KK-CDR-002191,KK00074,Prakash Bhosale,9323000074,KK00077,Anil Thakur,9833000077,2025-03-16 08:33:59,75,voice,76,"Wagle Estate Cell Site A, Thane"
KK-CDR-002192,KK00076,Jitendra Shaikh,9833000076,KK00088,Rajan Sawant,9323000088,2025-03-16 16:08:43,75,voice,237,"Kapurbawdi Cell Site B, Thane"
KK-CDR-002193,KK00084,Vinod Deshmukh,9833000084,KK00075,Rafiq Pawar,8976000075,2025-03-16 09:56:36,75,voice,107,"Kapurbawdi Cell Site B, Thane"
KK-CDR-002194,KK00069,Imtiaz Kadam,9323000069,KK00081,Deepak Kadam,9833000081,2025-03-16 14:48:41,75,voice,232,"Rabodi Cell Site A, Thane"
KK-CDR-002195,KK00090,Arif Mhatre,9930000090,KK00077,Anil Thakur,9833000077,2025-03-16 08:18:13,75,voice,215,"Naupada Cell Site B, Thane"
KK-CDR-002196,KK00073,Mangesh Naik,9323000073,KK00093,Rajan Sanghvi,9820000093,2025-03-16 08:38:29,75,voice,124,"Wagle Estate Cell Site A, Thane"
KK-CDR-002197,KK00082,Kishor Gaikwad,8976000082,KK00085,Prakash Shaikh,9820000085,2025-03-16 10:24:02,75,voice,46,"Naupada Cell Site B, Thane"
KK-CDR-002198,KK00070,Hanif Kadam,9323000070,KK00075,Rafiq Pawar,8976000075,2025-03-16 13:23:19,75,voice,234,"Wagle Estate Cell Site B, Thane"
KK-CDR-002199,KK00073,Mangesh Naik,9323000073,KK00080,Rajan Desai,9820000080,2025-03-16 06:10:15,75,voice,169,"Wagle Estate Cell Site B, Thane"
KK-CDR-002200,KK00067,Shirish Pawar,8976000067,KK00082,Kishor Gaikwad,8976000082,2025-03-16 15:09:13,75,voice,105,"Vartak Nagar Cell Site A, Thane"
KK-CDR-002201,KK00089,Ganesh Naik,8976000089,KK00090,Arif Mhatre,9930000090,2025-03-16 12:29:57,75,voice,25,"Kapurbawdi Cell Site B, Thane"
KK-CDR-002202,KK00077,Anil Thakur,9833000077,KK00072,Yogesh Momin,9833000072,2025-03-16 13:10:03,75,voice,88,"Wagle Estate Cell Site B, Thane"
KK-CDR-002203,KK00089,Ganesh Naik,8976000089,KK00077,Anil Thakur,9833000077,2025-03-16 19:19:10,75,voice,183,"Rabodi Cell Site A, Thane"
KK-CDR-002204,KK00090,Arif Mhatre,9930000090,KK00089,Ganesh Naik,8976000089,2025-03-16 16:44:54,75,voice,165,"Wagle Estate Cell Site A, Thane"
KK-CDR-002205,KK00072,Yogesh Momin,9833000072,KK00094,Iqbal Patil,9833000094,2025-03-16 10:53:06,75,voice,195,"Wagle Estate Cell Site B, Thane"
KK-CDR-002206,KK00079,Rafiq Soni,8976000079,KK00068,Prakash Koli,9833000068,2025-03-16 17:42:44,75,voice,211,"Wagle Estate Cell Site A, Thane"
KK-CDR-002207,KK00094,Iqbal Patil,9833000094,KK00079,Rafiq Soni,8976000079,2025-03-16 07:40:32,75,voice,113,"Naupada Cell Site B, Thane"
KK-CDR-002208,KK00081,Deepak Kadam,9833000081,KK00068,Prakash Koli,9833000068,2025-03-16 18:11:15,75,voice,157,"Rabodi Cell Site A, Thane"
KK-CDR-002209,KK00091,Ashok More,9833000091,KK00072,Yogesh Momin,9833000072,2025-03-16 18:41:29,75,voice,23,"Rabodi Cell Site A, Thane"
KK-CDR-002210,KK00076,Jitendra Shaikh,9833000076,KK00075,Rafiq Pawar,8976000075,2025-03-16 16:23:11,75,voice,202,"Wagle Estate Cell Site A, Thane"
KK-CDR-002211,KK00079,Rafiq Soni,8976000079,KK00090,Arif Mhatre,9930000090,2025-03-16 13:50:55,75,voice,95,"Wagle Estate Cell Site B, Thane"
KK-CDR-002212,KK00091,Ashok More,9833000091,KK00082,Kishor Gaikwad,8976000082,2025-03-16 08:00:24,75,voice,138,"Kapurbawdi Cell Site A, Thane"
KK-CDR-002213,KK00074,Prakash Bhosale,9323000074,KK00072,Yogesh Momin,9833000072,2025-03-16 21:17:33,75,voice,170,"Rabodi Cell Site A, Thane"
KK-CDR-002214,KK00081,Deepak Kadam,9833000081,KK00072,Yogesh Momin,9833000072,2025-03-16 22:32:59,75,voice,193,"Kapurbawdi Cell Site A, Thane"
KK-CDR-002215,KK00079,Rafiq Soni,8976000079,KK00073,Mangesh Naik,9323000073,2025-03-16 14:26:27,75,voice,236,"Kapurbawdi Cell Site A, Thane"
KK-CDR-002216,KK00073,Mangesh Naik,9323000073,KK00082,Kishor Gaikwad,8976000082,2025-03-16 14:52:03,75,voice,133,"Wagle Estate Cell Site A, Thane"
KK-CDR-002217,KK00090,Arif Mhatre,9930000090,KK00082,Kishor Gaikwad,8976000082,2025-03-16 12:13:15,75,voice,37,"Wagle Estate Cell Site B, Thane"
KK-CDR-002218,KK00080,Rajan Desai,9820000080,KK00069,Imtiaz Kadam,9323000069,2025-03-16 19:11:28,75,voice,166,"Rabodi Cell Site B, Thane"
KK-CDR-002219,KK00095,Umesh Shaikh,9930000095,KK00027,Hanif Shinde,9422000027,2025-03-16 11:18:01,75,voice,225,"APMC Cell Site B, Navi Mumbai"
KK-CDR-002220,KK00095,Umesh Shaikh,9930000095,KK00079,Rafiq Soni,8976000079,2025-03-16 23:38:40,75,voice,114,"Vashi Cell Site B, Navi Mumbai"
KK-CDR-002221,KK00078,Shirish Salvi,9833000078,KK00070,Hanif Kadam,9323000070,2025-03-17 23:42:23,76,voice,190,"Rabodi Cell Site B, Thane"
KK-CDR-002222,KK00076,Jitendra Shaikh,9833000076,KK00130,Nitin Doshi,8976000130,2025-03-17 13:58:24,76,voice,850,"Vartak Nagar Cell Site B, Thane"
KK-CDR-002223,KK00003,Deepak Pawar,9167000003,KK00026,Rafiq Shah,9167000026,2025-03-17 20:11:29,76,voice,60,"Guhagar Cell Site B, Ratnagiri"
KK-CDR-002224,KK00016,Anil Tandel,9167000016,KK00022,Dnyaneshwar Salvi,8655000022,2025-03-17 06:59:35,76,voice,803,"Ratnagiri City Cell Site A, Ratnagiri"
KK-CDR-002225,KK00032,Dattatray Mehta,9860000032,KK00005,Kishor Ansari,8655000005,2025-03-17 10:28:42,76,voice,191,"Uran Cell Site B, Raigad (Uran / JNPT)"
KK-CDR-002226,KK00090,Arif Mhatre,9930000090,KK00082,Kishor Gaikwad,8976000082,2025-03-17 06:00:43,76,voice,52,"Kapurbawdi Cell Site B, Thane"
KK-CDR-002227,KK00182,Dnyaneshwar Shinde,9422000182,KK00210,Sameer More,8655000210,2025-03-17 23:10:32,76,voice,561,"Vasai Cell Site B, Palghar"
KK-CDR-002228,KK00049,Santosh Zaveri,9833000049,KK00181,Umesh Jadhav,8976000181,2025-03-17 08:20:27,76,voice,572,"Kurla Cell Site A, Mumbai Suburban"
KK-CDR-002229,KK00002,Iqbal Naik,9860000002,KK00009,Dattatray Soni,9860000009,2025-03-17 09:46:46,76,voice,622,"Nhava Sheva Port Cell Site B, Raigad (Uran / JNPT)"
KK-CDR-002230,KK00094,Iqbal Patil,9833000094,KK00078,Shirish Salvi,9833000078,2025-03-17 22:34:42,76,voice,402,"Wagle Estate Cell Site B, Thane"
KK-CDR-002231,KK00004,Kishor Pawar,9167000004,KK00164,Nitin Thakur,9422000164,2025-03-17 17:04:24,76,voice,884,"Panvel Taluka Cell Site B, Raigad (Uran / JNPT)"
KK-CDR-002232,KK00238,Prakash Pawar,9820000238,KK00310,Hanif Khatib,9323000310,2025-03-17 16:48:02,76,voice,676,"Ghatkopar Cell Site B, Mumbai Suburban"
KK-CDR-002233,KK00088,Rajan Sawant,9323000088,KK00144,Anil Shinde,9323000144,2025-03-17 06:09:10,76,voice,393,"Wagle Estate Cell Site A, Thane"
KK-CDR-002234,KK00013,Kishor Koli,7045000013,KK00033,Shirish Chavan,9422000033,2025-03-17 22:55:40,76,voice,373,"Satpati Coastal Cell Site B, Palghar"
KK-CDR-002235,KK00071,Arif Salvi,9833000071,KK00084,Vinod Deshmukh,9833000084,2025-03-17 14:38:29,76,voice,459,"Kapurbawdi Cell Site A, Thane"
KK-CDR-002236,KK00085,Prakash Shaikh,9820000085,KK00079,Rafiq Soni,8976000079,2025-03-17 23:01:35,76,voice,897,"Wagle Estate Cell Site A, Thane"
KK-CDR-002237,KK00069,Imtiaz Kadam,9323000069,KK00081,Deepak Kadam,9833000081,2025-03-17 19:34:39,76,voice,508,"Vartak Nagar Cell Site B, Thane"
KK-CDR-002238,KK00067,Shirish Pawar,8976000067,KK00068,Prakash Koli,9833000068,2025-03-17 08:42:58,76,voice,123,"Vartak Nagar Cell Site A, Thane"
KK-CDR-002239,KK00092,Suhas Parekh,9930000092,KK00071,Arif Salvi,9833000071,2025-03-17 16:17:06,76,voice,203,"Wagle Estate Cell Site A, Thane"
KK-CDR-002240,KK00077,Anil Thakur,9833000077,KK00074,Prakash Bhosale,9323000074,2025-03-17 12:13:13,76,voice,39,"Kapurbawdi Cell Site A, Thane"
KK-CDR-002241,KK00093,Rajan Sanghvi,9820000093,KK00088,Rajan Sawant,9323000088,2025-03-17 20:58:33,76,voice,40,"Vartak Nagar Cell Site A, Thane"
KK-CDR-002242,KK00085,Prakash Shaikh,9820000085,KK00072,Yogesh Momin,9833000072,2025-03-17 07:06:14,76,voice,116,"Vartak Nagar Cell Site B, Thane"
KK-CDR-002243,KK00083,Sachin Naik,9930000083,KK00090,Arif Mhatre,9930000090,2025-03-17 14:56:24,76,voice,107,"Rabodi Cell Site A, Thane"
KK-CDR-002244,KK00069,Imtiaz Kadam,9323000069,KK00087,Rafiq Deshmukh,8976000087,2025-03-17 18:25:18,76,voice,153,"Kapurbawdi Cell Site B, Thane"
KK-CDR-002245,KK00082,Kishor Gaikwad,8976000082,KK00080,Rajan Desai,9820000080,2025-03-17 22:57:59,76,voice,122,"Wagle Estate Cell Site A, Thane"
KK-CDR-002246,KK00070,Hanif Kadam,9323000070,KK00082,Kishor Gaikwad,8976000082,2025-03-17 10:39:42,76,voice,34,"Rabodi Cell Site B, Thane"
KK-CDR-002247,KK00067,Shirish Pawar,8976000067,KK00089,Ganesh Naik,8976000089,2025-03-17 21:46:33,76,voice,108,"Wagle Estate Cell Site A, Thane"
KK-CDR-002248,KK00078,Shirish Salvi,9833000078,KK00086,Arif Bhosale,8976000086,2025-03-17 23:25:37,76,voice,26,"Rabodi Cell Site A, Thane"
KK-CDR-002249,KK00075,Rafiq Pawar,8976000075,KK00072,Yogesh Momin,9833000072,2025-03-17 12:03:09,76,voice,132,"Kapurbawdi Cell Site A, Thane"
KK-CDR-002250,KK00084,Vinod Deshmukh,9833000084,KK00088,Rajan Sawant,9323000088,2025-03-17 19:29:39,76,voice,190,"Rabodi Cell Site A, Thane"
KK-CDR-002251,KK00088,Rajan Sawant,9323000088,KK00070,Hanif Kadam,9323000070,2025-03-17 14:51:14,76,voice,80,"Kapurbawdi Cell Site B, Thane"
KK-CDR-002252,KK00076,Jitendra Shaikh,9833000076,KK00083,Sachin Naik,9930000083,2025-03-17 17:50:08,76,voice,214,"Vartak Nagar Cell Site B, Thane"
KK-CDR-002253,KK00085,Prakash Shaikh,9820000085,KK00084,Vinod Deshmukh,9833000084,2025-03-17 10:07:41,76,voice,226,"Rabodi Cell Site A, Thane"
KK-CDR-002254,KK00072,Yogesh Momin,9833000072,KK00089,Ganesh Naik,8976000089,2025-03-17 17:43:19,76,voice,208,"Vartak Nagar Cell Site B, Thane"
KK-CDR-002255,KK00070,Hanif Kadam,9323000070,KK00089,Ganesh Naik,8976000089,2025-03-17 13:29:19,76,voice,148,"Rabodi Cell Site B, Thane"
KK-CDR-002256,KK00076,Jitendra Shaikh,9833000076,KK00078,Shirish Salvi,9833000078,2025-03-17 09:13:14,76,voice,108,"Rabodi Cell Site B, Thane"
KK-CDR-002257,KK00070,Hanif Kadam,9323000070,KK00067,Shirish Pawar,8976000067,2025-03-17 18:10:35,76,voice,75,"Kapurbawdi Cell Site B, Thane"
KK-CDR-002258,KK00079,Rafiq Soni,8976000079,KK00080,Rajan Desai,9820000080,2025-03-17 20:41:45,76,voice,60,"Kapurbawdi Cell Site A, Thane"
KK-CDR-002259,KK00085,Prakash Shaikh,9820000085,KK00073,Mangesh Naik,9323000073,2025-03-17 13:12:11,76,voice,128,"Rabodi Cell Site B, Thane"
KK-CDR-002260,KK00067,Shirish Pawar,8976000067,KK00089,Ganesh Naik,8976000089,2025-03-17 19:08:13,76,voice,60,"Kapurbawdi Cell Site B, Thane"
KK-CDR-002261,KK00094,Iqbal Patil,9833000094,KK00091,Ashok More,9833000091,2025-03-17 09:12:49,76,voice,202,"Wagle Estate Cell Site A, Thane"
KK-CDR-002262,KK00069,Imtiaz Kadam,9323000069,KK00094,Iqbal Patil,9833000094,2025-03-17 23:03:17,76,voice,239,"Wagle Estate Cell Site B, Thane"
KK-CDR-002263,KK00090,Arif Mhatre,9930000090,KK00088,Rajan Sawant,9323000088,2025-03-17 11:06:14,76,voice,208,"Rabodi Cell Site B, Thane"
KK-CDR-002264,KK00085,Prakash Shaikh,9820000085,KK00092,Suhas Parekh,9930000092,2025-03-17 07:50:08,76,voice,157,"Rabodi Cell Site B, Thane"
KK-CDR-002265,KK00093,Rajan Sanghvi,9820000093,KK00087,Rafiq Deshmukh,8976000087,2025-03-17 06:58:11,76,voice,143,"Naupada Cell Site A, Thane"
KK-CDR-002266,KK00070,Hanif Kadam,9323000070,KK00094,Iqbal Patil,9833000094,2025-03-17 10:26:36,76,voice,218,"Rabodi Cell Site B, Thane"
KK-CDR-002267,KK00085,Prakash Shaikh,9820000085,KK00093,Rajan Sanghvi,9820000093,2025-03-17 10:43:09,76,voice,33,"Naupada Cell Site A, Thane"
KK-CDR-002268,KK00087,Rafiq Deshmukh,8976000087,KK00073,Mangesh Naik,9323000073,2025-03-17 12:03:08,76,voice,203,"Vartak Nagar Cell Site B, Thane"
KK-CDR-002269,KK00071,Arif Salvi,9833000071,KK00068,Prakash Koli,9833000068,2025-03-17 18:49:36,76,voice,60,"Naupada Cell Site A, Thane"
KK-CDR-002270,KK00093,Rajan Sanghvi,9820000093,KK00071,Arif Salvi,9833000071,2025-03-17 15:14:33,76,voice,216,"Kapurbawdi Cell Site B, Thane"
KK-CDR-002271,KK00085,Prakash Shaikh,9820000085,KK00071,Arif Salvi,9833000071,2025-03-17 14:13:25,76,voice,37,"Wagle Estate Cell Site B, Thane"
KK-CDR-002272,KK00076,Jitendra Shaikh,9833000076,KK00084,Vinod Deshmukh,9833000084,2025-03-17 09:46:42,76,voice,153,"Rabodi Cell Site B, Thane"
KK-CDR-002273,KK00084,Vinod Deshmukh,9833000084,KK00077,Anil Thakur,9833000077,2025-03-17 06:28:02,76,voice,36,"Rabodi Cell Site A, Thane"
KK-CDR-002274,KK00068,Prakash Koli,9833000068,KK00070,Hanif Kadam,9323000070,2025-03-17 21:39:08,76,voice,152,"Kapurbawdi Cell Site A, Thane"
KK-CDR-002275,KK00071,Arif Salvi,9833000071,KK00068,Prakash Koli,9833000068,2025-03-17 09:28:15,76,voice,57,"Vartak Nagar Cell Site A, Thane"
KK-CDR-002276,KK00090,Arif Mhatre,9930000090,KK00087,Rafiq Deshmukh,8976000087,2025-03-17 21:52:15,76,voice,180,"Wagle Estate Cell Site B, Thane"
KK-CDR-002277,KK00077,Anil Thakur,9833000077,KK00088,Rajan Sawant,9323000088,2025-03-17 22:51:16,76,voice,124,"Kapurbawdi Cell Site A, Thane"
KK-CDR-002278,KK00085,Prakash Shaikh,9820000085,KK00076,Jitendra Shaikh,9833000076,2025-03-17 11:54:22,76,voice,198,"Wagle Estate Cell Site A, Thane"
KK-CDR-002279,KK00068,Prakash Koli,9833000068,KK00090,Arif Mhatre,9930000090,2025-03-17 06:52:19,76,voice,179,"Rabodi Cell Site A, Thane"
KK-CDR-002280,KK00072,Yogesh Momin,9833000072,KK00091,Ashok More,9833000091,2025-03-17 18:40:55,76,voice,51,"Kapurbawdi Cell Site A, Thane"
KK-CDR-002281,KK00083,Sachin Naik,9930000083,KK00088,Rajan Sawant,9323000088,2025-03-17 08:52:24,76,voice,175,"Naupada Cell Site B, Thane"
KK-CDR-002282,KK00089,Ganesh Naik,8976000089,KK00067,Shirish Pawar,8976000067,2025-03-17 07:22:42,76,voice,120,"Wagle Estate Cell Site B, Thane"
KK-CDR-002283,KK00082,Kishor Gaikwad,8976000082,KK00077,Anil Thakur,9833000077,2025-03-17 15:31:52,76,voice,185,"Rabodi Cell Site A, Thane"
KK-CDR-002284,KK00067,Shirish Pawar,8976000067,KK00072,Yogesh Momin,9833000072,2025-03-17 15:32:27,76,voice,226,"Kapurbawdi Cell Site B, Thane"
KK-CDR-002285,KK00092,Suhas Parekh,9930000092,KK00079,Rafiq Soni,8976000079,2025-03-17 17:20:51,76,voice,180,"Naupada Cell Site B, Thane"
KK-CDR-002286,KK00082,Kishor Gaikwad,8976000082,KK00072,Yogesh Momin,9833000072,2025-03-17 10:58:12,76,voice,92,"Naupada Cell Site B, Thane"
KK-CDR-002287,KK00080,Rajan Desai,9820000080,KK00077,Anil Thakur,9833000077,2025-03-17 08:09:29,76,voice,88,"Wagle Estate Cell Site B, Thane"
KK-CDR-002288,KK00086,Arif Bhosale,8976000086,KK00093,Rajan Sanghvi,9820000093,2025-03-17 06:38:22,76,voice,161,"Wagle Estate Cell Site B, Thane"
KK-CDR-002289,KK00070,Hanif Kadam,9323000070,KK00092,Suhas Parekh,9930000092,2025-03-17 12:16:41,76,voice,181,"Naupada Cell Site B, Thane"
KK-CDR-002290,KK00085,Prakash Shaikh,9820000085,KK00084,Vinod Deshmukh,9833000084,2025-03-17 23:25:28,76,voice,159,"Vartak Nagar Cell Site B, Thane"
KK-CDR-002291,KK00081,Deepak Kadam,9833000081,KK00069,Imtiaz Kadam,9323000069,2025-03-17 13:54:06,76,voice,229,"Rabodi Cell Site B, Thane"
KK-CDR-002292,KK00067,Shirish Pawar,8976000067,KK00085,Prakash Shaikh,9820000085,2025-03-17 16:46:45,76,voice,90,"Kapurbawdi Cell Site A, Thane"
KK-CDR-002293,KK00067,Shirish Pawar,8976000067,KK00077,Anil Thakur,9833000077,2025-03-17 08:33:07,76,voice,218,"Vartak Nagar Cell Site B, Thane"
KK-CDR-002294,KK00088,Rajan Sawant,9323000088,KK00082,Kishor Gaikwad,8976000082,2025-03-17 08:20:00,76,voice,83,"Naupada Cell Site B, Thane"
KK-CDR-002295,KK00091,Ashok More,9833000091,KK00070,Hanif Kadam,9323000070,2025-03-17 07:47:55,76,voice,38,"Naupada Cell Site B, Thane"
KK-CDR-002296,KK00072,Yogesh Momin,9833000072,KK00093,Rajan Sanghvi,9820000093,2025-03-17 16:43:48,76,voice,58,"Rabodi Cell Site B, Thane"
KK-CDR-002297,KK00087,Rafiq Deshmukh,8976000087,KK00094,Iqbal Patil,9833000094,2025-03-17 09:35:01,76,voice,107,"Vartak Nagar Cell Site B, Thane"
KK-CDR-002298,KK00095,Umesh Shaikh,9930000095,KK00082,Kishor Gaikwad,8976000082,2025-03-17 12:08:55,76,voice,236,"Nerul Cell Site B, Navi Mumbai"
KK-CDR-002299,KK00095,Umesh Shaikh,9930000095,KK00083,Sachin Naik,9930000083,2025-03-17 20:05:57,76,voice,73,"APMC Cell Site B, Navi Mumbai"
KK-CDR-002300,KK00065,Dnyaneshwar Bhandari,8976000065,KK00174,Hitesh Sanghvi,9820000174,2025-03-18 13:17:35,77,voice,315,"Sakinaka Cell Site B, Mumbai Suburban"
KK-CDR-002301,KK00359,Pravin Sawant,9323000359,KK00399,Vilas Gaikwad,9930000399,2025-03-18 13:10:57,77,voice,369,"Naupada Cell Site B, Thane"
KK-CDR-002302,KK00056,Mahesh Bhandari,9833000056,KK00049,Santosh Zaveri,9833000049,2025-03-18 23:31:42,77,voice,711,"Bandra Cell Site B, Mumbai Suburban"
KK-CDR-002303,KK00066,Hanif Chavan,9833000066,KK00049,Santosh Zaveri,9833000049,2025-03-18 11:12:01,77,voice,466,"LT Marg Cell Site B, Mumbai City"
KK-CDR-002304,KK00044,Ashok Sayyed,9833000044,KK00053,Pravin Bhatkar,9833000053,2025-03-18 15:38:30,77,voice,743,"VP Road Cell Site B, Mumbai City"
KK-CDR-002305,KK00042,Shabbir Jadhav,9930000042,KK00047,Santosh Thakur,9833000047,2025-03-18 07:20:18,77,voice,607,"Sakinaka Cell Site B, Mumbai Suburban"
KK-CDR-002306,KK00021,Santosh Bhandari,9422000021,KK00150,Rafiq Naik,7045000150,2025-03-18 12:50:23,77,voice,430,"Ratnagiri City Cell Site A, Ratnagiri"
KK-CDR-002307,KK00017,Anil Tandel,7045000017,KK00014,Anil Tandel,8655000014,2025-03-18 06:29:46,77,voice,471,"Panvel Taluka Cell Site A, Raigad (Uran / JNPT)"
KK-CDR-002308,KK00060,Mangesh Tandel,9820000060,KK00049,Santosh Zaveri,9833000049,2025-03-18 21:07:36,77,voice,378,"Sakinaka Cell Site B, Mumbai Suburban"
KK-CDR-002309,KK00087,Rafiq Deshmukh,8976000087,KK00183,Paresh Thakur,9930000183,2025-03-18 06:14:54,77,voice,819,"Vartak Nagar Cell Site A, Thane"
KK-CDR-002310,KK00083,Sachin Naik,9930000083,KK00076,Jitendra Shaikh,9833000076,2025-03-18 23:20:52,77,voice,733,"Kapurbawdi Cell Site B, Thane"
KK-CDR-002311,KK00022,Dnyaneshwar Salvi,8655000022,KK00001,Nilesh Khatib,8655000001,2025-03-18 20:12:58,77,voice,625,"Dapoli Cell Site A, Ratnagiri"
KK-CDR-002312,KK00193,Dnyaneshwar Bhosale,9167000193,KK00122,Salim Kulkarni,8655000122,2025-03-18 19:12:17,77,voice,430,"Panvel Taluka Cell Site A, Raigad (Uran / JNPT)"
KK-CDR-002313,KK00050,Shirish Patil,9833000050,KK00056,Mahesh Bhandari,9833000056,2025-03-18 15:32:04,77,voice,722,"LT Marg Cell Site B, Mumbai City"
KK-CDR-002314,KK00047,Santosh Thakur,9833000047,KK00064,Anil Khatib,9820000064,2025-03-18 09:43:31,77,voice,417,"Andheri Cell Site B, Mumbai Suburban"
KK-CDR-002315,KK00056,Mahesh Bhandari,9833000056,KK00111,Deepak Tandel,9820000111,2025-03-18 22:30:49,77,voice,28,"Ghatkopar Cell Site A, Mumbai Suburban"
KK-CDR-002316,KK00026,Rafiq Shah,9167000026,KK00001,Nilesh Khatib,8655000001,2025-03-18 17:19:37,77,voice,717,"Harnai Coastal Cell Site A, Ratnagiri"
KK-CDR-002317,KK00039,Ravindra Bhosale,9323000039,KK00051,Pravin Kadam,8976000051,2025-03-18 13:44:10,77,voice,660,"Dongri Cell Site A, Mumbai City"
KK-CDR-002318,KK00024,Nilesh Parekh,9422000024,KK00020,Vilas Sawant,9167000020,2025-03-18 07:12:16,77,voice,241,"Nhava Sheva Port Cell Site A, Raigad (Uran / JNPT)"
KK-CDR-002319,KK00058,Dattatray Patil,9833000058,KK00043,Vinod Mehta,9323000043,2025-03-18 13:58:09,77,voice,24,"LT Marg Cell Site A, Mumbai City"
KK-CDR-002320,KK00049,Santosh Zaveri,9833000049,KK00039,Ravindra Bhosale,9323000039,2025-03-18 15:31:05,77,voice,221,"Andheri Cell Site B, Mumbai Suburban"
KK-CDR-002321,KK00057,Balkrishna Parekh,8976000057,KK00050,Shirish Patil,9833000050,2025-03-18 12:26:31,77,voice,541,"LT Marg Cell Site A, Mumbai City"
KK-CDR-002322,KK00189,Dattatray Jadhav,9833000189,KK00115,Rakesh Patil,9820000115,2025-03-18 15:59:39,77,voice,546,"Kapurbawdi Cell Site A, Thane"
KK-CDR-002323,KK00057,Balkrishna Parekh,8976000057,KK00055,Vilas Shinde,8976000055,2025-03-18 21:43:22,77,voice,469,"Pydhonie Cell Site B, Mumbai City"
KK-CDR-002324,KK00208,Rafiq Momin,9930000208,KK00128,Mahesh Bhosale,9833000128,2025-03-19 06:44:35,78,voice,547,"Kurla Cell Site A, Mumbai Suburban"
KK-CDR-002325,KK00038,Iqbal Mehta,9820000038,KK00040,Rajan Ansari,9930000040,2025-03-19 08:09:11,78,voice,610,"Andheri Cell Site B, Mumbai Suburban"
KK-CDR-002326,KK00214,Vinod Pawar,7045000214,KK00170,Kishor Thakur,9860000170,2025-03-19 22:57:10,78,voice,815,"Uran Cell Site A, Raigad (Uran / JNPT)"
KK-CDR-002327,KK00040,Rajan Ansari,9930000040,KK00061,Sameer Soni,9820000061,2025-03-19 06:45:42,78,voice,613,"Pydhonie Cell Site A, Mumbai City"
KK-CDR-002328,KK00022,Dnyaneshwar Salvi,8655000022,KK00035,Balkrishna Shaikh,9167000035,2025-03-19 22:18:14,78,voice,217,"Guhagar Cell Site A, Ratnagiri"
KK-CDR-002329,KK00010,Hitesh Desai,7045000010,KK00154,Hanif Thakur,7045000154,2025-03-19 13:45:04,78,voice,215,"Ratnagiri City Cell Site B, Ratnagiri"
KK-CDR-002330,KK00086,Arif Bhosale,8976000086,KK00073,Mangesh Naik,9323000073,2025-03-19 10:50:01,78,voice,486,"Kapurbawdi Cell Site B, Thane"
KK-CDR-002331,KK00043,Vinod Mehta,9323000043,KK00051,Pravin Kadam,8976000051,2025-03-19 09:33:18,78,voice,366,"Andheri Cell Site A, Mumbai Suburban"
KK-CDR-002332,KK00304,Prakash Tandel,9323000304,KK00371,Imtiaz Kothari,9930000371,2025-03-19 11:42:45,78,voice,502,"Ghatkopar Cell Site B, Mumbai Suburban"
KK-CDR-002333,KK00087,Rafiq Deshmukh,8976000087,KK00074,Prakash Bhosale,9323000074,2025-03-19 16:54:05,78,voice,48,"Vartak Nagar Cell Site B, Thane"
KK-CDR-002334,KK00064,Anil Khatib,9820000064,KK00194,Nilesh Bhandari,9323000194,2025-03-19 16:25:39,78,voice,326,"LT Marg Cell Site B, Mumbai City"
KK-CDR-002335,KK00055,Vilas Shinde,8976000055,KK00102,Hitesh Kothari,9820000102,2025-03-19 13:31:31,78,voice,681,"Pydhonie Cell Site B, Mumbai City"
KK-CDR-002336,KK00145,Vilas Ansari,9323000145,KK00128,Mahesh Bhosale,9833000128,2025-03-19 20:20:45,78,voice,626,"LT Marg Cell Site A, Mumbai City"
KK-CDR-002337,KK00051,Pravin Kadam,8976000051,KK00054,Kishor Sawant,9833000054,2025-03-19 22:56:25,78,voice,711,"Dongri Cell Site B, Mumbai City"
KK-CDR-002338,KK00080,Rajan Desai,9820000080,KK00178,Imtiaz Ansari,9323000178,2025-03-19 12:06:53,78,voice,83,"Kapurbawdi Cell Site A, Thane"
KK-CDR-002339,KK00014,Anil Tandel,8655000014,KK00006,Salim Parab,8655000006,2025-03-19 22:31:41,78,voice,786,"Nalasopara Cell Site B, Palghar"
KK-CDR-002340,KK00081,Deepak Kadam,9833000081,KK00157,Mahesh Bhatkar,9930000157,2025-03-19 23:07:16,78,voice,269,"Vartak Nagar Cell Site A, Thane"
KK-CDR-002341,KK00021,Santosh Bhandari,9422000021,KK00034,Rakesh Doshi,9860000034,2025-03-20 16:01:24,79,voice,279,"Ratnagiri City Cell Site A, Ratnagiri"
KK-CDR-002342,KK00033,Shirish Chavan,9422000033,KK00014,Anil Tandel,8655000014,2025-03-20 13:19:58,79,voice,802,"Guhagar Cell Site A, Ratnagiri"
KK-CDR-002343,KK00046,Shabbir Shaikh,9820000046,KK00056,Mahesh Bhandari,9833000056,2025-03-20 19:58:26,79,voice,287,"VP Road Cell Site A, Mumbai City"
KK-CDR-002344,KK00049,Santosh Zaveri,9833000049,KK00046,Shabbir Shaikh,9820000046,2025-03-20 23:31:50,79,voice,838,"Andheri Cell Site B, Mumbai Suburban"
KK-CDR-002345,KK00011,Yogesh Kadam,7045000011,KK00012,Bhavesh Parekh,9860000012,2025-03-20 18:38:15,79,voice,766,"Nhava Sheva Port Cell Site B, Raigad (Uran / JNPT)"
KK-CDR-002346,KK00061,Sameer Soni,9820000061,KK00042,Shabbir Jadhav,9930000042,2025-03-20 20:30:23,79,voice,213,"MRA Marg Cell Site A, Mumbai City"
KK-CDR-002347,KK00071,Arif Salvi,9833000071,KK00203,Hanif Koli,8976000203,2025-03-20 13:16:29,79,voice,546,"Rabodi Cell Site B, Thane"
KK-CDR-002348,KK00042,Shabbir Jadhav,9930000042,KK00065,Dnyaneshwar Bhandari,8976000065,2025-03-20 11:26:43,79,voice,854,"Kurla Cell Site B, Mumbai Suburban"
KK-CDR-002349,KK00053,Pravin Bhatkar,9833000053,KK00045,Kishor Sanghvi,9833000045,2025-03-20 09:33:33,79,voice,793,"Sakinaka Cell Site B, Mumbai Suburban"
KK-CDR-002350,KK00002,Iqbal Naik,9860000002,KK00001,Nilesh Khatib,8655000001,2025-03-20 07:37:14,79,voice,655,"Nhava Sheva Port Cell Site A, Raigad (Uran / JNPT)"
KK-CDR-002351,KK00307,Iqbal Shinde,9323000307,KK00266,Balkrishna Jadhav,9820000266,2025-03-20 21:10:40,79,voice,663,"Bandra Cell Site A, Mumbai Suburban"
KK-CDR-002352,KK00063,Sameer Koli,9323000063,KK00061,Sameer Soni,9820000061,2025-03-20 09:11:56,79,voice,799,"Dongri Cell Site B, Mumbai City"
KK-CDR-002353,KK00061,Sameer Soni,9820000061,KK00145,Vilas Ansari,9323000145,2025-03-20 16:12:50,79,voice,284,"Pydhonie Cell Site B, Mumbai City"
KK-CDR-002354,KK00094,Iqbal Patil,9833000094,KK00073,Mangesh Naik,9323000073,2025-03-20 16:21:12,79,voice,385,"Vartak Nagar Cell Site B, Thane"
KK-CDR-002355,KK00061,Sameer Soni,9820000061,KK00038,Iqbal Mehta,9820000038,2025-03-20 13:15:12,79,voice,218,"VP Road Cell Site A, Mumbai City"
KK-CDR-002356,KK00177,Rakesh Sawant,8976000177,KK00172,Nilesh Kadam,8976000172,2025-03-20 06:02:56,79,voice,101,"MRA Marg Cell Site B, Mumbai City"
KK-CDR-002357,KK00063,Sameer Koli,9323000063,KK00058,Dattatray Patil,9833000058,2025-03-20 18:25:46,79,voice,40,"MRA Marg Cell Site A, Mumbai City"
KK-CDR-002358,KK00184,Iqbal Jadhav,9833000184,KK00206,Rakesh Shah,9323000206,2025-03-20 10:48:56,79,voice,264,"Pydhonie Cell Site A, Mumbai City"
KK-CDR-002359,KK00092,Suhas Parekh,9930000092,KK00078,Shirish Salvi,9833000078,2025-03-20 21:45:10,79,voice,373,"Vartak Nagar Cell Site A, Thane"
KK-CDR-002360,KK00165,Prakash Zaveri,7045000165,KK00099,Salim Khatib,7045000099,2025-03-20 11:49:25,79,voice,587,"Nhava Sheva Port Cell Site A, Raigad (Uran / JNPT)"
KK-CDR-002361,KK00120,Bhavesh Soni,8976000120,KK00203,Hanif Koli,8976000203,2025-03-20 07:19:16,79,voice,131,"Naupada Cell Site B, Thane"
KK-CDR-002362,KK00052,Rakesh Zaveri,8976000052,KK00049,Santosh Zaveri,9833000049,2025-03-20 08:57:04,79,voice,550,"Ghatkopar Cell Site A, Mumbai Suburban"
KK-CDR-002363,KK00021,Santosh Bhandari,9422000021,KK00025,Deepak Zaveri,8655000025,2025-03-20 08:09:18,79,voice,99,"Harnai Coastal Cell Site B, Ratnagiri"
KK-CDR-002364,KK00325,Shirish Dalvi,9820000325,KK00225,Yogesh Bhatkar,9323000225,2025-03-20 23:22:27,79,voice,702,"Kurla Cell Site B, Mumbai Suburban"
KK-CDR-002365,KK00095,Umesh Shaikh,9930000095,KK00086,Arif Bhosale,8976000086,2025-03-20 15:46:22,79,voice,137,"CBD Belapur Cell Site A, Navi Mumbai"
KK-CDR-002366,KK00192,Ashok Parekh,9422000192,KK00205,Mangesh Koli,7045000205,2025-03-21 11:30:49,80,voice,534,"Harnai Coastal Cell Site A, Ratnagiri"
KK-CDR-002367,KK00085,Prakash Shaikh,9820000085,KK00108,Hitesh Bhandari,9930000108,2025-03-21 12:55:02,80,voice,301,"Rabodi Cell Site B, Thane"
KK-CDR-002368,KK00008,Vilas Tandel,9860000008,KK00015,Balkrishna Shinde,7045000015,2025-03-21 21:13:20,80,voice,130,"Uran Cell Site B, Raigad (Uran / JNPT)"
KK-CDR-002369,KK00092,Suhas Parekh,9930000092,KK00089,Ganesh Naik,8976000089,2025-03-21 11:42:40,80,voice,239,"Wagle Estate Cell Site A, Thane"
KK-CDR-002370,KK00182,Dnyaneshwar Shinde,9422000182,KK00122,Salim Kulkarni,8655000122,2025-03-21 23:21:11,80,voice,825,"Vasai Cell Site B, Palghar"
KK-CDR-002371,KK00090,Arif Mhatre,9930000090,KK00075,Rafiq Pawar,8976000075,2025-03-21 20:29:09,80,voice,504,"Kapurbawdi Cell Site A, Thane"
KK-CDR-002372,KK00076,Jitendra Shaikh,9833000076,KK00080,Rajan Desai,9820000080,2025-03-21 07:49:41,80,voice,453,"Naupada Cell Site A, Thane"
KK-CDR-002373,KK00082,Kishor Gaikwad,8976000082,KK00093,Rajan Sanghvi,9820000093,2025-03-21 11:08:55,80,voice,85,"Kapurbawdi Cell Site A, Thane"
KK-CDR-002374,KK00143,Shabbir Surve,9930000143,KK00212,Rafiq Kothari,8976000212,2025-03-21 06:19:04,80,voice,138,"Wagle Estate Cell Site A, Thane"
KK-CDR-002375,KK00006,Salim Parab,8655000006,KK00005,Kishor Ansari,8655000005,2025-03-21 06:14:14,80,voice,109,"Dapoli Cell Site A, Ratnagiri"
KK-CDR-002376,KK00030,Vilas Khatib,8655000030,KK00034,Rakesh Doshi,9860000034,2025-03-21 09:57:39,80,voice,31,"Dapoli Cell Site B, Ratnagiri"
KK-CDR-002377,KK00085,Prakash Shaikh,9820000085,KK00087,Rafiq Deshmukh,8976000087,2025-03-21 09:52:10,80,voice,94,"Rabodi Cell Site A, Thane"
KK-CDR-002378,KK00042,Shabbir Jadhav,9930000042,KK00113,Fayyaz Chavan,8976000113,2025-03-21 11:26:04,80,voice,589,"Kurla Cell Site B, Mumbai Suburban"
KK-CDR-002379,KK00060,Mangesh Tandel,9820000060,KK00061,Sameer Soni,9820000061,2025-03-21 14:10:58,80,voice,504,"Bandra Cell Site B, Mumbai Suburban"
KK-CDR-002380,KK00037,Ganesh Deshmukh,9323000037,KK00064,Anil Khatib,9820000064,2025-03-21 08:34:54,80,voice,747,"Bandra Cell Site A, Mumbai Suburban"
KK-CDR-002381,KK00185,Balkrishna Kothari,8976000185,KK00200,Vilas Pawar,9323000200,2025-03-21 20:35:29,80,voice,590,"Vartak Nagar Cell Site B, Thane"
KK-CDR-002382,KK00077,Anil Thakur,9833000077,KK00076,Jitendra Shaikh,9833000076,2025-03-22 10:35:13,81,voice,71,"Rabodi Cell Site A, Thane"
KK-CDR-002383,KK00319,Bhavesh Desai,9323000319,KK00247,Javed Ansari,9323000247,2025-03-22 16:28:50,81,voice,783,"Vartak Nagar Cell Site A, Thane"
KK-CDR-002384,KK00398,Imtiaz Salvi,9323000398,KK00287,Jitendra Bhatkar,9833000287,2025-03-22 20:32:54,81,voice,32,"Ghatkopar Cell Site A, Mumbai Suburban"
KK-CDR-002385,KK00042,Shabbir Jadhav,9930000042,KK00060,Mangesh Tandel,9820000060,2025-03-22 09:48:43,81,voice,323,"Ghatkopar Cell Site B, Mumbai Suburban"
KK-CDR-002386,KK00089,Ganesh Naik,8976000089,KK00189,Dattatray Jadhav,9833000189,2025-03-22 13:37:35,81,voice,456,"Wagle Estate Cell Site B, Thane"
KK-CDR-002387,KK00090,Arif Mhatre,9930000090,KK00189,Dattatray Jadhav,9833000189,2025-03-22 06:23:40,81,voice,233,"Wagle Estate Cell Site A, Thane"
KK-CDR-002388,KK00049,Santosh Zaveri,9833000049,KK00050,Shirish Patil,9833000050,2025-03-22 23:35:29,81,voice,594,"Ghatkopar Cell Site A, Mumbai Suburban"
KK-CDR-002389,KK00061,Sameer Soni,9820000061,KK00037,Ganesh Deshmukh,9323000037,2025-03-22 06:47:12,81,voice,230,"LT Marg Cell Site B, Mumbai City"
KK-CDR-002390,KK00008,Vilas Tandel,9860000008,KK00122,Salim Kulkarni,8655000122,2025-03-22 17:08:33,81,voice,336,"Uran Cell Site A, Raigad (Uran / JNPT)"
KK-CDR-002391,KK00010,Hitesh Desai,7045000010,KK00027,Hanif Shinde,9422000027,2025-03-22 11:20:43,81,voice,738,"Ratnagiri City Cell Site B, Ratnagiri"
KK-CDR-002392,KK00086,Arif Bhosale,8976000086,KK00077,Anil Thakur,9833000077,2025-03-22 18:45:47,81,voice,189,"Wagle Estate Cell Site A, Thane"
KK-CDR-002393,KK00080,Rajan Desai,9820000080,KK00078,Shirish Salvi,9833000078,2025-03-22 21:36:09,81,voice,84,"Vartak Nagar Cell Site A, Thane"
KK-CDR-002394,KK00105,Pravin Desai,9323000105,KK00178,Imtiaz Ansari,9323000178,2025-03-22 16:37:51,81,voice,243,"Wagle Estate Cell Site B, Thane"
KK-CDR-002395,KK00022,Dnyaneshwar Salvi,8655000022,KK00028,Sameer Kulkarni,9422000028,2025-03-22 21:52:41,81,voice,898,"Ratnagiri City Cell Site B, Ratnagiri"
KK-CDR-002396,KK00007,Santosh Sanghvi,9167000007,KK00192,Ashok Parekh,9422000192,2025-03-22 15:47:54,81,voice,137,"Harnai Coastal Cell Site A, Ratnagiri"
KK-CDR-002397,KK00056,Mahesh Bhandari,9833000056,KK00058,Dattatray Patil,9833000058,2025-03-22 22:07:39,81,voice,161,"Bandra Cell Site B, Mumbai Suburban"
KK-CDR-002398,KK00041,Dnyaneshwar Parab,9930000041,KK00047,Santosh Thakur,9833000047,2025-03-22 11:43:31,81,voice,630,"Andheri Cell Site A, Mumbai Suburban"
KK-CDR-002399,KK00056,Mahesh Bhandari,9833000056,KK00051,Pravin Kadam,8976000051,2025-03-22 22:38:30,81,voice,811,"Sakinaka Cell Site A, Mumbai Suburban"
KK-CDR-002400,KK00005,Kishor Ansari,8655000005,KK00033,Shirish Chavan,9422000033,2025-03-22 12:55:55,81,voice,765,"Satpati Coastal Cell Site B, Palghar"
KK-CDR-002401,KK00095,Umesh Shaikh,9930000095,KK00022,Dnyaneshwar Salvi,8655000022,2025-03-22 12:19:43,81,voice,36,"APMC Cell Site B, Navi Mumbai"
KK-CDR-002402,KK00095,Umesh Shaikh,9930000095,KK00078,Shirish Salvi,9833000078,2025-03-22 09:28:01,81,voice,92,"Nerul Cell Site A, Navi Mumbai"
KK-CDR-002403,KK00057,Balkrishna Parekh,8976000057,KK00040,Rajan Ansari,9930000040,2025-03-23 10:30:28,82,voice,557,"Dongri Cell Site B, Mumbai City"
KK-CDR-002404,KK00075,Rafiq Pawar,8976000075,KK00067,Shirish Pawar,8976000067,2025-03-23 09:49:25,82,voice,502,"Naupada Cell Site A, Thane"
KK-CDR-002405,KK00007,Santosh Sanghvi,9167000007,KK00017,Anil Tandel,7045000017,2025-03-23 13:26:22,82,voice,91,"Guhagar Cell Site B, Ratnagiri"
KK-CDR-002406,KK00388,Ravindra More,9820000388,KK00267,Umesh Thakur,9930000267,2025-03-23 14:51:27,82,voice,222,"Bund Garden Cell Site A, Pune"
KK-CDR-002407,KK00028,Sameer Kulkarni,9422000028,KK00003,Deepak Pawar,9167000003,2025-03-23 07:35:15,82,voice,113,"Palghar Cell Site A, Palghar"
KK-CDR-002408,KK00208,Rafiq Momin,9930000208,KK00175,Balkrishna Pawar,9323000175,2025-03-23 07:49:08,82,voice,42,"Ghatkopar Cell Site A, Mumbai Suburban"
KK-CDR-002409,KK00077,Anil Thakur,9833000077,KK00083,Sachin Naik,9930000083,2025-03-23 09:23:49,82,voice,221,"Naupada Cell Site B, Thane"
KK-CDR-002410,KK00088,Rajan Sawant,9323000088,KK00091,Ashok More,9833000091,2025-03-23 10:24:50,82,voice,30,"Kapurbawdi Cell Site A, Thane"
KK-CDR-002411,KK00034,Rakesh Doshi,9860000034,KK00017,Anil Tandel,7045000017,2025-03-23 15:08:35,82,voice,664,"Khopoli Cell Site B, Raigad (Uran / JNPT)"
KK-CDR-002412,KK00036,Fayyaz Kadam,9422000036,KK00009,Dattatray Soni,9860000009,2025-03-23 21:44:12,82,voice,215,"Nalasopara Cell Site A, Palghar"
KK-CDR-002413,KK00067,Shirish Pawar,8976000067,KK00088,Rajan Sawant,9323000088,2025-03-23 09:08:22,82,voice,881,"Wagle Estate Cell Site B, Thane"
KK-CDR-002414,KK00295,Sachin Momin,9833000295,KK00366,Santosh Kulkarni,9323000366,2025-03-23 08:25:55,82,voice,805,"Koregaon Park Cell Site B, Pune"
KK-CDR-002415,KK00003,Deepak Pawar,9167000003,KK00004,Kishor Pawar,9167000004,2025-03-23 11:27:10,82,voice,57,"Ratnagiri City Cell Site A, Ratnagiri"
KK-CDR-002416,KK00047,Santosh Thakur,9833000047,KK00197,Fayyaz Dalvi,9820000197,2025-03-23 15:11:41,82,voice,455,"Andheri Cell Site B, Mumbai Suburban"
KK-CDR-002417,KK00042,Shabbir Jadhav,9930000042,KK00057,Balkrishna Parekh,8976000057,2025-03-23 11:30:45,82,voice,877,"Kurla Cell Site A, Mumbai Suburban"
KK-CDR-002418,KK00046,Shabbir Shaikh,9820000046,KK00038,Iqbal Mehta,9820000038,2025-03-23 07:15:55,82,voice,882,"Dongri Cell Site A, Mumbai City"
KK-CDR-002419,KK00063,Sameer Koli,9323000063,KK00064,Anil Khatib,9820000064,2025-03-23 18:42:00,82,voice,437,"VP Road Cell Site B, Mumbai City"
KK-CDR-002420,KK00105,Pravin Desai,9323000105,KK00101,Javed Bhandari,9833000101,2025-03-23 15:25:24,82,voice,522,"Wagle Estate Cell Site A, Thane"
KK-CDR-002421,KK00029,Pravin Koli,7045000029,KK00207,Shabbir Pawar,9422000207,2025-03-23 10:39:57,82,voice,81,"Vasai Cell Site B, Palghar"
KK-CDR-002422,KK00176,Ravindra Shaikh,8655000176,KK00112,Rakesh Gaikwad,8655000112,2025-03-23 19:36:41,82,voice,238,"Uran Cell Site A, Raigad (Uran / JNPT)"
KK-CDR-002423,KK00043,Vinod Mehta,9323000043,KK00053,Pravin Bhatkar,9833000053,2025-03-23 09:13:32,82,voice,843,"Kurla Cell Site B, Mumbai Suburban"
KK-CDR-002424,KK00057,Balkrishna Parekh,8976000057,KK00142,Shirish Soni,8976000142,2025-03-23 22:07:05,82,voice,491,"Dongri Cell Site B, Mumbai City"
KK-CDR-002425,KK00095,Umesh Shaikh,9930000095,KK00023,Prakash Deshmukh,8655000023,2025-03-23 09:51:56,82,voice,196,"Nerul Cell Site B, Navi Mumbai"
KK-CDR-002426,KK00095,Umesh Shaikh,9930000095,KK00085,Prakash Shaikh,9820000085,2025-03-23 18:42:42,82,voice,150,"CBD Belapur Cell Site B, Navi Mumbai"
KK-CDR-002427,KK00042,Shabbir Jadhav,9930000042,KK00048,Sameer Doshi,9323000048,2025-03-24 10:20:49,83,voice,724,"Ghatkopar Cell Site A, Mumbai Suburban"
KK-CDR-002428,KK00072,Yogesh Momin,9833000072,KK00161,Shirish Parab,9833000161,2025-03-24 22:19:29,83,voice,545,"Rabodi Cell Site B, Thane"
KK-CDR-002429,KK00091,Ashok More,9833000091,KK00069,Imtiaz Kadam,9323000069,2025-03-24 18:56:45,83,voice,146,"Naupada Cell Site B, Thane"
KK-CDR-002430,KK00203,Hanif Koli,8976000203,KK00166,Hitesh Shah,9833000166,2025-03-24 08:35:22,83,voice,723,"Vartak Nagar Cell Site B, Thane"
KK-CDR-002431,KK00053,Pravin Bhatkar,9833000053,KK00059,Salim More,9820000059,2025-03-24 11:33:11,83,voice,637,"Ghatkopar Cell Site A, Mumbai Suburban"
KK-CDR-002432,KK00060,Mangesh Tandel,9820000060,KK00123,Nitin Shaikh,8976000123,2025-03-24 17:54:54,83,voice,623,"Andheri Cell Site A, Mumbai Suburban"
KK-CDR-002433,KK00074,Prakash Bhosale,9323000074,KK00091,Ashok More,9833000091,2025-03-24 19:33:56,83,voice,320,"Rabodi Cell Site A, Thane"
KK-CDR-002434,KK00050,Shirish Patil,9833000050,KK00175,Balkrishna Pawar,9323000175,2025-03-24 08:19:32,83,voice,361,"VP Road Cell Site A, Mumbai City"
KK-CDR-002435,KK00041,Dnyaneshwar Parab,9930000041,KK00043,Vinod Mehta,9323000043,2025-03-24 16:50:38,83,voice,291,"Ghatkopar Cell Site B, Mumbai Suburban"
KK-CDR-002436,KK00088,Rajan Sawant,9323000088,KK00085,Prakash Shaikh,9820000085,2025-03-24 10:23:53,83,voice,806,"Wagle Estate Cell Site B, Thane"
KK-CDR-002437,KK00043,Vinod Mehta,9323000043,KK00040,Rajan Ansari,9930000040,2025-03-24 21:23:18,83,voice,364,"Kurla Cell Site A, Mumbai Suburban"
KK-CDR-002438,KK00027,Hanif Shinde,9422000027,KK00024,Nilesh Parekh,9422000024,2025-03-24 16:28:44,83,voice,598,"Nhava Sheva Port Cell Site A, Raigad (Uran / JNPT)"
KK-CDR-002439,KK00030,Vilas Khatib,8655000030,KK00016,Anil Tandel,9167000016,2025-03-24 15:39:58,83,voice,741,"Dapoli Cell Site A, Ratnagiri"
KK-CDR-002440,KK00060,Mangesh Tandel,9820000060,KK00057,Balkrishna Parekh,8976000057,2025-03-24 08:53:39,83,voice,871,"Ghatkopar Cell Site B, Mumbai Suburban"
KK-CDR-002441,KK00016,Anil Tandel,9167000016,KK00114,Dnyaneshwar Bhatkar,9167000114,2025-03-24 13:32:36,83,voice,544,"Guhagar Cell Site B, Ratnagiri"
KK-CDR-002442,KK00329,Prakash Kulkarni,9930000329,KK00309,Mangesh Bhandari,9930000309,2025-03-24 14:04:06,83,voice,309,"Kurla Cell Site A, Mumbai Suburban"
KK-CDR-002443,KK00047,Santosh Thakur,9833000047,KK00053,Pravin Bhatkar,9833000053,2025-03-24 21:36:29,83,voice,496,"Andheri Cell Site A, Mumbai Suburban"
KK-CDR-002444,KK00066,Hanif Chavan,9833000066,KK00063,Sameer Koli,9323000063,2025-03-24 10:17:28,83,voice,579,"LT Marg Cell Site A, Mumbai City"
KK-CDR-002445,KK00151,Deepak Mehta,9820000151,KK00191,Javed Naik,9323000191,2025-03-24 15:56:35,83,voice,848,"Sakinaka Cell Site B, Mumbai Suburban"
KK-CDR-002446,KK00025,Deepak Zaveri,8655000025,KK00013,Kishor Koli,7045000013,2025-03-24 18:32:57,83,voice,800,"Khopoli Cell Site A, Raigad (Uran / JNPT)"
KK-CDR-002447,KK00116,Yogesh Rane,8655000116,KK00125,Mahesh Desai,9422000125,2025-03-24 23:17:51,83,voice,166,"Khopoli Cell Site B, Raigad (Uran / JNPT)"
KK-CDR-002448,KK00047,Santosh Thakur,9833000047,KK00057,Balkrishna Parekh,8976000057,2025-03-24 08:24:39,83,voice,40,"Andheri Cell Site A, Mumbai Suburban"
KK-CDR-002449,KK00095,Umesh Shaikh,9930000095,KK00016,Anil Tandel,9167000016,2025-03-24 12:55:55,83,voice,86,"CBD Belapur Cell Site A, Navi Mumbai"
KK-CDR-002450,KK00028,Sameer Kulkarni,9422000028,KK00003,Deepak Pawar,9167000003,2025-03-25 18:56:47,84,voice,548,"Nalasopara Cell Site B, Palghar"
KK-CDR-002451,KK00229,Sunil Tandel,9323000229,KK00259,Javed Momin,8976000259,2025-03-25 18:57:55,84,voice,823,"Faraskhana Cell Site B, Pune"
KK-CDR-002452,KK00061,Sameer Soni,9820000061,KK00191,Javed Naik,9323000191,2025-03-25 13:01:19,84,voice,886,"Pydhonie Cell Site A, Mumbai City"
KK-CDR-002453,KK00039,Ravindra Bhosale,9323000039,KK00054,Kishor Sawant,9833000054,2025-03-25 12:50:07,84,voice,895,"Pydhonie Cell Site A, Mumbai City"
KK-CDR-002454,KK00024,Nilesh Parekh,9422000024,KK00018,Suhas Sanghvi,9167000018,2025-03-25 11:10:48,84,voice,822,"Uran Cell Site A, Raigad (Uran / JNPT)"
KK-CDR-002455,KK00089,Ganesh Naik,8976000089,KK00072,Yogesh Momin,9833000072,2025-03-25 22:21:36,84,voice,529,"Naupada Cell Site B, Thane"
KK-CDR-002456,KK00089,Ganesh Naik,8976000089,KK00147,Suhas Shinde,9833000147,2025-03-25 14:39:57,84,voice,898,"Naupada Cell Site B, Thane"
KK-CDR-002457,KK00184,Iqbal Jadhav,9833000184,KK00181,Umesh Jadhav,8976000181,2025-03-25 21:33:25,84,voice,255,"VP Road Cell Site B, Mumbai City"
KK-CDR-002458,KK00045,Kishor Sanghvi,9833000045,KK00050,Shirish Patil,9833000050,2025-03-25 18:54:39,84,voice,712,"Andheri Cell Site B, Mumbai Suburban"
KK-CDR-002459,KK00026,Rafiq Shah,9167000026,KK00036,Fayyaz Kadam,9422000036,2025-03-25 17:06:15,84,voice,695,"Guhagar Cell Site B, Ratnagiri"
KK-CDR-002460,KK00079,Rafiq Soni,8976000079,KK00148,Anil Ansari,9930000148,2025-03-25 09:04:49,84,voice,596,"Rabodi Cell Site B, Thane"
KK-CDR-002461,KK00029,Pravin Koli,7045000029,KK00125,Mahesh Desai,9422000125,2025-03-25 07:49:08,84,voice,221,"Palghar Cell Site B, Palghar"
KK-CDR-002462,KK00029,Pravin Koli,7045000029,KK00015,Balkrishna Shinde,7045000015,2025-03-25 23:53:44,84,voice,271,"Vasai Cell Site B, Palghar"
KK-CDR-002463,KK00195,Pravin Kothari,9820000195,KK00161,Shirish Parab,9833000161,2025-03-25 12:31:13,84,voice,220,"Vartak Nagar Cell Site A, Thane"
KK-CDR-002464,KK00157,Mahesh Bhatkar,9930000157,KK00203,Hanif Koli,8976000203,2025-03-25 06:54:08,84,voice,246,"Rabodi Cell Site A, Thane"
KK-CDR-002465,KK00331,Nilesh Bhatkar,9820000331,KK00316,Vinod Ansari,9930000316,2025-03-26 11:08:34,85,voice,309,"Rabodi Cell Site B, Thane"
KK-CDR-002466,KK00169,Sunil Parab,9323000169,KK00111,Deepak Tandel,9820000111,2025-03-26 09:17:18,85,voice,412,"VP Road Cell Site B, Mumbai City"
KK-CDR-002467,KK00073,Mangesh Naik,9323000073,KK00079,Rafiq Soni,8976000079,2025-03-26 20:12:16,85,voice,603,"Vartak Nagar Cell Site A, Thane"
KK-CDR-002468,KK00050,Shirish Patil,9833000050,KK00040,Rajan Ansari,9930000040,2025-03-26 10:35:26,85,voice,865,"Pydhonie Cell Site B, Mumbai City"
KK-CDR-002469,KK00058,Dattatray Patil,9833000058,KK00042,Shabbir Jadhav,9930000042,2025-03-26 19:12:44,85,voice,205,"VP Road Cell Site A, Mumbai City"
KK-CDR-002470,KK00092,Suhas Parekh,9930000092,KK00076,Jitendra Shaikh,9833000076,2025-03-26 08:03:16,85,voice,706,"Rabodi Cell Site B, Thane"
KK-CDR-002471,KK00026,Rafiq Shah,9167000026,KK00214,Vinod Pawar,7045000214,2025-03-26 13:14:01,85,voice,880,"Ratnagiri City Cell Site A, Ratnagiri"
KK-CDR-002472,KK00015,Balkrishna Shinde,7045000015,KK00011,Yogesh Kadam,7045000011,2025-03-26 19:41:40,85,voice,792,"Palghar Cell Site B, Palghar"
KK-CDR-002473,KK00079,Rafiq Soni,8976000079,KK00117,Ganesh Bhosale,8976000117,2025-03-26 07:12:06,85,voice,201,"Naupada Cell Site B, Thane"
KK-CDR-002474,KK00146,Rajan Zaveri,9323000146,KK00183,Paresh Thakur,9930000183,2025-03-26 19:05:22,85,voice,871,"Wagle Estate Cell Site B, Thane"
KK-CDR-002475,KK00024,Nilesh Parekh,9422000024,KK00036,Fayyaz Kadam,9422000036,2025-03-26 11:08:54,85,voice,23,"Khopoli Cell Site B, Raigad (Uran / JNPT)"
KK-CDR-002476,KK00031,Anil Chavan,8655000031,KK00013,Kishor Koli,7045000013,2025-03-26 23:34:20,85,voice,607,"Dapoli Cell Site A, Ratnagiri"
KK-CDR-002477,KK00025,Deepak Zaveri,8655000025,KK00027,Hanif Shinde,9422000027,2025-03-26 23:12:07,85,voice,173,"Nhava Sheva Port Cell Site B, Raigad (Uran / JNPT)"
KK-CDR-002478,KK00087,Rafiq Deshmukh,8976000087,KK00079,Rafiq Soni,8976000079,2025-03-26 10:38:21,85,voice,176,"Kapurbawdi Cell Site B, Thane"
KK-CDR-002479,KK00047,Santosh Thakur,9833000047,KK00057,Balkrishna Parekh,8976000057,2025-03-26 20:01:58,85,voice,286,"Andheri Cell Site A, Mumbai Suburban"
KK-CDR-002480,KK00226,Yogesh Thakur,9820000226,KK00325,Shirish Dalvi,9820000325,2025-03-27 22:54:40,86,voice,327,"Naupada Cell Site A, Thane"
KK-CDR-002481,KK00019,Arif Gaikwad,9422000019,KK00002,Iqbal Naik,9860000002,2025-03-27 20:09:21,86,voice,411,"Palghar Cell Site B, Palghar"
KK-CDR-002482,KK00201,Javed Shah,9860000201,KK00112,Rakesh Gaikwad,8655000112,2025-03-27 12:28:30,86,voice,200,"Guhagar Cell Site B, Ratnagiri"
KK-CDR-002483,KK00008,Vilas Tandel,9860000008,KK00031,Anil Chavan,8655000031,2025-03-27 21:15:05,86,voice,462,"Nhava Sheva Port Cell Site A, Raigad (Uran / JNPT)"
KK-CDR-002484,KK00027,Hanif Shinde,9422000027,KK00034,Rakesh Doshi,9860000034,2025-03-27 14:33:00,86,voice,554,"Nhava Sheva Port Cell Site B, Raigad (Uran / JNPT)"
KK-CDR-002485,KK00048,Sameer Doshi,9323000048,KK00136,Mangesh Shaikh,9930000136,2025-03-27 17:03:50,86,voice,853,"MRA Marg Cell Site B, Mumbai City"
KK-CDR-002486,KK00194,Nilesh Bhandari,9323000194,KK00179,Dattatray Zaveri,9833000179,2025-03-27 23:39:20,86,voice,94,"VP Road Cell Site B, Mumbai City"
KK-CDR-002487,KK00005,Kishor Ansari,8655000005,KK00010,Hitesh Desai,7045000010,2025-03-27 14:05:48,86,voice,789,"Palghar Cell Site B, Palghar"
KK-CDR-002488,KK00062,Paresh Parekh,9820000062,KK00052,Rakesh Zaveri,8976000052,2025-03-27 19:15:45,86,voice,203,"Ghatkopar Cell Site A, Mumbai Suburban"
KK-CDR-002489,KK00053,Pravin Bhatkar,9833000053,KK00151,Deepak Mehta,9820000151,2025-03-27 16:18:52,86,voice,476,"Bandra Cell Site B, Mumbai Suburban"
KK-CDR-002490,KK00062,Paresh Parekh,9820000062,KK00046,Shabbir Shaikh,9820000046,2025-03-27 07:22:17,86,voice,247,"Andheri Cell Site A, Mumbai Suburban"
KK-CDR-002491,KK00050,Shirish Patil,9833000050,KK00042,Shabbir Jadhav,9930000042,2025-03-27 09:29:12,86,voice,734,"Dongri Cell Site A, Mumbai City"
KK-CDR-002492,KK00076,Jitendra Shaikh,9833000076,KK00081,Deepak Kadam,9833000081,2025-03-27 15:55:04,86,voice,207,"Naupada Cell Site A, Thane"
KK-CDR-002493,KK00066,Hanif Chavan,9833000066,KK00046,Shabbir Shaikh,9820000046,2025-03-27 11:58:34,86,voice,365,"Dongri Cell Site A, Mumbai City"
KK-CDR-002494,KK00100,Suhas Mehta,9323000100,KK00172,Nilesh Kadam,8976000172,2025-03-27 13:25:32,86,voice,293,"Sakinaka Cell Site B, Mumbai Suburban"
KK-CDR-002495,KK00076,Jitendra Shaikh,9833000076,KK00080,Rajan Desai,9820000080,2025-03-27 14:45:20,86,voice,603,"Naupada Cell Site B, Thane"
KK-CDR-002496,KK00041,Dnyaneshwar Parab,9930000041,KK00204,Vilas Desai,9820000204,2025-03-27 13:23:00,86,voice,54,"Kurla Cell Site B, Mumbai Suburban"
KK-CDR-002497,KK00017,Anil Tandel,7045000017,KK00002,Iqbal Naik,9860000002,2025-03-27 18:59:35,86,voice,710,"Khopoli Cell Site B, Raigad (Uran / JNPT)"
KK-CDR-002498,KK00095,Umesh Shaikh,9930000095,KK00029,Pravin Koli,7045000029,2025-03-27 13:20:58,86,voice,40,"Vashi Cell Site B, Navi Mumbai"
KK-CDR-002499,KK00054,Kishor Sawant,9833000054,KK00053,Pravin Bhatkar,9833000053,2025-03-28 19:41:57,87,voice,629,"Ghatkopar Cell Site B, Mumbai Suburban"
KK-CDR-002500,KK00089,Ganesh Naik,8976000089,KK00085,Prakash Shaikh,9820000085,2025-03-28 20:49:05,87,voice,743,"Naupada Cell Site B, Thane"
KK-CDR-002501,KK00188,Bhavesh Bhandari,7045000188,KK00187,Prakash Salvi,7045000187,2025-03-28 17:38:44,87,voice,234,"Ratnagiri City Cell Site B, Ratnagiri"
KK-CDR-002502,KK00030,Vilas Khatib,8655000030,KK00034,Rakesh Doshi,9860000034,2025-03-28 09:07:02,87,voice,471,"Dapoli Cell Site B, Ratnagiri"
KK-CDR-002503,KK00013,Kishor Koli,7045000013,KK00007,Santosh Sanghvi,9167000007,2025-03-28 10:12:28,87,voice,637,"Nalasopara Cell Site B, Palghar"
KK-CDR-002504,KK00142,Shirish Soni,8976000142,KK00172,Nilesh Kadam,8976000172,2025-03-28 07:07:15,87,voice,853,"LT Marg Cell Site A, Mumbai City"
KK-CDR-002505,KK00009,Dattatray Soni,9860000009,KK00021,Santosh Bhandari,9422000021,2025-03-28 08:57:53,87,voice,504,"Nhava Sheva Port Cell Site A, Raigad (Uran / JNPT)"
KK-CDR-002506,KK00079,Rafiq Soni,8976000079,KK00190,Bhavesh Kothari,9323000190,2025-03-28 17:30:46,87,voice,134,"Kapurbawdi Cell Site A, Thane"
KK-CDR-002507,KK00065,Dnyaneshwar Bhandari,8976000065,KK00053,Pravin Bhatkar,9833000053,2025-03-28 23:31:32,87,voice,77,"Andheri Cell Site B, Mumbai Suburban"
KK-CDR-002508,KK00090,Arif Mhatre,9930000090,KK00087,Rafiq Deshmukh,8976000087,2025-03-28 11:34:48,87,voice,553,"Vartak Nagar Cell Site A, Thane"
KK-CDR-002509,KK00045,Kishor Sanghvi,9833000045,KK00062,Paresh Parekh,9820000062,2025-03-28 16:24:21,87,voice,202,"Andheri Cell Site A, Mumbai Suburban"
KK-CDR-002510,KK00033,Shirish Chavan,9422000033,KK00015,Balkrishna Shinde,7045000015,2025-03-28 13:30:56,87,voice,189,"Dapoli Cell Site A, Ratnagiri"
KK-CDR-002511,KK00056,Mahesh Bhandari,9833000056,KK00059,Salim More,9820000059,2025-03-28 23:01:48,87,voice,453,"Bandra Cell Site A, Mumbai Suburban"
KK-CDR-002512,KK00066,Hanif Chavan,9833000066,KK00041,Dnyaneshwar Parab,9930000041,2025-03-28 08:38:39,87,voice,640,"Dongri Cell Site B, Mumbai City"
KK-CDR-002513,KK00329,Prakash Kulkarni,9930000329,KK00265,Dattatray Parekh,8976000265,2025-03-28 22:21:07,87,voice,586,"Ghatkopar Cell Site B, Mumbai Suburban"
KK-CDR-002514,KK00051,Pravin Kadam,8976000051,KK00184,Iqbal Jadhav,9833000184,2025-03-28 09:33:22,87,voice,806,"MRA Marg Cell Site A, Mumbai City"
KK-CDR-002515,KK00064,Anil Khatib,9820000064,KK00052,Rakesh Zaveri,8976000052,2025-03-28 15:39:50,87,voice,189,"Dongri Cell Site B, Mumbai City"
KK-CDR-002516,KK00012,Bhavesh Parekh,9860000012,KK00025,Deepak Zaveri,8655000025,2025-03-28 13:52:06,87,voice,841,"Khopoli Cell Site A, Raigad (Uran / JNPT)"
KK-CDR-002517,KK00035,Balkrishna Shaikh,9167000035,KK00001,Nilesh Khatib,8655000001,2025-03-28 06:35:54,87,voice,848,"Nalasopara Cell Site B, Palghar"
KK-CDR-002518,KK00038,Iqbal Mehta,9820000038,KK00037,Ganesh Deshmukh,9323000037,2025-03-28 14:38:33,87,voice,450,"Bandra Cell Site A, Mumbai Suburban"
KK-CDR-002519,KK00039,Ravindra Bhosale,9323000039,KK00149,Paresh Khatib,9820000149,2025-03-28 08:21:17,87,voice,648,"VP Road Cell Site A, Mumbai City"
KK-CDR-002520,KK00069,Imtiaz Kadam,9323000069,KK00137,Pravin Zaveri,9930000137,2025-03-28 21:46:15,87,voice,181,"Naupada Cell Site B, Thane"
KK-CDR-002521,KK00036,Fayyaz Kadam,9422000036,KK00022,Dnyaneshwar Salvi,8655000022,2025-03-28 16:08:55,87,voice,117,"Vasai Cell Site A, Palghar"
KK-CDR-002522,KK00015,Balkrishna Shinde,7045000015,KK00022,Dnyaneshwar Salvi,8655000022,2025-03-29 23:40:31,88,voice,204,"Satpati Coastal Cell Site B, Palghar"
KK-CDR-002523,KK00088,Rajan Sawant,9323000088,KK00200,Vilas Pawar,9323000200,2025-03-29 11:22:25,88,voice,221,"Wagle Estate Cell Site A, Thane"
KK-CDR-002524,KK00011,Yogesh Kadam,7045000011,KK00022,Dnyaneshwar Salvi,8655000022,2025-03-29 08:45:41,88,voice,421,"Khopoli Cell Site B, Raigad (Uran / JNPT)"
KK-CDR-002525,KK00082,Kishor Gaikwad,8976000082,KK00078,Shirish Salvi,9833000078,2025-03-29 20:50:25,88,voice,417,"Kapurbawdi Cell Site B, Thane"
KK-CDR-002526,KK00007,Santosh Sanghvi,9167000007,KK00140,Salim Kothari,9167000140,2025-03-29 14:05:59,88,voice,130,"Harnai Coastal Cell Site B, Ratnagiri"
KK-CDR-002527,KK00050,Shirish Patil,9833000050,KK00055,Vilas Shinde,8976000055,2025-03-29 12:19:06,88,voice,93,"Pydhonie Cell Site B, Mumbai City"
KK-CDR-002528,KK00082,Kishor Gaikwad,8976000082,KK00091,Ashok More,9833000091,2025-03-29 09:18:06,88,voice,298,"Rabodi Cell Site B, Thane"
KK-CDR-002529,KK00061,Sameer Soni,9820000061,KK00040,Rajan Ansari,9930000040,2025-03-29 13:28:15,88,voice,828,"VP Road Cell Site B, Mumbai City"
KK-CDR-002530,KK00058,Dattatray Patil,9833000058,KK00053,Pravin Bhatkar,9833000053,2025-03-29 16:02:56,88,voice,890,"Pydhonie Cell Site A, Mumbai City"
KK-CDR-002531,KK00090,Arif Mhatre,9930000090,KK00071,Arif Salvi,9833000071,2025-03-29 14:34:08,88,voice,76,"Wagle Estate Cell Site A, Thane"
KK-CDR-002532,KK00166,Hitesh Shah,9833000166,KK00133,Ravindra Chavan,9833000133,2025-03-29 16:52:41,88,voice,105,"Naupada Cell Site A, Thane"
KK-CDR-002533,KK00122,Salim Kulkarni,8655000122,KK00099,Salim Khatib,7045000099,2025-03-29 22:44:38,88,voice,21,"Satpati Coastal Cell Site A, Palghar"
KK-CDR-002534,KK00061,Sameer Soni,9820000061,KK00053,Pravin Bhatkar,9833000053,2025-03-29 19:28:04,88,voice,152,"Pydhonie Cell Site A, Mumbai City"
KK-CDR-002535,KK00095,Umesh Shaikh,9930000095,KK00028,Sameer Kulkarni,9422000028,2025-03-29 07:27:30,88,voice,133,"Nerul Cell Site A, Navi Mumbai"
KK-CDR-002536,KK00095,Umesh Shaikh,9930000095,KK00020,Vilas Sawant,9167000020,2025-03-29 08:08:21,88,voice,249,"Nerul Cell Site A, Navi Mumbai"
KK-CDR-002537,KK00095,Umesh Shaikh,9930000095,KK00014,Anil Tandel,8655000014,2025-03-29 17:46:23,88,voice,232,"CBD Belapur Cell Site A, Navi Mumbai"
KK-CDR-002538,KK00065,Dnyaneshwar Bhandari,8976000065,KK00040,Rajan Ansari,9930000040,2025-03-30 16:21:43,89,voice,529,"Kurla Cell Site A, Mumbai Suburban"
KK-CDR-002539,KK00070,Hanif Kadam,9323000070,KK00085,Prakash Shaikh,9820000085,2025-03-30 19:55:06,89,voice,436,"Naupada Cell Site B, Thane"
KK-CDR-002540,KK00041,Dnyaneshwar Parab,9930000041,KK00063,Sameer Koli,9323000063,2025-03-30 20:13:45,89,voice,579,"Andheri Cell Site A, Mumbai Suburban"
KK-CDR-002541,KK00092,Suhas Parekh,9930000092,KK00082,Kishor Gaikwad,8976000082,2025-03-30 06:53:59,89,voice,493,"Naupada Cell Site B, Thane"
KK-CDR-002542,KK00057,Balkrishna Parekh,8976000057,KK00056,Mahesh Bhandari,9833000056,2025-03-30 23:51:43,89,voice,713,"VP Road Cell Site B, Mumbai City"
KK-CDR-002543,KK00252,Fayyaz More,9930000252,KK00281,Hanif Gaikwad,9833000281,2025-03-30 12:40:42,89,voice,82,"Andheri Cell Site A, Mumbai Suburban"
KK-CDR-002544,KK00012,Bhavesh Parekh,9860000012,KK00124,Sachin Bhosale,8655000124,2025-03-30 07:26:07,89,voice,619,"Nhava Sheva Port Cell Site B, Raigad (Uran / JNPT)"
KK-CDR-002545,KK00093,Rajan Sanghvi,9820000093,KK00089,Ganesh Naik,8976000089,2025-03-30 06:23:10,89,voice,205,"Kapurbawdi Cell Site A, Thane"
KK-CDR-002546,KK00135,Deepak Sanghvi,7045000135,KK00116,Yogesh Rane,8655000116,2025-03-30 20:47:11,89,voice,226,"Harnai Coastal Cell Site A, Ratnagiri"
KK-CDR-002547,KK00069,Imtiaz Kadam,9323000069,KK00088,Rajan Sawant,9323000088,2025-03-30 19:08:51,89,voice,658,"Vartak Nagar Cell Site B, Thane"
KK-CDR-002548,KK00006,Salim Parab,8655000006,KK00030,Vilas Khatib,8655000030,2025-03-30 12:41:31,89,voice,427,"Dapoli Cell Site B, Ratnagiri"
KK-CDR-002549,KK00038,Iqbal Mehta,9820000038,KK00066,Hanif Chavan,9833000066,2025-03-30 14:56:10,89,voice,577,"Ghatkopar Cell Site B, Mumbai Suburban"
KK-CDR-002550,KK00118,Ashok Deshmukh,9167000118,KK00163,Paresh Patil,9167000163,2025-03-30 21:59:59,89,voice,139,"Uran Cell Site B, Raigad (Uran / JNPT)"
KK-CDR-002551,KK00066,Hanif Chavan,9833000066,KK00044,Ashok Sayyed,9833000044,2025-03-30 13:54:43,89,voice,320,"MRA Marg Cell Site A, Mumbai City"
KK-CDR-002552,KK00054,Kishor Sawant,9833000054,KK00037,Ganesh Deshmukh,9323000037,2025-03-30 12:35:31,89,voice,762,"Bandra Cell Site A, Mumbai Suburban"
KK-CDR-002553,KK00372,Yogesh Desai,9833000372,KK00260,Vinod Khatib,9323000260,2025-03-30 17:34:03,89,voice,542,"Sakinaka Cell Site A, Mumbai Suburban"
KK-CDR-002554,KK00055,Vilas Shinde,8976000055,KK00062,Paresh Parekh,9820000062,2025-03-30 11:50:39,89,voice,338,"Pydhonie Cell Site B, Mumbai City"
KK-CDR-002555,KK00009,Dattatray Soni,9860000009,KK00003,Deepak Pawar,9167000003,2025-03-30 23:13:20,89,voice,96,"Khopoli Cell Site A, Raigad (Uran / JNPT)"
KK-CDR-002556,KK00012,Bhavesh Parekh,9860000012,KK00182,Dnyaneshwar Shinde,9422000182,2025-03-30 07:02:50,89,voice,62,"Khopoli Cell Site B, Raigad (Uran / JNPT)"
KK-CDR-002557,KK00052,Rakesh Zaveri,8976000052,KK00053,Pravin Bhatkar,9833000053,2025-03-30 16:37:28,89,voice,51,"Ghatkopar Cell Site B, Mumbai Suburban"
KK-CDR-002558,KK00059,Salim More,9820000059,KK00064,Anil Khatib,9820000064,2025-03-31 06:13:39,90,voice,479,"Ghatkopar Cell Site B, Mumbai Suburban"
KK-CDR-002559,KK00173,Rajan Momin,7045000173,KK00201,Javed Shah,9860000201,2025-03-31 07:07:10,90,voice,507,"Uran Cell Site A, Raigad (Uran / JNPT)"
KK-CDR-002560,KK00028,Sameer Kulkarni,9422000028,KK00014,Anil Tandel,8655000014,2025-03-31 12:57:53,90,voice,61,"Palghar Cell Site A, Palghar"
KK-CDR-002561,KK00080,Rajan Desai,9820000080,KK00082,Kishor Gaikwad,8976000082,2025-03-31 16:07:14,90,voice,246,"Kapurbawdi Cell Site B, Thane"
KK-CDR-002562,KK00032,Dattatray Mehta,9860000032,KK00036,Fayyaz Kadam,9422000036,2025-03-31 09:36:05,90,voice,849,"Nhava Sheva Port Cell Site B, Raigad (Uran / JNPT)"
KK-CDR-002563,KK00120,Bhavesh Soni,8976000120,KK00121,Mangesh Doshi,9930000121,2025-03-31 12:22:01,90,voice,611,"Naupada Cell Site A, Thane"
KK-CDR-002564,KK00071,Arif Salvi,9833000071,KK00068,Prakash Koli,9833000068,2025-03-31 11:51:54,90,voice,504,"Vartak Nagar Cell Site A, Thane"
KK-CDR-002565,KK00057,Balkrishna Parekh,8976000057,KK00172,Nilesh Kadam,8976000172,2025-03-31 06:21:08,90,voice,254,"LT Marg Cell Site A, Mumbai City"
KK-CDR-002566,KK00014,Anil Tandel,8655000014,KK00010,Hitesh Desai,7045000010,2025-03-31 08:42:16,90,voice,113,"Nalasopara Cell Site B, Palghar"
KK-CDR-002567,KK00079,Rafiq Soni,8976000079,KK00180,Iqbal Parab,9820000180,2025-03-31 13:24:47,90,voice,732,"Naupada Cell Site A, Thane"
KK-CDR-002568,KK00055,Vilas Shinde,8976000055,KK00179,Dattatray Zaveri,9833000179,2025-03-31 11:51:17,90,voice,820,"LT Marg Cell Site A, Mumbai City"
KK-CDR-002569,KK00036,Fayyaz Kadam,9422000036,KK00019,Arif Gaikwad,9422000019,2025-03-31 10:09:58,90,voice,154,"Vasai Cell Site A, Palghar"
KK-CDR-002570,KK00089,Ganesh Naik,8976000089,KK00070,Hanif Kadam,9323000070,2025-03-31 14:45:09,90,voice,520,"Rabodi Cell Site A, Thane"
KK-CDR-002571,KK00115,Rakesh Patil,9820000115,KK00178,Imtiaz Ansari,9323000178,2025-03-31 13:07:53,90,voice,277,"Kapurbawdi Cell Site A, Thane"
KK-CDR-002572,KK00041,Dnyaneshwar Parab,9930000041,KK00047,Santosh Thakur,9833000047,2025-03-31 08:41:10,90,voice,628,"Sakinaka Cell Site B, Mumbai Suburban"
KK-CDR-002573,KK00049,Santosh Zaveri,9833000049,KK00128,Mahesh Bhosale,9833000128,2025-03-31 07:25:51,90,voice,310,"Bandra Cell Site A, Mumbai Suburban"
KK-CDR-002574,KK00104,Imtiaz Bhosale,9167000104,KK00210,Sameer More,8655000210,2025-03-31 14:55:08,90,voice,718,"Nhava Sheva Port Cell Site B, Raigad (Uran / JNPT)"
KK-CDR-002575,KK00058,Dattatray Patil,9833000058,KK00041,Dnyaneshwar Parab,9930000041,2025-03-31 07:39:18,90,voice,826,"MRA Marg Cell Site A, Mumbai City"
KK-CDR-002576,KK00038,Iqbal Mehta,9820000038,KK00110,Kishor Shah,9820000110,2025-03-31 13:09:17,90,voice,231,"Andheri Cell Site B, Mumbai Suburban"
KK-CDR-002577,KK00010,Hitesh Desai,7045000010,KK00016,Anil Tandel,9167000016,2025-03-31 21:11:03,90,voice,324,"Dapoli Cell Site A, Ratnagiri"
KK-CDR-002578,KK00192,Ashok Parekh,9422000192,KK00124,Sachin Bhosale,8655000124,2025-03-31 06:32:06,90,voice,841,"Harnai Coastal Cell Site B, Ratnagiri"
KK-CDR-002579,KK00199,Sunil Deshmukh,9820000199,KK00113,Fayyaz Chavan,8976000113,2025-03-31 15:55:53,90,voice,230,"Dongri Cell Site A, Mumbai City"
KK-CDR-002580,KK00306,Santosh More,9930000306,KK00416,Paresh Koli,8976000416,2025-03-31 22:47:29,90,voice,493,"Faraskhana Cell Site A, Pune"
KK-CDR-002581,KK00021,Santosh Bhandari,9422000021,KK00028,Sameer Kulkarni,9422000028,2025-03-31 16:56:09,90,voice,646,"Dapoli Cell Site A, Ratnagiri"
KK-CDR-002582,KK00069,Imtiaz Kadam,9323000069,KK00120,Bhavesh Soni,8976000120,2025-03-31 20:38:38,90,voice,601,"Rabodi Cell Site B, Thane"
KK-CDR-002583,KK00214,Vinod Pawar,7045000214,KK00140,Salim Kothari,9167000140,2025-04-01 10:50:39,91,voice,153,"Nhava Sheva Port Cell Site A, Raigad (Uran / JNPT)"
KK-CDR-002584,KK00029,Pravin Koli,7045000029,KK00188,Bhavesh Bhandari,7045000188,2025-04-01 11:46:16,91,voice,653,"Nalasopara Cell Site B, Palghar"
KK-CDR-002585,KK00088,Rajan Sawant,9323000088,KK00070,Hanif Kadam,9323000070,2025-04-01 06:07:31,91,voice,458,"Naupada Cell Site B, Thane"
KK-CDR-002586,KK00033,Shirish Chavan,9422000033,KK00023,Prakash Deshmukh,8655000023,2025-04-01 15:49:47,91,voice,581,"Guhagar Cell Site B, Ratnagiri"
KK-CDR-002587,KK00014,Anil Tandel,8655000014,KK00011,Yogesh Kadam,7045000011,2025-04-01 21:11:27,91,voice,141,"Nalasopara Cell Site B, Palghar"
KK-CDR-002588,KK00053,Pravin Bhatkar,9833000053,KK00040,Rajan Ansari,9930000040,2025-04-01 06:41:10,91,voice,411,"Ghatkopar Cell Site B, Mumbai Suburban"
KK-CDR-002589,KK00008,Vilas Tandel,9860000008,KK00196,Nitin Sayyed,9422000196,2025-04-01 15:22:25,91,voice,370,"Uran Cell Site A, Raigad (Uran / JNPT)"
KK-CDR-002590,KK00120,Bhavesh Soni,8976000120,KK00186,Santosh Kadam,9833000186,2025-04-01 20:28:41,91,voice,578,"Kapurbawdi Cell Site A, Thane"
KK-CDR-002591,KK00022,Dnyaneshwar Salvi,8655000022,KK00160,Dattatray Kothari,9860000160,2025-04-01 17:59:23,91,voice,815,"Guhagar Cell Site B, Ratnagiri"
KK-CDR-002592,KK00172,Nilesh Kadam,8976000172,KK00149,Paresh Khatib,9820000149,2025-04-02 10:18:06,92,voice,146,"MRA Marg Cell Site A, Mumbai City"
KK-CDR-002593,KK00005,Kishor Ansari,8655000005,KK00021,Santosh Bhandari,9422000021,2025-04-02 17:51:04,92,voice,98,"Vasai Cell Site B, Palghar"
KK-CDR-002594,KK00070,Hanif Kadam,9323000070,KK00068,Prakash Koli,9833000068,2025-04-02 12:00:11,92,voice,594,"Wagle Estate Cell Site B, Thane"
KK-CDR-002595,KK00074,Prakash Bhosale,9323000074,KK00084,Vinod Deshmukh,9833000084,2025-04-02 23:17:52,92,voice,851,"Vartak Nagar Cell Site B, Thane"
KK-CDR-002596,KK00185,Balkrishna Kothari,8976000185,KK00131,Hitesh Dalvi,8976000131,2025-04-02 15:58:18,92,voice,247,"Wagle Estate Cell Site A, Thane"
KK-CDR-002597,KK00003,Deepak Pawar,9167000003,KK00021,Santosh Bhandari,9422000021,2025-04-02 14:39:50,92,voice,894,"Guhagar Cell Site A, Ratnagiri"
KK-CDR-002598,KK00085,Prakash Shaikh,9820000085,KK00133,Ravindra Chavan,9833000133,2025-04-02 17:00:14,92,voice,350,"Wagle Estate Cell Site B, Thane"
KK-CDR-002599,KK00047,Santosh Thakur,9833000047,KK00044,Ashok Sayyed,9833000044,2025-04-02 17:31:24,92,voice,152,"Ghatkopar Cell Site A, Mumbai Suburban"
KK-CDR-002600,KK00001,Nilesh Khatib,8655000001,KK00036,Fayyaz Kadam,9422000036,2025-04-02 12:19:36,92,voice,377,"Dapoli Cell Site A, Ratnagiri"
KK-CDR-002601,KK00045,Kishor Sanghvi,9833000045,KK00054,Kishor Sawant,9833000054,2025-04-02 06:17:05,92,voice,326,"Bandra Cell Site B, Mumbai Suburban"
KK-CDR-002602,KK00191,Javed Naik,9323000191,KK00110,Kishor Shah,9820000110,2025-04-02 08:35:08,92,voice,432,"Dongri Cell Site B, Mumbai City"
KK-CDR-002603,KK00115,Rakesh Patil,9820000115,KK00190,Bhavesh Kothari,9323000190,2025-04-02 21:40:36,92,voice,853,"Rabodi Cell Site A, Thane"
KK-CDR-002604,KK00085,Prakash Shaikh,9820000085,KK00087,Rafiq Deshmukh,8976000087,2025-04-02 08:13:59,92,voice,768,"Rabodi Cell Site A, Thane"
KK-CDR-002605,KK00038,Iqbal Mehta,9820000038,KK00058,Dattatray Patil,9833000058,2025-04-02 17:01:08,92,voice,253,"Ghatkopar Cell Site A, Mumbai Suburban"
KK-CDR-002606,KK00085,Prakash Shaikh,9820000085,KK00121,Mangesh Doshi,9930000121,2025-04-02 13:54:13,92,voice,369,"Naupada Cell Site B, Thane"
KK-CDR-002607,KK00086,Arif Bhosale,8976000086,KK00093,Rajan Sanghvi,9820000093,2025-04-02 11:44:05,92,voice,414,"Wagle Estate Cell Site B, Thane"
KK-CDR-002608,KK00044,Ashok Sayyed,9833000044,KK00126,Mangesh Thakur,9833000126,2025-04-02 07:36:48,92,voice,526,"VP Road Cell Site B, Mumbai City"
KK-CDR-002609,KK00038,Iqbal Mehta,9820000038,KK00037,Ganesh Deshmukh,9323000037,2025-04-02 11:15:12,92,voice,579,"Kurla Cell Site A, Mumbai Suburban"
KK-CDR-002610,KK00083,Sachin Naik,9930000083,KK00084,Vinod Deshmukh,9833000084,2025-04-02 08:03:39,92,voice,420,"Wagle Estate Cell Site B, Thane"
KK-CDR-002611,KK00070,Hanif Kadam,9323000070,KK00086,Arif Bhosale,8976000086,2025-04-02 23:07:28,92,voice,116,"Rabodi Cell Site B, Thane"
KK-CDR-002612,KK00089,Ganesh Naik,8976000089,KK00073,Mangesh Naik,9323000073,2025-04-02 15:31:48,92,voice,484,"Kapurbawdi Cell Site A, Thane"
KK-CDR-002613,KK00035,Balkrishna Shaikh,9167000035,KK00025,Deepak Zaveri,8655000025,2025-04-02 21:21:35,92,voice,651,"Nalasopara Cell Site B, Palghar"
KK-CDR-002614,KK00128,Mahesh Bhosale,9833000128,KK00202,Rajan Bhosale,9820000202,2025-04-02 18:11:12,92,voice,785,"Dongri Cell Site A, Mumbai City"
KK-CDR-002615,KK00018,Suhas Sanghvi,9167000018,KK00012,Bhavesh Parekh,9860000012,2025-04-02 20:14:55,92,voice,39,"Dapoli Cell Site A, Ratnagiri"
KK-CDR-002616,KK00095,Umesh Shaikh,9930000095,KK00020,Vilas Sawant,9167000020,2025-04-02 13:19:52,92,voice,118,"APMC Cell Site B, Navi Mumbai"
KK-CDR-002617,KK00095,Umesh Shaikh,9930000095,KK00019,Arif Gaikwad,9422000019,2025-04-02 21:08:11,92,voice,242,"APMC Cell Site B, Navi Mumbai"
KK-CDR-002618,KK00078,Shirish Salvi,9833000078,KK00082,Kishor Gaikwad,8976000082,2025-04-03 18:21:27,93,voice,737,"Vartak Nagar Cell Site A, Thane"
KK-CDR-002619,KK00035,Balkrishna Shaikh,9167000035,KK00125,Mahesh Desai,9422000125,2025-04-03 17:34:20,93,voice,543,"Palghar Cell Site A, Palghar"
KK-CDR-002620,KK00082,Kishor Gaikwad,8976000082,KK00092,Suhas Parekh,9930000092,2025-04-03 14:20:43,93,voice,169,"Wagle Estate Cell Site B, Thane"
KK-CDR-002621,KK00107,Yogesh Bhosale,9820000107,KK00206,Rakesh Shah,9323000206,2025-04-03 14:31:53,93,voice,55,"Dongri Cell Site A, Mumbai City"
KK-CDR-002622,KK00020,Vilas Sawant,9167000020,KK00010,Hitesh Desai,7045000010,2025-04-03 22:58:43,93,voice,420,"Palghar Cell Site B, Palghar"
KK-CDR-002623,KK00024,Nilesh Parekh,9422000024,KK00032,Dattatray Mehta,9860000032,2025-04-03 14:36:33,93,voice,304,"Nhava Sheva Port Cell Site B, Raigad (Uran / JNPT)"
KK-CDR-002624,KK00013,Kishor Koli,7045000013,KK00014,Anil Tandel,8655000014,2025-04-03 11:42:48,93,voice,352,"Satpati Coastal Cell Site A, Palghar"
KK-CDR-002625,KK00059,Salim More,9820000059,KK00053,Pravin Bhatkar,9833000053,2025-04-03 14:05:30,93,voice,539,"Ghatkopar Cell Site B, Mumbai Suburban"
KK-CDR-002626,KK00086,Arif Bhosale,8976000086,KK00081,Deepak Kadam,9833000081,2025-04-03 12:36:37,93,voice,395,"Kapurbawdi Cell Site A, Thane"
KK-CDR-002627,KK00092,Suhas Parekh,9930000092,KK00085,Prakash Shaikh,9820000085,2025-04-03 08:37:15,93,voice,820,"Vartak Nagar Cell Site B, Thane"
KK-CDR-002628,KK00006,Salim Parab,8655000006,KK00003,Deepak Pawar,9167000003,2025-04-03 09:14:35,93,voice,815,"Guhagar Cell Site B, Ratnagiri"
KK-CDR-002629,KK00065,Dnyaneshwar Bhandari,8976000065,KK00048,Sameer Doshi,9323000048,2025-04-03 06:53:53,93,voice,710,"Sakinaka Cell Site A, Mumbai Suburban"
KK-CDR-002630,KK00357,Prakash Surve,9820000357,KK00316,Vinod Ansari,9930000316,2025-04-03 20:28:43,93,voice,464,"Faraskhana Cell Site A, Pune"
KK-CDR-002631,KK00012,Bhavesh Parekh,9860000012,KK00032,Dattatray Mehta,9860000032,2025-04-03 16:16:31,93,voice,784,"Nhava Sheva Port Cell Site B, Raigad (Uran / JNPT)"
KK-CDR-002632,KK00040,Rajan Ansari,9930000040,KK00057,Balkrishna Parekh,8976000057,2025-04-03 07:36:10,93,voice,776,"Dongri Cell Site B, Mumbai City"
KK-CDR-002633,KK00056,Mahesh Bhandari,9833000056,KK00045,Kishor Sanghvi,9833000045,2025-04-03 08:30:19,93,voice,660,"Kurla Cell Site B, Mumbai Suburban"
KK-CDR-002634,KK00154,Hanif Thakur,7045000154,KK00192,Ashok Parekh,9422000192,2025-04-03 23:22:26,93,voice,882,"Dapoli Cell Site B, Ratnagiri"
KK-CDR-002635,KK00086,Arif Bhosale,8976000086,KK00090,Arif Mhatre,9930000090,2025-04-03 21:23:02,93,voice,157,"Rabodi Cell Site A, Thane"
KK-CDR-002636,KK00078,Shirish Salvi,9833000078,KK00203,Hanif Koli,8976000203,2025-04-03 12:41:02,93,voice,189,"Vartak Nagar Cell Site B, Thane"
KK-CDR-002637,KK00064,Anil Khatib,9820000064,KK00044,Ashok Sayyed,9833000044,2025-04-03 16:33:30,93,voice,272,"VP Road Cell Site A, Mumbai City"
KK-CDR-002638,KK00016,Anil Tandel,9167000016,KK00009,Dattatray Soni,9860000009,2025-04-03 07:38:25,93,voice,674,"Guhagar Cell Site B, Ratnagiri"
KK-CDR-002639,KK00069,Imtiaz Kadam,9323000069,KK00083,Sachin Naik,9930000083,2025-04-03 23:24:13,93,voice,116,"Rabodi Cell Site B, Thane"
KK-CDR-002640,KK00076,Jitendra Shaikh,9833000076,KK00089,Ganesh Naik,8976000089,2025-04-03 13:35:26,93,voice,97,"Rabodi Cell Site A, Thane"
KK-CDR-002641,KK00051,Pravin Kadam,8976000051,KK00055,Vilas Shinde,8976000055,2025-04-03 20:53:46,93,voice,162,"MRA Marg Cell Site B, Mumbai City"
KK-CDR-002642,KK00023,Prakash Deshmukh,8655000023,KK00032,Dattatray Mehta,9860000032,2025-04-03 17:34:13,93,voice,215,"Dapoli Cell Site A, Ratnagiri"
KK-CDR-002643,KK00034,Rakesh Doshi,9860000034,KK00025,Deepak Zaveri,8655000025,2025-04-03 19:24:21,93,voice,252,"Khopoli Cell Site A, Raigad (Uran / JNPT)"
KK-CDR-002644,KK00084,Vinod Deshmukh,9833000084,KK00183,Paresh Thakur,9930000183,2025-04-03 22:45:56,93,voice,801,"Vartak Nagar Cell Site A, Thane"
KK-CDR-002645,KK00078,Shirish Salvi,9833000078,KK00073,Mangesh Naik,9323000073,2025-04-04 14:28:36,94,voice,796,"Vartak Nagar Cell Site A, Thane"
KK-CDR-002646,KK00009,Dattatray Soni,9860000009,KK00008,Vilas Tandel,9860000008,2025-04-04 09:34:39,94,voice,685,"Khopoli Cell Site B, Raigad (Uran / JNPT)"
KK-CDR-002647,KK00082,Kishor Gaikwad,8976000082,KK00089,Ganesh Naik,8976000089,2025-04-04 23:12:34,94,voice,124,"Vartak Nagar Cell Site A, Thane"
KK-CDR-002648,KK00076,Jitendra Shaikh,9833000076,KK00078,Shirish Salvi,9833000078,2025-04-04 13:36:42,94,voice,854,"Vartak Nagar Cell Site A, Thane"
KK-CDR-002649,KK00053,Pravin Bhatkar,9833000053,KK00057,Balkrishna Parekh,8976000057,2025-04-04 14:13:12,94,voice,577,"Ghatkopar Cell Site B, Mumbai Suburban"
KK-CDR-002650,KK00012,Bhavesh Parekh,9860000012,KK00036,Fayyaz Kadam,9422000036,2025-04-04 18:17:39,94,voice,623,"Uran Cell Site B, Raigad (Uran / JNPT)"
KK-CDR-002651,KK00064,Anil Khatib,9820000064,KK00128,Mahesh Bhosale,9833000128,2025-04-04 18:43:00,94,voice,239,"LT Marg Cell Site A, Mumbai City"
KK-CDR-002652,KK00035,Balkrishna Shaikh,9167000035,KK00004,Kishor Pawar,9167000004,2025-04-04 16:35:53,94,voice,178,"Satpati Coastal Cell Site A, Palghar"
KK-CDR-002653,KK00056,Mahesh Bhandari,9833000056,KK00136,Mangesh Shaikh,9930000136,2025-04-04 23:55:45,94,voice,527,"Sakinaka Cell Site A, Mumbai Suburban"
KK-CDR-002654,KK00057,Balkrishna Parekh,8976000057,KK00041,Dnyaneshwar Parab,9930000041,2025-04-04 14:50:38,94,voice,564,"Dongri Cell Site A, Mumbai City"
KK-CDR-002655,KK00039,Ravindra Bhosale,9323000039,KK00038,Iqbal Mehta,9820000038,2025-04-04 07:10:58,94,voice,736,"MRA Marg Cell Site A, Mumbai City"
KK-CDR-002656,KK00144,Anil Shinde,9323000144,KK00147,Suhas Shinde,9833000147,2025-04-04 09:22:47,94,voice,441,"Vartak Nagar Cell Site A, Thane"
KK-CDR-002657,KK00066,Hanif Chavan,9833000066,KK00065,Dnyaneshwar Bhandari,8976000065,2025-04-04 15:38:13,94,voice,638,"VP Road Cell Site A, Mumbai City"
KK-CDR-002658,KK00294,Hitesh Surve,9833000294,KK00255,Anil Koli,8976000255,2025-04-04 15:47:47,94,voice,410,"Bund Garden Cell Site B, Pune"
KK-CDR-002659,KK00040,Rajan Ansari,9930000040,KK00052,Rakesh Zaveri,8976000052,2025-04-04 13:56:37,94,voice,235,"VP Road Cell Site B, Mumbai City"
KK-CDR-002660,KK00011,Yogesh Kadam,7045000011,KK00001,Nilesh Khatib,8655000001,2025-04-04 08:33:36,94,voice,235,"Uran Cell Site B, Raigad (Uran / JNPT)"
KK-CDR-002661,KK00182,Dnyaneshwar Shinde,9422000182,KK00210,Sameer More,8655000210,2025-04-04 07:34:52,94,voice,375,"Nalasopara Cell Site A, Palghar"
KK-CDR-002662,KK00006,Salim Parab,8655000006,KK00029,Pravin Koli,7045000029,2025-04-04 12:15:35,94,voice,64,"Dapoli Cell Site A, Ratnagiri"
KK-CDR-002663,KK00095,Umesh Shaikh,9930000095,KK00018,Suhas Sanghvi,9167000018,2025-04-04 23:17:27,94,voice,189,"Vashi Cell Site B, Navi Mumbai"
KK-CDR-002664,KK00095,Umesh Shaikh,9930000095,KK00085,Prakash Shaikh,9820000085,2025-04-04 23:33:55,94,voice,209,"CBD Belapur Cell Site B, Navi Mumbai"
KK-CDR-002665,KK00047,Santosh Thakur,9833000047,KK00100,Suhas Mehta,9323000100,2025-04-05 06:01:00,95,voice,459,"Bandra Cell Site A, Mumbai Suburban"
KK-CDR-002666,KK00047,Santosh Thakur,9833000047,KK00043,Vinod Mehta,9323000043,2025-04-05 22:37:21,95,voice,481,"Kurla Cell Site B, Mumbai Suburban"
KK-CDR-002667,KK00093,Rajan Sanghvi,9820000093,KK00090,Arif Mhatre,9930000090,2025-04-05 22:20:53,95,voice,336,"Wagle Estate Cell Site B, Thane"
KK-CDR-002668,KK00081,Deepak Kadam,9833000081,KK00087,Rafiq Deshmukh,8976000087,2025-04-05 22:54:20,95,voice,704,"Vartak Nagar Cell Site A, Thane"
KK-CDR-002669,KK00019,Arif Gaikwad,9422000019,KK00020,Vilas Sawant,9167000020,2025-04-05 20:21:54,95,voice,225,"Satpati Coastal Cell Site A, Palghar"
KK-CDR-002670,KK00204,Vilas Desai,9820000204,KK00208,Rafiq Momin,9930000208,2025-04-05 11:08:29,95,voice,62,"Bandra Cell Site B, Mumbai Suburban"
KK-CDR-002671,KK00044,Ashok Sayyed,9833000044,KK00172,Nilesh Kadam,8976000172,2025-04-05 18:33:40,95,voice,468,"MRA Marg Cell Site B, Mumbai City"
KK-CDR-002672,KK00058,Dattatray Patil,9833000058,KK00128,Mahesh Bhosale,9833000128,2025-04-05 07:54:56,95,voice,887,"MRA Marg Cell Site A, Mumbai City"
KK-CDR-002673,KK00163,Paresh Patil,9167000163,KK00122,Salim Kulkarni,8655000122,2025-04-05 06:33:22,95,voice,829,"Nalasopara Cell Site B, Palghar"
KK-CDR-002674,KK00067,Shirish Pawar,8976000067,KK00076,Jitendra Shaikh,9833000076,2025-04-05 16:20:36,95,voice,543,"Wagle Estate Cell Site B, Thane"
KK-CDR-002675,KK00119,Prakash Doshi,9323000119,KK00178,Imtiaz Ansari,9323000178,2025-04-05 17:44:39,95,voice,882,"Wagle Estate Cell Site A, Thane"
KK-CDR-002676,KK00089,Ganesh Naik,8976000089,KK00082,Kishor Gaikwad,8976000082,2025-04-05 22:25:32,95,voice,477,"Naupada Cell Site A, Thane"
KK-CDR-002677,KK00203,Hanif Koli,8976000203,KK00117,Ganesh Bhosale,8976000117,2025-04-05 23:34:16,95,voice,782,"Rabodi Cell Site A, Thane"
KK-CDR-002678,KK00108,Hitesh Bhandari,9930000108,KK00213,Ravindra Zaveri,9820000213,2025-04-05 15:28:41,95,voice,249,"Vartak Nagar Cell Site B, Thane"
KK-CDR-002679,KK00079,Rafiq Soni,8976000079,KK00067,Shirish Pawar,8976000067,2025-04-05 10:01:52,95,voice,231,"Vartak Nagar Cell Site A, Thane"
KK-CDR-002680,KK00072,Yogesh Momin,9833000072,KK00087,Rafiq Deshmukh,8976000087,2025-04-05 14:53:33,95,voice,26,"Vartak Nagar Cell Site B, Thane"
KK-CDR-002681,KK00022,Dnyaneshwar Salvi,8655000022,KK00127,Ganesh Kadam,7045000127,2025-04-05 13:45:19,95,voice,366,"Dapoli Cell Site A, Ratnagiri"
KK-CDR-002682,KK00063,Sameer Koli,9323000063,KK00051,Pravin Kadam,8976000051,2025-04-05 16:58:10,95,voice,84,"MRA Marg Cell Site A, Mumbai City"
KK-CDR-002683,KK00237,Dattatray Ansari,9833000237,KK00318,Paresh Doshi,9833000318,2025-04-05 13:23:24,95,voice,361,"Andheri Cell Site A, Mumbai Suburban"
KK-CDR-002684,KK00042,Shabbir Jadhav,9930000042,KK00063,Sameer Koli,9323000063,2025-04-05 19:33:34,95,voice,182,"Sakinaka Cell Site B, Mumbai Suburban"
KK-CDR-002685,KK00004,Kishor Pawar,9167000004,KK00032,Dattatray Mehta,9860000032,2025-04-05 22:37:59,95,voice,49,"Nhava Sheva Port Cell Site B, Raigad (Uran / JNPT)"
KK-CDR-002686,KK00058,Dattatray Patil,9833000058,KK00060,Mangesh Tandel,9820000060,2025-04-05 18:24:05,95,voice,633,"MRA Marg Cell Site A, Mumbai City"
KK-CDR-002687,KK00031,Anil Chavan,8655000031,KK00001,Nilesh Khatib,8655000001,2025-04-05 07:05:28,95,voice,703,"Dapoli Cell Site B, Ratnagiri"
KK-CDR-002688,KK00056,Mahesh Bhandari,9833000056,KK00051,Pravin Kadam,8976000051,2025-04-06 13:57:57,96,voice,664,"Bandra Cell Site A, Mumbai Suburban"
KK-CDR-002689,KK00033,Shirish Chavan,9422000033,KK00005,Kishor Ansari,8655000005,2025-04-06 16:43:42,96,voice,24,"Guhagar Cell Site A, Ratnagiri"
KK-CDR-002690,KK00070,Hanif Kadam,9323000070,KK00189,Dattatray Jadhav,9833000189,2025-04-06 19:57:46,96,voice,586,"Wagle Estate Cell Site B, Thane"
KK-CDR-002691,KK00014,Anil Tandel,8655000014,KK00016,Anil Tandel,9167000016,2025-04-06 07:57:29,96,voice,445,"Palghar Cell Site A, Palghar"
KK-CDR-002692,KK00056,Mahesh Bhandari,9833000056,KK00156,Shabbir Naik,9930000156,2025-04-06 15:14:08,96,voice,64,"Ghatkopar Cell Site A, Mumbai Suburban"
KK-CDR-002693,KK00225,Yogesh Bhatkar,9323000225,KK00374,Shabbir Dalvi,9833000374,2025-04-06 07:57:40,96,voice,405,"Faraskhana Cell Site B, Pune"
KK-CDR-002694,KK00088,Rajan Sawant,9323000088,KK00071,Arif Salvi,9833000071,2025-04-06 15:02:51,96,voice,563,"Wagle Estate Cell Site A, Thane"
KK-CDR-002695,KK00041,Dnyaneshwar Parab,9930000041,KK00058,Dattatray Patil,9833000058,2025-04-06 10:11:30,96,voice,475,"Bandra Cell Site B, Mumbai Suburban"
KK-CDR-002696,KK00009,Dattatray Soni,9860000009,KK00163,Paresh Patil,9167000163,2025-04-06 20:34:05,96,voice,443,"Khopoli Cell Site B, Raigad (Uran / JNPT)"
KK-CDR-002697,KK00051,Pravin Kadam,8976000051,KK00037,Ganesh Deshmukh,9323000037,2025-04-06 06:33:57,96,voice,530,"VP Road Cell Site A, Mumbai City"
KK-CDR-002698,KK00043,Vinod Mehta,9323000043,KK00060,Mangesh Tandel,9820000060,2025-04-06 20:12:42,96,voice,864,"Andheri Cell Site B, Mumbai Suburban"
KK-CDR-002699,KK00003,Deepak Pawar,9167000003,KK00005,Kishor Ansari,8655000005,2025-04-06 21:38:56,96,voice,50,"Dapoli Cell Site B, Ratnagiri"
KK-CDR-002700,KK00035,Balkrishna Shaikh,9167000035,KK00022,Dnyaneshwar Salvi,8655000022,2025-04-06 11:51:53,96,voice,366,"Palghar Cell Site B, Palghar"
KK-CDR-002701,KK00056,Mahesh Bhandari,9833000056,KK00038,Iqbal Mehta,9820000038,2025-04-06 13:55:06,96,voice,138,"Andheri Cell Site B, Mumbai Suburban"
KK-CDR-002702,KK00068,Prakash Koli,9833000068,KK00153,Pravin Shaikh,8976000153,2025-04-06 11:01:51,96,voice,549,"Naupada Cell Site B, Thane"
KK-CDR-002703,KK00128,Mahesh Bhosale,9833000128,KK00100,Suhas Mehta,9323000100,2025-04-06 22:56:34,96,voice,450,"Pydhonie Cell Site B, Mumbai City"
KK-CDR-002704,KK00055,Vilas Shinde,8976000055,KK00038,Iqbal Mehta,9820000038,2025-04-06 10:36:48,96,voice,825,"LT Marg Cell Site B, Mumbai City"
KK-CDR-002705,KK00051,Pravin Kadam,8976000051,KK00055,Vilas Shinde,8976000055,2025-04-06 11:44:50,96,voice,70,"LT Marg Cell Site A, Mumbai City"
KK-CDR-002706,KK00095,Umesh Shaikh,9930000095,KK00088,Rajan Sawant,9323000088,2025-04-06 08:19:30,96,voice,125,"APMC Cell Site A, Navi Mumbai"
KK-CDR-002707,KK00090,Arif Mhatre,9930000090,KK00143,Shabbir Surve,9930000143,2025-04-07 17:26:53,97,voice,265,"Wagle Estate Cell Site A, Thane"
KK-CDR-002708,KK00069,Imtiaz Kadam,9323000069,KK00132,Vilas Kulkarni,9930000132,2025-04-07 13:47:23,97,voice,555,"Wagle Estate Cell Site A, Thane"
KK-CDR-002709,KK00071,Arif Salvi,9833000071,KK00076,Jitendra Shaikh,9833000076,2025-04-07 12:11:15,97,voice,374,"Vartak Nagar Cell Site B, Thane"
KK-CDR-002710,KK00023,Prakash Deshmukh,8655000023,KK00027,Hanif Shinde,9422000027,2025-04-07 17:54:24,97,voice,762,"Ratnagiri City Cell Site B, Ratnagiri"
KK-CDR-002711,KK00046,Shabbir Shaikh,9820000046,KK00051,Pravin Kadam,8976000051,2025-04-07 06:54:55,97,voice,331,"Pydhonie Cell Site A, Mumbai City"
KK-CDR-002712,KK00006,Salim Parab,8655000006,KK00017,Anil Tandel,7045000017,2025-04-07 09:19:51,97,voice,233,"Guhagar Cell Site B, Ratnagiri"
KK-CDR-002713,KK00053,Pravin Bhatkar,9833000053,KK00044,Ashok Sayyed,9833000044,2025-04-07 21:12:51,97,voice,563,"Andheri Cell Site A, Mumbai Suburban"
KK-CDR-002714,KK00012,Bhavesh Parekh,9860000012,KK00010,Hitesh Desai,7045000010,2025-04-07 23:08:32,97,voice,214,"Nhava Sheva Port Cell Site A, Raigad (Uran / JNPT)"
KK-CDR-002715,KK00021,Santosh Bhandari,9422000021,KK00025,Deepak Zaveri,8655000025,2025-04-07 15:43:19,97,voice,181,"Ratnagiri City Cell Site B, Ratnagiri"
KK-CDR-002716,KK00046,Shabbir Shaikh,9820000046,KK00052,Rakesh Zaveri,8976000052,2025-04-07 19:40:35,97,voice,786,"Dongri Cell Site B, Mumbai City"
KK-CDR-002717,KK00019,Arif Gaikwad,9422000019,KK00193,Dnyaneshwar Bhosale,9167000193,2025-04-07 21:08:52,97,voice,867,"Vasai Cell Site A, Palghar"
KK-CDR-002718,KK00199,Sunil Deshmukh,9820000199,KK00168,Rajan Gaikwad,9323000168,2025-04-07 07:31:38,97,voice,371,"VP Road Cell Site B, Mumbai City"
KK-CDR-002719,KK00048,Sameer Doshi,9323000048,KK00058,Dattatray Patil,9833000058,2025-04-07 10:40:37,97,voice,378,"Dongri Cell Site B, Mumbai City"
KK-CDR-002720,KK00024,Nilesh Parekh,9422000024,KK00031,Anil Chavan,8655000031,2025-04-07 06:01:56,97,voice,542,"Nhava Sheva Port Cell Site B, Raigad (Uran / JNPT)"
KK-CDR-002721,KK00049,Santosh Zaveri,9833000049,KK00039,Ravindra Bhosale,9323000039,2025-04-07 16:30:04,97,voice,294,"Ghatkopar Cell Site B, Mumbai Suburban"
KK-CDR-002722,KK00084,Vinod Deshmukh,9833000084,KK00088,Rajan Sawant,9323000088,2025-04-07 20:55:15,97,voice,685,"Rabodi Cell Site B, Thane"
KK-CDR-002723,KK00043,Vinod Mehta,9323000043,KK00044,Ashok Sayyed,9833000044,2025-04-07 13:39:23,97,voice,178,"Bandra Cell Site B, Mumbai Suburban"
KK-CDR-002724,KK00047,Santosh Thakur,9833000047,KK00059,Salim More,9820000059,2025-04-07 20:33:39,97,voice,516,"Bandra Cell Site A, Mumbai Suburban"
KK-CDR-002725,KK00123,Nitin Shaikh,8976000123,KK00162,Hanif Deshmukh,9323000162,2025-04-07 17:48:25,97,voice,756,"VP Road Cell Site B, Mumbai City"
KK-CDR-002726,KK00075,Rafiq Pawar,8976000075,KK00213,Ravindra Zaveri,9820000213,2025-04-07 11:57:27,97,voice,312,"Kapurbawdi Cell Site B, Thane"
KK-CDR-002727,KK00055,Vilas Shinde,8976000055,KK00169,Sunil Parab,9323000169,2025-04-07 14:31:32,97,voice,212,"Dongri Cell Site B, Mumbai City"
KK-CDR-002728,KK00046,Shabbir Shaikh,9820000046,KK00063,Sameer Koli,9323000063,2025-04-07 14:22:35,97,voice,201,"VP Road Cell Site B, Mumbai City"
KK-CDR-002729,KK00062,Paresh Parekh,9820000062,KK00045,Kishor Sanghvi,9833000045,2025-04-07 21:30:14,97,voice,239,"Bandra Cell Site B, Mumbai Suburban"
KK-CDR-002730,KK00255,Anil Koli,8976000255,KK00307,Iqbal Shinde,9323000307,2025-04-07 21:50:46,97,voice,454,"Bund Garden Cell Site A, Pune"
KK-CDR-002731,KK00004,Kishor Pawar,9167000004,KK00167,Sameer Parekh,9167000167,2025-04-08 14:11:14,98,voice,192,"Khopoli Cell Site B, Raigad (Uran / JNPT)"
KK-CDR-002732,KK00013,Kishor Koli,7045000013,KK00008,Vilas Tandel,9860000008,2025-04-08 15:20:42,98,voice,519,"Palghar Cell Site B, Palghar"
KK-CDR-002733,KK00066,Hanif Chavan,9833000066,KK00159,Hitesh Sayyed,8976000159,2025-04-08 14:14:17,98,voice,194,"Pydhonie Cell Site A, Mumbai City"
KK-CDR-002734,KK00067,Shirish Pawar,8976000067,KK00121,Mangesh Doshi,9930000121,2025-04-08 16:26:25,98,voice,585,"Vartak Nagar Cell Site B, Thane"
KK-CDR-002735,KK00088,Rajan Sawant,9323000088,KK00076,Jitendra Shaikh,9833000076,2025-04-08 10:55:00,98,voice,392,"Vartak Nagar Cell Site A, Thane"
KK-CDR-002736,KK00060,Mangesh Tandel,9820000060,KK00054,Kishor Sawant,9833000054,2025-04-08 12:41:04,98,voice,463,"Kurla Cell Site B, Mumbai Suburban"
KK-CDR-002737,KK00037,Ganesh Deshmukh,9323000037,KK00065,Dnyaneshwar Bhandari,8976000065,2025-04-08 09:46:53,98,voice,418,"Bandra Cell Site B, Mumbai Suburban"
KK-CDR-002738,KK00055,Vilas Shinde,8976000055,KK00049,Santosh Zaveri,9833000049,2025-04-08 14:34:12,98,voice,34,"Dongri Cell Site B, Mumbai City"
KK-CDR-002739,KK00029,Pravin Koli,7045000029,KK00152,Sachin Zaveri,9860000152,2025-04-08 14:10:51,98,voice,136,"Nalasopara Cell Site A, Palghar"
KK-CDR-002740,KK00064,Anil Khatib,9820000064,KK00050,Shirish Patil,9833000050,2025-04-08 17:54:09,98,voice,207,"LT Marg Cell Site B, Mumbai City"
KK-CDR-002741,KK00114,Dnyaneshwar Bhatkar,9167000114,KK00205,Mangesh Koli,7045000205,2025-04-08 16:36:21,98,voice,341,"Uran Cell Site B, Raigad (Uran / JNPT)"
KK-CDR-002742,KK00089,Ganesh Naik,8976000089,KK00077,Anil Thakur,9833000077,2025-04-08 17:28:25,98,voice,84,"Naupada Cell Site A, Thane"
KK-CDR-002743,KK00046,Shabbir Shaikh,9820000046,KK00056,Mahesh Bhandari,9833000056,2025-04-08 22:03:55,98,voice,761,"Dongri Cell Site A, Mumbai City"
KK-CDR-002744,KK00158,Balkrishna Naik,9323000158,KK00133,Ravindra Chavan,9833000133,2025-04-08 11:31:35,98,voice,37,"Rabodi Cell Site B, Thane"
KK-CDR-002745,KK00125,Mahesh Desai,9422000125,KK00138,Vinod Desai,8655000138,2025-04-08 13:33:52,98,voice,408,"Satpati Coastal Cell Site A, Palghar"
KK-CDR-002746,KK00052,Rakesh Zaveri,8976000052,KK00057,Balkrishna Parekh,8976000057,2025-04-08 21:16:15,98,voice,791,"Ghatkopar Cell Site A, Mumbai Suburban"
KK-CDR-002747,KK00081,Deepak Kadam,9833000081,KK00085,Prakash Shaikh,9820000085,2025-04-08 07:40:59,98,voice,693,"Naupada Cell Site A, Thane"
KK-CDR-002748,KK00299,Iqbal Gaikwad,8976000299,KK00371,Imtiaz Kothari,9930000371,2025-04-09 10:45:14,99,voice,96,"Bandra Cell Site B, Mumbai Suburban"
KK-CDR-002749,KK00007,Santosh Sanghvi,9167000007,KK00025,Deepak Zaveri,8655000025,2025-04-09 19:55:34,99,voice,844,"Dapoli Cell Site A, Ratnagiri"
KK-CDR-002750,KK00073,Mangesh Naik,9323000073,KK00076,Jitendra Shaikh,9833000076,2025-04-09 19:20:37,99,voice,483,"Kapurbawdi Cell Site A, Thane"
KK-CDR-002751,KK00041,Dnyaneshwar Parab,9930000041,KK00174,Hitesh Sanghvi,9820000174,2025-04-09 09:23:52,99,voice,790,"Andheri Cell Site B, Mumbai Suburban"
KK-CDR-002752,KK00013,Kishor Koli,7045000013,KK00196,Nitin Sayyed,9422000196,2025-04-09 19:31:01,99,voice,425,"Nalasopara Cell Site A, Palghar"
KK-CDR-002753,KK00080,Rajan Desai,9820000080,KK00067,Shirish Pawar,8976000067,2025-04-09 12:36:55,99,voice,303,"Vartak Nagar Cell Site A, Thane"
KK-CDR-002754,KK00074,Prakash Bhosale,9323000074,KK00069,Imtiaz Kadam,9323000069,2025-04-09 10:57:22,99,voice,756,"Wagle Estate Cell Site A, Thane"
KK-CDR-002755,KK00087,Rafiq Deshmukh,8976000087,KK00083,Sachin Naik,9930000083,2025-04-09 10:06:24,99,voice,886,"Kapurbawdi Cell Site B, Thane"
KK-CDR-002756,KK00050,Shirish Patil,9833000050,KK00061,Sameer Soni,9820000061,2025-04-09 12:40:12,99,voice,94,"Pydhonie Cell Site A, Mumbai City"
KK-CDR-002757,KK00023,Prakash Deshmukh,8655000023,KK00017,Anil Tandel,7045000017,2025-04-09 13:28:30,99,voice,186,"Dapoli Cell Site A, Ratnagiri"
KK-CDR-002758,KK00061,Sameer Soni,9820000061,KK00048,Sameer Doshi,9323000048,2025-04-09 13:00:48,99,voice,41,"LT Marg Cell Site B, Mumbai City"
KK-CDR-002759,KK00010,Hitesh Desai,7045000010,KK00182,Dnyaneshwar Shinde,9422000182,2025-04-09 06:04:41,99,voice,256,"Dapoli Cell Site B, Ratnagiri"
KK-CDR-002760,KK00037,Ganesh Deshmukh,9323000037,KK00050,Shirish Patil,9833000050,2025-04-09 12:51:43,99,voice,475,"Sakinaka Cell Site A, Mumbai Suburban"
KK-CDR-002761,KK00092,Suhas Parekh,9930000092,KK00073,Mangesh Naik,9323000073,2025-04-09 23:59:16,99,voice,106,"Vartak Nagar Cell Site B, Thane"
KK-CDR-002762,KK00032,Dattatray Mehta,9860000032,KK00003,Deepak Pawar,9167000003,2025-04-09 11:41:52,99,voice,616,"Uran Cell Site B, Raigad (Uran / JNPT)"
KK-CDR-002763,KK00051,Pravin Kadam,8976000051,KK00041,Dnyaneshwar Parab,9930000041,2025-04-09 13:57:44,99,voice,562,"Dongri Cell Site B, Mumbai City"
KK-CDR-002764,KK00066,Hanif Chavan,9833000066,KK00056,Mahesh Bhandari,9833000056,2025-04-09 14:28:01,99,voice,616,"Pydhonie Cell Site B, Mumbai City"
KK-CDR-002765,KK00016,Anil Tandel,9167000016,KK00024,Nilesh Parekh,9422000024,2025-04-09 17:48:20,99,voice,342,"Dapoli Cell Site B, Ratnagiri"
KK-CDR-002766,KK00023,Prakash Deshmukh,8655000023,KK00035,Balkrishna Shaikh,9167000035,2025-04-09 17:55:25,99,voice,482,"Guhagar Cell Site A, Ratnagiri"
KK-CDR-002767,KK00018,Suhas Sanghvi,9167000018,KK00140,Salim Kothari,9167000140,2025-04-09 10:42:05,99,voice,595,"Harnai Coastal Cell Site B, Ratnagiri"
KK-CDR-002768,KK00083,Sachin Naik,9930000083,KK00068,Prakash Koli,9833000068,2025-04-09 18:48:26,99,voice,250,"Wagle Estate Cell Site A, Thane"
KK-CDR-002769,KK00094,Iqbal Patil,9833000094,KK00195,Pravin Kothari,9820000195,2025-04-10 07:35:59,100,voice,24,"Wagle Estate Cell Site B, Thane"
KK-CDR-002770,KK00077,Anil Thakur,9833000077,KK00074,Prakash Bhosale,9323000074,2025-04-10 11:35:16,100,voice,820,"Rabodi Cell Site A, Thane"
KK-CDR-002771,KK00166,Hitesh Shah,9833000166,KK00213,Ravindra Zaveri,9820000213,2025-04-10 21:36:19,100,voice,230,"Rabodi Cell Site A, Thane"
KK-CDR-002772,KK00060,Mangesh Tandel,9820000060,KK00041,Dnyaneshwar Parab,9930000041,2025-04-10 14:09:39,100,voice,102,"Sakinaka Cell Site B, Mumbai Suburban"
KK-CDR-002773,KK00311,Vinod Sayyed,9820000311,KK00398,Imtiaz Salvi,9323000398,2025-04-10 13:25:20,100,voice,872,"Kurla Cell Site B, Mumbai Suburban"
KK-CDR-002774,KK00122,Salim Kulkarni,8655000122,KK00135,Deepak Sanghvi,7045000135,2025-04-10 08:55:36,100,voice,367,"Satpati Coastal Cell Site A, Palghar"
KK-CDR-002775,KK00090,Arif Mhatre,9930000090,KK00086,Arif Bhosale,8976000086,2025-04-10 06:36:32,100,voice,684,"Wagle Estate Cell Site B, Thane"
KK-CDR-002776,KK00077,Anil Thakur,9833000077,KK00083,Sachin Naik,9930000083,2025-04-10 17:12:20,100,voice,39,"Vartak Nagar Cell Site A, Thane"
KK-CDR-002777,KK00091,Ashok More,9833000091,KK00088,Rajan Sawant,9323000088,2025-04-10 15:48:40,100,voice,423,"Rabodi Cell Site A, Thane"
KK-CDR-002778,KK00059,Salim More,9820000059,KK00046,Shabbir Shaikh,9820000046,2025-04-10 20:09:48,100,voice,74,"Bandra Cell Site A, Mumbai Suburban"
KK-CDR-002779,KK00037,Ganesh Deshmukh,9323000037,KK00045,Kishor Sanghvi,9833000045,2025-04-10 21:18:28,100,voice,562,"Kurla Cell Site A, Mumbai Suburban"
KK-CDR-002780,KK00013,Kishor Koli,7045000013,KK00033,Shirish Chavan,9422000033,2025-04-10 20:22:27,100,voice,169,"Vasai Cell Site B, Palghar"
KK-CDR-002781,KK00050,Shirish Patil,9833000050,KK00039,Ravindra Bhosale,9323000039,2025-04-10 11:59:01,100,voice,745,"Pydhonie Cell Site A, Mumbai City"
KK-CDR-002782,KK00126,Mangesh Thakur,9833000126,KK00149,Paresh Khatib,9820000149,2025-04-10 18:21:20,100,voice,270,"MRA Marg Cell Site B, Mumbai City"
KK-CDR-002783,KK00031,Anil Chavan,8655000031,KK00018,Suhas Sanghvi,9167000018,2025-04-10 17:25:52,100,voice,625,"Harnai Coastal Cell Site B, Ratnagiri"
KK-CDR-002784,KK00077,Anil Thakur,9833000077,KK00074,Prakash Bhosale,9323000074,2025-04-10 07:11:59,100,voice,552,"Rabodi Cell Site B, Thane"
KK-CDR-002785,KK00094,Iqbal Patil,9833000094,KK00120,Bhavesh Soni,8976000120,2025-04-10 16:29:24,100,voice,461,"Vartak Nagar Cell Site B, Thane"
KK-CDR-002786,KK00153,Pravin Shaikh,8976000153,KK00146,Rajan Zaveri,9323000146,2025-04-10 21:43:47,100,voice,871,"Kapurbawdi Cell Site B, Thane"
KK-CDR-002787,KK00213,Ravindra Zaveri,9820000213,KK00189,Dattatray Jadhav,9833000189,2025-04-10 09:44:44,100,voice,210,"Kapurbawdi Cell Site B, Thane"
KK-CDR-002788,KK00033,Shirish Chavan,9422000033,KK00112,Rakesh Gaikwad,8655000112,2025-04-10 16:13:31,100,voice,871,"Harnai Coastal Cell Site B, Ratnagiri"
KK-CDR-002789,KK00184,Iqbal Jadhav,9833000184,KK00179,Dattatray Zaveri,9833000179,2025-04-11 13:13:18,101,voice,405,"MRA Marg Cell Site B, Mumbai City"
KK-CDR-002790,KK00006,Salim Parab,8655000006,KK00029,Pravin Koli,7045000029,2025-04-11 23:06:01,101,voice,640,"Harnai Coastal Cell Site B, Ratnagiri"
KK-CDR-002791,KK00083,Sachin Naik,9930000083,KK00078,Shirish Salvi,9833000078,2025-04-11 13:04:04,101,voice,587,"Vartak Nagar Cell Site B, Thane"
KK-CDR-002792,KK00300,Santosh Khatib,9323000300,KK00287,Jitendra Bhatkar,9833000287,2025-04-11 20:31:25,101,voice,595,"Koregaon Park Cell Site A, Pune"
KK-CDR-002793,KK00367,Nilesh Soni,9930000367,KK00226,Yogesh Thakur,9820000226,2025-04-11 17:40:14,101,voice,250,"Bund Garden Cell Site B, Pune"
KK-CDR-002794,KK00059,Salim More,9820000059,KK00065,Dnyaneshwar Bhandari,8976000065,2025-04-11 22:21:40,101,voice,611,"Ghatkopar Cell Site A, Mumbai Suburban"
KK-CDR-002795,KK00053,Pravin Bhatkar,9833000053,KK00065,Dnyaneshwar Bhandari,8976000065,2025-04-11 11:23:03,101,voice,781,"Ghatkopar Cell Site A, Mumbai Suburban"
KK-CDR-002796,KK00086,Arif Bhosale,8976000086,KK00092,Suhas Parekh,9930000092,2025-04-11 13:34:27,101,voice,867,"Kapurbawdi Cell Site A, Thane"
KK-CDR-002797,KK00018,Suhas Sanghvi,9167000018,KK00005,Kishor Ansari,8655000005,2025-04-11 16:21:07,101,voice,350,"Ratnagiri City Cell Site B, Ratnagiri"
KK-CDR-002798,KK00009,Dattatray Soni,9860000009,KK00033,Shirish Chavan,9422000033,2025-04-11 11:43:14,101,voice,526,"Panvel Taluka Cell Site B, Raigad (Uran / JNPT)"
KK-CDR-002799,KK00038,Iqbal Mehta,9820000038,KK00039,Ravindra Bhosale,9323000039,2025-04-11 17:05:00,101,voice,53,"Kurla Cell Site A, Mumbai Suburban"
KK-CDR-002800,KK00104,Imtiaz Bhosale,9167000104,KK00134,Vilas Mehta,9860000134,2025-04-11 16:26:17,101,voice,55,"Nhava Sheva Port Cell Site A, Raigad (Uran / JNPT)"
KK-CDR-002801,KK00088,Rajan Sawant,9323000088,KK00080,Rajan Desai,9820000080,2025-04-11 19:17:46,101,voice,24,"Kapurbawdi Cell Site A, Thane"
KK-CDR-002802,KK00094,Iqbal Patil,9833000094,KK00093,Rajan Sanghvi,9820000093,2025-04-11 12:53:46,101,voice,812,"Kapurbawdi Cell Site B, Thane"
KK-CDR-002803,KK00022,Dnyaneshwar Salvi,8655000022,KK00018,Suhas Sanghvi,9167000018,2025-04-11 11:44:33,101,voice,257,"Dapoli Cell Site B, Ratnagiri"
KK-CDR-002804,KK00015,Balkrishna Shinde,7045000015,KK00176,Ravindra Shaikh,8655000176,2025-04-12 06:17:28,102,voice,877,"Satpati Coastal Cell Site A, Palghar"
KK-CDR-002805,KK00084,Vinod Deshmukh,9833000084,KK00081,Deepak Kadam,9833000081,2025-04-12 11:53:36,102,voice,418,"Kapurbawdi Cell Site B, Thane"
KK-CDR-002806,KK00094,Iqbal Patil,9833000094,KK00074,Prakash Bhosale,9323000074,2025-04-12 10:05:16,102,voice,32,"Naupada Cell Site A, Thane"
KK-CDR-002807,KK00060,Mangesh Tandel,9820000060,KK00168,Rajan Gaikwad,9323000168,2025-04-12 10:58:37,102,voice,421,"Ghatkopar Cell Site B, Mumbai Suburban"
KK-CDR-002808,KK00060,Mangesh Tandel,9820000060,KK00050,Shirish Patil,9833000050,2025-04-12 13:58:01,102,voice,664,"Ghatkopar Cell Site A, Mumbai Suburban"
KK-CDR-002809,KK00037,Ganesh Deshmukh,9323000037,KK00111,Deepak Tandel,9820000111,2025-04-12 12:07:45,102,voice,597,"Bandra Cell Site B, Mumbai Suburban"
KK-CDR-002810,KK00053,Pravin Bhatkar,9833000053,KK00177,Rakesh Sawant,8976000177,2025-04-12 08:28:20,102,voice,484,"Sakinaka Cell Site B, Mumbai Suburban"
KK-CDR-002811,KK00039,Ravindra Bhosale,9323000039,KK00062,Paresh Parekh,9820000062,2025-04-12 22:48:05,102,voice,491,"MRA Marg Cell Site B, Mumbai City"
KK-CDR-002812,KK00002,Iqbal Naik,9860000002,KK00112,Rakesh Gaikwad,8655000112,2025-04-12 17:43:37,102,voice,229,"Panvel Taluka Cell Site B, Raigad (Uran / JNPT)"
KK-CDR-002813,KK00059,Salim More,9820000059,KK00058,Dattatray Patil,9833000058,2025-04-12 20:43:13,102,voice,396,"Ghatkopar Cell Site B, Mumbai Suburban"
KK-CDR-002814,KK00040,Rajan Ansari,9930000040,KK00059,Salim More,9820000059,2025-04-12 18:34:02,102,voice,428,"MRA Marg Cell Site B, Mumbai City"
KK-CDR-002815,KK00023,Prakash Deshmukh,8655000023,KK00032,Dattatray Mehta,9860000032,2025-04-12 12:00:39,102,voice,700,"Dapoli Cell Site A, Ratnagiri"
KK-CDR-002816,KK00088,Rajan Sawant,9323000088,KK00073,Mangesh Naik,9323000073,2025-04-12 17:55:49,102,voice,672,"Rabodi Cell Site A, Thane"
KK-CDR-002817,KK00091,Ashok More,9833000091,KK00080,Rajan Desai,9820000080,2025-04-12 23:02:59,102,voice,127,"Rabodi Cell Site A, Thane"
KK-CDR-002818,KK00158,Balkrishna Naik,9323000158,KK00131,Hitesh Dalvi,8976000131,2025-04-13 12:52:32,103,voice,846,"Kapurbawdi Cell Site A, Thane"
KK-CDR-002819,KK00020,Vilas Sawant,9167000020,KK00033,Shirish Chavan,9422000033,2025-04-13 23:39:44,103,voice,109,"Satpati Coastal Cell Site A, Palghar"
KK-CDR-002820,KK00091,Ashok More,9833000091,KK00085,Prakash Shaikh,9820000085,2025-04-13 15:24:10,103,voice,300,"Wagle Estate Cell Site B, Thane"
KK-CDR-002821,KK00048,Sameer Doshi,9323000048,KK00061,Sameer Soni,9820000061,2025-04-13 07:01:30,103,voice,494,"Dongri Cell Site B, Mumbai City"
KK-CDR-002822,KK00082,Kishor Gaikwad,8976000082,KK00083,Sachin Naik,9930000083,2025-04-13 23:44:16,103,voice,651,"Rabodi Cell Site A, Thane"
KK-CDR-002823,KK00076,Jitendra Shaikh,9833000076,KK00081,Deepak Kadam,9833000081,2025-04-13 06:40:22,103,voice,132,"Naupada Cell Site B, Thane"
KK-CDR-002824,KK00011,Yogesh Kadam,7045000011,KK00016,Anil Tandel,9167000016,2025-04-13 11:14:53,103,voice,314,"Panvel Taluka Cell Site B, Raigad (Uran / JNPT)"
KK-CDR-002825,KK00019,Arif Gaikwad,9422000019,KK00006,Salim Parab,8655000006,2025-04-13 06:10:12,103,voice,64,"Satpati Coastal Cell Site A, Palghar"
KK-CDR-002826,KK00048,Sameer Doshi,9323000048,KK00042,Shabbir Jadhav,9930000042,2025-04-13 11:37:54,103,voice,665,"Pydhonie Cell Site A, Mumbai City"
KK-CDR-002827,KK00051,Pravin Kadam,8976000051,KK00044,Ashok Sayyed,9833000044,2025-04-13 06:19:10,103,voice,783,"VP Road Cell Site B, Mumbai City"
KK-CDR-002828,KK00072,Yogesh Momin,9833000072,KK00091,Ashok More,9833000091,2025-04-13 15:46:17,103,voice,30,"Kapurbawdi Cell Site B, Thane"
KK-CDR-002829,KK00087,Rafiq Deshmukh,8976000087,KK00083,Sachin Naik,9930000083,2025-04-13 06:14:10,103,voice,252,"Vartak Nagar Cell Site B, Thane"
KK-CDR-002830,KK00067,Shirish Pawar,8976000067,KK00074,Prakash Bhosale,9323000074,2025-04-13 21:35:07,103,voice,161,"Kapurbawdi Cell Site A, Thane"
KK-CDR-002831,KK00031,Anil Chavan,8655000031,KK00201,Javed Shah,9860000201,2025-04-13 07:49:40,103,voice,44,"Dapoli Cell Site B, Ratnagiri"
KK-CDR-002832,KK00076,Jitendra Shaikh,9833000076,KK00108,Hitesh Bhandari,9930000108,2025-04-13 09:59:10,103,voice,604,"Vartak Nagar Cell Site A, Thane"
KK-CDR-002833,KK00025,Deepak Zaveri,8655000025,KK00029,Pravin Koli,7045000029,2025-04-13 15:18:46,103,voice,501,"Uran Cell Site A, Raigad (Uran / JNPT)"
KK-CDR-002834,KK00088,Rajan Sawant,9323000088,KK00148,Anil Ansari,9930000148,2025-04-13 13:24:04,103,voice,367,"Rabodi Cell Site B, Thane"
KK-CDR-002835,KK00010,Hitesh Desai,7045000010,KK00008,Vilas Tandel,9860000008,2025-04-13 06:37:04,103,voice,302,"Harnai Coastal Cell Site A, Ratnagiri"
KK-CDR-002836,KK00166,Hitesh Shah,9833000166,KK00157,Mahesh Bhatkar,9930000157,2025-04-13 12:11:20,103,voice,574,"Vartak Nagar Cell Site A, Thane"
KK-CDR-002837,KK00040,Rajan Ansari,9930000040,KK00060,Mangesh Tandel,9820000060,2025-04-13 08:38:09,103,voice,654,"MRA Marg Cell Site B, Mumbai City"
KK-CDR-002838,KK00068,Prakash Koli,9833000068,KK00076,Jitendra Shaikh,9833000076,2025-04-13 12:58:36,103,voice,387,"Naupada Cell Site A, Thane"
KK-CDR-002839,KK00016,Anil Tandel,9167000016,KK00030,Vilas Khatib,8655000030,2025-04-13 07:17:01,103,voice,70,"Dapoli Cell Site A, Ratnagiri"
KK-CDR-002840,KK00075,Rafiq Pawar,8976000075,KK00081,Deepak Kadam,9833000081,2025-04-13 08:26:42,103,voice,561,"Vartak Nagar Cell Site B, Thane"
KK-CDR-002841,KK00082,Kishor Gaikwad,8976000082,KK00105,Pravin Desai,9323000105,2025-04-14 21:22:20,104,voice,580,"Vartak Nagar Cell Site A, Thane"
KK-CDR-002842,KK00057,Balkrishna Parekh,8976000057,KK00145,Vilas Ansari,9323000145,2025-04-14 22:12:47,104,voice,838,"MRA Marg Cell Site B, Mumbai City"
KK-CDR-002843,KK00030,Vilas Khatib,8655000030,KK00013,Kishor Koli,7045000013,2025-04-14 16:44:11,104,voice,502,"Guhagar Cell Site B, Ratnagiri"
KK-CDR-002844,KK00076,Jitendra Shaikh,9833000076,KK00090,Arif Mhatre,9930000090,2025-04-14 12:29:45,104,voice,571,"Wagle Estate Cell Site A, Thane"
KK-CDR-002845,KK00028,Sameer Kulkarni,9422000028,KK00001,Nilesh Khatib,8655000001,2025-04-14 06:32:27,104,voice,642,"Satpati Coastal Cell Site A, Palghar"
KK-CDR-002846,KK00075,Rafiq Pawar,8976000075,KK00087,Rafiq Deshmukh,8976000087,2025-04-14 18:54:09,104,voice,372,"Rabodi Cell Site A, Thane"
KK-CDR-002847,KK00091,Ashok More,9833000091,KK00070,Hanif Kadam,9323000070,2025-04-14 14:02:17,104,voice,73,"Rabodi Cell Site A, Thane"
KK-CDR-002848,KK00081,Deepak Kadam,9833000081,KK00131,Hitesh Dalvi,8976000131,2025-04-14 16:29:52,104,voice,870,"Vartak Nagar Cell Site A, Thane"
KK-CDR-002849,KK00055,Vilas Shinde,8976000055,KK00206,Rakesh Shah,9323000206,2025-04-14 06:31:03,104,voice,639,"VP Road Cell Site B, Mumbai City"
KK-CDR-002850,KK00094,Iqbal Patil,9833000094,KK00071,Arif Salvi,9833000071,2025-04-14 23:52:52,104,voice,823,"Vartak Nagar Cell Site A, Thane"
KK-CDR-002851,KK00024,Nilesh Parekh,9422000024,KK00028,Sameer Kulkarni,9422000028,2025-04-14 07:07:17,104,voice,825,"Panvel Taluka Cell Site B, Raigad (Uran / JNPT)"
KK-CDR-002852,KK00068,Prakash Koli,9833000068,KK00092,Suhas Parekh,9930000092,2025-04-14 23:47:18,104,voice,770,"Kapurbawdi Cell Site A, Thane"
KK-CDR-002853,KK00015,Balkrishna Shinde,7045000015,KK00011,Yogesh Kadam,7045000011,2025-04-15 21:03:30,105,voice,588,"Vasai Cell Site B, Palghar"
KK-CDR-002854,KK00060,Mangesh Tandel,9820000060,KK00059,Salim More,9820000059,2025-04-15 17:38:15,105,voice,885,"Andheri Cell Site A, Mumbai Suburban"
KK-CDR-002855,KK00084,Vinod Deshmukh,9833000084,KK00086,Arif Bhosale,8976000086,2025-04-15 17:55:39,105,voice,811,"Naupada Cell Site B, Thane"
KK-CDR-002856,KK00084,Vinod Deshmukh,9833000084,KK00076,Jitendra Shaikh,9833000076,2025-04-15 08:07:40,105,voice,795,"Naupada Cell Site B, Thane"
KK-CDR-002857,KK00066,Hanif Chavan,9833000066,KK00043,Vinod Mehta,9323000043,2025-04-15 07:32:23,105,voice,767,"LT Marg Cell Site A, Mumbai City"
KK-CDR-002858,KK00039,Ravindra Bhosale,9323000039,KK00159,Hitesh Sayyed,8976000159,2025-04-15 20:01:48,105,voice,155,"Dongri Cell Site B, Mumbai City"
KK-CDR-002859,KK00008,Vilas Tandel,9860000008,KK00026,Rafiq Shah,9167000026,2025-04-15 13:55:25,105,voice,221,"Nhava Sheva Port Cell Site A, Raigad (Uran / JNPT)"
KK-CDR-002860,KK00139,Sunil Bhandari,9860000139,KK00193,Dnyaneshwar Bhosale,9167000193,2025-04-15 12:31:03,105,voice,416,"Palghar Cell Site A, Palghar"
KK-CDR-002861,KK00063,Sameer Koli,9323000063,KK00053,Pravin Bhatkar,9833000053,2025-04-15 13:32:30,105,voice,309,"Dongri Cell Site B, Mumbai City"
KK-CDR-002862,KK00064,Anil Khatib,9820000064,KK00038,Iqbal Mehta,9820000038,2025-04-15 18:54:58,105,voice,201,"Dongri Cell Site A, Mumbai City"
KK-CDR-002863,KK00072,Yogesh Momin,9833000072,KK00089,Ganesh Naik,8976000089,2025-04-15 23:04:00,105,voice,424,"Wagle Estate Cell Site A, Thane"
KK-CDR-002864,KK00017,Anil Tandel,7045000017,KK00032,Dattatray Mehta,9860000032,2025-04-15 10:47:01,105,voice,337,"Uran Cell Site A, Raigad (Uran / JNPT)"
KK-CDR-002865,KK00079,Rafiq Soni,8976000079,KK00093,Rajan Sanghvi,9820000093,2025-04-15 18:50:34,105,voice,693,"Kapurbawdi Cell Site B, Thane"
KK-CDR-002866,KK00064,Anil Khatib,9820000064,KK00128,Mahesh Bhosale,9833000128,2025-04-15 10:08:02,105,voice,740,"Pydhonie Cell Site B, Mumbai City"
KK-CDR-002867,KK00070,Hanif Kadam,9323000070,KK00078,Shirish Salvi,9833000078,2025-04-15 17:21:26,105,voice,571,"Vartak Nagar Cell Site B, Thane"
KK-CDR-002868,KK00043,Vinod Mehta,9323000043,KK00041,Dnyaneshwar Parab,9930000041,2025-04-15 16:34:49,105,voice,817,"Bandra Cell Site A, Mumbai Suburban"
KK-CDR-002869,KK00026,Rafiq Shah,9167000026,KK00118,Ashok Deshmukh,9167000118,2025-04-15 12:41:18,105,voice,765,"Harnai Coastal Cell Site A, Ratnagiri"
KK-CDR-002870,KK00063,Sameer Koli,9323000063,KK00064,Anil Khatib,9820000064,2025-04-15 19:34:38,105,voice,418,"Pydhonie Cell Site A, Mumbai City"
KK-CDR-002871,KK00072,Yogesh Momin,9833000072,KK00076,Jitendra Shaikh,9833000076,2025-04-15 22:32:16,105,voice,588,"Wagle Estate Cell Site B, Thane"
KK-CDR-002872,KK00077,Anil Thakur,9833000077,KK00200,Vilas Pawar,9323000200,2025-04-15 12:10:54,105,voice,23,"Rabodi Cell Site B, Thane"
KK-CDR-002873,KK00057,Balkrishna Parekh,8976000057,KK00049,Santosh Zaveri,9833000049,2025-04-15 12:11:35,105,voice,453,"LT Marg Cell Site A, Mumbai City"
KK-CDR-002874,KK00335,Shirish Sanghvi,9930000335,KK00305,Santosh Pawar,9820000305,2025-04-15 08:21:02,105,voice,499,"Ghatkopar Cell Site B, Mumbai Suburban"
KK-CDR-002875,KK00074,Prakash Bhosale,9323000074,KK00078,Shirish Salvi,9833000078,2025-04-16 19:46:36,106,voice,644,"Kapurbawdi Cell Site B, Thane"
KK-CDR-002876,KK00088,Rajan Sawant,9323000088,KK00076,Jitendra Shaikh,9833000076,2025-04-16 20:48:34,106,voice,417,"Wagle Estate Cell Site B, Thane"
KK-CDR-002877,KK00061,Sameer Soni,9820000061,KK00060,Mangesh Tandel,9820000060,2025-04-16 14:29:27,106,voice,614,"Dongri Cell Site B, Mumbai City"
KK-CDR-002878,KK00087,Rafiq Deshmukh,8976000087,KK00071,Arif Salvi,9833000071,2025-04-16 08:18:12,106,voice,281,"Vartak Nagar Cell Site A, Thane"
KK-CDR-002879,KK00089,Ganesh Naik,8976000089,KK00120,Bhavesh Soni,8976000120,2025-04-16 21:06:50,106,voice,252,"Naupada Cell Site A, Thane"
KK-CDR-002880,KK00008,Vilas Tandel,9860000008,KK00003,Deepak Pawar,9167000003,2025-04-16 19:31:25,106,voice,66,"Khopoli Cell Site A, Raigad (Uran / JNPT)"
KK-CDR-002881,KK00071,Arif Salvi,9833000071,KK00089,Ganesh Naik,8976000089,2025-04-16 15:18:37,106,voice,29,"Naupada Cell Site B, Thane"
KK-CDR-002882,KK00042,Shabbir Jadhav,9930000042,KK00048,Sameer Doshi,9323000048,2025-04-16 14:16:41,106,voice,264,"Sakinaka Cell Site B, Mumbai Suburban"
KK-CDR-002883,KK00081,Deepak Kadam,9833000081,KK00211,Nitin Parekh,9820000211,2025-04-16 22:40:26,106,voice,648,"Wagle Estate Cell Site B, Thane"
KK-CDR-002884,KK00066,Hanif Chavan,9833000066,KK00198,Ashok Khatib,9833000198,2025-04-16 13:28:25,106,voice,217,"MRA Marg Cell Site A, Mumbai City"
KK-CDR-002885,KK00017,Anil Tandel,7045000017,KK00031,Anil Chavan,8655000031,2025-04-16 10:58:18,106,voice,788,"Uran Cell Site B, Raigad (Uran / JNPT)"
KK-CDR-002886,KK00011,Yogesh Kadam,7045000011,KK00009,Dattatray Soni,9860000009,2025-04-16 07:58:09,106,voice,805,"Khopoli Cell Site A, Raigad (Uran / JNPT)"
KK-CDR-002887,KK00072,Yogesh Momin,9833000072,KK00081,Deepak Kadam,9833000081,2025-04-16 13:22:49,106,voice,186,"Wagle Estate Cell Site B, Thane"
KK-CDR-002888,KK00019,Arif Gaikwad,9422000019,KK00016,Anil Tandel,9167000016,2025-04-16 13:24:19,106,voice,741,"Vasai Cell Site A, Palghar"
KK-CDR-002889,KK00070,Hanif Kadam,9323000070,KK00074,Prakash Bhosale,9323000074,2025-04-17 13:40:44,107,voice,340,"Wagle Estate Cell Site B, Thane"
KK-CDR-002890,KK00059,Salim More,9820000059,KK00046,Shabbir Shaikh,9820000046,2025-04-17 15:22:22,107,voice,687,"Ghatkopar Cell Site A, Mumbai Suburban"
KK-CDR-002891,KK00054,Kishor Sawant,9833000054,KK00041,Dnyaneshwar Parab,9930000041,2025-04-17 07:06:57,107,voice,451,"Bandra Cell Site A, Mumbai Suburban"
KK-CDR-002892,KK00057,Balkrishna Parekh,8976000057,KK00052,Rakesh Zaveri,8976000052,2025-04-17 14:24:40,107,voice,495,"LT Marg Cell Site B, Mumbai City"
KK-CDR-002893,KK00020,Vilas Sawant,9167000020,KK00016,Anil Tandel,9167000016,2025-04-17 17:42:05,107,voice,519,"Palghar Cell Site A, Palghar"
KK-CDR-002894,KK00084,Vinod Deshmukh,9833000084,KK00211,Nitin Parekh,9820000211,2025-04-17 08:35:37,107,voice,359,"Vartak Nagar Cell Site A, Thane"
KK-CDR-002895,KK00022,Dnyaneshwar Salvi,8655000022,KK00005,Kishor Ansari,8655000005,2025-04-17 21:01:06,107,voice,497,"Ratnagiri City Cell Site A, Ratnagiri"
KK-CDR-002896,KK00146,Rajan Zaveri,9323000146,KK00137,Pravin Zaveri,9930000137,2025-04-17 19:25:11,107,voice,213,"Wagle Estate Cell Site A, Thane"
KK-CDR-002897,KK00159,Hitesh Sayyed,8976000159,KK00162,Hanif Deshmukh,9323000162,2025-04-17 12:48:38,107,voice,830,"Dongri Cell Site B, Mumbai City"
KK-CDR-002898,KK00045,Kishor Sanghvi,9833000045,KK00048,Sameer Doshi,9323000048,2025-04-17 21:00:23,107,voice,766,"Kurla Cell Site B, Mumbai Suburban"
KK-CDR-002899,KK00068,Prakash Koli,9833000068,KK00077,Anil Thakur,9833000077,2025-04-17 10:07:46,107,voice,102,"Kapurbawdi Cell Site A, Thane"
KK-CDR-002900,KK00001,Nilesh Khatib,8655000001,KK00020,Vilas Sawant,9167000020,2025-04-17 09:54:43,107,voice,588,"Dapoli Cell Site B, Ratnagiri"
KK-CDR-002901,KK00150,Rafiq Naik,7045000150,KK00187,Prakash Salvi,7045000187,2025-04-17 11:30:27,107,voice,788,"Satpati Coastal Cell Site A, Palghar"
KK-CDR-002902,KK00068,Prakash Koli,9833000068,KK00081,Deepak Kadam,9833000081,2025-04-17 19:47:38,107,voice,373,"Naupada Cell Site A, Thane"
KK-CDR-002903,KK00010,Hitesh Desai,7045000010,KK00007,Santosh Sanghvi,9167000007,2025-04-17 22:09:47,107,voice,526,"Guhagar Cell Site B, Ratnagiri"
KK-CDR-002904,KK00020,Vilas Sawant,9167000020,KK00007,Santosh Sanghvi,9167000007,2025-04-17 17:28:41,107,voice,245,"Palghar Cell Site B, Palghar"
KK-CDR-002905,KK00052,Rakesh Zaveri,8976000052,KK00062,Paresh Parekh,9820000062,2025-04-17 07:45:01,107,voice,106,"Kurla Cell Site B, Mumbai Suburban"
KK-CDR-002906,KK00009,Dattatray Soni,9860000009,KK00023,Prakash Deshmukh,8655000023,2025-04-17 20:49:45,107,voice,555,"Nhava Sheva Port Cell Site A, Raigad (Uran / JNPT)"
KK-CDR-002907,KK00068,Prakash Koli,9833000068,KK00086,Arif Bhosale,8976000086,2025-04-17 23:24:15,107,voice,491,"Vartak Nagar Cell Site A, Thane"
KK-CDR-002908,KK00143,Shabbir Surve,9930000143,KK00108,Hitesh Bhandari,9930000108,2025-04-17 23:40:00,107,voice,448,"Wagle Estate Cell Site B, Thane"
KK-CDR-002909,KK00088,Rajan Sawant,9323000088,KK00081,Deepak Kadam,9833000081,2025-04-18 18:25:59,108,voice,611,"Rabodi Cell Site A, Thane"
KK-CDR-002910,KK00031,Anil Chavan,8655000031,KK00116,Yogesh Rane,8655000116,2025-04-18 18:05:52,108,voice,722,"Dapoli Cell Site B, Ratnagiri"
KK-CDR-002911,KK00083,Sachin Naik,9930000083,KK00146,Rajan Zaveri,9323000146,2025-04-18 21:01:50,108,voice,510,"Naupada Cell Site A, Thane"
KK-CDR-002912,KK00015,Balkrishna Shinde,7045000015,KK00019,Arif Gaikwad,9422000019,2025-04-18 16:14:06,108,voice,747,"Palghar Cell Site A, Palghar"
KK-CDR-002913,KK00035,Balkrishna Shaikh,9167000035,KK00005,Kishor Ansari,8655000005,2025-04-18 12:57:17,108,voice,196,"Palghar Cell Site B, Palghar"
KK-CDR-002914,KK00063,Sameer Koli,9323000063,KK00065,Dnyaneshwar Bhandari,8976000065,2025-04-18 19:26:21,108,voice,732,"Pydhonie Cell Site B, Mumbai City"
KK-CDR-002915,KK00211,Nitin Parekh,9820000211,KK00183,Paresh Thakur,9930000183,2025-04-18 08:40:57,108,voice,684,"Naupada Cell Site A, Thane"
KK-CDR-002916,KK00070,Hanif Kadam,9323000070,KK00144,Anil Shinde,9323000144,2025-04-18 22:35:53,108,voice,869,"Naupada Cell Site B, Thane"
KK-CDR-002917,KK00074,Prakash Bhosale,9323000074,KK00087,Rafiq Deshmukh,8976000087,2025-04-18 17:08:57,108,voice,415,"Vartak Nagar Cell Site A, Thane"
KK-CDR-002918,KK00060,Mangesh Tandel,9820000060,KK00040,Rajan Ansari,9930000040,2025-04-18 19:36:10,108,voice,93,"Andheri Cell Site A, Mumbai Suburban"
KK-CDR-002919,KK00088,Rajan Sawant,9323000088,KK00161,Shirish Parab,9833000161,2025-04-18 10:35:26,108,voice,261,"Rabodi Cell Site A, Thane"
KK-CDR-002920,KK00019,Arif Gaikwad,9422000019,KK00035,Balkrishna Shaikh,9167000035,2025-04-18 06:22:10,108,voice,73,"Satpati Coastal Cell Site B, Palghar"
KK-CDR-002921,KK00001,Nilesh Khatib,8655000001,KK00018,Suhas Sanghvi,9167000018,2025-04-18 14:26:15,108,voice,638,"Dapoli Cell Site A, Ratnagiri"
KK-CDR-002922,KK00091,Ashok More,9833000091,KK00115,Rakesh Patil,9820000115,2025-04-18 11:54:09,108,voice,240,"Wagle Estate Cell Site A, Thane"
KK-CDR-002923,KK00007,Santosh Sanghvi,9167000007,KK00018,Suhas Sanghvi,9167000018,2025-04-18 23:02:28,108,voice,734,"Harnai Coastal Cell Site B, Ratnagiri"
KK-CDR-002924,KK00069,Imtiaz Kadam,9323000069,KK00079,Rafiq Soni,8976000079,2025-04-18 22:20:16,108,voice,887,"Naupada Cell Site A, Thane"
KK-CDR-002925,KK00014,Anil Tandel,8655000014,KK00099,Salim Khatib,7045000099,2025-04-18 22:20:06,108,voice,618,"Satpati Coastal Cell Site B, Palghar"
KK-CDR-002926,KK00059,Salim More,9820000059,KK00199,Sunil Deshmukh,9820000199,2025-04-18 22:47:57,108,voice,136,"Ghatkopar Cell Site B, Mumbai Suburban"
KK-CDR-002927,KK00038,Iqbal Mehta,9820000038,KK00052,Rakesh Zaveri,8976000052,2025-04-19 21:55:14,109,voice,727,"Ghatkopar Cell Site B, Mumbai Suburban"
KK-CDR-002928,KK00184,Iqbal Jadhav,9833000184,KK00111,Deepak Tandel,9820000111,2025-04-19 19:16:55,109,voice,875,"VP Road Cell Site B, Mumbai City"
KK-CDR-002929,KK00145,Vilas Ansari,9323000145,KK00197,Fayyaz Dalvi,9820000197,2025-04-19 18:53:45,109,voice,452,"Pydhonie Cell Site A, Mumbai City"
KK-CDR-002930,KK00068,Prakash Koli,9833000068,KK00094,Iqbal Patil,9833000094,2025-04-19 22:08:25,109,voice,590,"Rabodi Cell Site A, Thane"
KK-CDR-002931,KK00066,Hanif Chavan,9833000066,KK00055,Vilas Shinde,8976000055,2025-04-19 20:02:13,109,voice,48,"Dongri Cell Site A, Mumbai City"
KK-CDR-002932,KK00094,Iqbal Patil,9833000094,KK00200,Vilas Pawar,9323000200,2025-04-19 13:07:57,109,voice,311,"Kapurbawdi Cell Site A, Thane"
KK-CDR-002933,KK00037,Ganesh Deshmukh,9323000037,KK00040,Rajan Ansari,9930000040,2025-04-19 13:24:27,109,voice,185,"Ghatkopar Cell Site A, Mumbai Suburban"
KK-CDR-002934,KK00055,Vilas Shinde,8976000055,KK00057,Balkrishna Parekh,8976000057,2025-04-19 15:57:21,109,voice,616,"Dongri Cell Site A, Mumbai City"
KK-CDR-002935,KK00083,Sachin Naik,9930000083,KK00071,Arif Salvi,9833000071,2025-04-19 13:35:14,109,voice,703,"Rabodi Cell Site B, Thane"
KK-CDR-002936,KK00047,Santosh Thakur,9833000047,KK00065,Dnyaneshwar Bhandari,8976000065,2025-04-19 23:53:55,109,voice,446,"Sakinaka Cell Site B, Mumbai Suburban"
KK-CDR-002937,KK00033,Shirish Chavan,9422000033,KK00138,Vinod Desai,8655000138,2025-04-19 14:48:11,109,voice,20,"Ratnagiri City Cell Site B, Ratnagiri"
KK-CDR-002938,KK00273,Javed Sanghvi,9820000273,KK00247,Javed Ansari,9323000247,2025-04-19 14:32:17,109,voice,41,"Kapurbawdi Cell Site B, Thane"
KK-CDR-002939,KK00040,Rajan Ansari,9930000040,KK00062,Paresh Parekh,9820000062,2025-04-19 18:25:42,109,voice,864,"MRA Marg Cell Site A, Mumbai City"
KK-CDR-002940,KK00044,Ashok Sayyed,9833000044,KK00111,Deepak Tandel,9820000111,2025-04-19 07:35:44,109,voice,307,"MRA Marg Cell Site A, Mumbai City"
KK-CDR-002941,KK00084,Vinod Deshmukh,9833000084,KK00077,Anil Thakur,9833000077,2025-04-19 08:39:55,109,voice,703,"Kapurbawdi Cell Site A, Thane"
KK-CDR-002942,KK00031,Anil Chavan,8655000031,KK00022,Dnyaneshwar Salvi,8655000022,2025-04-19 09:59:42,109,voice,475,"Dapoli Cell Site B, Ratnagiri"
KK-CDR-002943,KK00052,Rakesh Zaveri,8976000052,KK00129,Ravindra Sanghvi,8976000129,2025-04-19 11:36:55,109,voice,78,"Andheri Cell Site B, Mumbai Suburban"
KK-CDR-002944,KK00039,Ravindra Bhosale,9323000039,KK00109,Yogesh Gaikwad,8976000109,2025-04-20 09:04:59,110,voice,290,"Dongri Cell Site B, Mumbai City"
KK-CDR-002945,KK00055,Vilas Shinde,8976000055,KK00156,Shabbir Naik,9930000156,2025-04-20 16:32:33,110,voice,261,"Pydhonie Cell Site A, Mumbai City"
KK-CDR-002946,KK00085,Prakash Shaikh,9820000085,KK00091,Ashok More,9833000091,2025-04-20 19:38:54,110,voice,455,"Wagle Estate Cell Site B, Thane"
KK-CDR-002947,KK00011,Yogesh Kadam,7045000011,KK00036,Fayyaz Kadam,9422000036,2025-04-20 10:28:11,110,voice,644,"Khopoli Cell Site B, Raigad (Uran / JNPT)"
KK-CDR-002948,KK00080,Rajan Desai,9820000080,KK00143,Shabbir Surve,9930000143,2025-04-20 16:51:33,110,voice,802,"Rabodi Cell Site B, Thane"
KK-CDR-002949,KK00011,Yogesh Kadam,7045000011,KK00021,Santosh Bhandari,9422000021,2025-04-20 18:14:02,110,voice,554,"Uran Cell Site A, Raigad (Uran / JNPT)"
KK-CDR-002950,KK00085,Prakash Shaikh,9820000085,KK00082,Kishor Gaikwad,8976000082,2025-04-20 11:42:15,110,voice,389,"Kapurbawdi Cell Site B, Thane"
KK-CDR-002951,KK00055,Vilas Shinde,8976000055,KK00046,Shabbir Shaikh,9820000046,2025-04-20 19:04:42,110,voice,401,"MRA Marg Cell Site A, Mumbai City"
KK-CDR-002952,KK00064,Anil Khatib,9820000064,KK00046,Shabbir Shaikh,9820000046,2025-04-20 08:17:23,110,voice,196,"Dongri Cell Site A, Mumbai City"
KK-CDR-002953,KK00008,Vilas Tandel,9860000008,KK00032,Dattatray Mehta,9860000032,2025-04-20 08:02:19,110,voice,182,"Khopoli Cell Site B, Raigad (Uran / JNPT)"
KK-CDR-002954,KK00005,Kishor Ansari,8655000005,KK00006,Salim Parab,8655000006,2025-04-20 14:00:34,110,voice,796,"Palghar Cell Site B, Palghar"
KK-CDR-002955,KK00049,Santosh Zaveri,9833000049,KK00051,Pravin Kadam,8976000051,2025-04-20 16:40:42,110,voice,431,"Bandra Cell Site A, Mumbai Suburban"
KK-CDR-002956,KK00082,Kishor Gaikwad,8976000082,KK00108,Hitesh Bhandari,9930000108,2025-04-20 23:36:48,110,voice,578,"Rabodi Cell Site B, Thane"
KK-CDR-002957,KK00080,Rajan Desai,9820000080,KK00076,Jitendra Shaikh,9833000076,2025-04-20 07:49:25,110,voice,863,"Wagle Estate Cell Site A, Thane"
KK-CDR-002958,KK00054,Kishor Sawant,9833000054,KK00048,Sameer Doshi,9323000048,2025-04-20 06:36:21,110,voice,496,"Sakinaka Cell Site B, Mumbai Suburban"
KK-CDR-002959,KK00208,Rafiq Momin,9930000208,KK00168,Rajan Gaikwad,9323000168,2025-04-20 15:32:45,110,voice,895,"Andheri Cell Site B, Mumbai Suburban"
KK-CDR-002960,KK00072,Yogesh Momin,9833000072,KK00093,Rajan Sanghvi,9820000093,2025-04-20 14:21:21,110,voice,279,"Naupada Cell Site B, Thane"
KK-CDR-002961,KK00084,Vinod Deshmukh,9833000084,KK00089,Ganesh Naik,8976000089,2025-04-20 14:49:52,110,voice,248,"Rabodi Cell Site B, Thane"
KK-CDR-002962,KK00204,Vilas Desai,9820000204,KK00142,Shirish Soni,8976000142,2025-04-20 21:23:53,110,voice,86,"Kurla Cell Site A, Mumbai Suburban"
KK-CDR-002963,KK00030,Vilas Khatib,8655000030,KK00024,Nilesh Parekh,9422000024,2025-04-20 17:51:10,110,voice,165,"Ratnagiri City Cell Site A, Ratnagiri"
KK-CDR-002964,KK00093,Rajan Sanghvi,9820000093,KK00082,Kishor Gaikwad,8976000082,2025-04-20 17:35:30,110,voice,38,"Wagle Estate Cell Site A, Thane"
KK-CDR-002965,KK00084,Vinod Deshmukh,9833000084,KK00144,Anil Shinde,9323000144,2025-04-20 17:47:28,110,voice,617,"Rabodi Cell Site A, Thane"
KK-CDR-002966,KK00031,Anil Chavan,8655000031,KK00032,Dattatray Mehta,9860000032,2025-04-20 12:32:15,110,voice,274,"Ratnagiri City Cell Site A, Ratnagiri"
KK-CDR-002967,KK00017,Anil Tandel,7045000017,KK00001,Nilesh Khatib,8655000001,2025-04-20 07:37:46,110,voice,597,"Uran Cell Site A, Raigad (Uran / JNPT)"
KK-CDR-002968,KK00091,Ashok More,9833000091,KK00078,Shirish Salvi,9833000078,2025-04-20 10:30:53,110,voice,282,"Kapurbawdi Cell Site B, Thane"
KK-CDR-002969,KK00134,Vilas Mehta,9860000134,KK00155,Rakesh Kothari,9422000155,2025-04-20 23:28:01,110,voice,802,"Harnai Coastal Cell Site B, Ratnagiri"
KK-CDR-002970,KK00147,Suhas Shinde,9833000147,KK00103,Rafiq Khatib,9930000103,2025-04-20 16:28:48,110,voice,275,"Rabodi Cell Site B, Thane"
KK-CDR-002971,KK00049,Santosh Zaveri,9833000049,KK00038,Iqbal Mehta,9820000038,2025-04-20 06:54:34,110,voice,228,"Sakinaka Cell Site A, Mumbai Suburban"
KK-CDR-002972,KK00025,Deepak Zaveri,8655000025,KK00018,Suhas Sanghvi,9167000018,2025-04-20 07:31:22,110,voice,385,"Panvel Taluka Cell Site B, Raigad (Uran / JNPT)"
KK-CDR-002973,KK00062,Paresh Parekh,9820000062,KK00191,Javed Naik,9323000191,2025-04-20 22:26:44,110,voice,848,"Bandra Cell Site A, Mumbai Suburban"
KK-CDR-002974,KK00052,Rakesh Zaveri,8976000052,KK00053,Pravin Bhatkar,9833000053,2025-04-20 06:08:34,110,voice,320,"Ghatkopar Cell Site A, Mumbai Suburban"
KK-CDR-002975,KK00206,Rakesh Shah,9323000206,KK00136,Mangesh Shaikh,9930000136,2025-04-20 10:56:42,110,voice,512,"Pydhonie Cell Site A, Mumbai City"
KK-CDR-002976,KK00152,Sachin Zaveri,9860000152,KK00160,Dattatray Kothari,9860000160,2025-04-21 22:05:42,111,voice,634,"Ratnagiri City Cell Site B, Ratnagiri"
KK-CDR-002977,KK00068,Prakash Koli,9833000068,KK00093,Rajan Sanghvi,9820000093,2025-04-21 23:25:07,111,voice,72,"Kapurbawdi Cell Site B, Thane"
KK-CDR-002978,KK00092,Suhas Parekh,9930000092,KK00074,Prakash Bhosale,9323000074,2025-04-21 06:40:04,111,voice,174,"Rabodi Cell Site A, Thane"
KK-CDR-002979,KK00086,Arif Bhosale,8976000086,KK00105,Pravin Desai,9323000105,2025-04-21 08:30:53,111,voice,214,"Vartak Nagar Cell Site A, Thane"
KK-CDR-002980,KK00040,Rajan Ansari,9930000040,KK00060,Mangesh Tandel,9820000060,2025-04-21 14:04:23,111,voice,742,"VP Road Cell Site A, Mumbai City"
KK-CDR-002981,KK00070,Hanif Kadam,9323000070,KK00086,Arif Bhosale,8976000086,2025-04-21 22:15:36,111,voice,384,"Kapurbawdi Cell Site A, Thane"
KK-CDR-002982,KK00043,Vinod Mehta,9323000043,KK00064,Anil Khatib,9820000064,2025-04-21 14:23:21,111,voice,523,"Andheri Cell Site A, Mumbai Suburban"
KK-CDR-002983,KK00059,Salim More,9820000059,KK00102,Hitesh Kothari,9820000102,2025-04-21 11:57:21,111,voice,132,"Kurla Cell Site B, Mumbai Suburban"
KK-CDR-002984,KK00069,Imtiaz Kadam,9323000069,KK00082,Kishor Gaikwad,8976000082,2025-04-21 08:18:17,111,voice,750,"Kapurbawdi Cell Site A, Thane"
KK-CDR-002985,KK00016,Anil Tandel,9167000016,KK00122,Salim Kulkarni,8655000122,2025-04-21 12:24:30,111,voice,506,"Dapoli Cell Site B, Ratnagiri"
KK-CDR-002986,KK00224,Sachin Pawar,9833000224,KK00300,Santosh Khatib,9323000300,2025-04-21 15:56:12,111,voice,430,"Ghatkopar Cell Site B, Mumbai Suburban"
KK-CDR-002987,KK00035,Balkrishna Shaikh,9167000035,KK00021,Santosh Bhandari,9422000021,2025-04-21 09:53:12,111,voice,273,"Vasai Cell Site A, Palghar"
KK-CDR-002988,KK00093,Rajan Sanghvi,9820000093,KK00079,Rafiq Soni,8976000079,2025-04-21 16:41:07,111,voice,827,"Wagle Estate Cell Site B, Thane"
KK-CDR-002989,KK00068,Prakash Koli,9833000068,KK00087,Rafiq Deshmukh,8976000087,2025-04-21 12:00:58,111,voice,627,"Vartak Nagar Cell Site B, Thane"
KK-CDR-002990,KK00155,Rakesh Kothari,9422000155,KK00139,Sunil Bhandari,9860000139,2025-04-21 18:12:39,111,voice,583,"Palghar Cell Site A, Palghar"
KK-CDR-002991,KK00049,Santosh Zaveri,9833000049,KK00181,Umesh Jadhav,8976000181,2025-04-21 09:41:03,111,voice,271,"Bandra Cell Site B, Mumbai Suburban"
KK-CDR-002992,KK00094,Iqbal Patil,9833000094,KK00083,Sachin Naik,9930000083,2025-04-21 14:22:07,111,voice,381,"Wagle Estate Cell Site A, Thane"
KK-CDR-002993,KK00020,Vilas Sawant,9167000020,KK00035,Balkrishna Shaikh,9167000035,2025-04-21 22:54:38,111,voice,804,"Nalasopara Cell Site A, Palghar"
KK-CDR-002994,KK00216,Santosh Jadhav,8655000216,KK00118,Ashok Deshmukh,9167000118,2025-04-21 12:04:06,111,voice,264,"Harnai Coastal Cell Site A, Ratnagiri"
KK-CDR-002995,KK00001,Nilesh Khatib,8655000001,KK00025,Deepak Zaveri,8655000025,2025-04-21 20:02:14,111,voice,737,"Ratnagiri City Cell Site B, Ratnagiri"
KK-CDR-002996,KK00034,Rakesh Doshi,9860000034,KK00099,Salim Khatib,7045000099,2025-04-22 09:10:30,112,voice,474,"Nhava Sheva Port Cell Site B, Raigad (Uran / JNPT)"
KK-CDR-002997,KK00082,Kishor Gaikwad,8976000082,KK00148,Anil Ansari,9930000148,2025-04-22 22:08:33,112,voice,899,"Kapurbawdi Cell Site A, Thane"
KK-CDR-002998,KK00079,Rafiq Soni,8976000079,KK00081,Deepak Kadam,9833000081,2025-04-22 07:52:58,112,voice,511,"Kapurbawdi Cell Site A, Thane"
KK-CDR-002999,KK00063,Sameer Koli,9323000063,KK00044,Ashok Sayyed,9833000044,2025-04-22 21:51:44,112,voice,652,"LT Marg Cell Site A, Mumbai City"
KK-CDR-003000,KK00133,Ravindra Chavan,9833000133,KK00190,Bhavesh Kothari,9323000190,2025-04-22 21:50:07,112,voice,363,"Naupada Cell Site B, Thane"
KK-CDR-003001,KK00062,Paresh Parekh,9820000062,KK00045,Kishor Sanghvi,9833000045,2025-04-22 15:52:02,112,voice,222,"Ghatkopar Cell Site B, Mumbai Suburban"
KK-CDR-003002,KK00079,Rafiq Soni,8976000079,KK00088,Rajan Sawant,9323000088,2025-04-22 23:50:53,112,voice,637,"Vartak Nagar Cell Site B, Thane"
KK-CDR-003003,KK00003,Deepak Pawar,9167000003,KK00028,Sameer Kulkarni,9422000028,2025-04-22 09:54:09,112,voice,565,"Dapoli Cell Site B, Ratnagiri"
KK-CDR-003004,KK00048,Sameer Doshi,9323000048,KK00065,Dnyaneshwar Bhandari,8976000065,2025-04-22 19:47:10,112,voice,807,"VP Road Cell Site A, Mumbai City"
KK-CDR-003005,KK00077,Anil Thakur,9833000077,KK00137,Pravin Zaveri,9930000137,2025-04-22 11:09:08,112,voice,828,"Wagle Estate Cell Site A, Thane"
KK-CDR-003006,KK00106,Dattatray Pawar,9820000106,KK00169,Sunil Parab,9323000169,2025-04-22 08:44:23,112,voice,296,"Kurla Cell Site B, Mumbai Suburban"
KK-CDR-003007,KK00046,Shabbir Shaikh,9820000046,KK00049,Santosh Zaveri,9833000049,2025-04-22 17:46:19,112,voice,602,"VP Road Cell Site A, Mumbai City"
KK-CDR-003008,KK00065,Dnyaneshwar Bhandari,8976000065,KK00046,Shabbir Shaikh,9820000046,2025-04-22 23:19:57,112,voice,154,"Ghatkopar Cell Site A, Mumbai Suburban"
KK-CDR-003009,KK00005,Kishor Ansari,8655000005,KK00028,Sameer Kulkarni,9422000028,2025-04-22 07:36:28,112,voice,196,"Palghar Cell Site B, Palghar"
KK-CDR-003010,KK00079,Rafiq Soni,8976000079,KK00178,Imtiaz Ansari,9323000178,2025-04-22 10:15:47,112,voice,566,"Wagle Estate Cell Site A, Thane"
KK-CDR-003011,KK00024,Nilesh Parekh,9422000024,KK00125,Mahesh Desai,9422000125,2025-04-22 06:41:37,112,voice,259,"Panvel Taluka Cell Site B, Raigad (Uran / JNPT)"
KK-CDR-003012,KK00089,Ganesh Naik,8976000089,KK00185,Balkrishna Kothari,8976000185,2025-04-22 18:36:32,112,voice,616,"Kapurbawdi Cell Site B, Thane"
KK-CDR-003013,KK00039,Ravindra Bhosale,9323000039,KK00054,Kishor Sawant,9833000054,2025-04-22 21:53:12,112,voice,350,"Dongri Cell Site B, Mumbai City"
KK-CDR-003014,KK00043,Vinod Mehta,9323000043,KK00065,Dnyaneshwar Bhandari,8976000065,2025-04-22 07:58:51,112,voice,23,"Bandra Cell Site B, Mumbai Suburban"
KK-CDR-003015,KK00091,Ashok More,9833000091,KK00081,Deepak Kadam,9833000081,2025-04-22 13:00:24,112,voice,146,"Wagle Estate Cell Site A, Thane"
KK-CDR-003016,KK00017,Anil Tandel,7045000017,KK00010,Hitesh Desai,7045000010,2025-04-22 20:54:31,112,voice,262,"Panvel Taluka Cell Site B, Raigad (Uran / JNPT)"
KK-CDR-003017,KK00116,Yogesh Rane,8655000116,KK00118,Ashok Deshmukh,9167000118,2025-04-23 11:14:08,113,voice,547,"Khopoli Cell Site B, Raigad (Uran / JNPT)"
KK-CDR-003018,KK00019,Arif Gaikwad,9422000019,KK00027,Hanif Shinde,9422000027,2025-04-23 21:24:50,113,voice,389,"Palghar Cell Site B, Palghar"
KK-CDR-003019,KK00006,Salim Parab,8655000006,KK00012,Bhavesh Parekh,9860000012,2025-04-23 11:38:29,113,voice,863,"Harnai Coastal Cell Site A, Ratnagiri"
KK-CDR-003020,KK00126,Mangesh Thakur,9833000126,KK00206,Rakesh Shah,9323000206,2025-04-23 08:16:13,113,voice,639,"LT Marg Cell Site B, Mumbai City"
KK-CDR-003021,KK00103,Rafiq Khatib,9930000103,KK00186,Santosh Kadam,9833000186,2025-04-23 19:41:54,113,voice,254,"Naupada Cell Site B, Thane"
KK-CDR-003022,KK00016,Anil Tandel,9167000016,KK00035,Balkrishna Shaikh,9167000035,2025-04-23 15:18:09,113,voice,227,"Ratnagiri City Cell Site A, Ratnagiri"
KK-CDR-003023,KK00004,Kishor Pawar,9167000004,KK00019,Arif Gaikwad,9422000019,2025-04-23 23:33:58,113,voice,785,"Panvel Taluka Cell Site A, Raigad (Uran / JNPT)"
KK-CDR-003024,KK00087,Rafiq Deshmukh,8976000087,KK00074,Prakash Bhosale,9323000074,2025-04-23 11:49:01,113,voice,879,"Rabodi Cell Site A, Thane"
KK-CDR-003025,KK00033,Shirish Chavan,9422000033,KK00014,Anil Tandel,8655000014,2025-04-23 11:27:49,113,voice,524,"Harnai Coastal Cell Site B, Ratnagiri"
KK-CDR-003026,KK00063,Sameer Koli,9323000063,KK00046,Shabbir Shaikh,9820000046,2025-04-23 11:54:45,113,voice,499,"Pydhonie Cell Site B, Mumbai City"
KK-CDR-003027,KK00249,Ganesh Thakur,9323000249,KK00268,Suhas More,9820000268,2025-04-23 18:54:27,113,voice,187,"Faraskhana Cell Site A, Pune"
KK-CDR-003028,KK00085,Prakash Shaikh,9820000085,KK00161,Shirish Parab,9833000161,2025-04-23 16:41:45,113,voice,154,"Naupada Cell Site A, Thane"
KK-CDR-003029,KK00050,Shirish Patil,9833000050,KK00062,Paresh Parekh,9820000062,2025-04-23 21:18:49,113,voice,609,"Dongri Cell Site A, Mumbai City"
KK-CDR-003030,KK00064,Anil Khatib,9820000064,KK00113,Fayyaz Chavan,8976000113,2025-04-23 12:16:21,113,voice,57,"VP Road Cell Site A, Mumbai City"
KK-CDR-003031,KK00022,Dnyaneshwar Salvi,8655000022,KK00017,Anil Tandel,7045000017,2025-04-23 11:07:16,113,voice,701,"Ratnagiri City Cell Site B, Ratnagiri"
KK-CDR-003032,KK00064,Anil Khatib,9820000064,KK00056,Mahesh Bhandari,9833000056,2025-04-23 23:39:01,113,voice,203,"Pydhonie Cell Site A, Mumbai City"
KK-CDR-003033,KK00079,Rafiq Soni,8976000079,KK00213,Ravindra Zaveri,9820000213,2025-04-23 15:57:11,113,voice,110,"Wagle Estate Cell Site A, Thane"
KK-CDR-003034,KK00057,Balkrishna Parekh,8976000057,KK00179,Dattatray Zaveri,9833000179,2025-04-23 16:26:31,113,voice,643,"Dongri Cell Site B, Mumbai City"
KK-CDR-003035,KK00117,Ganesh Bhosale,8976000117,KK00183,Paresh Thakur,9930000183,2025-04-23 13:24:54,113,voice,518,"Wagle Estate Cell Site B, Thane"
KK-CDR-003036,KK00055,Vilas Shinde,8976000055,KK00179,Dattatray Zaveri,9833000179,2025-04-23 08:58:38,113,voice,623,"MRA Marg Cell Site B, Mumbai City"
KK-CDR-003037,KK00033,Shirish Chavan,9422000033,KK00209,Jitendra Kadam,7045000209,2025-04-23 17:23:24,113,voice,387,"Guhagar Cell Site A, Ratnagiri"
KK-CDR-003038,KK00077,Anil Thakur,9833000077,KK00081,Deepak Kadam,9833000081,2025-04-23 17:31:58,113,voice,180,"Naupada Cell Site B, Thane"
KK-CDR-003039,KK00161,Shirish Parab,9833000161,KK00178,Imtiaz Ansari,9323000178,2025-04-24 12:57:07,114,voice,547,"Vartak Nagar Cell Site A, Thane"
KK-CDR-003040,KK00037,Ganesh Deshmukh,9323000037,KK00053,Pravin Bhatkar,9833000053,2025-04-24 12:27:41,114,voice,669,"Andheri Cell Site A, Mumbai Suburban"
KK-CDR-003041,KK00234,Anil Doshi,9930000234,KK00301,Mahesh Salvi,9930000301,2025-04-24 19:30:29,114,voice,282,"Koregaon Park Cell Site A, Pune"
KK-CDR-003042,KK00023,Prakash Deshmukh,8655000023,KK00036,Fayyaz Kadam,9422000036,2025-04-24 06:33:51,114,voice,269,"Guhagar Cell Site B, Ratnagiri"
KK-CDR-003043,KK00064,Anil Khatib,9820000064,KK00062,Paresh Parekh,9820000062,2025-04-24 11:58:07,114,voice,471,"Dongri Cell Site A, Mumbai City"
KK-CDR-003044,KK00067,Shirish Pawar,8976000067,KK00091,Ashok More,9833000091,2025-04-24 15:29:54,114,voice,431,"Wagle Estate Cell Site B, Thane"
KK-CDR-003045,KK00067,Shirish Pawar,8976000067,KK00195,Pravin Kothari,9820000195,2025-04-24 12:50:58,114,voice,837,"Naupada Cell Site B, Thane"
KK-CDR-003046,KK00032,Dattatray Mehta,9860000032,KK00019,Arif Gaikwad,9422000019,2025-04-24 08:27:40,114,voice,645,"Khopoli Cell Site B, Raigad (Uran / JNPT)"
KK-CDR-003047,KK00074,Prakash Bhosale,9323000074,KK00185,Balkrishna Kothari,8976000185,2025-04-24 22:48:16,114,voice,227,"Wagle Estate Cell Site B, Thane"
KK-CDR-003048,KK00059,Salim More,9820000059,KK00058,Dattatray Patil,9833000058,2025-04-24 06:49:10,114,voice,403,"Bandra Cell Site B, Mumbai Suburban"
KK-CDR-003049,KK00065,Dnyaneshwar Bhandari,8976000065,KK00048,Sameer Doshi,9323000048,2025-04-24 18:39:38,114,voice,458,"Sakinaka Cell Site B, Mumbai Suburban"
KK-CDR-003050,KK00001,Nilesh Khatib,8655000001,KK00182,Dnyaneshwar Shinde,9422000182,2025-04-24 11:09:10,114,voice,183,"Dapoli Cell Site A, Ratnagiri"
KK-CDR-003051,KK00348,Jitendra Parab,8976000348,KK00377,Javed Rane,9323000377,2025-04-24 19:36:21,114,voice,503,"Koregaon Park Cell Site A, Pune"
KK-CDR-003052,KK00088,Rajan Sawant,9323000088,KK00178,Imtiaz Ansari,9323000178,2025-04-24 12:10:40,114,voice,420,"Vartak Nagar Cell Site B, Thane"
KK-CDR-003053,KK00015,Balkrishna Shinde,7045000015,KK00029,Pravin Koli,7045000029,2025-04-24 21:25:19,114,voice,209,"Palghar Cell Site A, Palghar"
KK-CDR-003054,KK00009,Dattatray Soni,9860000009,KK00134,Vilas Mehta,9860000134,2025-04-25 13:58:43,115,voice,100,"Nhava Sheva Port Cell Site A, Raigad (Uran / JNPT)"
KK-CDR-003055,KK00075,Rafiq Pawar,8976000075,KK00071,Arif Salvi,9833000071,2025-04-25 23:06:03,115,voice,678,"Rabodi Cell Site B, Thane"
KK-CDR-003056,KK00050,Shirish Patil,9833000050,KK00102,Hitesh Kothari,9820000102,2025-04-25 22:18:40,115,voice,766,"Pydhonie Cell Site A, Mumbai City"
KK-CDR-003057,KK00020,Vilas Sawant,9167000020,KK00187,Prakash Salvi,7045000187,2025-04-25 23:25:51,115,voice,231,"Satpati Coastal Cell Site A, Palghar"
KK-CDR-003058,KK00066,Hanif Chavan,9833000066,KK00111,Deepak Tandel,9820000111,2025-04-25 21:04:21,115,voice,722,"LT Marg Cell Site B, Mumbai City"
KK-CDR-003059,KK00069,Imtiaz Kadam,9323000069,KK00081,Deepak Kadam,9833000081,2025-04-25 21:16:11,115,voice,264,"Naupada Cell Site A, Thane"
KK-CDR-003060,KK00090,Arif Mhatre,9930000090,KK00077,Anil Thakur,9833000077,2025-04-25 09:29:19,115,voice,670,"Wagle Estate Cell Site B, Thane"
KK-CDR-003061,KK00064,Anil Khatib,9820000064,KK00063,Sameer Koli,9323000063,2025-04-25 08:54:26,115,voice,333,"LT Marg Cell Site B, Mumbai City"
KK-CDR-003062,KK00002,Iqbal Naik,9860000002,KK00011,Yogesh Kadam,7045000011,2025-04-25 10:58:39,115,voice,271,"Panvel Taluka Cell Site A, Raigad (Uran / JNPT)"
KK-CDR-003063,KK00012,Bhavesh Parekh,9860000012,KK00035,Balkrishna Shaikh,9167000035,2025-04-25 14:11:15,115,voice,815,"Nhava Sheva Port Cell Site B, Raigad (Uran / JNPT)"
KK-CDR-003064,KK00055,Vilas Shinde,8976000055,KK00046,Shabbir Shaikh,9820000046,2025-04-25 06:07:56,115,voice,131,"Dongri Cell Site B, Mumbai City"
KK-CDR-003065,KK00056,Mahesh Bhandari,9833000056,KK00063,Sameer Koli,9323000063,2025-04-25 12:34:48,115,voice,210,"Bandra Cell Site A, Mumbai Suburban"
KK-CDR-003066,KK00287,Jitendra Bhatkar,9833000287,KK00230,Imtiaz Mehta,8976000230,2025-04-25 08:12:26,115,voice,397,"Ghatkopar Cell Site A, Mumbai Suburban"
KK-CDR-003067,KK00016,Anil Tandel,9167000016,KK00018,Suhas Sanghvi,9167000018,2025-04-25 09:57:28,115,voice,24,"Dapoli Cell Site A, Ratnagiri"
KK-CDR-003068,KK00135,Deepak Sanghvi,7045000135,KK00205,Mangesh Koli,7045000205,2025-04-25 07:00:53,115,voice,419,"Harnai Coastal Cell Site A, Ratnagiri"
KK-CDR-003069,KK00057,Balkrishna Parekh,8976000057,KK00194,Nilesh Bhandari,9323000194,2025-04-25 07:09:02,115,voice,313,"VP Road Cell Site A, Mumbai City"
KK-CDR-003070,KK00064,Anil Khatib,9820000064,KK00045,Kishor Sanghvi,9833000045,2025-04-25 06:04:25,115,voice,296,"Pydhonie Cell Site B, Mumbai City"
KK-CDR-003071,KK00027,Hanif Shinde,9422000027,KK00030,Vilas Khatib,8655000030,2025-04-26 13:48:29,116,voice,88,"Panvel Taluka Cell Site A, Raigad (Uran / JNPT)"
KK-CDR-003072,KK00035,Balkrishna Shaikh,9167000035,KK00007,Santosh Sanghvi,9167000007,2025-04-26 20:00:51,116,voice,805,"Satpati Coastal Cell Site A, Palghar"
KK-CDR-003073,KK00062,Paresh Parekh,9820000062,KK00047,Santosh Thakur,9833000047,2025-04-26 23:29:54,116,voice,116,"Ghatkopar Cell Site B, Mumbai Suburban"
KK-CDR-003074,KK00061,Sameer Soni,9820000061,KK00151,Deepak Mehta,9820000151,2025-04-26 14:43:19,116,voice,543,"MRA Marg Cell Site A, Mumbai City"
KK-CDR-003075,KK00078,Shirish Salvi,9833000078,KK00143,Shabbir Surve,9930000143,2025-04-26 12:37:52,116,voice,767,"Rabodi Cell Site A, Thane"
KK-CDR-003076,KK00041,Dnyaneshwar Parab,9930000041,KK00060,Mangesh Tandel,9820000060,2025-04-26 13:37:22,116,voice,263,"Kurla Cell Site A, Mumbai Suburban"
KK-CDR-003077,KK00060,Mangesh Tandel,9820000060,KK00045,Kishor Sanghvi,9833000045,2025-04-26 14:59:09,116,voice,291,"Andheri Cell Site B, Mumbai Suburban"
KK-CDR-003078,KK00034,Rakesh Doshi,9860000034,KK00024,Nilesh Parekh,9422000024,2025-04-26 21:42:29,116,voice,115,"Nhava Sheva Port Cell Site B, Raigad (Uran / JNPT)"
KK-CDR-003079,KK00091,Ashok More,9833000091,KK00088,Rajan Sawant,9323000088,2025-04-26 17:33:27,116,voice,713,"Kapurbawdi Cell Site B, Thane"
KK-CDR-003080,KK00159,Hitesh Sayyed,8976000159,KK00215,Pravin Sayyed,9930000215,2025-04-26 10:43:36,116,voice,611,"MRA Marg Cell Site A, Mumbai City"
KK-CDR-003081,KK00094,Iqbal Patil,9833000094,KK00081,Deepak Kadam,9833000081,2025-04-26 06:59:30,116,voice,363,"Kapurbawdi Cell Site A, Thane"
KK-CDR-003082,KK00030,Vilas Khatib,8655000030,KK00170,Kishor Thakur,9860000170,2025-04-26 23:07:27,116,voice,26,"Harnai Coastal Cell Site A, Ratnagiri"
KK-CDR-003083,KK00021,Santosh Bhandari,9422000021,KK00003,Deepak Pawar,9167000003,2025-04-27 18:36:25,117,voice,450,"Harnai Coastal Cell Site A, Ratnagiri"
KK-CDR-003084,KK00029,Pravin Koli,7045000029,KK00002,Iqbal Naik,9860000002,2025-04-27 20:09:39,117,voice,632,"Palghar Cell Site B, Palghar"
KK-CDR-003085,KK00083,Sachin Naik,9930000083,KK00117,Ganesh Bhosale,8976000117,2025-04-27 09:49:49,117,voice,603,"Naupada Cell Site B, Thane"
KK-CDR-003086,KK00081,Deepak Kadam,9833000081,KK00069,Imtiaz Kadam,9323000069,2025-04-27 08:04:41,117,voice,643,"Naupada Cell Site B, Thane"
KK-CDR-003087,KK00019,Arif Gaikwad,9422000019,KK00016,Anil Tandel,9167000016,2025-04-27 15:46:38,117,voice,640,"Palghar Cell Site B, Palghar"
KK-CDR-003088,KK00242,Santosh Bhatkar,8976000242,KK00298,Umesh Rane,9833000298,2025-04-27 09:13:43,117,voice,516,"Kapurbawdi Cell Site A, Thane"
KK-CDR-003089,KK00200,Vilas Pawar,9323000200,KK00119,Prakash Doshi,9323000119,2025-04-27 11:34:36,117,voice,858,"Vartak Nagar Cell Site A, Thane"
KK-CDR-003090,KK00078,Shirish Salvi,9833000078,KK00146,Rajan Zaveri,9323000146,2025-04-27 15:07:15,117,voice,383,"Naupada Cell Site B, Thane"
KK-CDR-003091,KK00070,Hanif Kadam,9323000070,KK00195,Pravin Kothari,9820000195,2025-04-27 18:11:18,117,voice,681,"Vartak Nagar Cell Site B, Thane"
KK-CDR-003092,KK00063,Sameer Koli,9323000063,KK00057,Balkrishna Parekh,8976000057,2025-04-27 06:05:48,117,voice,204,"LT Marg Cell Site B, Mumbai City"
KK-CDR-003093,KK00007,Santosh Sanghvi,9167000007,KK00028,Sameer Kulkarni,9422000028,2025-04-27 16:27:49,117,voice,106,"Ratnagiri City Cell Site A, Ratnagiri"
KK-CDR-003094,KK00094,Iqbal Patil,9833000094,KK00072,Yogesh Momin,9833000072,2025-04-27 22:40:22,117,voice,299,"Vartak Nagar Cell Site B, Thane"
KK-CDR-003095,KK00021,Santosh Bhandari,9422000021,KK00002,Iqbal Naik,9860000002,2025-04-27 22:05:30,117,voice,387,"Ratnagiri City Cell Site B, Ratnagiri"
KK-CDR-003096,KK00024,Nilesh Parekh,9422000024,KK00028,Sameer Kulkarni,9422000028,2025-04-27 08:23:22,117,voice,344,"Panvel Taluka Cell Site B, Raigad (Uran / JNPT)"
KK-CDR-003097,KK00042,Shabbir Jadhav,9930000042,KK00062,Paresh Parekh,9820000062,2025-04-27 08:12:05,117,voice,861,"Kurla Cell Site A, Mumbai Suburban"
KK-CDR-003098,KK00057,Balkrishna Parekh,8976000057,KK00043,Vinod Mehta,9323000043,2025-04-27 17:17:25,117,voice,496,"VP Road Cell Site A, Mumbai City"
KK-CDR-003099,KK00024,Nilesh Parekh,9422000024,KK00012,Bhavesh Parekh,9860000012,2025-04-27 06:50:49,117,voice,204,"Nhava Sheva Port Cell Site A, Raigad (Uran / JNPT)"
KK-CDR-003100,KK00018,Suhas Sanghvi,9167000018,KK00036,Fayyaz Kadam,9422000036,2025-04-27 06:23:24,117,voice,862,"Harnai Coastal Cell Site A, Ratnagiri"
KK-CDR-003101,KK00007,Santosh Sanghvi,9167000007,KK00011,Yogesh Kadam,7045000011,2025-04-27 22:17:59,117,voice,234,"Harnai Coastal Cell Site B, Ratnagiri"
KK-CDR-003102,KK00017,Anil Tandel,7045000017,KK00034,Rakesh Doshi,9860000034,2025-04-27 14:42:34,117,voice,805,"Nhava Sheva Port Cell Site A, Raigad (Uran / JNPT)"
KK-CDR-003103,KK00008,Vilas Tandel,9860000008,KK00003,Deepak Pawar,9167000003,2025-04-27 13:53:35,117,voice,588,"Khopoli Cell Site A, Raigad (Uran / JNPT)"
KK-CDR-003104,KK00061,Sameer Soni,9820000061,KK00049,Santosh Zaveri,9833000049,2025-04-27 11:04:52,117,voice,570,"MRA Marg Cell Site A, Mumbai City"
KK-CDR-003105,KK00015,Balkrishna Shinde,7045000015,KK00008,Vilas Tandel,9860000008,2025-04-27 08:25:36,117,voice,360,"Nalasopara Cell Site A, Palghar"
KK-CDR-003106,KK00033,Shirish Chavan,9422000033,KK00024,Nilesh Parekh,9422000024,2025-04-27 18:32:14,117,voice,447,"Guhagar Cell Site A, Ratnagiri"
KK-CDR-003107,KK00002,Iqbal Naik,9860000002,KK00024,Nilesh Parekh,9422000024,2025-04-27 12:48:27,117,voice,554,"Uran Cell Site A, Raigad (Uran / JNPT)"
KK-CDR-003108,KK00155,Rakesh Kothari,9422000155,KK00214,Vinod Pawar,7045000214,2025-04-27 19:33:19,117,voice,353,"Vasai Cell Site A, Palghar"
KK-CDR-003109,KK00009,Dattatray Soni,9860000009,KK00002,Iqbal Naik,9860000002,2025-04-27 15:34:45,117,voice,156,"Uran Cell Site B, Raigad (Uran / JNPT)"
KK-CDR-003110,KK00037,Ganesh Deshmukh,9323000037,KK00055,Vilas Shinde,8976000055,2025-04-27 17:33:29,117,voice,575,"Kurla Cell Site A, Mumbai Suburban"
KK-CDR-003111,KK00075,Rafiq Pawar,8976000075,KK00108,Hitesh Bhandari,9930000108,2025-04-27 14:22:07,117,voice,97,"Rabodi Cell Site A, Thane"
KK-CDR-003112,KK00025,Deepak Zaveri,8655000025,KK00035,Balkrishna Shaikh,9167000035,2025-04-27 13:32:24,117,voice,546,"Uran Cell Site A, Raigad (Uran / JNPT)"
KK-CDR-003113,KK00089,Ganesh Naik,8976000089,KK00076,Jitendra Shaikh,9833000076,2025-04-27 06:21:16,117,voice,689,"Rabodi Cell Site A, Thane"
KK-CDR-003114,KK00042,Shabbir Jadhav,9930000042,KK00204,Vilas Desai,9820000204,2025-04-28 08:29:00,118,voice,738,"Kurla Cell Site B, Mumbai Suburban"
KK-CDR-003115,KK00054,Kishor Sawant,9833000054,KK00046,Shabbir Shaikh,9820000046,2025-04-28 11:58:11,118,voice,737,"Sakinaka Cell Site B, Mumbai Suburban"
KK-CDR-003116,KK00060,Mangesh Tandel,9820000060,KK00057,Balkrishna Parekh,8976000057,2025-04-28 19:50:43,118,voice,231,"Ghatkopar Cell Site B, Mumbai Suburban"
KK-CDR-003117,KK00042,Shabbir Jadhav,9930000042,KK00054,Kishor Sawant,9833000054,2025-04-28 19:31:28,118,voice,834,"Andheri Cell Site B, Mumbai Suburban"
KK-CDR-003118,KK00047,Santosh Thakur,9833000047,KK00059,Salim More,9820000059,2025-04-28 21:49:11,118,voice,398,"Kurla Cell Site B, Mumbai Suburban"
KK-CDR-003119,KK00017,Anil Tandel,7045000017,KK00021,Santosh Bhandari,9422000021,2025-04-28 19:36:01,118,voice,348,"Panvel Taluka Cell Site A, Raigad (Uran / JNPT)"
KK-CDR-003120,KK00145,Vilas Ansari,9323000145,KK00184,Iqbal Jadhav,9833000184,2025-04-28 06:46:05,118,voice,859,"Dongri Cell Site B, Mumbai City"
KK-CDR-003121,KK00210,Sameer More,8655000210,KK00098,Yogesh Naik,9167000098,2025-04-28 09:12:46,118,voice,474,"Nhava Sheva Port Cell Site A, Raigad (Uran / JNPT)"
KK-CDR-003122,KK00073,Mangesh Naik,9323000073,KK00094,Iqbal Patil,9833000094,2025-04-28 17:10:57,118,voice,498,"Rabodi Cell Site A, Thane"
KK-CDR-003123,KK00078,Shirish Salvi,9833000078,KK00090,Arif Mhatre,9930000090,2025-04-28 13:08:10,118,voice,753,"Rabodi Cell Site A, Thane"
KK-CDR-003124,KK00053,Pravin Bhatkar,9833000053,KK00046,Shabbir Shaikh,9820000046,2025-04-28 06:14:10,118,voice,86,"Sakinaka Cell Site A, Mumbai Suburban"
KK-CDR-003125,KK00057,Balkrishna Parekh,8976000057,KK00063,Sameer Koli,9323000063,2025-04-28 22:48:04,118,voice,364,"Dongri Cell Site A, Mumbai City"
KK-CDR-003126,KK00036,Fayyaz Kadam,9422000036,KK00028,Sameer Kulkarni,9422000028,2025-04-28 14:40:56,118,voice,141,"Satpati Coastal Cell Site A, Palghar"
KK-CDR-003127,KK00084,Vinod Deshmukh,9833000084,KK00088,Rajan Sawant,9323000088,2025-04-28 16:08:35,118,voice,504,"Wagle Estate Cell Site A, Thane"
KK-CDR-003128,KK00039,Ravindra Bhosale,9323000039,KK00109,Yogesh Gaikwad,8976000109,2025-04-29 23:35:22,119,voice,385,"Dongri Cell Site B, Mumbai City"
KK-CDR-003129,KK00120,Bhavesh Soni,8976000120,KK00158,Balkrishna Naik,9323000158,2025-04-29 12:54:14,119,voice,388,"Rabodi Cell Site A, Thane"
KK-CDR-003130,KK00052,Rakesh Zaveri,8976000052,KK00061,Sameer Soni,9820000061,2025-04-29 10:35:33,119,voice,546,"Andheri Cell Site B, Mumbai Suburban"
KK-CDR-003131,KK00064,Anil Khatib,9820000064,KK00045,Kishor Sanghvi,9833000045,2025-04-29 18:44:30,119,voice,423,"Pydhonie Cell Site A, Mumbai City"
KK-CDR-003132,KK00094,Iqbal Patil,9833000094,KK00088,Rajan Sawant,9323000088,2025-04-29 10:10:56,119,voice,405,"Wagle Estate Cell Site B, Thane"
KK-CDR-003133,KK00089,Ganesh Naik,8976000089,KK00078,Shirish Salvi,9833000078,2025-04-29 18:17:34,119,voice,344,"Naupada Cell Site B, Thane"
KK-CDR-003134,KK00057,Balkrishna Parekh,8976000057,KK00050,Shirish Patil,9833000050,2025-04-29 15:03:37,119,voice,635,"Dongri Cell Site B, Mumbai City"
KK-CDR-003135,KK00078,Shirish Salvi,9833000078,KK00074,Prakash Bhosale,9323000074,2025-04-29 06:23:26,119,voice,72,"Rabodi Cell Site A, Thane"
KK-CDR-003136,KK00013,Kishor Koli,7045000013,KK00032,Dattatray Mehta,9860000032,2025-04-29 18:49:24,119,voice,413,"Satpati Coastal Cell Site B, Palghar"
KK-CDR-003137,KK00057,Balkrishna Parekh,8976000057,KK00039,Ravindra Bhosale,9323000039,2025-04-29 21:01:11,119,voice,678,"MRA Marg Cell Site A, Mumbai City"
KK-CDR-003138,KK00083,Sachin Naik,9930000083,KK00077,Anil Thakur,9833000077,2025-04-29 06:59:13,119,voice,825,"Kapurbawdi Cell Site B, Thane"
KK-CDR-003139,KK00054,Kishor Sawant,9833000054,KK00039,Ravindra Bhosale,9323000039,2025-04-29 12:22:39,119,voice,678,"Ghatkopar Cell Site A, Mumbai Suburban"
KK-CDR-003140,KK00109,Yogesh Gaikwad,8976000109,KK00191,Javed Naik,9323000191,2025-04-29 18:10:32,119,voice,240,"Pydhonie Cell Site B, Mumbai City"
KK-CDR-003141,KK00050,Shirish Patil,9833000050,KK00049,Santosh Zaveri,9833000049,2025-04-29 13:19:06,119,voice,614,"Dongri Cell Site A, Mumbai City"
KK-CDR-003142,KK00080,Rajan Desai,9820000080,KK00076,Jitendra Shaikh,9833000076,2025-04-29 22:30:27,119,voice,560,"Rabodi Cell Site B, Thane"
KK-CDR-003143,KK00135,Deepak Sanghvi,7045000135,KK00122,Salim Kulkarni,8655000122,2025-04-29 18:04:45,119,voice,826,"Ratnagiri City Cell Site A, Ratnagiri"
KK-CDR-003144,KK00076,Jitendra Shaikh,9833000076,KK00093,Rajan Sanghvi,9820000093,2025-04-29 14:27:41,119,voice,179,"Kapurbawdi Cell Site B, Thane"
KK-CDR-003145,KK00016,Anil Tandel,9167000016,KK00030,Vilas Khatib,8655000030,2025-04-29 11:56:30,119,voice,20,"Harnai Coastal Cell Site B, Ratnagiri"
KK-CDR-003146,KK00073,Mangesh Naik,9323000073,KK00087,Rafiq Deshmukh,8976000087,2025-04-29 14:49:10,119,voice,299,"Kapurbawdi Cell Site B, Thane"
KK-CDR-003147,KK00015,Balkrishna Shinde,7045000015,KK00207,Shabbir Pawar,9422000207,2025-04-29 23:12:30,119,voice,656,"Satpati Coastal Cell Site B, Palghar"
KK-CDR-003148,KK00025,Deepak Zaveri,8655000025,KK00008,Vilas Tandel,9860000008,2025-04-29 07:13:08,119,voice,639,"Uran Cell Site B, Raigad (Uran / JNPT)"
KK-CDR-003149,KK00022,Dnyaneshwar Salvi,8655000022,KK00006,Salim Parab,8655000006,2025-04-29 19:52:29,119,voice,584,"Harnai Coastal Cell Site A, Ratnagiri"
KK-CDR-003150,KK00014,Anil Tandel,8655000014,KK00007,Santosh Sanghvi,9167000007,2025-04-29 22:05:01,119,voice,285,"Nalasopara Cell Site A, Palghar"
KK-CDR-003151,KK00062,Paresh Parekh,9820000062,KK00129,Ravindra Sanghvi,8976000129,2025-04-29 08:19:27,119,voice,251,"Bandra Cell Site B, Mumbai Suburban"
KK-CDR-003152,KK00011,Yogesh Kadam,7045000011,KK00036,Fayyaz Kadam,9422000036,2025-04-29 10:25:21,119,voice,578,"Uran Cell Site B, Raigad (Uran / JNPT)"
KK-CDR-003153,KK00066,Hanif Chavan,9833000066,KK00065,Dnyaneshwar Bhandari,8976000065,2025-04-30 14:18:29,120,voice,535,"Dongri Cell Site B, Mumbai City"
KK-CDR-003154,KK00062,Paresh Parekh,9820000062,KK00136,Mangesh Shaikh,9930000136,2025-04-30 12:16:49,120,voice,226,"Bandra Cell Site A, Mumbai Suburban"
KK-CDR-003155,KK00165,Prakash Zaveri,7045000165,KK00116,Yogesh Rane,8655000116,2025-04-30 22:54:00,120,voice,156,"Khopoli Cell Site B, Raigad (Uran / JNPT)"
KK-CDR-003156,KK00067,Shirish Pawar,8976000067,KK00086,Arif Bhosale,8976000086,2025-04-30 23:58:27,120,voice,556,"Vartak Nagar Cell Site B, Thane"
KK-CDR-003157,KK00068,Prakash Koli,9833000068,KK00094,Iqbal Patil,9833000094,2025-04-30 13:45:24,120,voice,357,"Vartak Nagar Cell Site B, Thane"
KK-CDR-003158,KK00037,Ganesh Deshmukh,9323000037,KK00044,Ashok Sayyed,9833000044,2025-04-30 12:51:06,120,voice,412,"Kurla Cell Site B, Mumbai Suburban"
KK-CDR-003159,KK00059,Salim More,9820000059,KK00062,Paresh Parekh,9820000062,2025-04-30 19:34:21,120,voice,836,"Kurla Cell Site A, Mumbai Suburban"
KK-CDR-003160,KK00058,Dattatray Patil,9833000058,KK00065,Dnyaneshwar Bhandari,8976000065,2025-04-30 10:08:24,120,voice,625,"Dongri Cell Site B, Mumbai City"
KK-CDR-003161,KK00071,Arif Salvi,9833000071,KK00081,Deepak Kadam,9833000081,2025-04-30 16:21:45,120,voice,301,"Naupada Cell Site B, Thane"
KK-CDR-003162,KK00089,Ganesh Naik,8976000089,KK00144,Anil Shinde,9323000144,2025-04-30 23:02:51,120,voice,50,"Wagle Estate Cell Site B, Thane"
KK-CDR-003163,KK00041,Dnyaneshwar Parab,9930000041,KK00149,Paresh Khatib,9820000149,2025-04-30 17:41:12,120,voice,895,"Andheri Cell Site B, Mumbai Suburban"
KK-CDR-003164,KK00050,Shirish Patil,9833000050,KK00049,Santosh Zaveri,9833000049,2025-04-30 15:49:08,120,voice,428,"Dongri Cell Site A, Mumbai City"
KK-CDR-003165,KK00067,Shirish Pawar,8976000067,KK00157,Mahesh Bhatkar,9930000157,2025-04-30 08:51:03,120,voice,881,"Vartak Nagar Cell Site A, Thane"
KK-CDR-003166,KK00027,Hanif Shinde,9422000027,KK00001,Nilesh Khatib,8655000001,2025-04-30 16:59:24,120,voice,44,"Uran Cell Site B, Raigad (Uran / JNPT)"
KK-CDR-003167,KK00148,Anil Ansari,9930000148,KK00131,Hitesh Dalvi,8976000131,2025-04-30 11:06:48,120,voice,296,"Naupada Cell Site B, Thane"
KK-CDR-003168,KK00079,Rafiq Soni,8976000079,KK00081,Deepak Kadam,9833000081,2025-04-30 18:33:19,120,voice,247,"Wagle Estate Cell Site B, Thane"
KK-CDR-003169,KK00027,Hanif Shinde,9422000027,KK00030,Vilas Khatib,8655000030,2025-04-30 07:29:35,120,voice,196,"Khopoli Cell Site A, Raigad (Uran / JNPT)"
KK-CDR-003170,KK00006,Salim Parab,8655000006,KK00207,Shabbir Pawar,9422000207,2025-04-30 18:36:10,120,voice,209,"Dapoli Cell Site A, Ratnagiri"
KK-CDR-003171,KK00054,Kishor Sawant,9833000054,KK00044,Ashok Sayyed,9833000044,2025-04-30 11:07:02,120,voice,451,"Ghatkopar Cell Site B, Mumbai Suburban"
KK-CDR-003172,KK00085,Prakash Shaikh,9820000085,KK00075,Rafiq Pawar,8976000075,2025-04-30 13:38:32,120,voice,40,"Rabodi Cell Site A, Thane"
KK-CDR-003173,KK00017,Anil Tandel,7045000017,KK00036,Fayyaz Kadam,9422000036,2025-04-30 13:18:18,120,voice,213,"Nhava Sheva Port Cell Site B, Raigad (Uran / JNPT)"
KK-CDR-003174,KK00194,Nilesh Bhandari,9323000194,KK00197,Fayyaz Dalvi,9820000197,2025-05-01 15:48:14,121,voice,759,"MRA Marg Cell Site A, Mumbai City"
KK-CDR-003175,KK00018,Suhas Sanghvi,9167000018,KK00182,Dnyaneshwar Shinde,9422000182,2025-05-01 18:36:21,121,voice,560,"Dapoli Cell Site B, Ratnagiri"
KK-CDR-003176,KK00091,Ashok More,9833000091,KK00090,Arif Mhatre,9930000090,2025-05-01 11:33:24,121,voice,420,"Rabodi Cell Site B, Thane"
KK-CDR-003177,KK00154,Hanif Thakur,7045000154,KK00140,Salim Kothari,9167000140,2025-05-01 10:51:35,121,voice,566,"Dapoli Cell Site B, Ratnagiri"
KK-CDR-003178,KK00179,Dattatray Zaveri,9833000179,KK00202,Rajan Bhosale,9820000202,2025-05-01 22:33:31,121,voice,441,"Andheri Cell Site A, Mumbai Suburban"
KK-CDR-003179,KK00026,Rafiq Shah,9167000026,KK00003,Deepak Pawar,9167000003,2025-05-01 15:19:19,121,voice,802,"Ratnagiri City Cell Site A, Ratnagiri"
KK-CDR-003180,KK00051,Pravin Kadam,8976000051,KK00060,Mangesh Tandel,9820000060,2025-05-01 09:35:44,121,voice,451,"LT Marg Cell Site B, Mumbai City"
KK-CDR-003181,KK00026,Rafiq Shah,9167000026,KK00022,Dnyaneshwar Salvi,8655000022,2025-05-01 09:25:46,121,voice,855,"Harnai Coastal Cell Site A, Ratnagiri"
KK-CDR-003182,KK00039,Ravindra Bhosale,9323000039,KK00041,Dnyaneshwar Parab,9930000041,2025-05-01 13:16:07,121,voice,177,"VP Road Cell Site A, Mumbai City"
KK-CDR-003183,KK00041,Dnyaneshwar Parab,9930000041,KK00184,Iqbal Jadhav,9833000184,2025-05-01 08:15:54,121,voice,196,"Sakinaka Cell Site A, Mumbai Suburban"
KK-CDR-003184,KK00026,Rafiq Shah,9167000026,KK00021,Santosh Bhandari,9422000021,2025-05-01 22:09:25,121,voice,48,"Guhagar Cell Site A, Ratnagiri"
KK-CDR-003185,KK00034,Rakesh Doshi,9860000034,KK00016,Anil Tandel,9167000016,2025-05-01 10:37:22,121,voice,888,"Uran Cell Site B, Raigad (Uran / JNPT)"
KK-CDR-003186,KK00080,Rajan Desai,9820000080,KK00071,Arif Salvi,9833000071,2025-05-01 18:26:31,121,voice,75,"Naupada Cell Site A, Thane"
KK-CDR-003187,KK00014,Anil Tandel,8655000014,KK00011,Yogesh Kadam,7045000011,2025-05-01 14:50:16,121,voice,220,"Vasai Cell Site B, Palghar"
KK-CDR-003188,KK00052,Rakesh Zaveri,8976000052,KK00048,Sameer Doshi,9323000048,2025-05-01 17:56:21,121,voice,175,"Andheri Cell Site A, Mumbai Suburban"
KK-CDR-003189,KK00160,Dattatray Kothari,9860000160,KK00176,Ravindra Shaikh,8655000176,2025-05-01 08:58:03,121,voice,109,"Ratnagiri City Cell Site A, Ratnagiri"
KK-CDR-003190,KK00064,Anil Khatib,9820000064,KK00128,Mahesh Bhosale,9833000128,2025-05-01 09:20:33,121,voice,188,"MRA Marg Cell Site A, Mumbai City"
KK-CDR-003191,KK00077,Anil Thakur,9833000077,KK00178,Imtiaz Ansari,9323000178,2025-05-02 11:48:04,122,voice,789,"Kapurbawdi Cell Site B, Thane"
KK-CDR-003192,KK00089,Ganesh Naik,8976000089,KK00083,Sachin Naik,9930000083,2025-05-02 13:48:09,122,voice,413,"Kapurbawdi Cell Site A, Thane"
KK-CDR-003193,KK00001,Nilesh Khatib,8655000001,KK00020,Vilas Sawant,9167000020,2025-05-02 16:15:19,122,voice,769,"Harnai Coastal Cell Site A, Ratnagiri"
KK-CDR-003194,KK00016,Anil Tandel,9167000016,KK00036,Fayyaz Kadam,9422000036,2025-05-02 14:21:56,122,voice,428,"Guhagar Cell Site A, Ratnagiri"
KK-CDR-003195,KK00155,Rakesh Kothari,9422000155,KK00154,Hanif Thakur,7045000154,2025-05-02 19:33:56,122,voice,829,"Vasai Cell Site A, Palghar"
KK-CDR-003196,KK00147,Suhas Shinde,9833000147,KK00132,Vilas Kulkarni,9930000132,2025-05-02 08:35:19,122,voice,579,"Naupada Cell Site A, Thane"
KK-CDR-003197,KK00155,Rakesh Kothari,9422000155,KK00173,Rajan Momin,7045000173,2025-05-02 19:26:50,122,voice,807,"Nalasopara Cell Site B, Palghar"
KK-CDR-003198,KK00245,Rakesh Thakur,9323000245,KK00374,Shabbir Dalvi,9833000374,2025-05-02 17:04:24,122,voice,452,"Naupada Cell Site B, Thane"
KK-CDR-003199,KK00021,Santosh Bhandari,9422000021,KK00017,Anil Tandel,7045000017,2025-05-02 06:16:25,122,voice,325,"Ratnagiri City Cell Site B, Ratnagiri"
KK-CDR-003200,KK00081,Deepak Kadam,9833000081,KK00093,Rajan Sanghvi,9820000093,2025-05-02 11:02:22,122,voice,853,"Rabodi Cell Site A, Thane"
KK-CDR-003201,KK00073,Mangesh Naik,9323000073,KK00076,Jitendra Shaikh,9833000076,2025-05-02 11:38:56,122,voice,888,"Kapurbawdi Cell Site B, Thane"
KK-CDR-003202,KK00062,Paresh Parekh,9820000062,KK00041,Dnyaneshwar Parab,9930000041,2025-05-02 07:21:57,122,voice,430,"Andheri Cell Site B, Mumbai Suburban"
KK-CDR-003203,KK00053,Pravin Bhatkar,9833000053,KK00050,Shirish Patil,9833000050,2025-05-02 22:30:06,122,voice,697,"Bandra Cell Site B, Mumbai Suburban"
KK-CDR-003204,KK00065,Dnyaneshwar Bhandari,8976000065,KK00053,Pravin Bhatkar,9833000053,2025-05-02 08:59:02,122,voice,861,"Ghatkopar Cell Site B, Mumbai Suburban"
KK-CDR-003205,KK00071,Arif Salvi,9833000071,KK00166,Hitesh Shah,9833000166,2025-05-02 06:59:41,122,voice,791,"Rabodi Cell Site A, Thane"
KK-CDR-003206,KK00037,Ganesh Deshmukh,9323000037,KK00066,Hanif Chavan,9833000066,2025-05-02 19:51:32,122,voice,300,"Sakinaka Cell Site B, Mumbai Suburban"
KK-CDR-003207,KK00138,Vinod Desai,8655000138,KK00210,Sameer More,8655000210,2025-05-02 22:48:31,122,voice,65,"Palghar Cell Site B, Palghar"
KK-CDR-003208,KK00069,Imtiaz Kadam,9323000069,KK00079,Rafiq Soni,8976000079,2025-05-02 13:38:00,122,voice,750,"Kapurbawdi Cell Site B, Thane"
KK-CDR-003209,KK00033,Shirish Chavan,9422000033,KK00008,Vilas Tandel,9860000008,2025-05-02 10:10:04,122,voice,144,"Dapoli Cell Site A, Ratnagiri"
KK-CDR-003210,KK00108,Hitesh Bhandari,9930000108,KK00203,Hanif Koli,8976000203,2025-05-02 19:23:49,122,voice,775,"Vartak Nagar Cell Site A, Thane"
KK-CDR-003211,KK00071,Arif Salvi,9833000071,KK00078,Shirish Salvi,9833000078,2025-05-03 17:50:12,123,voice,160,"Naupada Cell Site A, Thane"
KK-CDR-003212,KK00081,Deepak Kadam,9833000081,KK00077,Anil Thakur,9833000077,2025-05-03 18:46:59,123,voice,60,"Vartak Nagar Cell Site A, Thane"
KK-CDR-003213,KK00027,Hanif Shinde,9422000027,KK00192,Ashok Parekh,9422000192,2025-05-03 18:09:38,123,voice,517,"Panvel Taluka Cell Site B, Raigad (Uran / JNPT)"
KK-CDR-003214,KK00068,Prakash Koli,9833000068,KK00089,Ganesh Naik,8976000089,2025-05-03 13:03:37,123,voice,264,"Rabodi Cell Site B, Thane"
KK-CDR-003215,KK00058,Dattatray Patil,9833000058,KK00174,Hitesh Sanghvi,9820000174,2025-05-03 08:48:33,123,voice,656,"MRA Marg Cell Site A, Mumbai City"
KK-CDR-003216,KK00148,Anil Ansari,9930000148,KK00130,Nitin Doshi,8976000130,2025-05-03 23:46:55,123,voice,367,"Kapurbawdi Cell Site A, Thane"
KK-CDR-003217,KK00101,Javed Bhandari,9833000101,KK00143,Shabbir Surve,9930000143,2025-05-03 16:45:42,123,voice,380,"Rabodi Cell Site B, Thane"
KK-CDR-003218,KK00263,Javed Dalvi,9833000263,KK00376,Ravindra Parab,9930000376,2025-05-03 15:42:17,123,voice,846,"Ghatkopar Cell Site A, Mumbai Suburban"
KK-CDR-003219,KK00027,Hanif Shinde,9422000027,KK00004,Kishor Pawar,9167000004,2025-05-03 12:37:08,123,voice,159,"Khopoli Cell Site B, Raigad (Uran / JNPT)"
KK-CDR-003220,KK00021,Santosh Bhandari,9422000021,KK00019,Arif Gaikwad,9422000019,2025-05-03 22:38:28,123,voice,592,"Harnai Coastal Cell Site B, Ratnagiri"
KK-CDR-003221,KK00010,Hitesh Desai,7045000010,KK00025,Deepak Zaveri,8655000025,2025-05-03 18:12:18,123,voice,679,"Ratnagiri City Cell Site B, Ratnagiri"
KK-CDR-003222,KK00067,Shirish Pawar,8976000067,KK00178,Imtiaz Ansari,9323000178,2025-05-04 21:43:42,124,voice,33,"Rabodi Cell Site B, Thane"
KK-CDR-003223,KK00058,Dattatray Patil,9833000058,KK00041,Dnyaneshwar Parab,9930000041,2025-05-04 17:45:07,124,voice,363,"MRA Marg Cell Site A, Mumbai City"
KK-CDR-003224,KK00042,Shabbir Jadhav,9930000042,KK00058,Dattatray Patil,9833000058,2025-05-04 09:15:56,124,voice,489,"Kurla Cell Site B, Mumbai Suburban"
KK-CDR-003225,KK00278,Hanif Dalvi,8976000278,KK00368,Rakesh Parab,9323000368,2025-05-04 17:01:12,124,voice,885,"Ghatkopar Cell Site B, Mumbai Suburban"
KK-CDR-003226,KK00018,Suhas Sanghvi,9167000018,KK00022,Dnyaneshwar Salvi,8655000022,2025-05-04 16:24:44,124,voice,271,"Dapoli Cell Site A, Ratnagiri"
KK-CDR-003227,KK00017,Anil Tandel,7045000017,KK00193,Dnyaneshwar Bhosale,9167000193,2025-05-04 09:07:35,124,voice,339,"Khopoli Cell Site A, Raigad (Uran / JNPT)"
KK-CDR-003228,KK00057,Balkrishna Parekh,8976000057,KK00056,Mahesh Bhandari,9833000056,2025-05-05 06:35:23,125,voice,19,"Dongri Cell Site A, Mumbai City"
KK-CDR-003229,KK00001,Nilesh Khatib,8655000001,KK00014,Anil Tandel,8655000014,2025-05-05 08:12:05,125,voice,790,"Dapoli Cell Site B, Ratnagiri"
KK-CDR-003230,KK00311,Vinod Sayyed,9820000311,KK00392,Paresh Momin,9323000392,2025-05-05 14:54:36,125,voice,834,"Ghatkopar Cell Site A, Mumbai Suburban"
KK-CDR-003231,KK00080,Rajan Desai,9820000080,KK00083,Sachin Naik,9930000083,2025-05-05 18:29:26,125,voice,280,"Naupada Cell Site B, Thane"
KK-CDR-003232,KK00034,Rakesh Doshi,9860000034,KK00122,Salim Kulkarni,8655000122,2025-05-05 21:01:51,125,voice,494,"Panvel Taluka Cell Site B, Raigad (Uran / JNPT)"
KK-CDR-003233,KK00046,Shabbir Shaikh,9820000046,KK00110,Kishor Shah,9820000110,2025-05-05 13:03:58,125,voice,560,"Pydhonie Cell Site B, Mumbai City"
KK-CDR-003234,KK00063,Sameer Koli,9323000063,KK00057,Balkrishna Parekh,8976000057,2025-05-05 22:20:43,125,voice,866,"MRA Marg Cell Site B, Mumbai City"
KK-CDR-003235,KK00074,Prakash Bhosale,9323000074,KK00133,Ravindra Chavan,9833000133,2025-05-05 08:34:48,125,voice,660,"Wagle Estate Cell Site A, Thane"
KK-CDR-003236,KK00053,Pravin Bhatkar,9833000053,KK00055,Vilas Shinde,8976000055,2025-05-05 16:42:49,125,voice,348,"Bandra Cell Site B, Mumbai Suburban"
KK-CDR-003237,KK00050,Shirish Patil,9833000050,KK00045,Kishor Sanghvi,9833000045,2025-05-05 09:45:29,125,voice,824,"Pydhonie Cell Site A, Mumbai City"
KK-CDR-003238,KK00178,Imtiaz Ansari,9323000178,KK00158,Balkrishna Naik,9323000158,2025-05-05 18:18:09,125,voice,776,"Naupada Cell Site A, Thane"
KK-CDR-003239,KK00229,Sunil Tandel,9323000229,KK00333,Balkrishna Soni,9833000333,2025-05-05 21:18:42,125,voice,891,"Bund Garden Cell Site A, Pune"
KK-CDR-003240,KK00076,Jitendra Shaikh,9833000076,KK00147,Suhas Shinde,9833000147,2025-05-05 20:00:40,125,voice,852,"Rabodi Cell Site A, Thane"
KK-CDR-003241,KK00012,Bhavesh Parekh,9860000012,KK00114,Dnyaneshwar Bhatkar,9167000114,2025-05-05 18:12:53,125,voice,501,"Panvel Taluka Cell Site A, Raigad (Uran / JNPT)"
KK-CDR-003242,KK00166,Hitesh Shah,9833000166,KK00143,Shabbir Surve,9930000143,2025-05-06 17:28:29,126,voice,619,"Vartak Nagar Cell Site B, Thane"
KK-CDR-003243,KK00187,Prakash Salvi,7045000187,KK00165,Prakash Zaveri,7045000165,2025-05-06 07:19:02,126,voice,774,"Palghar Cell Site A, Palghar"
KK-CDR-003244,KK00016,Anil Tandel,9167000016,KK00006,Salim Parab,8655000006,2025-05-06 10:34:41,126,voice,162,"Dapoli Cell Site A, Ratnagiri"
KK-CDR-003245,KK00390,Salim Pawar,9820000390,KK00389,Dnyaneshwar Doshi,9323000389,2025-05-06 10:09:03,126,voice,274,"Bund Garden Cell Site A, Pune"
KK-CDR-003246,KK00020,Vilas Sawant,9167000020,KK00013,Kishor Koli,7045000013,2025-05-06 06:11:30,126,voice,665,"Nalasopara Cell Site B, Palghar"
KK-CDR-003247,KK00054,Kishor Sawant,9833000054,KK00046,Shabbir Shaikh,9820000046,2025-05-06 22:39:46,126,voice,722,"Sakinaka Cell Site A, Mumbai Suburban"
KK-CDR-003248,KK00047,Santosh Thakur,9833000047,KK00045,Kishor Sanghvi,9833000045,2025-05-06 16:03:56,126,voice,882,"Ghatkopar Cell Site A, Mumbai Suburban"
KK-CDR-003249,KK00045,Kishor Sanghvi,9833000045,KK00038,Iqbal Mehta,9820000038,2025-05-06 19:19:59,126,voice,97,"Kurla Cell Site A, Mumbai Suburban"
KK-CDR-003250,KK00114,Dnyaneshwar Bhatkar,9167000114,KK00171,Dnyaneshwar Dalvi,7045000171,2025-05-06 20:23:02,126,voice,137,"Uran Cell Site A, Raigad (Uran / JNPT)"
KK-CDR-003251,KK00396,Salim Mhatre,9820000396,KK00413,Ravindra Thakur,9833000413,2025-05-06 08:59:26,126,voice,549,"Kapurbawdi Cell Site A, Thane"
KK-CDR-003252,KK00035,Balkrishna Shaikh,9167000035,KK00112,Rakesh Gaikwad,8655000112,2025-05-06 09:32:19,126,voice,803,"Palghar Cell Site A, Palghar"
KK-CDR-003253,KK00020,Vilas Sawant,9167000020,KK00011,Yogesh Kadam,7045000011,2025-05-06 06:51:30,126,voice,587,"Nalasopara Cell Site A, Palghar"
KK-CDR-003254,KK00051,Pravin Kadam,8976000051,KK00050,Shirish Patil,9833000050,2025-05-06 11:32:03,126,voice,215,"MRA Marg Cell Site B, Mumbai City"
KK-CDR-003255,KK00012,Bhavesh Parekh,9860000012,KK00193,Dnyaneshwar Bhosale,9167000193,2025-05-06 20:19:41,126,voice,770,"Panvel Taluka Cell Site A, Raigad (Uran / JNPT)"
KK-CDR-003256,KK00034,Rakesh Doshi,9860000034,KK00135,Deepak Sanghvi,7045000135,2025-05-06 17:03:25,126,voice,880,"Nhava Sheva Port Cell Site B, Raigad (Uran / JNPT)"
KK-CDR-003257,KK00181,Umesh Jadhav,8976000181,KK00169,Sunil Parab,9323000169,2025-05-06 16:40:23,126,voice,701,"MRA Marg Cell Site B, Mumbai City"
KK-CDR-003258,KK00209,Jitendra Kadam,7045000209,KK00165,Prakash Zaveri,7045000165,2025-05-06 13:23:56,126,voice,122,"Harnai Coastal Cell Site A, Ratnagiri"
KK-CDR-003259,KK00061,Sameer Soni,9820000061,KK00056,Mahesh Bhandari,9833000056,2025-05-06 16:37:09,126,voice,241,"VP Road Cell Site A, Mumbai City"
KK-CDR-003260,KK00056,Mahesh Bhandari,9833000056,KK00051,Pravin Kadam,8976000051,2025-05-07 10:20:08,127,voice,464,"Andheri Cell Site B, Mumbai Suburban"
KK-CDR-003261,KK00059,Salim More,9820000059,KK00064,Anil Khatib,9820000064,2025-05-07 19:11:36,127,voice,66,"Ghatkopar Cell Site B, Mumbai Suburban"
KK-CDR-003262,KK00144,Anil Shinde,9323000144,KK00213,Ravindra Zaveri,9820000213,2025-05-07 15:10:47,127,voice,442,"Kapurbawdi Cell Site B, Thane"
KK-CDR-003263,KK00016,Anil Tandel,9167000016,KK00022,Dnyaneshwar Salvi,8655000022,2025-05-07 16:00:34,127,voice,844,"Harnai Coastal Cell Site B, Ratnagiri"
KK-CDR-003264,KK00051,Pravin Kadam,8976000051,KK00042,Shabbir Jadhav,9930000042,2025-05-07 17:13:24,127,voice,271,"VP Road Cell Site A, Mumbai City"
KK-CDR-003265,KK00022,Dnyaneshwar Salvi,8655000022,KK00187,Prakash Salvi,7045000187,2025-05-07 17:13:11,127,voice,767,"Guhagar Cell Site B, Ratnagiri"
KK-CDR-003266,KK00047,Santosh Thakur,9833000047,KK00066,Hanif Chavan,9833000066,2025-05-07 16:25:24,127,voice,421,"Sakinaka Cell Site A, Mumbai Suburban"
KK-CDR-003267,KK00021,Santosh Bhandari,9422000021,KK00029,Pravin Koli,7045000029,2025-05-07 06:34:03,127,voice,837,"Ratnagiri City Cell Site B, Ratnagiri"
KK-CDR-003268,KK00034,Rakesh Doshi,9860000034,KK00028,Sameer Kulkarni,9422000028,2025-05-07 14:11:39,127,voice,277,"Khopoli Cell Site B, Raigad (Uran / JNPT)"
KK-CDR-003269,KK00012,Bhavesh Parekh,9860000012,KK00141,Kishor Doshi,9422000141,2025-05-07 16:37:32,127,voice,228,"Panvel Taluka Cell Site B, Raigad (Uran / JNPT)"
KK-CDR-003270,KK00122,Salim Kulkarni,8655000122,KK00207,Shabbir Pawar,9422000207,2025-05-07 18:00:24,127,voice,235,"Palghar Cell Site A, Palghar"
KK-CDR-003271,KK00001,Nilesh Khatib,8655000001,KK00098,Yogesh Naik,9167000098,2025-05-07 06:59:29,127,voice,687,"Dapoli Cell Site B, Ratnagiri"
KK-CDR-003272,KK00064,Anil Khatib,9820000064,KK00113,Fayyaz Chavan,8976000113,2025-05-07 21:33:05,127,voice,55,"LT Marg Cell Site A, Mumbai City"
KK-CDR-003273,KK00064,Anil Khatib,9820000064,KK00194,Nilesh Bhandari,9323000194,2025-05-07 10:57:38,127,voice,809,"MRA Marg Cell Site B, Mumbai City"
KK-CDR-003274,KK00031,Anil Chavan,8655000031,KK00033,Shirish Chavan,9422000033,2025-05-07 06:34:57,127,voice,223,"Harnai Coastal Cell Site B, Ratnagiri"
KK-CDR-003275,KK00155,Rakesh Kothari,9422000155,KK00187,Prakash Salvi,7045000187,2025-05-07 09:20:16,127,voice,881,"Vasai Cell Site B, Palghar"
KK-CDR-003276,KK00060,Mangesh Tandel,9820000060,KK00174,Hitesh Sanghvi,9820000174,2025-05-07 16:07:30,127,voice,71,"Andheri Cell Site B, Mumbai Suburban"
KK-CDR-003277,KK00081,Deepak Kadam,9833000081,KK00105,Pravin Desai,9323000105,2025-05-07 22:03:04,127,voice,175,"Vartak Nagar Cell Site A, Thane"
KK-CDR-003278,KK00149,Paresh Khatib,9820000149,KK00109,Yogesh Gaikwad,8976000109,2025-05-08 18:29:46,128,voice,520,"Kurla Cell Site A, Mumbai Suburban"
KK-CDR-003279,KK00007,Santosh Sanghvi,9167000007,KK00034,Rakesh Doshi,9860000034,2025-05-08 14:54:06,128,voice,487,"Harnai Coastal Cell Site A, Ratnagiri"
KK-CDR-003280,KK00009,Dattatray Soni,9860000009,KK00001,Nilesh Khatib,8655000001,2025-05-08 18:00:50,128,voice,551,"Khopoli Cell Site B, Raigad (Uran / JNPT)"
KK-CDR-003281,KK00060,Mangesh Tandel,9820000060,KK00062,Paresh Parekh,9820000062,2025-05-08 18:29:21,128,voice,301,"Sakinaka Cell Site B, Mumbai Suburban"
KK-CDR-003282,KK00052,Rakesh Zaveri,8976000052,KK00110,Kishor Shah,9820000110,2025-05-08 23:15:49,128,voice,795,"Kurla Cell Site A, Mumbai Suburban"
KK-CDR-003283,KK00085,Prakash Shaikh,9820000085,KK00088,Rajan Sawant,9323000088,2025-05-08 15:10:33,128,voice,195,"Kapurbawdi Cell Site B, Thane"
KK-CDR-003284,KK00073,Mangesh Naik,9323000073,KK00089,Ganesh Naik,8976000089,2025-05-08 06:23:50,128,voice,167,"Naupada Cell Site A, Thane"
KK-CDR-003285,KK00019,Arif Gaikwad,9422000019,KK00182,Dnyaneshwar Shinde,9422000182,2025-05-08 23:23:39,128,voice,611,"Nalasopara Cell Site B, Palghar"
KK-CDR-003286,KK00022,Dnyaneshwar Salvi,8655000022,KK00001,Nilesh Khatib,8655000001,2025-05-08 11:03:41,128,voice,778,"Ratnagiri City Cell Site B, Ratnagiri"
KK-CDR-003287,KK00042,Shabbir Jadhav,9930000042,KK00168,Rajan Gaikwad,9323000168,2025-05-08 18:56:23,128,voice,608,"Andheri Cell Site A, Mumbai Suburban"
KK-CDR-003288,KK00183,Paresh Thakur,9930000183,KK00211,Nitin Parekh,9820000211,2025-05-08 21:01:43,128,voice,334,"Rabodi Cell Site A, Thane"
KK-CDR-003289,KK00020,Vilas Sawant,9167000020,KK00035,Balkrishna Shaikh,9167000035,2025-05-08 08:22:24,128,voice,38,"Vasai Cell Site B, Palghar"
KK-CDR-003290,KK00017,Anil Tandel,7045000017,KK00015,Balkrishna Shinde,7045000015,2025-05-08 22:07:46,128,voice,236,"Uran Cell Site A, Raigad (Uran / JNPT)"
KK-CDR-003291,KK00093,Rajan Sanghvi,9820000093,KK00144,Anil Shinde,9323000144,2025-05-08 12:49:57,128,voice,637,"Wagle Estate Cell Site A, Thane"
KK-CDR-003292,KK00052,Rakesh Zaveri,8976000052,KK00049,Santosh Zaveri,9833000049,2025-05-08 18:35:10,128,voice,147,"Kurla Cell Site A, Mumbai Suburban"
KK-CDR-003293,KK00076,Jitendra Shaikh,9833000076,KK00075,Rafiq Pawar,8976000075,2025-05-08 12:56:45,128,voice,23,"Kapurbawdi Cell Site B, Thane"
KK-CDR-003294,KK00062,Paresh Parekh,9820000062,KK00065,Dnyaneshwar Bhandari,8976000065,2025-05-08 10:39:10,128,voice,652,"Sakinaka Cell Site B, Mumbai Suburban"
KK-CDR-003295,KK00309,Mangesh Bhandari,9930000309,KK00257,Sameer Bhatkar,9323000257,2025-05-09 08:48:31,129,voice,381,"Wagle Estate Cell Site A, Thane"
KK-CDR-003296,KK00083,Sachin Naik,9930000083,KK00077,Anil Thakur,9833000077,2025-05-09 20:02:27,129,voice,70,"Wagle Estate Cell Site B, Thane"
KK-CDR-003297,KK00026,Rafiq Shah,9167000026,KK00138,Vinod Desai,8655000138,2025-05-09 12:09:34,129,voice,709,"Ratnagiri City Cell Site A, Ratnagiri"
KK-CDR-003298,KK00044,Ashok Sayyed,9833000044,KK00128,Mahesh Bhosale,9833000128,2025-05-09 06:38:00,129,voice,748,"Dongri Cell Site B, Mumbai City"
KK-CDR-003299,KK00025,Deepak Zaveri,8655000025,KK00021,Santosh Bhandari,9422000021,2025-05-09 17:04:26,129,voice,159,"Panvel Taluka Cell Site A, Raigad (Uran / JNPT)"
KK-CDR-003300,KK00010,Hitesh Desai,7045000010,KK00019,Arif Gaikwad,9422000019,2025-05-09 19:40:54,129,voice,290,"Ratnagiri City Cell Site A, Ratnagiri"
KK-CDR-003301,KK00116,Yogesh Rane,8655000116,KK00196,Nitin Sayyed,9422000196,2025-05-09 14:45:58,129,voice,246,"Uran Cell Site B, Raigad (Uran / JNPT)"
KK-CDR-003302,KK00037,Ganesh Deshmukh,9323000037,KK00149,Paresh Khatib,9820000149,2025-05-09 20:27:53,129,voice,372,"Sakinaka Cell Site B, Mumbai Suburban"
KK-CDR-003303,KK00205,Mangesh Koli,7045000205,KK00182,Dnyaneshwar Shinde,9422000182,2025-05-09 10:59:36,129,voice,569,"Khopoli Cell Site A, Raigad (Uran / JNPT)"
KK-CDR-003304,KK00110,Kishor Shah,9820000110,KK00159,Hitesh Sayyed,8976000159,2025-05-09 23:28:45,129,voice,760,"Pydhonie Cell Site A, Mumbai City"
KK-CDR-003305,KK00018,Suhas Sanghvi,9167000018,KK00182,Dnyaneshwar Shinde,9422000182,2025-05-09 09:51:04,129,voice,212,"Guhagar Cell Site B, Ratnagiri"
KK-CDR-003306,KK00067,Shirish Pawar,8976000067,KK00070,Hanif Kadam,9323000070,2025-05-09 07:22:20,129,voice,748,"Naupada Cell Site A, Thane"
KK-CDR-003307,KK00028,Sameer Kulkarni,9422000028,KK00019,Arif Gaikwad,9422000019,2025-05-09 22:25:42,129,voice,831,"Satpati Coastal Cell Site B, Palghar"
KK-CDR-003308,KK00091,Ashok More,9833000091,KK00084,Vinod Deshmukh,9833000084,2025-05-09 09:02:44,129,voice,371,"Rabodi Cell Site B, Thane"
KK-CDR-003309,KK00093,Rajan Sanghvi,9820000093,KK00088,Rajan Sawant,9323000088,2025-05-09 10:53:36,129,voice,549,"Naupada Cell Site A, Thane"
KK-CDR-003310,KK00061,Sameer Soni,9820000061,KK00062,Paresh Parekh,9820000062,2025-05-09 11:08:20,129,voice,625,"Dongri Cell Site A, Mumbai City"
KK-CDR-003311,KK00070,Hanif Kadam,9323000070,KK00081,Deepak Kadam,9833000081,2025-05-09 07:16:50,129,voice,173,"Kapurbawdi Cell Site B, Thane"
KK-CDR-003312,KK00022,Dnyaneshwar Salvi,8655000022,KK00003,Deepak Pawar,9167000003,2025-05-09 14:47:01,129,voice,740,"Harnai Coastal Cell Site A, Ratnagiri"
KK-CDR-003313,KK00081,Deepak Kadam,9833000081,KK00078,Shirish Salvi,9833000078,2025-05-09 22:46:42,129,voice,788,"Kapurbawdi Cell Site B, Thane"
KK-CDR-003314,KK00005,Kishor Ansari,8655000005,KK00028,Sameer Kulkarni,9422000028,2025-05-09 16:59:50,129,voice,274,"Nalasopara Cell Site B, Palghar"
KK-CDR-003315,KK00073,Mangesh Naik,9323000073,KK00092,Suhas Parekh,9930000092,2025-05-09 08:32:02,129,voice,688,"Rabodi Cell Site A, Thane"
KK-CDR-003316,KK00209,Jitendra Kadam,7045000209,KK00138,Vinod Desai,8655000138,2025-05-09 06:06:01,129,voice,398,"Harnai Coastal Cell Site A, Ratnagiri"
KK-CDR-003317,KK00057,Balkrishna Parekh,8976000057,KK00174,Hitesh Sanghvi,9820000174,2025-05-09 21:49:36,129,voice,92,"Dongri Cell Site B, Mumbai City"
KK-CDR-003318,KK00048,Sameer Doshi,9323000048,KK00053,Pravin Bhatkar,9833000053,2025-05-09 16:14:25,129,voice,898,"Dongri Cell Site A, Mumbai City"
KK-CDR-003319,KK00020,Vilas Sawant,9167000020,KK00018,Suhas Sanghvi,9167000018,2025-05-10 21:49:50,130,voice,766,"Satpati Coastal Cell Site B, Palghar"
KK-CDR-003320,KK00052,Rakesh Zaveri,8976000052,KK00123,Nitin Shaikh,8976000123,2025-05-10 10:20:48,130,voice,699,"Ghatkopar Cell Site B, Mumbai Suburban"
KK-CDR-003321,KK00044,Ashok Sayyed,9833000044,KK00066,Hanif Chavan,9833000066,2025-05-10 22:06:55,130,voice,719,"Pydhonie Cell Site A, Mumbai City"
KK-CDR-003322,KK00107,Yogesh Bhosale,9820000107,KK00179,Dattatray Zaveri,9833000179,2025-05-10 22:22:24,130,voice,55,"Dongri Cell Site A, Mumbai City"
KK-CDR-003323,KK00076,Jitendra Shaikh,9833000076,KK00180,Iqbal Parab,9820000180,2025-05-10 13:53:58,130,voice,428,"Wagle Estate Cell Site A, Thane"
KK-CDR-003324,KK00035,Balkrishna Shaikh,9167000035,KK00112,Rakesh Gaikwad,8655000112,2025-05-10 11:02:47,130,voice,376,"Satpati Coastal Cell Site B, Palghar"
KK-CDR-003325,KK00131,Hitesh Dalvi,8976000131,KK00186,Santosh Kadam,9833000186,2025-05-10 16:11:45,130,voice,885,"Kapurbawdi Cell Site B, Thane"
KK-CDR-003326,KK00064,Anil Khatib,9820000064,KK00050,Shirish Patil,9833000050,2025-05-10 14:33:29,130,voice,686,"Pydhonie Cell Site A, Mumbai City"
KK-CDR-003327,KK00210,Sameer More,8655000210,KK00214,Vinod Pawar,7045000214,2025-05-10 23:41:11,130,voice,770,"Khopoli Cell Site B, Raigad (Uran / JNPT)"
KK-CDR-003328,KK00046,Shabbir Shaikh,9820000046,KK00052,Rakesh Zaveri,8976000052,2025-05-10 20:35:25,130,voice,112,"LT Marg Cell Site B, Mumbai City"
KK-CDR-003329,KK00028,Sameer Kulkarni,9422000028,KK00004,Kishor Pawar,9167000004,2025-05-10 22:08:58,130,voice,511,"Palghar Cell Site B, Palghar"
KK-CDR-003330,KK00010,Hitesh Desai,7045000010,KK00023,Prakash Deshmukh,8655000023,2025-05-10 13:04:48,130,voice,594,"Ratnagiri City Cell Site B, Ratnagiri"
KK-CDR-003331,KK00051,Pravin Kadam,8976000051,KK00052,Rakesh Zaveri,8976000052,2025-05-10 20:34:25,130,voice,429,"LT Marg Cell Site A, Mumbai City"
KK-CDR-003332,KK00040,Rajan Ansari,9930000040,KK00111,Deepak Tandel,9820000111,2025-05-10 16:58:39,130,voice,874,"LT Marg Cell Site A, Mumbai City"
KK-CDR-003333,KK00087,Rafiq Deshmukh,8976000087,KK00067,Shirish Pawar,8976000067,2025-05-10 13:19:23,130,voice,146,"Rabodi Cell Site A, Thane"
KK-CDR-003334,KK00345,Arif Chavan,9930000345,KK00347,Hitesh Gaikwad,8976000347,2025-05-10 07:16:01,130,voice,159,"Rabodi Cell Site A, Thane"
KK-CDR-003335,KK00084,Vinod Deshmukh,9833000084,KK00078,Shirish Salvi,9833000078,2025-05-10 13:53:00,130,voice,121,"Kapurbawdi Cell Site A, Thane"
KK-CDR-003336,KK00067,Shirish Pawar,8976000067,KK00073,Mangesh Naik,9323000073,2025-05-10 08:50:14,130,voice,383,"Wagle Estate Cell Site B, Thane"
KK-CDR-003337,KK00121,Mangesh Doshi,9930000121,KK00212,Rafiq Kothari,8976000212,2025-05-10 09:29:16,130,voice,546,"Naupada Cell Site A, Thane"
KK-CDR-003338,KK00110,Kishor Shah,9820000110,KK00172,Nilesh Kadam,8976000172,2025-05-10 08:10:16,130,voice,654,"VP Road Cell Site B, Mumbai City"
KK-CDR-003339,KK00018,Suhas Sanghvi,9167000018,KK00036,Fayyaz Kadam,9422000036,2025-05-11 17:41:10,131,voice,29,"Harnai Coastal Cell Site A, Ratnagiri"
KK-CDR-003340,KK00061,Sameer Soni,9820000061,KK00041,Dnyaneshwar Parab,9930000041,2025-05-11 06:14:50,131,voice,408,"MRA Marg Cell Site B, Mumbai City"
KK-CDR-003341,KK00189,Dattatray Jadhav,9833000189,KK00105,Pravin Desai,9323000105,2025-05-11 23:37:59,131,voice,560,"Vartak Nagar Cell Site A, Thane"
KK-CDR-003342,KK00018,Suhas Sanghvi,9167000018,KK00154,Hanif Thakur,7045000154,2025-05-11 09:51:59,131,voice,356,"Harnai Coastal Cell Site A, Ratnagiri"
KK-CDR-003343,KK00032,Dattatray Mehta,9860000032,KK00022,Dnyaneshwar Salvi,8655000022,2025-05-11 18:58:27,131,voice,649,"Uran Cell Site B, Raigad (Uran / JNPT)"
KK-CDR-003344,KK00001,Nilesh Khatib,8655000001,KK00031,Anil Chavan,8655000031,2025-05-11 10:45:47,131,voice,402,"Harnai Coastal Cell Site A, Ratnagiri"
KK-CDR-003345,KK00070,Hanif Kadam,9323000070,KK00148,Anil Ansari,9930000148,2025-05-11 22:12:26,131,voice,492,"Vartak Nagar Cell Site A, Thane"
KK-CDR-003346,KK00006,Salim Parab,8655000006,KK00010,Hitesh Desai,7045000010,2025-05-11 19:45:33,131,voice,606,"Dapoli Cell Site B, Ratnagiri"
KK-CDR-003347,KK00065,Dnyaneshwar Bhandari,8976000065,KK00162,Hanif Deshmukh,9323000162,2025-05-11 21:03:26,131,voice,899,"Sakinaka Cell Site B, Mumbai Suburban"
KK-CDR-003348,KK00040,Rajan Ansari,9930000040,KK00066,Hanif Chavan,9833000066,2025-05-11 10:49:20,131,voice,683,"Dongri Cell Site A, Mumbai City"
KK-CDR-003349,KK00037,Ganesh Deshmukh,9323000037,KK00198,Ashok Khatib,9833000198,2025-05-11 23:04:29,131,voice,728,"Sakinaka Cell Site A, Mumbai Suburban"
KK-CDR-003350,KK00088,Rajan Sawant,9323000088,KK00078,Shirish Salvi,9833000078,2025-05-11 19:21:58,131,voice,202,"Vartak Nagar Cell Site A, Thane"
KK-CDR-003351,KK00078,Shirish Salvi,9833000078,KK00067,Shirish Pawar,8976000067,2025-05-11 06:23:58,131,voice,636,"Kapurbawdi Cell Site B, Thane"
KK-CDR-003352,KK00039,Ravindra Bhosale,9323000039,KK00047,Santosh Thakur,9833000047,2025-05-11 11:03:46,131,voice,540,"VP Road Cell Site B, Mumbai City"
KK-CDR-003353,KK00058,Dattatray Patil,9833000058,KK00177,Rakesh Sawant,8976000177,2025-05-12 21:50:18,132,voice,251,"Dongri Cell Site A, Mumbai City"
KK-CDR-003354,KK00057,Balkrishna Parekh,8976000057,KK00061,Sameer Soni,9820000061,2025-05-12 21:37:44,132,voice,229,"MRA Marg Cell Site A, Mumbai City"
KK-CDR-003355,KK00210,Sameer More,8655000210,KK00182,Dnyaneshwar Shinde,9422000182,2025-05-12 20:01:14,132,voice,92,"Panvel Taluka Cell Site B, Raigad (Uran / JNPT)"
KK-CDR-003356,KK00036,Fayyaz Kadam,9422000036,KK00034,Rakesh Doshi,9860000034,2025-05-12 06:25:46,132,voice,634,"Vasai Cell Site A, Palghar"
KK-CDR-003357,KK00002,Iqbal Naik,9860000002,KK00035,Balkrishna Shaikh,9167000035,2025-05-12 18:20:01,132,voice,558,"Nhava Sheva Port Cell Site A, Raigad (Uran / JNPT)"
KK-CDR-003358,KK00195,Pravin Kothari,9820000195,KK00185,Balkrishna Kothari,8976000185,2025-05-12 08:36:16,132,voice,148,"Wagle Estate Cell Site A, Thane"
KK-CDR-003359,KK00087,Rafiq Deshmukh,8976000087,KK00080,Rajan Desai,9820000080,2025-05-12 23:17:01,132,voice,873,"Kapurbawdi Cell Site B, Thane"
KK-CDR-003360,KK00085,Prakash Shaikh,9820000085,KK00120,Bhavesh Soni,8976000120,2025-05-12 23:31:26,132,voice,622,"Vartak Nagar Cell Site B, Thane"
KK-CDR-003361,KK00021,Santosh Bhandari,9422000021,KK00013,Kishor Koli,7045000013,2025-05-12 13:00:33,132,voice,197,"Ratnagiri City Cell Site B, Ratnagiri"
KK-CDR-003362,KK00068,Prakash Koli,9833000068,KK00146,Rajan Zaveri,9323000146,2025-05-12 13:45:28,132,voice,132,"Kapurbawdi Cell Site A, Thane"
KK-CDR-003363,KK00046,Shabbir Shaikh,9820000046,KK00043,Vinod Mehta,9323000043,2025-05-12 19:28:49,132,voice,239,"Pydhonie Cell Site B, Mumbai City"
KK-CDR-003364,KK00047,Santosh Thakur,9833000047,KK00113,Fayyaz Chavan,8976000113,2025-05-12 16:41:11,132,voice,632,"Bandra Cell Site B, Mumbai Suburban"
KK-CDR-003365,KK00034,Rakesh Doshi,9860000034,KK00193,Dnyaneshwar Bhosale,9167000193,2025-05-12 09:14:35,132,voice,868,"Uran Cell Site A, Raigad (Uran / JNPT)"
KK-CDR-003366,KK00012,Bhavesh Parekh,9860000012,KK00134,Vilas Mehta,9860000134,2025-05-12 14:08:04,132,voice,809,"Khopoli Cell Site B, Raigad (Uran / JNPT)"
KK-CDR-003367,KK00018,Suhas Sanghvi,9167000018,KK00025,Deepak Zaveri,8655000025,2025-05-12 13:58:25,132,voice,834,"Guhagar Cell Site B, Ratnagiri"
KK-CDR-003368,KK00051,Pravin Kadam,8976000051,KK00038,Iqbal Mehta,9820000038,2025-05-12 07:10:27,132,voice,796,"MRA Marg Cell Site A, Mumbai City"
KK-CDR-003369,KK00006,Salim Parab,8655000006,KK00022,Dnyaneshwar Salvi,8655000022,2025-05-12 17:30:46,132,voice,591,"Harnai Coastal Cell Site B, Ratnagiri"
KK-CDR-003370,KK00090,Arif Mhatre,9930000090,KK00211,Nitin Parekh,9820000211,2025-05-12 19:32:18,132,voice,176,"Kapurbawdi Cell Site A, Thane"
KK-CDR-003371,KK00031,Anil Chavan,8655000031,KK00150,Rafiq Naik,7045000150,2025-05-12 22:22:22,132,voice,451,"Guhagar Cell Site A, Ratnagiri"
KK-CDR-003372,KK00003,Deepak Pawar,9167000003,KK00125,Mahesh Desai,9422000125,2025-05-12 22:49:52,132,voice,639,"Guhagar Cell Site B, Ratnagiri"
KK-CDR-003373,KK00015,Balkrishna Shinde,7045000015,KK00025,Deepak Zaveri,8655000025,2025-05-12 18:27:28,132,voice,739,"Nalasopara Cell Site A, Palghar"
KK-CDR-003374,KK00047,Santosh Thakur,9833000047,KK00208,Rafiq Momin,9930000208,2025-05-13 21:32:59,133,voice,177,"Andheri Cell Site B, Mumbai Suburban"
KK-CDR-003375,KK00063,Sameer Koli,9323000063,KK00050,Shirish Patil,9833000050,2025-05-13 22:04:49,133,voice,663,"MRA Marg Cell Site A, Mumbai City"
KK-CDR-003376,KK00077,Anil Thakur,9833000077,KK00087,Rafiq Deshmukh,8976000087,2025-05-13 23:30:33,133,voice,684,"Kapurbawdi Cell Site A, Thane"
KK-CDR-003377,KK00002,Iqbal Naik,9860000002,KK00139,Sunil Bhandari,9860000139,2025-05-13 14:45:09,133,voice,882,"Nhava Sheva Port Cell Site B, Raigad (Uran / JNPT)"
KK-CDR-003378,KK00027,Hanif Shinde,9422000027,KK00012,Bhavesh Parekh,9860000012,2025-05-13 22:36:54,133,voice,706,"Khopoli Cell Site A, Raigad (Uran / JNPT)"
KK-CDR-003379,KK00063,Sameer Koli,9323000063,KK00060,Mangesh Tandel,9820000060,2025-05-13 21:25:18,133,voice,108,"Dongri Cell Site A, Mumbai City"
KK-CDR-003380,KK00042,Shabbir Jadhav,9930000042,KK00063,Sameer Koli,9323000063,2025-05-13 09:21:52,133,voice,637,"Andheri Cell Site B, Mumbai Suburban"
KK-CDR-003381,KK00044,Ashok Sayyed,9833000044,KK00063,Sameer Koli,9323000063,2025-05-13 07:33:58,133,voice,878,"Pydhonie Cell Site B, Mumbai City"
KK-CDR-003382,KK00042,Shabbir Jadhav,9930000042,KK00064,Anil Khatib,9820000064,2025-05-13 09:54:08,133,voice,363,"Bandra Cell Site A, Mumbai Suburban"
KK-CDR-003383,KK00123,Nitin Shaikh,8976000123,KK00202,Rajan Bhosale,9820000202,2025-05-13 06:07:35,133,voice,97,"MRA Marg Cell Site A, Mumbai City"
KK-CDR-003384,KK00063,Sameer Koli,9323000063,KK00040,Rajan Ansari,9930000040,2025-05-13 08:42:17,133,voice,443,"LT Marg Cell Site B, Mumbai City"
KK-CDR-003385,KK00006,Salim Parab,8655000006,KK00152,Sachin Zaveri,9860000152,2025-05-13 21:03:34,133,voice,862,"Guhagar Cell Site B, Ratnagiri"
KK-CDR-003386,KK00089,Ganesh Naik,8976000089,KK00148,Anil Ansari,9930000148,2025-05-14 20:25:14,134,voice,277,"Vartak Nagar Cell Site A, Thane"
KK-CDR-003387,KK00066,Hanif Chavan,9833000066,KK00040,Rajan Ansari,9930000040,2025-05-14 22:25:21,134,voice,193,"LT Marg Cell Site B, Mumbai City"
KK-CDR-003388,KK00146,Rajan Zaveri,9323000146,KK00147,Suhas Shinde,9833000147,2025-05-14 23:59:23,134,voice,254,"Naupada Cell Site A, Thane"
KK-CDR-003389,KK00018,Suhas Sanghvi,9167000018,KK00003,Deepak Pawar,9167000003,2025-05-14 10:28:38,134,voice,251,"Ratnagiri City Cell Site A, Ratnagiri"
KK-CDR-003390,KK00152,Sachin Zaveri,9860000152,KK00201,Javed Shah,9860000201,2025-05-14 18:16:16,134,voice,788,"Dapoli Cell Site B, Ratnagiri"
KK-CDR-003391,KK00011,Yogesh Kadam,7045000011,KK00016,Anil Tandel,9167000016,2025-05-14 09:04:21,134,voice,500,"Nhava Sheva Port Cell Site A, Raigad (Uran / JNPT)"
KK-CDR-003392,KK00001,Nilesh Khatib,8655000001,KK00031,Anil Chavan,8655000031,2025-05-14 08:32:55,134,voice,629,"Harnai Coastal Cell Site A, Ratnagiri"
KK-CDR-003393,KK00034,Rakesh Doshi,9860000034,KK00002,Iqbal Naik,9860000002,2025-05-14 12:18:05,134,voice,172,"Uran Cell Site A, Raigad (Uran / JNPT)"
KK-CDR-003394,KK00169,Sunil Parab,9323000169,KK00197,Fayyaz Dalvi,9820000197,2025-05-14 16:12:18,134,voice,115,"Pydhonie Cell Site A, Mumbai City"
KK-CDR-003395,KK00092,Suhas Parekh,9930000092,KK00076,Jitendra Shaikh,9833000076,2025-05-14 17:47:34,134,voice,336,"Vartak Nagar Cell Site A, Thane"
KK-CDR-003396,KK00091,Ashok More,9833000091,KK00073,Mangesh Naik,9323000073,2025-05-14 08:27:05,134,voice,725,"Wagle Estate Cell Site A, Thane"
KK-CDR-003397,KK00188,Bhavesh Bhandari,7045000188,KK00193,Dnyaneshwar Bhosale,9167000193,2025-05-14 13:23:37,134,voice,328,"Ratnagiri City Cell Site A, Ratnagiri"
KK-CDR-003398,KK00039,Ravindra Bhosale,9323000039,KK00206,Rakesh Shah,9323000206,2025-05-14 08:14:39,134,voice,597,"VP Road Cell Site A, Mumbai City"
KK-CDR-003399,KK00017,Anil Tandel,7045000017,KK00210,Sameer More,8655000210,2025-05-14 07:11:56,134,voice,506,"Khopoli Cell Site A, Raigad (Uran / JNPT)"
KK-CDR-003400,KK00085,Prakash Shaikh,9820000085,KK00084,Vinod Deshmukh,9833000084,2025-05-14 21:03:59,134,voice,550,"Naupada Cell Site B, Thane"
KK-CDR-003401,KK00133,Ravindra Chavan,9833000133,KK00121,Mangesh Doshi,9930000121,2025-05-14 21:38:15,134,voice,605,"Rabodi Cell Site A, Thane"
KK-CDR-003402,KK00006,Salim Parab,8655000006,KK00196,Nitin Sayyed,9422000196,2025-05-14 22:29:55,134,voice,732,"Guhagar Cell Site A, Ratnagiri"
KK-CDR-003403,KK00018,Suhas Sanghvi,9167000018,KK00029,Pravin Koli,7045000029,2025-05-14 09:47:06,134,voice,150,"Ratnagiri City Cell Site B, Ratnagiri"
KK-CDR-003404,KK00262,Vinod Jadhav,9323000262,KK00319,Bhavesh Desai,9323000319,2025-05-14 11:05:35,134,voice,188,"Naupada Cell Site A, Thane"
KK-CDR-003405,KK00010,Hitesh Desai,7045000010,KK00171,Dnyaneshwar Dalvi,7045000171,2025-05-14 08:05:29,134,voice,325,"Harnai Coastal Cell Site B, Ratnagiri"
KK-CDR-003406,KK00059,Salim More,9820000059,KK00060,Mangesh Tandel,9820000060,2025-05-14 22:25:09,134,voice,742,"Ghatkopar Cell Site A, Mumbai Suburban"
KK-CDR-003407,KK00015,Balkrishna Shinde,7045000015,KK00013,Kishor Koli,7045000013,2025-05-14 07:58:49,134,voice,338,"Nalasopara Cell Site B, Palghar"
KK-CDR-003408,KK00048,Sameer Doshi,9323000048,KK00038,Iqbal Mehta,9820000038,2025-05-14 09:18:35,134,voice,86,"VP Road Cell Site B, Mumbai City"
KK-CDR-003409,KK00079,Rafiq Soni,8976000079,KK00078,Shirish Salvi,9833000078,2025-05-14 20:29:57,134,voice,274,"Wagle Estate Cell Site B, Thane"
KK-CDR-003410,KK00417,Yogesh Soni,9820000417,KK00371,Imtiaz Kothari,9930000371,2025-05-14 17:21:41,134,voice,900,"Rabodi Cell Site A, Thane"
KK-CDR-003411,KK00184,Iqbal Jadhav,9833000184,KK00198,Ashok Khatib,9833000198,2025-05-14 10:37:53,134,voice,315,"MRA Marg Cell Site B, Mumbai City"
KK-CDR-003412,KK00163,Paresh Patil,9167000163,KK00114,Dnyaneshwar Bhatkar,9167000114,2025-05-15 12:09:29,135,voice,86,"Nalasopara Cell Site B, Palghar"
KK-CDR-003413,KK00063,Sameer Koli,9323000063,KK00039,Ravindra Bhosale,9323000039,2025-05-15 10:14:40,135,voice,592,"Pydhonie Cell Site A, Mumbai City"
KK-CDR-003414,KK00055,Vilas Shinde,8976000055,KK00045,Kishor Sanghvi,9833000045,2025-05-15 10:58:28,135,voice,305,"VP Road Cell Site A, Mumbai City"
KK-CDR-003415,KK00119,Prakash Doshi,9323000119,KK00161,Shirish Parab,9833000161,2025-05-15 08:52:34,135,voice,552,"Kapurbawdi Cell Site A, Thane"
KK-CDR-003416,KK00243,Prakash Dalvi,9833000243,KK00368,Rakesh Parab,9323000368,2025-05-15 08:59:25,135,voice,309,"Faraskhana Cell Site B, Pune"
KK-CDR-003417,KK00038,Iqbal Mehta,9820000038,KK00039,Ravindra Bhosale,9323000039,2025-05-15 22:55:53,135,voice,590,"Kurla Cell Site B, Mumbai Suburban"
KK-CDR-003418,KK00019,Arif Gaikwad,9422000019,KK00139,Sunil Bhandari,9860000139,2025-05-15 06:13:20,135,voice,293,"Palghar Cell Site B, Palghar"
KK-CDR-003419,KK00359,Pravin Sawant,9323000359,KK00321,Salim Gaikwad,9930000321,2025-05-15 16:06:03,135,voice,437,"Kapurbawdi Cell Site B, Thane"
KK-CDR-003420,KK00079,Rafiq Soni,8976000079,KK00078,Shirish Salvi,9833000078,2025-05-15 09:15:43,135,voice,94,"Wagle Estate Cell Site A, Thane"
KK-CDR-003421,KK00023,Prakash Deshmukh,8655000023,KK00008,Vilas Tandel,9860000008,2025-05-15 14:36:15,135,voice,728,"Harnai Coastal Cell Site A, Ratnagiri"
KK-CDR-003422,KK00042,Shabbir Jadhav,9930000042,KK00044,Ashok Sayyed,9833000044,2025-05-15 09:48:03,135,voice,184,"Bandra Cell Site A, Mumbai Suburban"
KK-CDR-003423,KK00089,Ganesh Naik,8976000089,KK00092,Suhas Parekh,9930000092,2025-05-15 19:49:17,135,voice,730,"Rabodi Cell Site B, Thane"
KK-CDR-003424,KK00073,Mangesh Naik,9323000073,KK00080,Rajan Desai,9820000080,2025-05-15 22:21:16,135,voice,261,"Kapurbawdi Cell Site B, Thane"
KK-CDR-003425,KK00019,Arif Gaikwad,9422000019,KK00193,Dnyaneshwar Bhosale,9167000193,2025-05-15 21:44:43,135,voice,314,"Satpati Coastal Cell Site A, Palghar"
KK-CDR-003426,KK00067,Shirish Pawar,8976000067,KK00089,Ganesh Naik,8976000089,2025-05-15 21:40:59,135,voice,286,"Kapurbawdi Cell Site A, Thane"
KK-CDR-003427,KK00052,Rakesh Zaveri,8976000052,KK00037,Ganesh Deshmukh,9323000037,2025-05-16 17:46:00,136,voice,786,"Andheri Cell Site A, Mumbai Suburban"
KK-CDR-003428,KK00363,Arif Pawar,9820000363,KK00245,Rakesh Thakur,9323000245,2025-05-16 13:47:22,136,voice,101,"Koregaon Park Cell Site B, Pune"
KK-CDR-003429,KK00038,Iqbal Mehta,9820000038,KK00061,Sameer Soni,9820000061,2025-05-16 10:25:35,136,voice,312,"Andheri Cell Site B, Mumbai Suburban"
KK-CDR-003430,KK00044,Ashok Sayyed,9833000044,KK00047,Santosh Thakur,9833000047,2025-05-16 11:24:01,136,voice,788,"MRA Marg Cell Site A, Mumbai City"
KK-CDR-003431,KK00092,Suhas Parekh,9930000092,KK00166,Hitesh Shah,9833000166,2025-05-16 08:32:05,136,voice,134,"Wagle Estate Cell Site A, Thane"
KK-CDR-003432,KK00136,Mangesh Shaikh,9930000136,KK00194,Nilesh Bhandari,9323000194,2025-05-16 12:41:21,136,voice,892,"MRA Marg Cell Site B, Mumbai City"
KK-CDR-003433,KK00048,Sameer Doshi,9323000048,KK00111,Deepak Tandel,9820000111,2025-05-16 17:40:31,136,voice,97,"Pydhonie Cell Site A, Mumbai City"
KK-CDR-003434,KK00029,Pravin Koli,7045000029,KK00005,Kishor Ansari,8655000005,2025-05-16 15:26:16,136,voice,451,"Nalasopara Cell Site A, Palghar"
KK-CDR-003435,KK00195,Pravin Kothari,9820000195,KK00186,Santosh Kadam,9833000186,2025-05-16 08:47:33,136,voice,670,"Rabodi Cell Site A, Thane"
KK-CDR-003436,KK00043,Vinod Mehta,9323000043,KK00208,Rafiq Momin,9930000208,2025-05-16 22:30:37,136,voice,854,"Bandra Cell Site B, Mumbai Suburban"
KK-CDR-003437,KK00050,Shirish Patil,9833000050,KK00197,Fayyaz Dalvi,9820000197,2025-05-16 21:56:59,136,voice,387,"MRA Marg Cell Site A, Mumbai City"
KK-CDR-003438,KK00019,Arif Gaikwad,9422000019,KK00034,Rakesh Doshi,9860000034,2025-05-16 09:02:28,136,voice,300,"Nalasopara Cell Site B, Palghar"
KK-CDR-003439,KK00084,Vinod Deshmukh,9833000084,KK00137,Pravin Zaveri,9930000137,2025-05-16 17:23:27,136,voice,162,"Naupada Cell Site A, Thane"
KK-CDR-003440,KK00406,Sameer Bhosale,9833000406,KK00321,Salim Gaikwad,9930000321,2025-05-16 20:12:42,136,voice,88,"Sakinaka Cell Site B, Mumbai Suburban"
KK-CDR-003441,KK00087,Rafiq Deshmukh,8976000087,KK00108,Hitesh Bhandari,9930000108,2025-05-16 06:48:25,136,voice,400,"Kapurbawdi Cell Site B, Thane"
KK-CDR-003442,KK00060,Mangesh Tandel,9820000060,KK00064,Anil Khatib,9820000064,2025-05-16 16:27:43,136,voice,158,"Andheri Cell Site A, Mumbai Suburban"
KK-CDR-003443,KK00031,Anil Chavan,8655000031,KK00012,Bhavesh Parekh,9860000012,2025-05-16 19:20:38,136,voice,836,"Guhagar Cell Site B, Ratnagiri"
KK-CDR-003444,KK00029,Pravin Koli,7045000029,KK00023,Prakash Deshmukh,8655000023,2025-05-17 11:01:10,137,voice,110,"Satpati Coastal Cell Site A, Palghar"
KK-CDR-003445,KK00172,Nilesh Kadam,8976000172,KK00159,Hitesh Sayyed,8976000159,2025-05-17 22:32:48,137,voice,864,"VP Road Cell Site A, Mumbai City"
KK-CDR-003446,KK00076,Jitendra Shaikh,9833000076,KK00067,Shirish Pawar,8976000067,2025-05-17 15:01:02,137,voice,50,"Naupada Cell Site A, Thane"
KK-CDR-003447,KK00083,Sachin Naik,9930000083,KK00178,Imtiaz Ansari,9323000178,2025-05-17 19:42:42,137,voice,29,"Naupada Cell Site A, Thane"
KK-CDR-003448,KK00065,Dnyaneshwar Bhandari,8976000065,KK00059,Salim More,9820000059,2025-05-17 13:08:03,137,voice,822,"Sakinaka Cell Site B, Mumbai Suburban"
KK-CDR-003449,KK00092,Suhas Parekh,9930000092,KK00147,Suhas Shinde,9833000147,2025-05-17 07:36:28,137,voice,606,"Naupada Cell Site B, Thane"
KK-CDR-003450,KK00004,Kishor Pawar,9167000004,KK00034,Rakesh Doshi,9860000034,2025-05-17 17:29:56,137,voice,761,"Khopoli Cell Site A, Raigad (Uran / JNPT)"
KK-CDR-003451,KK00296,Hanif Parekh,9323000296,KK00269,Umesh Kulkarni,9930000269,2025-05-17 13:04:57,137,voice,326,"Kapurbawdi Cell Site A, Thane"
KK-CDR-003452,KK00022,Dnyaneshwar Salvi,8655000022,KK00035,Balkrishna Shaikh,9167000035,2025-05-17 06:19:18,137,voice,40,"Ratnagiri City Cell Site B, Ratnagiri"
KK-CDR-003453,KK00090,Arif Mhatre,9930000090,KK00093,Rajan Sanghvi,9820000093,2025-05-17 13:04:20,137,voice,226,"Kapurbawdi Cell Site B, Thane"
KK-CDR-003454,KK00167,Sameer Parekh,9167000167,KK00138,Vinod Desai,8655000138,2025-05-17 09:18:08,137,voice,725,"Harnai Coastal Cell Site A, Ratnagiri"
KK-CDR-003455,KK00012,Bhavesh Parekh,9860000012,KK00035,Balkrishna Shaikh,9167000035,2025-05-17 16:37:36,137,voice,523,"Khopoli Cell Site B, Raigad (Uran / JNPT)"
KK-CDR-003456,KK00037,Ganesh Deshmukh,9323000037,KK00038,Iqbal Mehta,9820000038,2025-05-17 20:40:53,137,voice,165,"Andheri Cell Site B, Mumbai Suburban"
KK-CDR-003457,KK00124,Sachin Bhosale,8655000124,KK00176,Ravindra Shaikh,8655000176,2025-05-17 21:46:13,137,voice,838,"Panvel Taluka Cell Site B, Raigad (Uran / JNPT)"
KK-CDR-003458,KK00020,Vilas Sawant,9167000020,KK00018,Suhas Sanghvi,9167000018,2025-05-17 15:54:12,137,voice,645,"Vasai Cell Site A, Palghar"
KK-CDR-003459,KK00033,Shirish Chavan,9422000033,KK00015,Balkrishna Shinde,7045000015,2025-05-17 22:33:55,137,voice,812,"Ratnagiri City Cell Site B, Ratnagiri"
KK-CDR-003460,KK00037,Ganesh Deshmukh,9323000037,KK00110,Kishor Shah,9820000110,2025-05-17 08:49:29,137,voice,403,"Andheri Cell Site A, Mumbai Suburban"
KK-CDR-003461,KK00209,Jitendra Kadam,7045000209,KK00214,Vinod Pawar,7045000214,2025-05-17 07:36:43,137,voice,65,"Ratnagiri City Cell Site B, Ratnagiri"
KK-CDR-003462,KK00020,Vilas Sawant,9167000020,KK00014,Anil Tandel,8655000014,2025-05-17 07:50:54,137,voice,179,"Vasai Cell Site B, Palghar"
KK-CDR-003463,KK00057,Balkrishna Parekh,8976000057,KK00059,Salim More,9820000059,2025-05-17 06:36:36,137,voice,29,"Pydhonie Cell Site A, Mumbai City"
KK-CDR-003464,KK00088,Rajan Sawant,9323000088,KK00073,Mangesh Naik,9323000073,2025-05-17 18:50:23,137,voice,772,"Wagle Estate Cell Site A, Thane"
KK-CDR-003465,KK00189,Dattatray Jadhav,9833000189,KK00146,Rajan Zaveri,9323000146,2025-05-17 06:12:14,137,voice,606,"Rabodi Cell Site B, Thane"
KK-CDR-003466,KK00046,Shabbir Shaikh,9820000046,KK00066,Hanif Chavan,9833000066,2025-05-17 12:24:48,137,voice,421,"MRA Marg Cell Site A, Mumbai City"
KK-CDR-003467,KK00001,Nilesh Khatib,8655000001,KK00018,Suhas Sanghvi,9167000018,2025-05-17 10:48:39,137,voice,201,"Ratnagiri City Cell Site B, Ratnagiri"
KK-CDR-003468,KK00134,Vilas Mehta,9860000134,KK00187,Prakash Salvi,7045000187,2025-05-18 20:54:46,138,voice,403,"Ratnagiri City Cell Site A, Ratnagiri"
KK-CDR-003469,KK00026,Rafiq Shah,9167000026,KK00192,Ashok Parekh,9422000192,2025-05-18 19:03:31,138,voice,815,"Guhagar Cell Site A, Ratnagiri"
KK-CDR-003470,KK00010,Hitesh Desai,7045000010,KK00028,Sameer Kulkarni,9422000028,2025-05-18 11:00:39,138,voice,624,"Guhagar Cell Site A, Ratnagiri"
KK-CDR-003471,KK00003,Deepak Pawar,9167000003,KK00021,Santosh Bhandari,9422000021,2025-05-18 11:04:29,138,voice,398,"Guhagar Cell Site B, Ratnagiri"
KK-CDR-003472,KK00045,Kishor Sanghvi,9833000045,KK00037,Ganesh Deshmukh,9323000037,2025-05-18 10:28:51,138,voice,265,"Bandra Cell Site A, Mumbai Suburban"
KK-CDR-003473,KK00038,Iqbal Mehta,9820000038,KK00041,Dnyaneshwar Parab,9930000041,2025-05-18 06:46:57,138,voice,523,"Kurla Cell Site B, Mumbai Suburban"
KK-CDR-003474,KK00062,Paresh Parekh,9820000062,KK00039,Ravindra Bhosale,9323000039,2025-05-18 20:22:10,138,voice,235,"Kurla Cell Site A, Mumbai Suburban"
KK-CDR-003475,KK00077,Anil Thakur,9833000077,KK00094,Iqbal Patil,9833000094,2025-05-18 20:14:25,138,voice,660,"Naupada Cell Site B, Thane"
KK-CDR-003476,KK00011,Yogesh Kadam,7045000011,KK00001,Nilesh Khatib,8655000001,2025-05-18 23:52:40,138,voice,650,"Khopoli Cell Site B, Raigad (Uran / JNPT)"
KK-CDR-003477,KK00048,Sameer Doshi,9323000048,KK00046,Shabbir Shaikh,9820000046,2025-05-18 13:43:38,138,voice,127,"MRA Marg Cell Site B, Mumbai City"
KK-CDR-003478,KK00160,Dattatray Kothari,9860000160,KK00173,Rajan Momin,7045000173,2025-05-18 16:04:17,138,voice,44,"Ratnagiri City Cell Site B, Ratnagiri"
KK-CDR-003479,KK00012,Bhavesh Parekh,9860000012,KK00004,Kishor Pawar,9167000004,2025-05-18 21:05:45,138,voice,295,"Panvel Taluka Cell Site A, Raigad (Uran / JNPT)"
KK-CDR-003480,KK00050,Shirish Patil,9833000050,KK00037,Ganesh Deshmukh,9323000037,2025-05-18 08:29:45,138,voice,452,"MRA Marg Cell Site B, Mumbai City"
KK-CDR-003481,KK00079,Rafiq Soni,8976000079,KK00078,Shirish Salvi,9833000078,2025-05-18 11:25:43,138,voice,588,"Rabodi Cell Site A, Thane"
KK-CDR-003482,KK00055,Vilas Shinde,8976000055,KK00053,Pravin Bhatkar,9833000053,2025-05-19 20:12:17,139,voice,752,"MRA Marg Cell Site B, Mumbai City"
KK-CDR-003483,KK00073,Mangesh Naik,9323000073,KK00074,Prakash Bhosale,9323000074,2025-05-19 09:22:31,139,voice,691,"Kapurbawdi Cell Site A, Thane"
KK-CDR-003484,KK00005,Kishor Ansari,8655000005,KK00031,Anil Chavan,8655000031,2025-05-19 11:35:30,139,voice,250,"Palghar Cell Site A, Palghar"
KK-CDR-003485,KK00092,Suhas Parekh,9930000092,KK00079,Rafiq Soni,8976000079,2025-05-19 10:28:29,139,voice,720,"Vartak Nagar Cell Site B, Thane"
KK-CDR-003486,KK00369,Kishor Sayyed,8976000369,KK00303,Deepak Chavan,9323000303,2025-05-19 23:31:08,139,voice,90,"Bund Garden Cell Site A, Pune"
KK-CDR-003487,KK00042,Shabbir Jadhav,9930000042,KK00048,Sameer Doshi,9323000048,2025-05-19 08:38:41,139,voice,59,"Andheri Cell Site B, Mumbai Suburban"
KK-CDR-003488,KK00004,Kishor Pawar,9167000004,KK00015,Balkrishna Shinde,7045000015,2025-05-19 22:04:36,139,voice,131,"Nhava Sheva Port Cell Site A, Raigad (Uran / JNPT)"
KK-CDR-003489,KK00126,Mangesh Thakur,9833000126,KK00162,Hanif Deshmukh,9323000162,2025-05-19 07:28:14,139,voice,899,"LT Marg Cell Site B, Mumbai City"
KK-CDR-003490,KK00169,Sunil Parab,9323000169,KK00100,Suhas Mehta,9323000100,2025-05-19 22:38:21,139,voice,895,"Pydhonie Cell Site A, Mumbai City"
KK-CDR-003491,KK00020,Vilas Sawant,9167000020,KK00205,Mangesh Koli,7045000205,2025-05-19 22:38:55,139,voice,852,"Satpati Coastal Cell Site B, Palghar"
KK-CDR-003492,KK00053,Pravin Bhatkar,9833000053,KK00045,Kishor Sanghvi,9833000045,2025-05-19 06:27:10,139,voice,495,"Andheri Cell Site A, Mumbai Suburban"
KK-CDR-003493,KK00140,Salim Kothari,9167000140,KK00139,Sunil Bhandari,9860000139,2025-05-19 19:38:29,139,voice,552,"Harnai Coastal Cell Site B, Ratnagiri"
KK-CDR-003494,KK00054,Kishor Sawant,9833000054,KK00043,Vinod Mehta,9323000043,2025-05-19 18:58:46,139,voice,722,"Kurla Cell Site A, Mumbai Suburban"
KK-CDR-003495,KK00130,Nitin Doshi,8976000130,KK00144,Anil Shinde,9323000144,2025-05-19 22:50:25,139,voice,610,"Kapurbawdi Cell Site B, Thane"
KK-CDR-003496,KK00044,Ashok Sayyed,9833000044,KK00063,Sameer Koli,9323000063,2025-05-19 12:26:16,139,voice,99,"Pydhonie Cell Site B, Mumbai City"
KK-CDR-003497,KK00044,Ashok Sayyed,9833000044,KK00043,Vinod Mehta,9323000043,2025-05-19 12:52:01,139,voice,530,"Dongri Cell Site A, Mumbai City"
KK-CDR-003498,KK00051,Pravin Kadam,8976000051,KK00136,Mangesh Shaikh,9930000136,2025-05-19 10:37:45,139,voice,565,"MRA Marg Cell Site B, Mumbai City"
KK-CDR-003499,KK00056,Mahesh Bhandari,9833000056,KK00066,Hanif Chavan,9833000066,2025-05-19 08:38:54,139,voice,709,"Ghatkopar Cell Site B, Mumbai Suburban"
KK-CDR-003500,KK00055,Vilas Shinde,8976000055,KK00040,Rajan Ansari,9930000040,2025-05-19 13:19:56,139,voice,277,"Pydhonie Cell Site B, Mumbai City"
KK-CDR-003501,KK00057,Balkrishna Parekh,8976000057,KK00049,Santosh Zaveri,9833000049,2025-05-19 14:46:11,139,voice,103,"MRA Marg Cell Site B, Mumbai City"
KK-CDR-003502,KK00146,Rajan Zaveri,9323000146,KK00183,Paresh Thakur,9930000183,2025-05-19 23:46:22,139,voice,89,"Vartak Nagar Cell Site B, Thane"
KK-CDR-003503,KK00036,Fayyaz Kadam,9422000036,KK00006,Salim Parab,8655000006,2025-05-19 19:51:39,139,voice,771,"Nalasopara Cell Site A, Palghar"
KK-CDR-003504,KK00069,Imtiaz Kadam,9323000069,KK00080,Rajan Desai,9820000080,2025-05-19 09:04:50,139,voice,646,"Vartak Nagar Cell Site B, Thane"
KK-CDR-003505,KK00072,Yogesh Momin,9833000072,KK00132,Vilas Kulkarni,9930000132,2025-05-19 20:33:46,139,voice,531,"Kapurbawdi Cell Site B, Thane"
KK-CDR-003506,KK00190,Bhavesh Kothari,9323000190,KK00101,Javed Bhandari,9833000101,2025-05-19 23:56:14,139,voice,826,"Kapurbawdi Cell Site A, Thane"
KK-CDR-003507,KK00327,Arif Deshmukh,9820000327,KK00312,Anil Naik,9820000312,2025-05-19 17:45:59,139,voice,179,"Kurla Cell Site A, Mumbai Suburban"
KK-CDR-003508,KK00417,Yogesh Soni,9820000417,KK00352,Anil Parekh,8976000352,2025-05-19 12:53:31,139,voice,112,"Wagle Estate Cell Site B, Thane"
KK-CDR-003509,KK00089,Ganesh Naik,8976000089,KK00080,Rajan Desai,9820000080,2025-05-19 14:20:05,139,voice,715,"Vartak Nagar Cell Site A, Thane"
KK-CDR-003510,KK00177,Rakesh Sawant,8976000177,KK00191,Javed Naik,9323000191,2025-05-19 22:27:22,139,voice,343,"Dongri Cell Site B, Mumbai City"
KK-CDR-003511,KK00059,Salim More,9820000059,KK00038,Iqbal Mehta,9820000038,2025-05-19 12:52:20,139,voice,871,"Bandra Cell Site A, Mumbai Suburban"
KK-CDR-003512,KK00078,Shirish Salvi,9833000078,KK00079,Rafiq Soni,8976000079,2025-05-19 22:26:49,139,voice,98,"Naupada Cell Site B, Thane"
KK-CDR-003513,KK00065,Dnyaneshwar Bhandari,8976000065,KK00064,Anil Khatib,9820000064,2025-05-19 17:20:36,139,voice,482,"Ghatkopar Cell Site B, Mumbai Suburban"
KK-CDR-003514,KK00012,Bhavesh Parekh,9860000012,KK00124,Sachin Bhosale,8655000124,2025-05-19 07:38:25,139,voice,91,"Nhava Sheva Port Cell Site A, Raigad (Uran / JNPT)"
KK-CDR-003515,KK00171,Dnyaneshwar Dalvi,7045000171,KK00127,Ganesh Kadam,7045000127,2025-05-19 08:21:13,139,voice,825,"Uran Cell Site A, Raigad (Uran / JNPT)"
KK-CDR-003516,KK00030,Vilas Khatib,8655000030,KK00138,Vinod Desai,8655000138,2025-05-19 18:15:10,139,voice,624,"Ratnagiri City Cell Site B, Ratnagiri"
KK-CDR-003517,KK00040,Rajan Ansari,9930000040,KK00039,Ravindra Bhosale,9323000039,2025-05-20 23:25:33,140,voice,117,"LT Marg Cell Site B, Mumbai City"
KK-CDR-003518,KK00093,Rajan Sanghvi,9820000093,KK00183,Paresh Thakur,9930000183,2025-05-20 18:40:12,140,voice,174,"Naupada Cell Site B, Thane"
KK-CDR-003519,KK00089,Ganesh Naik,8976000089,KK00069,Imtiaz Kadam,9323000069,2025-05-20 18:32:33,140,voice,666,"Naupada Cell Site A, Thane"
KK-CDR-003520,KK00017,Anil Tandel,7045000017,KK00021,Santosh Bhandari,9422000021,2025-05-20 22:57:57,140,voice,587,"Panvel Taluka Cell Site B, Raigad (Uran / JNPT)"
KK-CDR-003521,KK00090,Arif Mhatre,9930000090,KK00073,Mangesh Naik,9323000073,2025-05-20 17:16:21,140,voice,273,"Rabodi Cell Site B, Thane"
KK-CDR-003522,KK00397,Arif Doshi,9833000397,KK00357,Prakash Surve,9820000357,2025-05-20 20:27:02,140,voice,673,"Koregaon Park Cell Site B, Pune"
KK-CDR-003523,KK00043,Vinod Mehta,9323000043,KK00206,Rakesh Shah,9323000206,2025-05-20 21:31:24,140,voice,492,"Sakinaka Cell Site B, Mumbai Suburban"
KK-CDR-003524,KK00017,Anil Tandel,7045000017,KK00015,Balkrishna Shinde,7045000015,2025-05-20 10:13:42,140,voice,165,"Nhava Sheva Port Cell Site A, Raigad (Uran / JNPT)"
KK-CDR-003525,KK00086,Arif Bhosale,8976000086,KK00097,Arif Kadam,9323000097,2025-05-20 19:33:37,140,voice,47,"Naupada Cell Site B, Thane"
KK-CDR-003526,KK00050,Shirish Patil,9833000050,KK00051,Pravin Kadam,8976000051,2025-05-20 23:13:12,140,voice,147,"Pydhonie Cell Site A, Mumbai City"
KK-CDR-003527,KK00195,Pravin Kothari,9820000195,KK00097,Arif Kadam,9323000097,2025-05-20 16:25:16,140,voice,91,"Wagle Estate Cell Site A, Thane"
KK-CDR-003528,KK00083,Sachin Naik,9930000083,KK00080,Rajan Desai,9820000080,2025-05-20 14:55:06,140,voice,18,"Rabodi Cell Site B, Thane"
KK-CDR-003529,KK00016,Anil Tandel,9167000016,KK00155,Rakesh Kothari,9422000155,2025-05-20 18:14:47,140,voice,754,"Guhagar Cell Site B, Ratnagiri"
KK-CDR-003530,KK00009,Dattatray Soni,9860000009,KK00023,Prakash Deshmukh,8655000023,2025-05-20 19:43:28,140,voice,123,"Nhava Sheva Port Cell Site A, Raigad (Uran / JNPT)"
KK-CDR-003531,KK00083,Sachin Naik,9930000083,KK00067,Shirish Pawar,8976000067,2025-05-20 11:46:50,140,voice,194,"Rabodi Cell Site B, Thane"
KK-CDR-003532,KK00059,Salim More,9820000059,KK00066,Hanif Chavan,9833000066,2025-05-20 16:21:38,140,voice,20,"Kurla Cell Site B, Mumbai Suburban"
KK-CDR-003533,KK00090,Arif Mhatre,9930000090,KK00157,Mahesh Bhatkar,9930000157,2025-05-20 12:57:05,140,voice,610,"Rabodi Cell Site B, Thane"
KK-CDR-003534,KK00072,Yogesh Momin,9833000072,KK00070,Hanif Kadam,9323000070,2025-05-20 13:50:21,140,voice,748,"Vartak Nagar Cell Site A, Thane"
KK-CDR-003535,KK00043,Vinod Mehta,9323000043,KK00126,Mangesh Thakur,9833000126,2025-05-21 06:25:35,141,voice,836,"Andheri Cell Site B, Mumbai Suburban"
KK-CDR-003536,KK00015,Balkrishna Shinde,7045000015,KK00036,Fayyaz Kadam,9422000036,2025-05-21 08:02:00,141,voice,180,"Nalasopara Cell Site B, Palghar"
KK-CDR-003537,KK00018,Suhas Sanghvi,9167000018,KK00027,Hanif Shinde,9422000027,2025-05-21 10:06:41,141,voice,642,"Guhagar Cell Site B, Ratnagiri"
KK-CDR-003538,KK00005,Kishor Ansari,8655000005,KK00015,Balkrishna Shinde,7045000015,2025-05-21 13:14:17,141,voice,206,"Nalasopara Cell Site A, Palghar"
KK-CDR-003539,KK00210,Sameer More,8655000210,KK00114,Dnyaneshwar Bhatkar,9167000114,2025-05-21 17:33:28,141,voice,350,"Panvel Taluka Cell Site B, Raigad (Uran / JNPT)"
KK-CDR-003540,KK00072,Yogesh Momin,9833000072,KK00091,Ashok More,9833000091,2025-05-21 15:17:44,141,voice,224,"Rabodi Cell Site B, Thane"
KK-CDR-003541,KK00132,Vilas Kulkarni,9930000132,KK00105,Pravin Desai,9323000105,2025-05-21 07:50:25,141,voice,626,"Naupada Cell Site A, Thane"
KK-CDR-003542,KK00077,Anil Thakur,9833000077,KK00088,Rajan Sawant,9323000088,2025-05-21 13:57:44,141,voice,450,"Vartak Nagar Cell Site B, Thane"
KK-CDR-003543,KK00068,Prakash Koli,9833000068,KK00082,Kishor Gaikwad,8976000082,2025-05-21 13:39:23,141,voice,108,"Wagle Estate Cell Site A, Thane"
KK-CDR-003544,KK00038,Iqbal Mehta,9820000038,KK00039,Ravindra Bhosale,9323000039,2025-05-21 23:31:44,141,voice,801,"Andheri Cell Site A, Mumbai Suburban"
KK-CDR-003545,KK00023,Prakash Deshmukh,8655000023,KK00170,Kishor Thakur,9860000170,2025-05-21 12:59:47,141,voice,299,"Guhagar Cell Site A, Ratnagiri"
KK-CDR-003546,KK00033,Shirish Chavan,9422000033,KK00023,Prakash Deshmukh,8655000023,2025-05-21 15:01:18,141,voice,863,"Harnai Coastal Cell Site B, Ratnagiri"
KK-CDR-003547,KK00051,Pravin Kadam,8976000051,KK00055,Vilas Shinde,8976000055,2025-05-21 08:54:14,141,voice,900,"MRA Marg Cell Site B, Mumbai City"
KK-CDR-003548,KK00116,Yogesh Rane,8655000116,KK00150,Rafiq Naik,7045000150,2025-05-21 21:48:01,141,voice,855,"Khopoli Cell Site B, Raigad (Uran / JNPT)"
KK-CDR-003549,KK00079,Rafiq Soni,8976000079,KK00089,Ganesh Naik,8976000089,2025-05-21 11:53:22,141,voice,71,"Vartak Nagar Cell Site A, Thane"
KK-CDR-003550,KK00008,Vilas Tandel,9860000008,KK00007,Santosh Sanghvi,9167000007,2025-05-21 20:19:02,141,voice,710,"Panvel Taluka Cell Site B, Raigad (Uran / JNPT)"
KK-CDR-003551,KK00133,Ravindra Chavan,9833000133,KK00180,Iqbal Parab,9820000180,2025-05-21 23:58:34,141,voice,742,"Naupada Cell Site B, Thane"
KK-CDR-003552,KK00015,Balkrishna Shinde,7045000015,KK00023,Prakash Deshmukh,8655000023,2025-05-21 20:44:03,141,voice,578,"Vasai Cell Site A, Palghar"
KK-CDR-003553,KK00042,Shabbir Jadhav,9930000042,KK00168,Rajan Gaikwad,9323000168,2025-05-21 13:54:17,141,voice,797,"Andheri Cell Site A, Mumbai Suburban"
KK-CDR-003554,KK00012,Bhavesh Parekh,9860000012,KK00176,Ravindra Shaikh,8655000176,2025-05-21 20:52:37,141,voice,87,"Nhava Sheva Port Cell Site B, Raigad (Uran / JNPT)"
KK-CDR-003555,KK00029,Pravin Koli,7045000029,KK00031,Anil Chavan,8655000031,2025-05-21 12:38:00,141,voice,559,"Palghar Cell Site B, Palghar"
KK-CDR-003556,KK00005,Kishor Ansari,8655000005,KK00014,Anil Tandel,8655000014,2025-05-21 06:42:47,141,voice,614,"Vasai Cell Site A, Palghar"
KK-CDR-003557,KK00089,Ganesh Naik,8976000089,KK00068,Prakash Koli,9833000068,2025-05-21 07:49:00,141,voice,31,"Wagle Estate Cell Site A, Thane"
KK-CDR-003558,KK00042,Shabbir Jadhav,9930000042,KK00102,Hitesh Kothari,9820000102,2025-05-21 06:34:46,141,voice,315,"Andheri Cell Site A, Mumbai Suburban"
KK-CDR-003559,KK00039,Ravindra Bhosale,9323000039,KK00198,Ashok Khatib,9833000198,2025-05-22 08:32:56,142,voice,499,"Dongri Cell Site B, Mumbai City"
KK-CDR-003560,KK00009,Dattatray Soni,9860000009,KK00014,Anil Tandel,8655000014,2025-05-22 12:08:56,142,voice,404,"Uran Cell Site A, Raigad (Uran / JNPT)"
KK-CDR-003561,KK00021,Santosh Bhandari,9422000021,KK00035,Balkrishna Shaikh,9167000035,2025-05-22 14:18:00,142,voice,39,"Ratnagiri City Cell Site A, Ratnagiri"
KK-CDR-003562,KK00025,Deepak Zaveri,8655000025,KK00023,Prakash Deshmukh,8655000023,2025-05-22 11:16:41,142,voice,175,"Khopoli Cell Site B, Raigad (Uran / JNPT)"
KK-CDR-003563,KK00064,Anil Khatib,9820000064,KK00102,Hitesh Kothari,9820000102,2025-05-22 22:02:38,142,voice,212,"VP Road Cell Site A, Mumbai City"
KK-CDR-003564,KK00131,Hitesh Dalvi,8976000131,KK00144,Anil Shinde,9323000144,2025-05-22 11:01:54,142,voice,274,"Rabodi Cell Site B, Thane"
KK-CDR-003565,KK00011,Yogesh Kadam,7045000011,KK00012,Bhavesh Parekh,9860000012,2025-05-22 10:29:52,142,voice,57,"Nhava Sheva Port Cell Site A, Raigad (Uran / JNPT)"
KK-CDR-003566,KK00147,Suhas Shinde,9833000147,KK00144,Anil Shinde,9323000144,2025-05-22 07:08:38,142,voice,443,"Vartak Nagar Cell Site A, Thane"
KK-CDR-003567,KK00006,Salim Parab,8655000006,KK00021,Santosh Bhandari,9422000021,2025-05-22 23:27:40,142,voice,265,"Harnai Coastal Cell Site A, Ratnagiri"
KK-CDR-003568,KK00082,Kishor Gaikwad,8976000082,KK00071,Arif Salvi,9833000071,2025-05-22 13:01:42,142,voice,569,"Vartak Nagar Cell Site B, Thane"
KK-CDR-003569,KK00052,Rakesh Zaveri,8976000052,KK00040,Rajan Ansari,9930000040,2025-05-22 17:51:21,142,voice,469,"Sakinaka Cell Site B, Mumbai Suburban"
KK-CDR-003570,KK00187,Prakash Salvi,7045000187,KK00171,Dnyaneshwar Dalvi,7045000171,2025-05-22 07:50:04,142,voice,718,"Nalasopara Cell Site B, Palghar"
KK-CDR-003571,KK00010,Hitesh Desai,7045000010,KK00173,Rajan Momin,7045000173,2025-05-22 21:11:38,142,voice,100,"Dapoli Cell Site B, Ratnagiri"
KK-CDR-003572,KK00039,Ravindra Bhosale,9323000039,KK00059,Salim More,9820000059,2025-05-22 16:33:34,142,voice,195,"VP Road Cell Site A, Mumbai City"
KK-CDR-003573,KK00083,Sachin Naik,9930000083,KK00081,Deepak Kadam,9833000081,2025-05-22 18:33:01,142,voice,475,"Kapurbawdi Cell Site A, Thane"
KK-CDR-003574,KK00043,Vinod Mehta,9323000043,KK00156,Shabbir Naik,9930000156,2025-05-22 07:10:38,142,voice,705,"Ghatkopar Cell Site B, Mumbai Suburban"
KK-CDR-003575,KK00061,Sameer Soni,9820000061,KK00055,Vilas Shinde,8976000055,2025-05-22 22:28:40,142,voice,592,"VP Road Cell Site A, Mumbai City"
KK-CDR-003576,KK00073,Mangesh Naik,9323000073,KK00071,Arif Salvi,9833000071,2025-05-22 16:56:39,142,voice,604,"Vartak Nagar Cell Site B, Thane"
KK-CDR-003577,KK00031,Anil Chavan,8655000031,KK00001,Nilesh Khatib,8655000001,2025-05-22 16:46:33,142,voice,885,"Guhagar Cell Site B, Ratnagiri"
KK-CDR-003578,KK00009,Dattatray Soni,9860000009,KK00032,Dattatray Mehta,9860000032,2025-05-22 18:59:37,142,voice,237,"Uran Cell Site A, Raigad (Uran / JNPT)"
KK-CDR-003579,KK00077,Anil Thakur,9833000077,KK00086,Arif Bhosale,8976000086,2025-05-22 17:32:37,142,voice,842,"Wagle Estate Cell Site A, Thane"
KK-CDR-003580,KK00015,Balkrishna Shinde,7045000015,KK00006,Salim Parab,8655000006,2025-05-22 12:27:31,142,voice,206,"Palghar Cell Site A, Palghar"
KK-CDR-003581,KK00060,Mangesh Tandel,9820000060,KK00051,Pravin Kadam,8976000051,2025-05-22 22:06:41,142,voice,208,"Andheri Cell Site A, Mumbai Suburban"
KK-CDR-003582,KK00001,Nilesh Khatib,8655000001,KK00116,Yogesh Rane,8655000116,2025-05-23 13:33:02,143,voice,780,"Ratnagiri City Cell Site A, Ratnagiri"
KK-CDR-003583,KK00112,Rakesh Gaikwad,8655000112,KK00154,Hanif Thakur,7045000154,2025-05-23 07:00:26,143,voice,77,"Vasai Cell Site B, Palghar"
KK-CDR-003584,KK00093,Rajan Sanghvi,9820000093,KK00189,Dattatray Jadhav,9833000189,2025-05-23 11:38:03,143,voice,559,"Wagle Estate Cell Site A, Thane"
KK-CDR-003585,KK00064,Anil Khatib,9820000064,KK00055,Vilas Shinde,8976000055,2025-05-23 11:57:58,143,voice,875,"MRA Marg Cell Site A, Mumbai City"
KK-CDR-003586,KK00073,Mangesh Naik,9323000073,KK00087,Rafiq Deshmukh,8976000087,2025-05-23 23:26:12,143,voice,369,"Rabodi Cell Site A, Thane"
KK-CDR-003587,KK00010,Hitesh Desai,7045000010,KK00031,Anil Chavan,8655000031,2025-05-23 11:57:10,143,voice,740,"Ratnagiri City Cell Site B, Ratnagiri"
KK-CDR-003588,KK00059,Salim More,9820000059,KK00061,Sameer Soni,9820000061,2025-05-23 21:25:11,143,voice,753,"Ghatkopar Cell Site B, Mumbai Suburban"
KK-CDR-003589,KK00112,Rakesh Gaikwad,8655000112,KK00141,Kishor Doshi,9422000141,2025-05-23 20:53:28,143,voice,419,"Vasai Cell Site B, Palghar"
KK-CDR-003590,KK00051,Pravin Kadam,8976000051,KK00100,Suhas Mehta,9323000100,2025-05-23 23:31:44,143,voice,581,"MRA Marg Cell Site B, Mumbai City"
KK-CDR-003591,KK00111,Deepak Tandel,9820000111,KK00199,Sunil Deshmukh,9820000199,2025-05-23 07:53:56,143,voice,337,"Andheri Cell Site A, Mumbai Suburban"
KK-CDR-003592,KK00050,Shirish Patil,9833000050,KK00046,Shabbir Shaikh,9820000046,2025-05-23 19:15:52,143,voice,393,"MRA Marg Cell Site B, Mumbai City"
KK-CDR-003593,KK00134,Vilas Mehta,9860000134,KK00155,Rakesh Kothari,9422000155,2025-05-23 12:29:08,143,voice,840,"Ratnagiri City Cell Site B, Ratnagiri"
KK-CDR-003594,KK00042,Shabbir Jadhav,9930000042,KK00102,Hitesh Kothari,9820000102,2025-05-23 08:24:56,143,voice,87,"Kurla Cell Site A, Mumbai Suburban"
KK-CDR-003595,KK00068,Prakash Koli,9833000068,KK00189,Dattatray Jadhav,9833000189,2025-05-23 22:24:16,143,voice,594,"Vartak Nagar Cell Site A, Thane"
KK-CDR-003596,KK00040,Rajan Ansari,9930000040,KK00048,Sameer Doshi,9323000048,2025-05-23 15:21:46,143,voice,88,"VP Road Cell Site B, Mumbai City"
KK-CDR-003597,KK00041,Dnyaneshwar Parab,9930000041,KK00045,Kishor Sanghvi,9833000045,2025-05-23 15:49:43,143,voice,603,"Kurla Cell Site A, Mumbai Suburban"
KK-CDR-003598,KK00066,Hanif Chavan,9833000066,KK00051,Pravin Kadam,8976000051,2025-05-23 14:59:49,143,voice,377,"VP Road Cell Site A, Mumbai City"
KK-CDR-003599,KK00083,Sachin Naik,9930000083,KK00085,Prakash Shaikh,9820000085,2025-05-24 13:08:28,144,voice,797,"Vartak Nagar Cell Site B, Thane"
KK-CDR-003600,KK00082,Kishor Gaikwad,8976000082,KK00093,Rajan Sanghvi,9820000093,2025-05-24 07:12:20,144,voice,100,"Wagle Estate Cell Site B, Thane"
KK-CDR-003601,KK00050,Shirish Patil,9833000050,KK00046,Shabbir Shaikh,9820000046,2025-05-24 22:22:35,144,voice,221,"VP Road Cell Site B, Mumbai City"
KK-CDR-003602,KK00042,Shabbir Jadhav,9930000042,KK00066,Hanif Chavan,9833000066,2025-05-24 20:16:35,144,voice,742,"Ghatkopar Cell Site B, Mumbai Suburban"
KK-CDR-003603,KK00052,Rakesh Zaveri,8976000052,KK00045,Kishor Sanghvi,9833000045,2025-05-24 08:35:43,144,voice,820,"Sakinaka Cell Site B, Mumbai Suburban"
KK-CDR-003604,KK00081,Deepak Kadam,9833000081,KK00086,Arif Bhosale,8976000086,2025-05-24 17:35:44,144,voice,84,"Vartak Nagar Cell Site A, Thane"
KK-CDR-003605,KK00084,Vinod Deshmukh,9833000084,KK00067,Shirish Pawar,8976000067,2025-05-24 18:42:47,144,voice,353,"Rabodi Cell Site A, Thane"
KK-CDR-003606,KK00133,Ravindra Chavan,9833000133,KK00178,Imtiaz Ansari,9323000178,2025-05-24 15:07:12,144,voice,194,"Rabodi Cell Site B, Thane"
KK-CDR-003607,KK00063,Sameer Koli,9323000063,KK00040,Rajan Ansari,9930000040,2025-05-24 12:10:25,144,voice,499,"MRA Marg Cell Site B, Mumbai City"
KK-CDR-003608,KK00050,Shirish Patil,9833000050,KK00177,Rakesh Sawant,8976000177,2025-05-24 12:32:44,144,voice,778,"VP Road Cell Site A, Mumbai City"
KK-CDR-003609,KK00299,Iqbal Gaikwad,8976000299,KK00315,Hitesh Jadhav,8976000315,2025-05-24 13:14:10,144,voice,142,"Ghatkopar Cell Site A, Mumbai Suburban"
KK-CDR-003610,KK00089,Ganesh Naik,8976000089,KK00075,Rafiq Pawar,8976000075,2025-05-24 22:36:42,144,voice,475,"Wagle Estate Cell Site B, Thane"
KK-CDR-003611,KK00147,Suhas Shinde,9833000147,KK00143,Shabbir Surve,9930000143,2025-05-24 20:58:02,144,voice,635,"Naupada Cell Site A, Thane"
KK-CDR-003612,KK00017,Anil Tandel,7045000017,KK00021,Santosh Bhandari,9422000021,2025-05-25 15:38:01,145,voice,707,"Khopoli Cell Site B, Raigad (Uran / JNPT)"
KK-CDR-003613,KK00018,Suhas Sanghvi,9167000018,KK00008,Vilas Tandel,9860000008,2025-05-25 07:09:13,145,voice,261,"Harnai Coastal Cell Site A, Ratnagiri"
KK-CDR-003614,KK00133,Ravindra Chavan,9833000133,KK00131,Hitesh Dalvi,8976000131,2025-05-25 16:06:57,145,voice,663,"Naupada Cell Site A, Thane"
KK-CDR-003615,KK00045,Kishor Sanghvi,9833000045,KK00168,Rajan Gaikwad,9323000168,2025-05-25 16:51:30,145,voice,80,"Ghatkopar Cell Site A, Mumbai Suburban"
KK-CDR-003616,KK00017,Anil Tandel,7045000017,KK00015,Balkrishna Shinde,7045000015,2025-05-25 12:49:24,145,voice,213,"Khopoli Cell Site A, Raigad (Uran / JNPT)"
KK-CDR-003617,KK00065,Dnyaneshwar Bhandari,8976000065,KK00174,Hitesh Sanghvi,9820000174,2025-05-25 06:39:53,145,voice,459,"Bandra Cell Site B, Mumbai Suburban"
KK-CDR-003618,KK00028,Sameer Kulkarni,9422000028,KK00024,Nilesh Parekh,9422000024,2025-05-25 18:42:42,145,voice,312,"Vasai Cell Site B, Palghar"
KK-CDR-003619,KK00002,Iqbal Naik,9860000002,KK00015,Balkrishna Shinde,7045000015,2025-05-25 22:55:10,145,voice,542,"Khopoli Cell Site A, Raigad (Uran / JNPT)"
KK-CDR-003620,KK00051,Pravin Kadam,8976000051,KK00206,Rakesh Shah,9323000206,2025-05-25 12:03:16,145,voice,288,"VP Road Cell Site B, Mumbai City"
KK-CDR-003621,KK00078,Shirish Salvi,9833000078,KK00097,Arif Kadam,9323000097,2025-05-25 21:57:05,145,voice,882,"Rabodi Cell Site B, Thane"
KK-CDR-003622,KK00045,Kishor Sanghvi,9833000045,KK00050,Shirish Patil,9833000050,2025-05-25 09:04:32,145,voice,857,"Ghatkopar Cell Site B, Mumbai Suburban"
KK-CDR-003623,KK00067,Shirish Pawar,8976000067,KK00073,Mangesh Naik,9323000073,2025-05-25 18:19:01,145,voice,361,"Naupada Cell Site A, Thane"
KK-CDR-003624,KK00030,Vilas Khatib,8655000030,KK00006,Salim Parab,8655000006,2025-05-25 20:25:06,145,voice,316,"Ratnagiri City Cell Site B, Ratnagiri"
KK-CDR-003625,KK00003,Deepak Pawar,9167000003,KK00010,Hitesh Desai,7045000010,2025-05-25 06:31:59,145,voice,265,"Dapoli Cell Site A, Ratnagiri"
KK-CDR-003626,KK00062,Paresh Parekh,9820000062,KK00040,Rajan Ansari,9930000040,2025-05-25 22:02:05,145,voice,704,"Andheri Cell Site B, Mumbai Suburban"
KK-CDR-003627,KK00062,Paresh Parekh,9820000062,KK00057,Balkrishna Parekh,8976000057,2025-05-25 14:57:52,145,voice,652,"Ghatkopar Cell Site B, Mumbai Suburban"
KK-CDR-003628,KK00027,Hanif Shinde,9422000027,KK00025,Deepak Zaveri,8655000025,2025-05-25 06:52:32,145,voice,510,"Uran Cell Site A, Raigad (Uran / JNPT)"
KK-CDR-003629,KK00087,Rafiq Deshmukh,8976000087,KK00085,Prakash Shaikh,9820000085,2025-05-25 19:57:37,145,voice,517,"Rabodi Cell Site A, Thane"
KK-CDR-003630,KK00099,Salim Khatib,7045000099,KK00216,Santosh Jadhav,8655000216,2025-05-25 06:57:03,145,voice,670,"Ratnagiri City Cell Site A, Ratnagiri"
KK-CDR-003631,KK00061,Sameer Soni,9820000061,KK00051,Pravin Kadam,8976000051,2025-05-25 11:05:55,145,voice,578,"MRA Marg Cell Site A, Mumbai City"
KK-CDR-003632,KK00005,Kishor Ansari,8655000005,KK00027,Hanif Shinde,9422000027,2025-05-25 18:44:45,145,voice,257,"Vasai Cell Site B, Palghar"
KK-CDR-003633,KK00072,Yogesh Momin,9833000072,KK00190,Bhavesh Kothari,9323000190,2025-05-26 16:25:28,146,voice,53,"Vartak Nagar Cell Site B, Thane"
KK-CDR-003634,KK00118,Ashok Deshmukh,9167000118,KK00104,Imtiaz Bhosale,9167000104,2025-05-26 20:02:09,146,voice,119,"Panvel Taluka Cell Site B, Raigad (Uran / JNPT)"
KK-CDR-003635,KK00091,Ashok More,9833000091,KK00082,Kishor Gaikwad,8976000082,2025-05-26 10:02:53,146,voice,798,"Rabodi Cell Site A, Thane"
KK-CDR-003636,KK00044,Ashok Sayyed,9833000044,KK00050,Shirish Patil,9833000050,2025-05-26 06:13:49,146,voice,207,"MRA Marg Cell Site B, Mumbai City"
KK-CDR-003637,KK00075,Rafiq Pawar,8976000075,KK00078,Shirish Salvi,9833000078,2025-05-26 06:55:13,146,voice,244,"Kapurbawdi Cell Site B, Thane"
KK-CDR-003638,KK00088,Rajan Sawant,9323000088,KK00084,Vinod Deshmukh,9833000084,2025-05-26 12:03:36,146,voice,104,"Naupada Cell Site A, Thane"
KK-CDR-003639,KK00011,Yogesh Kadam,7045000011,KK00035,Balkrishna Shaikh,9167000035,2025-05-26 14:17:52,146,voice,272,"Nhava Sheva Port Cell Site B, Raigad (Uran / JNPT)"
KK-CDR-003640,KK00040,Rajan Ansari,9930000040,KK00206,Rakesh Shah,9323000206,2025-05-26 16:35:46,146,voice,143,"Pydhonie Cell Site A, Mumbai City"
KK-CDR-003641,KK00111,Deepak Tandel,9820000111,KK00151,Deepak Mehta,9820000151,2025-05-26 13:47:59,146,voice,795,"Ghatkopar Cell Site A, Mumbai Suburban"
KK-CDR-003642,KK00019,Arif Gaikwad,9422000019,KK00003,Deepak Pawar,9167000003,2025-05-26 15:19:54,146,voice,348,"Palghar Cell Site B, Palghar"
KK-CDR-003643,KK00041,Dnyaneshwar Parab,9930000041,KK00065,Dnyaneshwar Bhandari,8976000065,2025-05-26 16:44:48,146,voice,636,"Kurla Cell Site B, Mumbai Suburban"
KK-CDR-003644,KK00084,Vinod Deshmukh,9833000084,KK00070,Hanif Kadam,9323000070,2025-05-27 14:05:45,147,voice,375,"Naupada Cell Site A, Thane"
KK-CDR-003645,KK00032,Dattatray Mehta,9860000032,KK00028,Sameer Kulkarni,9422000028,2025-05-27 11:11:15,147,voice,863,"Nhava Sheva Port Cell Site B, Raigad (Uran / JNPT)"
KK-CDR-003646,KK00197,Fayyaz Dalvi,9820000197,KK00142,Shirish Soni,8976000142,2025-05-27 23:24:53,147,voice,334,"Ghatkopar Cell Site B, Mumbai Suburban"
KK-CDR-003647,KK00024,Nilesh Parekh,9422000024,KK00013,Kishor Koli,7045000013,2025-05-27 07:13:53,147,voice,828,"Uran Cell Site A, Raigad (Uran / JNPT)"
KK-CDR-003648,KK00007,Santosh Sanghvi,9167000007,KK00173,Rajan Momin,7045000173,2025-05-27 09:19:53,147,voice,714,"Harnai Coastal Cell Site B, Ratnagiri"
KK-CDR-003649,KK00030,Vilas Khatib,8655000030,KK00006,Salim Parab,8655000006,2025-05-27 16:15:21,147,voice,430,"Guhagar Cell Site B, Ratnagiri"
KK-CDR-003650,KK00068,Prakash Koli,9833000068,KK00089,Ganesh Naik,8976000089,2025-05-27 08:29:40,147,voice,280,"Kapurbawdi Cell Site B, Thane"
KK-CDR-003651,KK00086,Arif Bhosale,8976000086,KK00103,Rafiq Khatib,9930000103,2025-05-27 17:44:33,147,voice,277,"Vartak Nagar Cell Site A, Thane"
KK-CDR-003652,KK00067,Shirish Pawar,8976000067,KK00071,Arif Salvi,9833000071,2025-05-27 20:43:38,147,voice,361,"Wagle Estate Cell Site A, Thane"
KK-CDR-003653,KK00069,Imtiaz Kadam,9323000069,KK00203,Hanif Koli,8976000203,2025-05-27 17:59:30,147,voice,819,"Vartak Nagar Cell Site B, Thane"
KK-CDR-003654,KK00083,Sachin Naik,9930000083,KK00132,Vilas Kulkarni,9930000132,2025-05-27 13:41:07,147,voice,464,"Rabodi Cell Site B, Thane"
KK-CDR-003655,KK00060,Mangesh Tandel,9820000060,KK00056,Mahesh Bhandari,9833000056,2025-05-27 06:35:17,147,voice,310,"Sakinaka Cell Site B, Mumbai Suburban"
KK-CDR-003656,KK00201,Javed Shah,9860000201,KK00164,Nitin Thakur,9422000164,2025-05-27 06:36:21,147,voice,877,"Guhagar Cell Site A, Ratnagiri"
KK-CDR-003657,KK00026,Rafiq Shah,9167000026,KK00006,Salim Parab,8655000006,2025-05-27 21:31:14,147,voice,157,"Harnai Coastal Cell Site A, Ratnagiri"
KK-CDR-003658,KK00073,Mangesh Naik,9323000073,KK00085,Prakash Shaikh,9820000085,2025-05-27 23:17:28,147,voice,174,"Kapurbawdi Cell Site A, Thane"
KK-CDR-003659,KK00023,Prakash Deshmukh,8655000023,KK00010,Hitesh Desai,7045000010,2025-05-27 12:03:39,147,voice,402,"Dapoli Cell Site A, Ratnagiri"
KK-CDR-003660,KK00181,Umesh Jadhav,8976000181,KK00128,Mahesh Bhosale,9833000128,2025-05-27 18:24:52,147,voice,34,"Dongri Cell Site B, Mumbai City"
KK-CDR-003661,KK00038,Iqbal Mehta,9820000038,KK00151,Deepak Mehta,9820000151,2025-05-27 10:26:28,147,voice,233,"Sakinaka Cell Site B, Mumbai Suburban"
KK-CDR-003662,KK00051,Pravin Kadam,8976000051,KK00053,Pravin Bhatkar,9833000053,2025-05-28 20:05:04,148,voice,682,"Dongri Cell Site B, Mumbai City"
KK-CDR-003663,KK00077,Anil Thakur,9833000077,KK00093,Rajan Sanghvi,9820000093,2025-05-28 09:37:14,148,voice,782,"Vartak Nagar Cell Site A, Thane"
KK-CDR-003664,KK00064,Anil Khatib,9820000064,KK00042,Shabbir Jadhav,9930000042,2025-05-28 16:00:20,148,voice,773,"Pydhonie Cell Site A, Mumbai City"
KK-CDR-003665,KK00080,Rajan Desai,9820000080,KK00094,Iqbal Patil,9833000094,2025-05-28 13:59:01,148,voice,724,"Rabodi Cell Site A, Thane"
KK-CDR-003666,KK00031,Anil Chavan,8655000031,KK00192,Ashok Parekh,9422000192,2025-05-28 21:13:01,148,voice,400,"Harnai Coastal Cell Site B, Ratnagiri"
KK-CDR-003667,KK00008,Vilas Tandel,9860000008,KK00028,Sameer Kulkarni,9422000028,2025-05-28 14:10:21,148,voice,534,"Uran Cell Site B, Raigad (Uran / JNPT)"
KK-CDR-003668,KK00032,Dattatray Mehta,9860000032,KK00001,Nilesh Khatib,8655000001,2025-05-28 15:47:55,148,voice,309,"Uran Cell Site A, Raigad (Uran / JNPT)"
KK-CDR-003669,KK00029,Pravin Koli,7045000029,KK00205,Mangesh Koli,7045000205,2025-05-28 10:33:48,148,voice,252,"Palghar Cell Site B, Palghar"
KK-CDR-003670,KK00002,Iqbal Naik,9860000002,KK00012,Bhavesh Parekh,9860000012,2025-05-28 12:31:20,148,voice,121,"Nhava Sheva Port Cell Site A, Raigad (Uran / JNPT)"
KK-CDR-003671,KK00023,Prakash Deshmukh,8655000023,KK00028,Sameer Kulkarni,9422000028,2025-05-28 21:25:23,148,voice,435,"Harnai Coastal Cell Site B, Ratnagiri"
KK-CDR-003672,KK00046,Shabbir Shaikh,9820000046,KK00043,Vinod Mehta,9323000043,2025-05-28 14:39:32,148,voice,89,"LT Marg Cell Site A, Mumbai City"
KK-CDR-003673,KK00074,Prakash Bhosale,9323000074,KK00070,Hanif Kadam,9323000070,2025-05-28 13:52:21,148,voice,484,"Kapurbawdi Cell Site A, Thane"
KK-CDR-003674,KK00056,Mahesh Bhandari,9833000056,KK00039,Ravindra Bhosale,9323000039,2025-05-28 18:13:27,148,voice,385,"Ghatkopar Cell Site A, Mumbai Suburban"
KK-CDR-003675,KK00137,Pravin Zaveri,9930000137,KK00161,Shirish Parab,9833000161,2025-05-28 19:45:11,148,voice,876,"Vartak Nagar Cell Site A, Thane"
KK-CDR-003676,KK00059,Salim More,9820000059,KK00057,Balkrishna Parekh,8976000057,2025-05-28 06:36:18,148,voice,737,"Andheri Cell Site B, Mumbai Suburban"
KK-CDR-003677,KK00083,Sachin Naik,9930000083,KK00075,Rafiq Pawar,8976000075,2025-05-29 20:10:52,149,voice,898,"Kapurbawdi Cell Site B, Thane"
KK-CDR-003678,KK00090,Arif Mhatre,9930000090,KK00085,Prakash Shaikh,9820000085,2025-05-29 13:18:55,149,voice,251,"Kapurbawdi Cell Site B, Thane"
KK-CDR-003679,KK00044,Ashok Sayyed,9833000044,KK00181,Umesh Jadhav,8976000181,2025-05-29 13:33:43,149,voice,396,"Dongri Cell Site A, Mumbai City"
KK-CDR-003680,KK00062,Paresh Parekh,9820000062,KK00053,Pravin Bhatkar,9833000053,2025-05-29 14:26:05,149,voice,275,"Ghatkopar Cell Site A, Mumbai Suburban"
KK-CDR-003681,KK00080,Rajan Desai,9820000080,KK00146,Rajan Zaveri,9323000146,2025-05-29 15:55:18,149,voice,886,"Kapurbawdi Cell Site A, Thane"
KK-CDR-003682,KK00076,Jitendra Shaikh,9833000076,KK00084,Vinod Deshmukh,9833000084,2025-05-29 19:22:04,149,voice,391,"Kapurbawdi Cell Site A, Thane"
KK-CDR-003683,KK00207,Shabbir Pawar,9422000207,KK00182,Dnyaneshwar Shinde,9422000182,2025-05-29 11:07:43,149,voice,244,"Khopoli Cell Site A, Raigad (Uran / JNPT)"
KK-CDR-003684,KK00195,Pravin Kothari,9820000195,KK00200,Vilas Pawar,9323000200,2025-05-29 15:07:16,149,voice,893,"Vartak Nagar Cell Site A, Thane"
KK-CDR-003685,KK00044,Ashok Sayyed,9833000044,KK00039,Ravindra Bhosale,9323000039,2025-05-29 20:21:44,149,voice,631,"Dongri Cell Site A, Mumbai City"
KK-CDR-003686,KK00250,Shabbir Zaveri,9930000250,KK00220,Mangesh Desai,9833000220,2025-05-29 07:46:27,149,voice,75,"Ghatkopar Cell Site A, Mumbai Suburban"
KK-CDR-003687,KK00081,Deepak Kadam,9833000081,KK00087,Rafiq Deshmukh,8976000087,2025-05-29 18:14:51,149,voice,94,"Vartak Nagar Cell Site A, Thane"
KK-CDR-003688,KK00072,Yogesh Momin,9833000072,KK00080,Rajan Desai,9820000080,2025-05-29 08:57:03,149,voice,65,"Kapurbawdi Cell Site A, Thane"
KK-CDR-003689,KK00202,Rajan Bhosale,9820000202,KK00126,Mangesh Thakur,9833000126,2025-05-29 15:13:11,149,voice,63,"MRA Marg Cell Site B, Mumbai City"
KK-CDR-003690,KK00051,Pravin Kadam,8976000051,KK00100,Suhas Mehta,9323000100,2025-05-29 12:33:16,149,voice,389,"Dongri Cell Site A, Mumbai City"
KK-CDR-003691,KK00010,Hitesh Desai,7045000010,KK00020,Vilas Sawant,9167000020,2025-05-29 16:47:02,149,voice,527,"Harnai Coastal Cell Site A, Ratnagiri"
KK-CDR-003692,KK00039,Ravindra Bhosale,9323000039,KK00062,Paresh Parekh,9820000062,2025-05-29 08:24:57,149,voice,283,"Dongri Cell Site B, Mumbai City"
KK-CDR-003693,KK00070,Hanif Kadam,9323000070,KK00076,Jitendra Shaikh,9833000076,2025-05-29 12:26:35,149,voice,744,"Naupada Cell Site B, Thane"
KK-CDR-003694,KK00128,Mahesh Bhosale,9833000128,KK00110,Kishor Shah,9820000110,2025-05-29 13:52:58,149,voice,220,"Dongri Cell Site A, Mumbai City"
KK-CDR-003695,KK00079,Rafiq Soni,8976000079,KK00082,Kishor Gaikwad,8976000082,2025-05-29 15:05:31,149,voice,514,"Kapurbawdi Cell Site A, Thane"
KK-CDR-003696,KK00052,Rakesh Zaveri,8976000052,KK00061,Sameer Soni,9820000061,2025-05-29 09:37:16,149,voice,529,"Ghatkopar Cell Site B, Mumbai Suburban"
KK-CDR-003697,KK00089,Ganesh Naik,8976000089,KK00081,Deepak Kadam,9833000081,2025-05-29 18:42:28,149,voice,339,"Rabodi Cell Site A, Thane"
KK-CDR-003698,KK00041,Dnyaneshwar Parab,9930000041,KK00060,Mangesh Tandel,9820000060,2025-05-29 16:12:54,149,voice,450,"Andheri Cell Site A, Mumbai Suburban"
KK-CDR-003699,KK00094,Iqbal Patil,9833000094,KK00069,Imtiaz Kadam,9323000069,2025-05-29 07:42:12,149,voice,450,"Wagle Estate Cell Site B, Thane"
KK-CDR-003700,KK00201,Javed Shah,9860000201,KK00134,Vilas Mehta,9860000134,2025-05-29 18:57:48,149,voice,731,"Guhagar Cell Site B, Ratnagiri"
KK-CDR-003701,KK00062,Paresh Parekh,9820000062,KK00058,Dattatray Patil,9833000058,2025-05-29 16:26:45,149,voice,746,"Kurla Cell Site B, Mumbai Suburban"
KK-CDR-003702,KK00024,Nilesh Parekh,9422000024,KK00006,Salim Parab,8655000006,2025-05-29 20:49:32,149,voice,527,"Uran Cell Site B, Raigad (Uran / JNPT)"
KK-CDR-003703,KK00043,Vinod Mehta,9323000043,KK00047,Santosh Thakur,9833000047,2025-05-29 22:31:33,149,voice,593,"Andheri Cell Site A, Mumbai Suburban"
KK-CDR-003704,KK00060,Mangesh Tandel,9820000060,KK00046,Shabbir Shaikh,9820000046,2025-05-30 18:51:26,150,voice,349,"Bandra Cell Site B, Mumbai Suburban"
KK-CDR-003705,KK00013,Kishor Koli,7045000013,KK00019,Arif Gaikwad,9422000019,2025-05-30 09:58:58,150,voice,356,"Vasai Cell Site A, Palghar"
KK-CDR-003706,KK00049,Santosh Zaveri,9833000049,KK00184,Iqbal Jadhav,9833000184,2025-05-30 21:34:17,150,voice,177,"Kurla Cell Site B, Mumbai Suburban"
KK-CDR-003707,KK00049,Santosh Zaveri,9833000049,KK00056,Mahesh Bhandari,9833000056,2025-05-30 14:56:24,150,voice,769,"Ghatkopar Cell Site A, Mumbai Suburban"
KK-CDR-003708,KK00180,Iqbal Parab,9820000180,KK00121,Mangesh Doshi,9930000121,2025-05-30 12:49:33,150,voice,481,"Kapurbawdi Cell Site A, Thane"
KK-CDR-003709,KK00088,Rajan Sawant,9323000088,KK00077,Anil Thakur,9833000077,2025-05-30 21:03:05,150,voice,764,"Vartak Nagar Cell Site A, Thane"
KK-CDR-003710,KK00026,Rafiq Shah,9167000026,KK00004,Kishor Pawar,9167000004,2025-05-30 17:04:13,150,voice,392,"Harnai Coastal Cell Site A, Ratnagiri"
KK-CDR-003711,KK00072,Yogesh Momin,9833000072,KK00087,Rafiq Deshmukh,8976000087,2025-05-30 17:52:54,150,voice,227,"Naupada Cell Site B, Thane"
KK-CDR-003712,KK00037,Ganesh Deshmukh,9323000037,KK00039,Ravindra Bhosale,9323000039,2025-05-30 14:37:35,150,voice,184,"Sakinaka Cell Site A, Mumbai Suburban"
KK-CDR-003713,KK00040,Rajan Ansari,9930000040,KK00064,Anil Khatib,9820000064,2025-05-30 20:59:26,150,voice,450,"LT Marg Cell Site B, Mumbai City"
KK-CDR-003714,KK00045,Kishor Sanghvi,9833000045,KK00047,Santosh Thakur,9833000047,2025-05-30 17:12:27,150,voice,564,"Ghatkopar Cell Site A, Mumbai Suburban"
KK-CDR-003715,KK00153,Pravin Shaikh,8976000153,KK00121,Mangesh Doshi,9930000121,2025-05-30 11:58:32,150,voice,849,"Kapurbawdi Cell Site B, Thane"
KK-CDR-003716,KK00071,Arif Salvi,9833000071,KK00093,Rajan Sanghvi,9820000093,2025-05-30 15:01:53,150,voice,329,"Naupada Cell Site A, Thane"
KK-CDR-003717,KK00076,Jitendra Shaikh,9833000076,KK00083,Sachin Naik,9930000083,2025-05-30 18:21:57,150,voice,879,"Rabodi Cell Site A, Thane"
KK-CDR-003718,KK00068,Prakash Koli,9833000068,KK00071,Arif Salvi,9833000071,2025-05-30 07:18:49,150,voice,114,"Kapurbawdi Cell Site B, Thane"
KK-CDR-003719,KK00046,Shabbir Shaikh,9820000046,KK00042,Shabbir Jadhav,9930000042,2025-05-30 14:15:48,150,voice,820,"MRA Marg Cell Site B, Mumbai City"
KK-CDR-003720,KK00071,Arif Salvi,9833000071,KK00094,Iqbal Patil,9833000094,2025-05-30 22:40:39,150,voice,743,"Rabodi Cell Site A, Thane"
KK-CDR-003721,KK00004,Kishor Pawar,9167000004,KK00010,Hitesh Desai,7045000010,2025-05-30 23:44:15,150,voice,758,"Nhava Sheva Port Cell Site B, Raigad (Uran / JNPT)"
KK-CDR-003722,KK00078,Shirish Salvi,9833000078,KK00083,Sachin Naik,9930000083,2025-05-30 23:39:33,150,voice,97,"Naupada Cell Site B, Thane"
KK-CDR-003723,KK00011,Yogesh Kadam,7045000011,KK00002,Iqbal Naik,9860000002,2025-05-30 15:02:53,150,voice,518,"Panvel Taluka Cell Site B, Raigad (Uran / JNPT)"
KK-CDR-003724,KK00210,Sameer More,8655000210,KK00192,Ashok Parekh,9422000192,2025-05-30 12:39:44,150,voice,613,"Panvel Taluka Cell Site B, Raigad (Uran / JNPT)"
KK-CDR-003725,KK00059,Salim More,9820000059,KK00057,Balkrishna Parekh,8976000057,2025-05-31 14:49:19,151,voice,205,"Andheri Cell Site B, Mumbai Suburban"
KK-CDR-003726,KK00075,Rafiq Pawar,8976000075,KK00081,Deepak Kadam,9833000081,2025-05-31 17:20:49,151,voice,803,"Kapurbawdi Cell Site B, Thane"
KK-CDR-003727,KK00019,Arif Gaikwad,9422000019,KK00016,Anil Tandel,9167000016,2025-05-31 19:19:54,151,voice,210,"Satpati Coastal Cell Site A, Palghar"
KK-CDR-003728,KK00063,Sameer Koli,9323000063,KK00179,Dattatray Zaveri,9833000179,2025-05-31 20:32:00,151,voice,379,"MRA Marg Cell Site B, Mumbai City"
KK-CDR-003729,KK00020,Vilas Sawant,9167000020,KK00008,Vilas Tandel,9860000008,2025-05-31 18:13:59,151,voice,42,"Vasai Cell Site A, Palghar"
KK-CDR-003730,KK00042,Shabbir Jadhav,9930000042,KK00059,Salim More,9820000059,2025-05-31 15:58:44,151,voice,104,"Andheri Cell Site B, Mumbai Suburban"
KK-CDR-003731,KK00025,Deepak Zaveri,8655000025,KK00170,Kishor Thakur,9860000170,2025-05-31 06:51:27,151,voice,833,"Panvel Taluka Cell Site B, Raigad (Uran / JNPT)"
KK-CDR-003732,KK00092,Suhas Parekh,9930000092,KK00090,Arif Mhatre,9930000090,2025-05-31 08:31:26,151,voice,775,"Naupada Cell Site B, Thane"
KK-CDR-003733,KK00009,Dattatray Soni,9860000009,KK00028,Sameer Kulkarni,9422000028,2025-05-31 10:56:33,151,voice,786,"Uran Cell Site A, Raigad (Uran / JNPT)"
KK-CDR-003734,KK00011,Yogesh Kadam,7045000011,KK00014,Anil Tandel,8655000014,2025-05-31 14:32:23,151,voice,161,"Khopoli Cell Site B, Raigad (Uran / JNPT)"
KK-CDR-003735,KK00058,Dattatray Patil,9833000058,KK00126,Mangesh Thakur,9833000126,2025-05-31 10:05:18,151,voice,699,"VP Road Cell Site B, Mumbai City"
KK-CDR-003736,KK00013,Kishor Koli,7045000013,KK00034,Rakesh Doshi,9860000034,2025-05-31 13:50:45,151,voice,799,"Satpati Coastal Cell Site B, Palghar"
KK-CDR-003737,KK00083,Sachin Naik,9930000083,KK00157,Mahesh Bhatkar,9930000157,2025-05-31 10:11:34,151,voice,198,"Rabodi Cell Site B, Thane"
KK-CDR-003738,KK00025,Deepak Zaveri,8655000025,KK00001,Nilesh Khatib,8655000001,2025-05-31 11:08:22,151,voice,164,"Uran Cell Site A, Raigad (Uran / JNPT)"
KK-CDR-003739,KK00001,Nilesh Khatib,8655000001,KK00140,Salim Kothari,9167000140,2025-05-31 18:56:39,151,voice,881,"Dapoli Cell Site B, Ratnagiri"
KK-CDR-003740,KK00138,Vinod Desai,8655000138,KK00127,Ganesh Kadam,7045000127,2025-06-01 13:06:09,152,voice,95,"Satpati Coastal Cell Site A, Palghar"
KK-CDR-003741,KK00070,Hanif Kadam,9323000070,KK00074,Prakash Bhosale,9323000074,2025-06-01 20:53:25,152,voice,828,"Wagle Estate Cell Site B, Thane"
KK-CDR-003742,KK00044,Ashok Sayyed,9833000044,KK00059,Salim More,9820000059,2025-06-01 09:44:54,152,voice,39,"MRA Marg Cell Site A, Mumbai City"
KK-CDR-003743,KK00088,Rajan Sawant,9323000088,KK00076,Jitendra Shaikh,9833000076,2025-06-01 09:15:06,152,voice,438,"Wagle Estate Cell Site A, Thane"
KK-CDR-003744,KK00078,Shirish Salvi,9833000078,KK00186,Santosh Kadam,9833000186,2025-06-01 18:18:09,152,voice,170,"Naupada Cell Site A, Thane"
KK-CDR-003745,KK00071,Arif Salvi,9833000071,KK00076,Jitendra Shaikh,9833000076,2025-06-01 21:37:49,152,voice,125,"Wagle Estate Cell Site B, Thane"
KK-CDR-003746,KK00033,Shirish Chavan,9422000033,KK00024,Nilesh Parekh,9422000024,2025-06-01 20:08:49,152,voice,109,"Harnai Coastal Cell Site A, Ratnagiri"
KK-CDR-003747,KK00024,Nilesh Parekh,9422000024,KK00006,Salim Parab,8655000006,2025-06-01 15:41:18,152,voice,226,"Panvel Taluka Cell Site A, Raigad (Uran / JNPT)"
KK-CDR-003748,KK00081,Deepak Kadam,9833000081,KK00120,Bhavesh Soni,8976000120,2025-06-01 15:53:34,152,voice,531,"Kapurbawdi Cell Site B, Thane"
KK-CDR-003749,KK00042,Shabbir Jadhav,9930000042,KK00038,Iqbal Mehta,9820000038,2025-06-01 18:24:32,152,voice,510,"Ghatkopar Cell Site B, Mumbai Suburban"
KK-CDR-003750,KK00191,Javed Naik,9323000191,KK00206,Rakesh Shah,9323000206,2025-06-01 11:15:28,152,voice,325,"Pydhonie Cell Site A, Mumbai City"
KK-CDR-003751,KK00090,Arif Mhatre,9930000090,KK00091,Ashok More,9833000091,2025-06-01 22:44:26,152,voice,900,"Wagle Estate Cell Site A, Thane"
KK-CDR-003752,KK00046,Shabbir Shaikh,9820000046,KK00198,Ashok Khatib,9833000198,2025-06-01 06:38:36,152,voice,529,"VP Road Cell Site A, Mumbai City"
KK-CDR-003753,KK00023,Prakash Deshmukh,8655000023,KK00033,Shirish Chavan,9422000033,2025-06-01 18:03:31,152,voice,92,"Guhagar Cell Site B, Ratnagiri"
KK-CDR-003754,KK00050,Shirish Patil,9833000050,KK00159,Hitesh Sayyed,8976000159,2025-06-01 10:41:09,152,voice,545,"Pydhonie Cell Site A, Mumbai City"
KK-CDR-003755,KK00080,Rajan Desai,9820000080,KK00119,Prakash Doshi,9323000119,2025-06-01 10:50:23,152,voice,663,"Rabodi Cell Site B, Thane"
KK-CDR-003756,KK00004,Kishor Pawar,9167000004,KK00193,Dnyaneshwar Bhosale,9167000193,2025-06-01 17:26:03,152,voice,616,"Khopoli Cell Site B, Raigad (Uran / JNPT)"
KK-CDR-003757,KK00083,Sachin Naik,9930000083,KK00068,Prakash Koli,9833000068,2025-06-01 16:11:52,152,voice,506,"Kapurbawdi Cell Site A, Thane"
KK-CDR-003758,KK00048,Sameer Doshi,9323000048,KK00056,Mahesh Bhandari,9833000056,2025-06-01 18:34:12,152,voice,759,"Dongri Cell Site B, Mumbai City"
KK-CDR-003759,KK00021,Santosh Bhandari,9422000021,KK00022,Dnyaneshwar Salvi,8655000022,2025-06-01 20:36:46,152,voice,58,"Dapoli Cell Site B, Ratnagiri"
KK-CDR-003760,KK00054,Kishor Sawant,9833000054,KK00047,Santosh Thakur,9833000047,2025-06-01 10:10:35,152,voice,243,"Sakinaka Cell Site B, Mumbai Suburban"
KK-CDR-003761,KK00050,Shirish Patil,9833000050,KK00102,Hitesh Kothari,9820000102,2025-06-01 09:58:04,152,voice,102,"VP Road Cell Site B, Mumbai City"
KK-CDR-003762,KK00026,Rafiq Shah,9167000026,KK00022,Dnyaneshwar Salvi,8655000022,2025-06-01 10:26:01,152,voice,764,"Guhagar Cell Site B, Ratnagiri"
KK-CDR-003763,KK00001,Nilesh Khatib,8655000001,KK00007,Santosh Sanghvi,9167000007,2025-06-02 18:25:22,153,voice,330,"Dapoli Cell Site A, Ratnagiri"
KK-CDR-003764,KK00067,Shirish Pawar,8976000067,KK00213,Ravindra Zaveri,9820000213,2025-06-02 19:51:57,153,voice,832,"Rabodi Cell Site A, Thane"
KK-CDR-003765,KK00003,Deepak Pawar,9167000003,KK00141,Kishor Doshi,9422000141,2025-06-02 16:18:59,153,voice,824,"Harnai Coastal Cell Site B, Ratnagiri"
KK-CDR-003766,KK00076,Jitendra Shaikh,9833000076,KK00143,Shabbir Surve,9930000143,2025-06-02 13:32:28,153,voice,80,"Vartak Nagar Cell Site B, Thane"
KK-CDR-003767,KK00062,Paresh Parekh,9820000062,KK00136,Mangesh Shaikh,9930000136,2025-06-02 13:52:12,153,voice,191,"Bandra Cell Site A, Mumbai Suburban"
KK-CDR-003768,KK00131,Hitesh Dalvi,8976000131,KK00133,Ravindra Chavan,9833000133,2025-06-02 16:28:23,153,voice,549,"Rabodi Cell Site A, Thane"
KK-CDR-003769,KK00039,Ravindra Bhosale,9323000039,KK00059,Salim More,9820000059,2025-06-02 14:16:18,153,voice,288,"Pydhonie Cell Site B, Mumbai City"
KK-CDR-003770,KK00037,Ganesh Deshmukh,9323000037,KK00149,Paresh Khatib,9820000149,2025-06-02 15:59:54,153,voice,217,"Kurla Cell Site A, Mumbai Suburban"
KK-CDR-003771,KK00216,Santosh Jadhav,8655000216,KK00182,Dnyaneshwar Shinde,9422000182,2025-06-02 12:34:36,153,voice,496,"Guhagar Cell Site A, Ratnagiri"
KK-CDR-003772,KK00069,Imtiaz Kadam,9323000069,KK00077,Anil Thakur,9833000077,2025-06-02 13:54:11,153,voice,195,"Kapurbawdi Cell Site B, Thane"
KK-CDR-003773,KK00037,Ganesh Deshmukh,9323000037,KK00110,Kishor Shah,9820000110,2025-06-02 19:35:49,153,voice,322,"Sakinaka Cell Site A, Mumbai Suburban"
KK-CDR-003774,KK00069,Imtiaz Kadam,9323000069,KK00085,Prakash Shaikh,9820000085,2025-06-02 17:11:11,153,voice,447,"Vartak Nagar Cell Site A, Thane"
KK-CDR-003775,KK00050,Shirish Patil,9833000050,KK00060,Mangesh Tandel,9820000060,2025-06-02 16:09:04,153,voice,56,"VP Road Cell Site A, Mumbai City"
KK-CDR-003776,KK00089,Ganesh Naik,8976000089,KK00067,Shirish Pawar,8976000067,2025-06-02 19:31:29,153,voice,221,"Rabodi Cell Site B, Thane"
KK-CDR-003777,KK00086,Arif Bhosale,8976000086,KK00070,Hanif Kadam,9323000070,2025-06-02 19:59:57,153,voice,635,"Kapurbawdi Cell Site B, Thane"
KK-CDR-003778,KK00041,Dnyaneshwar Parab,9930000041,KK00136,Mangesh Shaikh,9930000136,2025-06-02 14:14:33,153,voice,475,"Kurla Cell Site B, Mumbai Suburban"
KK-CDR-003779,KK00082,Kishor Gaikwad,8976000082,KK00088,Rajan Sawant,9323000088,2025-06-02 14:41:02,153,voice,624,"Naupada Cell Site B, Thane"
KK-CDR-003780,KK00074,Prakash Bhosale,9323000074,KK00093,Rajan Sanghvi,9820000093,2025-06-02 08:21:17,153,voice,101,"Vartak Nagar Cell Site A, Thane"
KK-CDR-003781,KK00206,Rakesh Shah,9323000206,KK00199,Sunil Deshmukh,9820000199,2025-06-03 18:28:01,154,voice,411,"VP Road Cell Site B, Mumbai City"
KK-CDR-003782,KK00064,Anil Khatib,9820000064,KK00039,Ravindra Bhosale,9323000039,2025-06-03 21:52:10,154,voice,554,"VP Road Cell Site A, Mumbai City"
KK-CDR-003783,KK00067,Shirish Pawar,8976000067,KK00080,Rajan Desai,9820000080,2025-06-03 23:13:55,154,voice,190,"Vartak Nagar Cell Site B, Thane"
KK-CDR-003784,KK00010,Hitesh Desai,7045000010,KK00005,Kishor Ansari,8655000005,2025-06-03 22:06:10,154,voice,824,"Harnai Coastal Cell Site B, Ratnagiri"
KK-CDR-003785,KK00400,Nitin Jadhav,9820000400,KK00299,Iqbal Gaikwad,8976000299,2025-06-03 06:08:58,154,voice,827,"Koregaon Park Cell Site B, Pune"
KK-CDR-003786,KK00062,Paresh Parekh,9820000062,KK00052,Rakesh Zaveri,8976000052,2025-06-03 08:24:37,154,voice,88,"Ghatkopar Cell Site B, Mumbai Suburban"
KK-CDR-003787,KK00090,Arif Mhatre,9930000090,KK00148,Anil Ansari,9930000148,2025-06-03 14:57:04,154,voice,695,"Vartak Nagar Cell Site A, Thane"
KK-CDR-003788,KK00089,Ganesh Naik,8976000089,KK00068,Prakash Koli,9833000068,2025-06-03 08:52:48,154,voice,597,"Wagle Estate Cell Site A, Thane"
KK-CDR-003789,KK00073,Mangesh Naik,9323000073,KK00148,Anil Ansari,9930000148,2025-06-03 22:53:00,154,voice,548,"Wagle Estate Cell Site B, Thane"
KK-CDR-003790,KK00010,Hitesh Desai,7045000010,KK00138,Vinod Desai,8655000138,2025-06-03 16:34:30,154,voice,41,"Harnai Coastal Cell Site B, Ratnagiri"
KK-CDR-003791,KK00062,Paresh Parekh,9820000062,KK00058,Dattatray Patil,9833000058,2025-06-03 09:42:29,154,voice,121,"Bandra Cell Site A, Mumbai Suburban"
KK-CDR-003792,KK00039,Ravindra Bhosale,9323000039,KK00060,Mangesh Tandel,9820000060,2025-06-03 20:11:26,154,voice,195,"Dongri Cell Site B, Mumbai City"
KK-CDR-003793,KK00278,Hanif Dalvi,8976000278,KK00361,Umesh Ansari,9323000361,2025-06-03 16:37:08,154,voice,433,"Sakinaka Cell Site A, Mumbai Suburban"
KK-CDR-003794,KK00197,Fayyaz Dalvi,9820000197,KK00159,Hitesh Sayyed,8976000159,2025-06-03 11:14:05,154,voice,655,"Bandra Cell Site A, Mumbai Suburban"
KK-CDR-003795,KK00088,Rajan Sawant,9323000088,KK00069,Imtiaz Kadam,9323000069,2025-06-03 21:02:16,154,voice,369,"Kapurbawdi Cell Site A, Thane"
KK-CDR-003796,KK00057,Balkrishna Parekh,8976000057,KK00215,Pravin Sayyed,9930000215,2025-06-03 13:45:42,154,voice,359,"VP Road Cell Site A, Mumbai City"
KK-CDR-003797,KK00069,Imtiaz Kadam,9323000069,KK00103,Rafiq Khatib,9930000103,2025-06-03 17:48:40,154,voice,754,"Kapurbawdi Cell Site A, Thane"
KK-CDR-003798,KK00056,Mahesh Bhandari,9833000056,KK00066,Hanif Chavan,9833000066,2025-06-03 20:39:21,154,voice,37,"Bandra Cell Site B, Mumbai Suburban"
KK-CDR-003799,KK00235,Vinod Surve,8976000235,KK00272,Sameer Ansari,8976000272,2025-06-03 16:55:49,154,voice,585,"Bandra Cell Site A, Mumbai Suburban"
KK-CDR-003800,KK00064,Anil Khatib,9820000064,KK00043,Vinod Mehta,9323000043,2025-06-03 11:19:16,154,voice,124,"Dongri Cell Site B, Mumbai City"
KK-CDR-003801,KK00085,Prakash Shaikh,9820000085,KK00132,Vilas Kulkarni,9930000132,2025-06-03 14:01:05,154,voice,522,"Vartak Nagar Cell Site B, Thane"
KK-CDR-003802,KK00043,Vinod Mehta,9323000043,KK00066,Hanif Chavan,9833000066,2025-06-03 13:17:44,154,voice,320,"Sakinaka Cell Site B, Mumbai Suburban"
KK-CDR-003803,KK00005,Kishor Ansari,8655000005,KK00035,Balkrishna Shaikh,9167000035,2025-06-03 21:52:59,154,voice,304,"Vasai Cell Site A, Palghar"
KK-CDR-003804,KK00073,Mangesh Naik,9323000073,KK00211,Nitin Parekh,9820000211,2025-06-04 14:50:28,155,voice,126,"Vartak Nagar Cell Site A, Thane"
KK-CDR-003805,KK00013,Kishor Koli,7045000013,KK00134,Vilas Mehta,9860000134,2025-06-04 11:46:34,155,voice,659,"Palghar Cell Site A, Palghar"
KK-CDR-003806,KK00059,Salim More,9820000059,KK00056,Mahesh Bhandari,9833000056,2025-06-04 21:42:15,155,voice,122,"Ghatkopar Cell Site A, Mumbai Suburban"
KK-CDR-003807,KK00144,Anil Shinde,9323000144,KK00178,Imtiaz Ansari,9323000178,2025-06-04 13:00:06,155,voice,855,"Wagle Estate Cell Site B, Thane"
KK-CDR-003808,KK00052,Rakesh Zaveri,8976000052,KK00191,Javed Naik,9323000191,2025-06-04 16:01:16,155,voice,76,"Kurla Cell Site B, Mumbai Suburban"
KK-CDR-003809,KK00046,Shabbir Shaikh,9820000046,KK00049,Santosh Zaveri,9833000049,2025-06-04 08:37:07,155,voice,688,"VP Road Cell Site B, Mumbai City"
KK-CDR-003810,KK00045,Kishor Sanghvi,9833000045,KK00172,Nilesh Kadam,8976000172,2025-06-04 16:21:37,155,voice,765,"Sakinaka Cell Site B, Mumbai Suburban"
KK-CDR-003811,KK00046,Shabbir Shaikh,9820000046,KK00055,Vilas Shinde,8976000055,2025-06-04 15:07:23,155,voice,578,"VP Road Cell Site B, Mumbai City"
KK-CDR-003812,KK00037,Ganesh Deshmukh,9323000037,KK00041,Dnyaneshwar Parab,9930000041,2025-06-04 23:57:07,155,voice,614,"Ghatkopar Cell Site B, Mumbai Suburban"
KK-CDR-003813,KK00010,Hitesh Desai,7045000010,KK00035,Balkrishna Shaikh,9167000035,2025-06-04 07:57:00,155,voice,639,"Harnai Coastal Cell Site A, Ratnagiri"
KK-CDR-003814,KK00048,Sameer Doshi,9323000048,KK00054,Kishor Sawant,9833000054,2025-06-04 09:58:26,155,voice,452,"LT Marg Cell Site A, Mumbai City"
KK-CDR-003815,KK00049,Santosh Zaveri,9833000049,KK00198,Ashok Khatib,9833000198,2025-06-04 20:10:08,155,voice,156,"Bandra Cell Site B, Mumbai Suburban"
KK-CDR-003816,KK00138,Vinod Desai,8655000138,KK00104,Imtiaz Bhosale,9167000104,2025-06-05 11:20:50,156,voice,554,"Nalasopara Cell Site B, Palghar"
KK-CDR-003817,KK00065,Dnyaneshwar Bhandari,8976000065,KK00063,Sameer Koli,9323000063,2025-06-05 14:38:30,156,voice,563,"Andheri Cell Site B, Mumbai Suburban"
KK-CDR-003818,KK00008,Vilas Tandel,9860000008,KK00030,Vilas Khatib,8655000030,2025-06-05 22:33:20,156,voice,312,"Uran Cell Site B, Raigad (Uran / JNPT)"
KK-CDR-003819,KK00152,Sachin Zaveri,9860000152,KK00192,Ashok Parekh,9422000192,2025-06-05 06:38:01,156,voice,543,"Ratnagiri City Cell Site B, Ratnagiri"
KK-CDR-003820,KK00355,Shirish Shinde,9323000355,KK00318,Paresh Doshi,9833000318,2025-06-05 09:48:55,156,voice,772,"Bund Garden Cell Site B, Pune"
KK-CDR-003821,KK00075,Rafiq Pawar,8976000075,KK00080,Rajan Desai,9820000080,2025-06-05 20:40:27,156,voice,653,"Vartak Nagar Cell Site B, Thane"
KK-CDR-003822,KK00131,Hitesh Dalvi,8976000131,KK00117,Ganesh Bhosale,8976000117,2025-06-05 19:24:10,156,voice,889,"Naupada Cell Site A, Thane"
KK-CDR-003823,KK00012,Bhavesh Parekh,9860000012,KK00022,Dnyaneshwar Salvi,8655000022,2025-06-05 16:39:17,156,voice,651,"Khopoli Cell Site B, Raigad (Uran / JNPT)"
KK-CDR-003824,KK00001,Nilesh Khatib,8655000001,KK00138,Vinod Desai,8655000138,2025-06-05 16:22:36,156,voice,18,"Ratnagiri City Cell Site A, Ratnagiri"
KK-CDR-003825,KK00060,Mangesh Tandel,9820000060,KK00136,Mangesh Shaikh,9930000136,2025-06-05 22:09:54,156,voice,662,"Andheri Cell Site B, Mumbai Suburban"
KK-CDR-003826,KK00080,Rajan Desai,9820000080,KK00086,Arif Bhosale,8976000086,2025-06-05 16:35:55,156,voice,873,"Rabodi Cell Site B, Thane"
KK-CDR-003827,KK00077,Anil Thakur,9833000077,KK00115,Rakesh Patil,9820000115,2025-06-05 15:01:48,156,voice,321,"Wagle Estate Cell Site A, Thane"
KK-CDR-003828,KK00039,Ravindra Bhosale,9323000039,KK00055,Vilas Shinde,8976000055,2025-06-06 11:42:41,157,voice,119,"Pydhonie Cell Site B, Mumbai City"
KK-CDR-003829,KK00093,Rajan Sanghvi,9820000093,KK00119,Prakash Doshi,9323000119,2025-06-06 17:50:05,157,voice,114,"Wagle Estate Cell Site B, Thane"
KK-CDR-003830,KK00013,Kishor Koli,7045000013,KK00025,Deepak Zaveri,8655000025,2025-06-06 19:35:16,157,voice,317,"Vasai Cell Site A, Palghar"
KK-CDR-003831,KK00026,Rafiq Shah,9167000026,KK00011,Yogesh Kadam,7045000011,2025-06-06 06:34:28,157,voice,745,"Dapoli Cell Site A, Ratnagiri"
KK-CDR-003832,KK00234,Anil Doshi,9930000234,KK00220,Mangesh Desai,9833000220,2025-06-06 17:08:06,157,voice,624,"Bund Garden Cell Site A, Pune"
KK-CDR-003833,KK00076,Jitendra Shaikh,9833000076,KK00067,Shirish Pawar,8976000067,2025-06-06 23:25:22,157,voice,883,"Kapurbawdi Cell Site A, Thane"
KK-CDR-003834,KK00063,Sameer Koli,9323000063,KK00054,Kishor Sawant,9833000054,2025-06-06 17:50:12,157,voice,806,"LT Marg Cell Site B, Mumbai City"
KK-CDR-003835,KK00029,Pravin Koli,7045000029,KK00114,Dnyaneshwar Bhatkar,9167000114,2025-06-06 23:18:29,157,voice,398,"Vasai Cell Site A, Palghar"
KK-CDR-003836,KK00133,Ravindra Chavan,9833000133,KK00132,Vilas Kulkarni,9930000132,2025-06-06 10:10:53,157,voice,82,"Vartak Nagar Cell Site B, Thane"
KK-CDR-003837,KK00012,Bhavesh Parekh,9860000012,KK00013,Kishor Koli,7045000013,2025-06-06 22:11:41,157,voice,458,"Khopoli Cell Site A, Raigad (Uran / JNPT)"
KK-CDR-003838,KK00058,Dattatray Patil,9833000058,KK00053,Pravin Bhatkar,9833000053,2025-06-06 13:53:16,157,voice,249,"MRA Marg Cell Site A, Mumbai City"
KK-CDR-003839,KK00014,Anil Tandel,8655000014,KK00001,Nilesh Khatib,8655000001,2025-06-06 18:09:25,157,voice,421,"Palghar Cell Site B, Palghar"
KK-CDR-003840,KK00048,Sameer Doshi,9323000048,KK00215,Pravin Sayyed,9930000215,2025-06-06 14:18:11,157,voice,282,"VP Road Cell Site A, Mumbai City"
KK-CDR-003841,KK00001,Nilesh Khatib,8655000001,KK00018,Suhas Sanghvi,9167000018,2025-06-06 17:35:25,157,voice,111,"Ratnagiri City Cell Site B, Ratnagiri"
KK-CDR-003842,KK00021,Santosh Bhandari,9422000021,KK00002,Iqbal Naik,9860000002,2025-06-06 06:24:30,157,voice,258,"Harnai Coastal Cell Site B, Ratnagiri"
KK-CDR-003843,KK00023,Prakash Deshmukh,8655000023,KK00006,Salim Parab,8655000006,2025-06-06 13:13:08,157,voice,439,"Harnai Coastal Cell Site A, Ratnagiri"
KK-CDR-003844,KK00035,Balkrishna Shaikh,9167000035,KK00002,Iqbal Naik,9860000002,2025-06-06 22:09:20,157,voice,69,"Nalasopara Cell Site B, Palghar"
KK-CDR-003845,KK00065,Dnyaneshwar Bhandari,8976000065,KK00172,Nilesh Kadam,8976000172,2025-06-06 09:58:52,157,voice,183,"Andheri Cell Site B, Mumbai Suburban"
KK-CDR-003846,KK00091,Ashok More,9833000091,KK00074,Prakash Bhosale,9323000074,2025-06-07 06:40:56,158,voice,806,"Kapurbawdi Cell Site B, Thane"
KK-CDR-003847,KK00066,Hanif Chavan,9833000066,KK00042,Shabbir Jadhav,9930000042,2025-06-07 07:08:31,158,voice,646,"MRA Marg Cell Site A, Mumbai City"
KK-CDR-003848,KK00064,Anil Khatib,9820000064,KK00041,Dnyaneshwar Parab,9930000041,2025-06-07 08:37:48,158,voice,338,"LT Marg Cell Site B, Mumbai City"
KK-CDR-003849,KK00006,Salim Parab,8655000006,KK00019,Arif Gaikwad,9422000019,2025-06-07 15:32:09,158,voice,524,"Harnai Coastal Cell Site B, Ratnagiri"
KK-CDR-003850,KK00056,Mahesh Bhandari,9833000056,KK00172,Nilesh Kadam,8976000172,2025-06-07 09:57:37,158,voice,396,"Bandra Cell Site B, Mumbai Suburban"
KK-CDR-003851,KK00074,Prakash Bhosale,9323000074,KK00070,Hanif Kadam,9323000070,2025-06-07 15:25:42,158,voice,597,"Vartak Nagar Cell Site A, Thane"
KK-CDR-003852,KK00082,Kishor Gaikwad,8976000082,KK00074,Prakash Bhosale,9323000074,2025-06-07 14:11:41,158,voice,589,"Naupada Cell Site B, Thane"
KK-CDR-003853,KK00002,Iqbal Naik,9860000002,KK00020,Vilas Sawant,9167000020,2025-06-07 07:22:08,158,voice,543,"Panvel Taluka Cell Site B, Raigad (Uran / JNPT)"
KK-CDR-003854,KK00032,Dattatray Mehta,9860000032,KK00021,Santosh Bhandari,9422000021,2025-06-07 17:55:07,158,voice,424,"Panvel Taluka Cell Site A, Raigad (Uran / JNPT)"
KK-CDR-003855,KK00084,Vinod Deshmukh,9833000084,KK00091,Ashok More,9833000091,2025-06-07 12:45:09,158,voice,439,"Vartak Nagar Cell Site A, Thane"
KK-CDR-003856,KK00081,Deepak Kadam,9833000081,KK00073,Mangesh Naik,9323000073,2025-06-07 18:41:17,158,voice,848,"Naupada Cell Site A, Thane"
KK-CDR-003857,KK00045,Kishor Sanghvi,9833000045,KK00052,Rakesh Zaveri,8976000052,2025-06-07 06:24:59,158,voice,750,"Ghatkopar Cell Site B, Mumbai Suburban"
KK-CDR-003858,KK00037,Ganesh Deshmukh,9323000037,KK00058,Dattatray Patil,9833000058,2025-06-07 16:24:46,158,voice,721,"Kurla Cell Site A, Mumbai Suburban"
KK-CDR-003859,KK00197,Fayyaz Dalvi,9820000197,KK00113,Fayyaz Chavan,8976000113,2025-06-07 06:00:48,158,voice,307,"Sakinaka Cell Site B, Mumbai Suburban"
KK-CDR-003860,KK00016,Anil Tandel,9167000016,KK00154,Hanif Thakur,7045000154,2025-06-07 06:04:47,158,voice,294,"Dapoli Cell Site A, Ratnagiri"
KK-CDR-003861,KK00010,Hitesh Desai,7045000010,KK00036,Fayyaz Kadam,9422000036,2025-06-07 17:06:30,158,voice,876,"Ratnagiri City Cell Site B, Ratnagiri"
KK-CDR-003862,KK00008,Vilas Tandel,9860000008,KK00027,Hanif Shinde,9422000027,2025-06-07 10:45:52,158,voice,368,"Nhava Sheva Port Cell Site A, Raigad (Uran / JNPT)"
KK-CDR-003863,KK00026,Rafiq Shah,9167000026,KK00024,Nilesh Parekh,9422000024,2025-06-07 07:24:22,158,voice,521,"Ratnagiri City Cell Site B, Ratnagiri"
KK-CDR-003864,KK00038,Iqbal Mehta,9820000038,KK00060,Mangesh Tandel,9820000060,2025-06-07 11:50:13,158,voice,119,"Sakinaka Cell Site B, Mumbai Suburban"
KK-CDR-003865,KK00072,Yogesh Momin,9833000072,KK00075,Rafiq Pawar,8976000075,2025-06-07 09:24:18,158,voice,385,"Vartak Nagar Cell Site B, Thane"
KK-CDR-003866,KK00074,Prakash Bhosale,9323000074,KK00080,Rajan Desai,9820000080,2025-06-07 18:28:37,158,voice,362,"Naupada Cell Site B, Thane"
KK-CDR-003867,KK00049,Santosh Zaveri,9833000049,KK00149,Paresh Khatib,9820000149,2025-06-07 12:32:38,158,voice,709,"Andheri Cell Site B, Mumbai Suburban"
KK-CDR-003868,KK00266,Balkrishna Jadhav,9820000266,KK00418,Ravindra Shah,9820000418,2025-06-08 18:57:35,159,voice,752,"Ghatkopar Cell Site A, Mumbai Suburban"
KK-CDR-003869,KK00048,Sameer Doshi,9323000048,KK00042,Shabbir Jadhav,9930000042,2025-06-08 06:08:46,159,voice,899,"LT Marg Cell Site B, Mumbai City"
KK-CDR-003870,KK00044,Ashok Sayyed,9833000044,KK00053,Pravin Bhatkar,9833000053,2025-06-08 15:31:42,159,voice,673,"Pydhonie Cell Site A, Mumbai City"
KK-CDR-003871,KK00147,Suhas Shinde,9833000147,KK00133,Ravindra Chavan,9833000133,2025-06-08 18:00:17,159,voice,120,"Vartak Nagar Cell Site A, Thane"
KK-CDR-003872,KK00025,Deepak Zaveri,8655000025,KK00020,Vilas Sawant,9167000020,2025-06-08 23:15:37,159,voice,799,"Khopoli Cell Site A, Raigad (Uran / JNPT)"
KK-CDR-003873,KK00028,Sameer Kulkarni,9422000028,KK00163,Paresh Patil,9167000163,2025-06-08 20:04:39,159,voice,496,"Nalasopara Cell Site A, Palghar"
KK-CDR-003874,KK00072,Yogesh Momin,9833000072,KK00183,Paresh Thakur,9930000183,2025-06-08 16:14:25,159,voice,608,"Kapurbawdi Cell Site A, Thane"
KK-CDR-003875,KK00038,Iqbal Mehta,9820000038,KK00107,Yogesh Bhosale,9820000107,2025-06-08 13:38:29,159,voice,154,"Kurla Cell Site A, Mumbai Suburban"
KK-CDR-003876,KK00053,Pravin Bhatkar,9833000053,KK00040,Rajan Ansari,9930000040,2025-06-08 11:50:59,159,voice,600,"Andheri Cell Site B, Mumbai Suburban"
KK-CDR-003877,KK00080,Rajan Desai,9820000080,KK00121,Mangesh Doshi,9930000121,2025-06-08 21:24:00,159,voice,563,"Rabodi Cell Site B, Thane"
KK-CDR-003878,KK00277,Rafiq Bhatkar,8976000277,KK00265,Dattatray Parekh,8976000265,2025-06-08 22:12:06,159,voice,398,"Bund Garden Cell Site B, Pune"
KK-CDR-003879,KK00079,Rafiq Soni,8976000079,KK00068,Prakash Koli,9833000068,2025-06-08 13:38:50,159,voice,871,"Vartak Nagar Cell Site B, Thane"
KK-CDR-003880,KK00076,Jitendra Shaikh,9833000076,KK00085,Prakash Shaikh,9820000085,2025-06-08 18:43:12,159,voice,206,"Wagle Estate Cell Site A, Thane"
KK-CDR-003881,KK00047,Santosh Thakur,9833000047,KK00057,Balkrishna Parekh,8976000057,2025-06-08 10:30:18,159,voice,74,"Kurla Cell Site A, Mumbai Suburban"
KK-CDR-003882,KK00006,Salim Parab,8655000006,KK00025,Deepak Zaveri,8655000025,2025-06-08 20:36:00,159,voice,78,"Harnai Coastal Cell Site A, Ratnagiri"
KK-CDR-003883,KK00052,Rakesh Zaveri,8976000052,KK00040,Rajan Ansari,9930000040,2025-06-09 20:09:58,160,voice,404,"Bandra Cell Site B, Mumbai Suburban"
KK-CDR-003884,KK00042,Shabbir Jadhav,9930000042,KK00049,Santosh Zaveri,9833000049,2025-06-09 19:55:42,160,voice,361,"Sakinaka Cell Site B, Mumbai Suburban"
KK-CDR-003885,KK00061,Sameer Soni,9820000061,KK00054,Kishor Sawant,9833000054,2025-06-09 13:04:35,160,voice,392,"MRA Marg Cell Site B, Mumbai City"
KK-CDR-003886,KK00016,Anil Tandel,9167000016,KK00002,Iqbal Naik,9860000002,2025-06-09 08:22:11,160,voice,620,"Guhagar Cell Site A, Ratnagiri"
KK-CDR-003887,KK00419,Deepak Bhandari,8976000419,KK00365,Iqbal Surve,9323000365,2025-06-09 17:14:05,160,voice,476,"Wagle Estate Cell Site B, Thane"
KK-CDR-003888,KK00008,Vilas Tandel,9860000008,KK00021,Santosh Bhandari,9422000021,2025-06-09 11:43:20,160,voice,55,"Nhava Sheva Port Cell Site A, Raigad (Uran / JNPT)"
KK-CDR-003889,KK00045,Kishor Sanghvi,9833000045,KK00053,Pravin Bhatkar,9833000053,2025-06-09 23:24:37,160,voice,296,"Andheri Cell Site B, Mumbai Suburban"
KK-CDR-003890,KK00037,Ganesh Deshmukh,9323000037,KK00059,Salim More,9820000059,2025-06-09 08:31:45,160,voice,442,"Bandra Cell Site A, Mumbai Suburban"
KK-CDR-003891,KK00021,Santosh Bhandari,9422000021,KK00152,Sachin Zaveri,9860000152,2025-06-09 09:53:07,160,voice,728,"Dapoli Cell Site B, Ratnagiri"
KK-CDR-003892,KK00103,Rafiq Khatib,9930000103,KK00117,Ganesh Bhosale,8976000117,2025-06-09 15:45:14,160,voice,347,"Wagle Estate Cell Site B, Thane"
KK-CDR-003893,KK00069,Imtiaz Kadam,9323000069,KK00085,Prakash Shaikh,9820000085,2025-06-09 12:20:11,160,voice,410,"Vartak Nagar Cell Site B, Thane"
KK-CDR-003894,KK00040,Rajan Ansari,9930000040,KK00048,Sameer Doshi,9323000048,2025-06-09 07:18:06,160,voice,859,"Pydhonie Cell Site A, Mumbai City"
KK-CDR-003895,KK00004,Kishor Pawar,9167000004,KK00029,Pravin Koli,7045000029,2025-06-09 10:39:30,160,voice,369,"Khopoli Cell Site B, Raigad (Uran / JNPT)"
KK-CDR-003896,KK00064,Anil Khatib,9820000064,KK00053,Pravin Bhatkar,9833000053,2025-06-09 08:20:53,160,voice,666,"Dongri Cell Site B, Mumbai City"
KK-CDR-003897,KK00013,Kishor Koli,7045000013,KK00015,Balkrishna Shinde,7045000015,2025-06-09 22:59:12,160,voice,187,"Nalasopara Cell Site A, Palghar"
KK-CDR-003898,KK00054,Kishor Sawant,9833000054,KK00126,Mangesh Thakur,9833000126,2025-06-09 08:51:22,160,voice,754,"Andheri Cell Site A, Mumbai Suburban"
KK-CDR-003899,KK00038,Iqbal Mehta,9820000038,KK00057,Balkrishna Parekh,8976000057,2025-06-09 20:51:46,160,voice,245,"Kurla Cell Site B, Mumbai Suburban"
KK-CDR-003900,KK00021,Santosh Bhandari,9422000021,KK00187,Prakash Salvi,7045000187,2025-06-09 19:12:23,160,voice,561,"Dapoli Cell Site B, Ratnagiri"
KK-CDR-003901,KK00033,Shirish Chavan,9422000033,KK00013,Kishor Koli,7045000013,2025-06-09 18:47:42,160,voice,761,"Dapoli Cell Site A, Ratnagiri"
KK-CDR-003902,KK00007,Santosh Sanghvi,9167000007,KK00034,Rakesh Doshi,9860000034,2025-06-10 22:18:23,161,voice,397,"Dapoli Cell Site B, Ratnagiri"
KK-CDR-003903,KK00072,Yogesh Momin,9833000072,KK00079,Rafiq Soni,8976000079,2025-06-10 12:17:42,161,voice,88,"Wagle Estate Cell Site A, Thane"
KK-CDR-003904,KK00039,Ravindra Bhosale,9323000039,KK00174,Hitesh Sanghvi,9820000174,2025-06-10 21:34:07,161,voice,879,"Dongri Cell Site A, Mumbai City"
KK-CDR-003905,KK00080,Rajan Desai,9820000080,KK00157,Mahesh Bhatkar,9930000157,2025-06-10 20:48:26,161,voice,543,"Kapurbawdi Cell Site A, Thane"
KK-CDR-003906,KK00061,Sameer Soni,9820000061,KK00066,Hanif Chavan,9833000066,2025-06-10 23:03:52,161,voice,106,"VP Road Cell Site A, Mumbai City"
KK-CDR-003907,KK00034,Rakesh Doshi,9860000034,KK00014,Anil Tandel,8655000014,2025-06-10 20:13:43,161,voice,78,"Uran Cell Site B, Raigad (Uran / JNPT)"
KK-CDR-003908,KK00006,Salim Parab,8655000006,KK00023,Prakash Deshmukh,8655000023,2025-06-10 09:38:04,161,voice,236,"Ratnagiri City Cell Site A, Ratnagiri"
KK-CDR-003909,KK00079,Rafiq Soni,8976000079,KK00158,Balkrishna Naik,9323000158,2025-06-10 09:57:26,161,voice,193,"Wagle Estate Cell Site B, Thane"
KK-CDR-003910,KK00003,Deepak Pawar,9167000003,KK00033,Shirish Chavan,9422000033,2025-06-10 21:00:02,161,voice,56,"Guhagar Cell Site B, Ratnagiri"
KK-CDR-003911,KK00199,Sunil Deshmukh,9820000199,KK00191,Javed Naik,9323000191,2025-06-10 21:49:56,161,voice,92,"MRA Marg Cell Site A, Mumbai City"
KK-CDR-003912,KK00041,Dnyaneshwar Parab,9930000041,KK00063,Sameer Koli,9323000063,2025-06-10 17:12:22,161,voice,284,"Sakinaka Cell Site B, Mumbai Suburban"
KK-CDR-003913,KK00025,Deepak Zaveri,8655000025,KK00141,Kishor Doshi,9422000141,2025-06-10 18:10:51,161,voice,837,"Uran Cell Site B, Raigad (Uran / JNPT)"
KK-CDR-003914,KK00193,Dnyaneshwar Bhosale,9167000193,KK00176,Ravindra Shaikh,8655000176,2025-06-10 20:03:38,161,voice,857,"Nhava Sheva Port Cell Site B, Raigad (Uran / JNPT)"
KK-CDR-003915,KK00032,Dattatray Mehta,9860000032,KK00201,Javed Shah,9860000201,2025-06-10 14:37:03,161,voice,869,"Uran Cell Site B, Raigad (Uran / JNPT)"
KK-CDR-003916,KK00011,Yogesh Kadam,7045000011,KK00010,Hitesh Desai,7045000010,2025-06-10 11:12:17,161,voice,561,"Nhava Sheva Port Cell Site B, Raigad (Uran / JNPT)"
KK-CDR-003917,KK00076,Jitendra Shaikh,9833000076,KK00085,Prakash Shaikh,9820000085,2025-06-10 12:01:29,161,voice,495,"Kapurbawdi Cell Site A, Thane"
KK-CDR-003918,KK00045,Kishor Sanghvi,9833000045,KK00043,Vinod Mehta,9323000043,2025-06-10 14:02:41,161,voice,473,"Kurla Cell Site A, Mumbai Suburban"
KK-CDR-003919,KK00076,Jitendra Shaikh,9833000076,KK00101,Javed Bhandari,9833000101,2025-06-10 14:47:05,161,voice,214,"Wagle Estate Cell Site B, Thane"
KK-CDR-003920,KK00027,Hanif Shinde,9422000027,KK00035,Balkrishna Shaikh,9167000035,2025-06-10 22:01:52,161,voice,248,"Khopoli Cell Site B, Raigad (Uran / JNPT)"
KK-CDR-003921,KK00067,Shirish Pawar,8976000067,KK00071,Arif Salvi,9833000071,2025-06-10 15:20:18,161,voice,747,"Wagle Estate Cell Site A, Thane"
KK-CDR-003922,KK00071,Arif Salvi,9833000071,KK00211,Nitin Parekh,9820000211,2025-06-10 06:29:26,161,voice,154,"Kapurbawdi Cell Site A, Thane"
KK-CDR-003923,KK00034,Rakesh Doshi,9860000034,KK00160,Dattatray Kothari,9860000160,2025-06-10 22:25:00,161,voice,476,"Panvel Taluka Cell Site B, Raigad (Uran / JNPT)"
KK-CDR-003924,KK00037,Ganesh Deshmukh,9323000037,KK00042,Shabbir Jadhav,9930000042,2025-06-10 14:23:14,161,voice,512,"Sakinaka Cell Site A, Mumbai Suburban"
KK-CDR-003925,KK00004,Kishor Pawar,9167000004,KK00165,Prakash Zaveri,7045000165,2025-06-11 15:35:56,162,voice,98,"Khopoli Cell Site A, Raigad (Uran / JNPT)"
KK-CDR-003926,KK00201,Javed Shah,9860000201,KK00125,Mahesh Desai,9422000125,2025-06-11 13:07:19,162,voice,820,"Dapoli Cell Site B, Ratnagiri"
KK-CDR-003927,KK00052,Rakesh Zaveri,8976000052,KK00040,Rajan Ansari,9930000040,2025-06-11 15:02:30,162,voice,342,"Bandra Cell Site B, Mumbai Suburban"
KK-CDR-003928,KK00005,Kishor Ansari,8655000005,KK00152,Sachin Zaveri,9860000152,2025-06-11 13:10:17,162,voice,633,"Nalasopara Cell Site A, Palghar"
KK-CDR-003929,KK00080,Rajan Desai,9820000080,KK00070,Hanif Kadam,9323000070,2025-06-11 15:11:28,162,voice,817,"Kapurbawdi Cell Site A, Thane"
KK-CDR-003930,KK00090,Arif Mhatre,9930000090,KK00075,Rafiq Pawar,8976000075,2025-06-11 12:48:20,162,voice,37,"Naupada Cell Site A, Thane"
KK-CDR-003931,KK00199,Sunil Deshmukh,9820000199,KK00202,Rajan Bhosale,9820000202,2025-06-11 14:12:05,162,voice,766,"VP Road Cell Site A, Mumbai City"
KK-CDR-003932,KK00067,Shirish Pawar,8976000067,KK00130,Nitin Doshi,8976000130,2025-06-11 07:40:00,162,voice,571,"Naupada Cell Site A, Thane"
KK-CDR-003933,KK00073,Mangesh Naik,9323000073,KK00103,Rafiq Khatib,9930000103,2025-06-11 22:18:37,162,voice,495,"Vartak Nagar Cell Site A, Thane"
KK-CDR-003934,KK00086,Arif Bhosale,8976000086,KK00093,Rajan Sanghvi,9820000093,2025-06-11 13:53:59,162,voice,888,"Vartak Nagar Cell Site A, Thane"
KK-CDR-003935,KK00033,Shirish Chavan,9422000033,KK00003,Deepak Pawar,9167000003,2025-06-11 15:18:28,162,voice,735,"Ratnagiri City Cell Site A, Ratnagiri"
KK-CDR-003936,KK00006,Salim Parab,8655000006,KK00001,Nilesh Khatib,8655000001,2025-06-11 10:21:14,162,voice,726,"Harnai Coastal Cell Site B, Ratnagiri"
KK-CDR-003937,KK00058,Dattatray Patil,9833000058,KK00051,Pravin Kadam,8976000051,2025-06-11 07:16:40,162,voice,537,"Pydhonie Cell Site A, Mumbai City"
KK-CDR-003938,KK00094,Iqbal Patil,9833000094,KK00072,Yogesh Momin,9833000072,2025-06-11 07:06:27,162,voice,312,"Naupada Cell Site A, Thane"
KK-CDR-003939,KK00057,Balkrishna Parekh,8976000057,KK00198,Ashok Khatib,9833000198,2025-06-11 09:42:07,162,voice,241,"MRA Marg Cell Site B, Mumbai City"
KK-CDR-003940,KK00063,Sameer Koli,9323000063,KK00050,Shirish Patil,9833000050,2025-06-11 07:39:45,162,voice,554,"MRA Marg Cell Site A, Mumbai City"
KK-CDR-003941,KK00005,Kishor Ansari,8655000005,KK00029,Pravin Koli,7045000029,2025-06-11 09:38:07,162,voice,566,"Nalasopara Cell Site A, Palghar"
KK-CDR-003942,KK00092,Suhas Parekh,9930000092,KK00212,Rafiq Kothari,8976000212,2025-06-11 06:54:02,162,voice,475,"Wagle Estate Cell Site A, Thane"
KK-CDR-003943,KK00091,Ashok More,9833000091,KK00190,Bhavesh Kothari,9323000190,2025-06-12 12:57:57,163,voice,206,"Wagle Estate Cell Site A, Thane"
KK-CDR-003944,KK00310,Hanif Khatib,9323000310,KK00400,Nitin Jadhav,9820000400,2025-06-12 10:53:12,163,voice,785,"Ghatkopar Cell Site A, Mumbai Suburban"
KK-CDR-003945,KK00012,Bhavesh Parekh,9860000012,KK00006,Salim Parab,8655000006,2025-06-12 20:43:05,163,voice,308,"Panvel Taluka Cell Site B, Raigad (Uran / JNPT)"
KK-CDR-003946,KK00023,Prakash Deshmukh,8655000023,KK00034,Rakesh Doshi,9860000034,2025-06-12 12:11:41,163,voice,726,"Harnai Coastal Cell Site B, Ratnagiri"
KK-CDR-003947,KK00123,Nitin Shaikh,8976000123,KK00177,Rakesh Sawant,8976000177,2025-06-12 20:08:56,163,voice,126,"LT Marg Cell Site A, Mumbai City"
KK-CDR-003948,KK00040,Rajan Ansari,9930000040,KK00045,Kishor Sanghvi,9833000045,2025-06-12 19:07:53,163,voice,534,"LT Marg Cell Site A, Mumbai City"
KK-CDR-003949,KK00029,Pravin Koli,7045000029,KK00112,Rakesh Gaikwad,8655000112,2025-06-12 13:54:05,163,voice,363,"Nalasopara Cell Site A, Palghar"
KK-CDR-003950,KK00011,Yogesh Kadam,7045000011,KK00029,Pravin Koli,7045000029,2025-06-12 07:24:07,163,voice,604,"Khopoli Cell Site B, Raigad (Uran / JNPT)"
KK-CDR-003951,KK00040,Rajan Ansari,9930000040,KK00208,Rafiq Momin,9930000208,2025-06-12 07:26:30,163,voice,771,"LT Marg Cell Site A, Mumbai City"
KK-CDR-003952,KK00067,Shirish Pawar,8976000067,KK00087,Rafiq Deshmukh,8976000087,2025-06-12 07:41:47,163,voice,456,"Naupada Cell Site B, Thane"
KK-CDR-003953,KK00045,Kishor Sanghvi,9833000045,KK00065,Dnyaneshwar Bhandari,8976000065,2025-06-12 23:05:36,163,voice,718,"Kurla Cell Site B, Mumbai Suburban"
KK-CDR-003954,KK00088,Rajan Sawant,9323000088,KK00085,Prakash Shaikh,9820000085,2025-06-12 08:23:25,163,voice,367,"Vartak Nagar Cell Site B, Thane"
KK-CDR-003955,KK00041,Dnyaneshwar Parab,9930000041,KK00059,Salim More,9820000059,2025-06-13 20:12:13,164,voice,128,"Andheri Cell Site B, Mumbai Suburban"
KK-CDR-003956,KK00037,Ganesh Deshmukh,9323000037,KK00051,Pravin Kadam,8976000051,2025-06-13 21:55:09,164,voice,76,"Andheri Cell Site A, Mumbai Suburban"
KK-CDR-003957,KK00021,Santosh Bhandari,9422000021,KK00003,Deepak Pawar,9167000003,2025-06-13 09:24:12,164,voice,807,"Harnai Coastal Cell Site B, Ratnagiri"
KK-CDR-003958,KK00200,Vilas Pawar,9323000200,KK00180,Iqbal Parab,9820000180,2025-06-13 16:57:43,164,voice,286,"Rabodi Cell Site B, Thane"
KK-CDR-003959,KK00037,Ganesh Deshmukh,9323000037,KK00038,Iqbal Mehta,9820000038,2025-06-13 18:40:28,164,voice,221,"Kurla Cell Site B, Mumbai Suburban"
KK-CDR-003960,KK00056,Mahesh Bhandari,9833000056,KK00062,Paresh Parekh,9820000062,2025-06-13 10:38:00,164,voice,58,"Ghatkopar Cell Site B, Mumbai Suburban"
KK-CDR-003961,KK00074,Prakash Bhosale,9323000074,KK00094,Iqbal Patil,9833000094,2025-06-13 19:10:20,164,voice,868,"Naupada Cell Site B, Thane"
KK-CDR-003962,KK00168,Rajan Gaikwad,9323000168,KK00202,Rajan Bhosale,9820000202,2025-06-13 18:42:05,164,voice,458,"VP Road Cell Site B, Mumbai City"
KK-CDR-003963,KK00087,Rafiq Deshmukh,8976000087,KK00082,Kishor Gaikwad,8976000082,2025-06-13 11:44:38,164,voice,30,"Wagle Estate Cell Site B, Thane"
KK-CDR-003964,KK00042,Shabbir Jadhav,9930000042,KK00126,Mangesh Thakur,9833000126,2025-06-13 22:33:59,164,voice,876,"Andheri Cell Site A, Mumbai Suburban"
KK-CDR-003965,KK00044,Ashok Sayyed,9833000044,KK00047,Santosh Thakur,9833000047,2025-06-13 09:05:11,164,voice,251,"LT Marg Cell Site A, Mumbai City"
KK-CDR-003966,KK00020,Vilas Sawant,9167000020,KK00188,Bhavesh Bhandari,7045000188,2025-06-13 23:55:41,164,voice,684,"Nalasopara Cell Site A, Palghar"
KK-CDR-003967,KK00069,Imtiaz Kadam,9323000069,KK00079,Rafiq Soni,8976000079,2025-06-13 18:13:11,164,voice,580,"Vartak Nagar Cell Site B, Thane"
KK-CDR-003968,KK00147,Suhas Shinde,9833000147,KK00203,Hanif Koli,8976000203,2025-06-13 17:53:23,164,voice,252,"Rabodi Cell Site A, Thane"
KK-CDR-003969,KK00143,Shabbir Surve,9930000143,KK00200,Vilas Pawar,9323000200,2025-06-13 18:27:54,164,voice,854,"Kapurbawdi Cell Site B, Thane"
KK-CDR-003970,KK00083,Sachin Naik,9930000083,KK00072,Yogesh Momin,9833000072,2025-06-13 07:24:02,164,voice,701,"Kapurbawdi Cell Site A, Thane"
KK-CDR-003971,KK00060,Mangesh Tandel,9820000060,KK00199,Sunil Deshmukh,9820000199,2025-06-14 23:11:34,165,voice,698,"Kurla Cell Site B, Mumbai Suburban"
KK-CDR-003972,KK00365,Iqbal Surve,9323000365,KK00333,Balkrishna Soni,9833000333,2025-06-14 20:05:31,165,voice,878,"Rabodi Cell Site A, Thane"
KK-CDR-003973,KK00252,Fayyaz More,9930000252,KK00245,Rakesh Thakur,9323000245,2025-06-14 07:05:20,165,voice,318,"Ghatkopar Cell Site B, Mumbai Suburban"
KK-CDR-003974,KK00172,Nilesh Kadam,8976000172,KK00156,Shabbir Naik,9930000156,2025-06-14 06:06:35,165,voice,337,"Dongri Cell Site A, Mumbai City"
KK-CDR-003975,KK00085,Prakash Shaikh,9820000085,KK00105,Pravin Desai,9323000105,2025-06-14 23:43:24,165,voice,81,"Vartak Nagar Cell Site A, Thane"
KK-CDR-003976,KK00065,Dnyaneshwar Bhandari,8976000065,KK00053,Pravin Bhatkar,9833000053,2025-06-14 21:09:04,165,voice,886,"Bandra Cell Site B, Mumbai Suburban"
KK-CDR-003977,KK00134,Vilas Mehta,9860000134,KK00150,Rafiq Naik,7045000150,2025-06-14 08:23:03,165,voice,698,"Dapoli Cell Site B, Ratnagiri"
KK-CDR-003978,KK00045,Kishor Sanghvi,9833000045,KK00044,Ashok Sayyed,9833000044,2025-06-14 17:17:16,165,voice,34,"Kurla Cell Site A, Mumbai Suburban"
KK-CDR-003979,KK00034,Rakesh Doshi,9860000034,KK00165,Prakash Zaveri,7045000165,2025-06-14 17:50:45,165,voice,429,"Panvel Taluka Cell Site B, Raigad (Uran / JNPT)"
KK-CDR-003980,KK00132,Vilas Kulkarni,9930000132,KK00158,Balkrishna Naik,9323000158,2025-06-14 09:07:17,165,voice,632,"Wagle Estate Cell Site B, Thane"
KK-CDR-003981,KK00065,Dnyaneshwar Bhandari,8976000065,KK00111,Deepak Tandel,9820000111,2025-06-14 19:37:21,165,voice,503,"Bandra Cell Site B, Mumbai Suburban"
KK-CDR-003982,KK00028,Sameer Kulkarni,9422000028,KK00005,Kishor Ansari,8655000005,2025-06-14 22:34:48,165,voice,561,"Vasai Cell Site B, Palghar"
KK-CDR-003983,KK00049,Santosh Zaveri,9833000049,KK00159,Hitesh Sayyed,8976000159,2025-06-14 11:06:57,165,voice,51,"Sakinaka Cell Site B, Mumbai Suburban"
KK-CDR-003984,KK00082,Kishor Gaikwad,8976000082,KK00068,Prakash Koli,9833000068,2025-06-14 21:22:00,165,voice,806,"Rabodi Cell Site B, Thane"
KK-CDR-003985,KK00082,Kishor Gaikwad,8976000082,KK00067,Shirish Pawar,8976000067,2025-06-14 09:17:02,165,voice,461,"Kapurbawdi Cell Site A, Thane"
KK-CDR-003986,KK00157,Mahesh Bhatkar,9930000157,KK00200,Vilas Pawar,9323000200,2025-06-14 11:40:04,165,voice,762,"Kapurbawdi Cell Site B, Thane"
KK-CDR-003987,KK00008,Vilas Tandel,9860000008,KK00013,Kishor Koli,7045000013,2025-06-14 21:30:02,165,voice,101,"Panvel Taluka Cell Site A, Raigad (Uran / JNPT)"
KK-CDR-003988,KK00028,Sameer Kulkarni,9422000028,KK00216,Santosh Jadhav,8655000216,2025-06-14 13:38:09,165,voice,85,"Satpati Coastal Cell Site A, Palghar"
KK-CDR-003989,KK00076,Jitendra Shaikh,9833000076,KK00082,Kishor Gaikwad,8976000082,2025-06-14 15:45:25,165,voice,574,"Rabodi Cell Site A, Thane"
KK-CDR-003990,KK00013,Kishor Koli,7045000013,KK00140,Salim Kothari,9167000140,2025-06-14 20:37:52,165,voice,772,"Nalasopara Cell Site A, Palghar"
KK-CDR-003991,KK00010,Hitesh Desai,7045000010,KK00152,Sachin Zaveri,9860000152,2025-06-14 18:06:16,165,voice,480,"Ratnagiri City Cell Site A, Ratnagiri"
KK-CDR-003992,KK00182,Dnyaneshwar Shinde,9422000182,KK00187,Prakash Salvi,7045000187,2025-06-14 23:29:28,165,voice,802,"Satpati Coastal Cell Site B, Palghar"
KK-CDR-003993,KK00043,Vinod Mehta,9323000043,KK00066,Hanif Chavan,9833000066,2025-06-14 20:41:41,165,voice,643,"Sakinaka Cell Site B, Mumbai Suburban"
KK-CDR-003994,KK00004,Kishor Pawar,9167000004,KK00001,Nilesh Khatib,8655000001,2025-06-15 08:20:30,166,voice,686,"Panvel Taluka Cell Site B, Raigad (Uran / JNPT)"
KK-CDR-003995,KK00073,Mangesh Naik,9323000073,KK00213,Ravindra Zaveri,9820000213,2025-06-15 21:31:13,166,voice,580,"Naupada Cell Site A, Thane"
KK-CDR-003996,KK00067,Shirish Pawar,8976000067,KK00082,Kishor Gaikwad,8976000082,2025-06-15 09:27:54,166,voice,86,"Kapurbawdi Cell Site A, Thane"
KK-CDR-003997,KK00130,Nitin Doshi,8976000130,KK00097,Arif Kadam,9323000097,2025-06-15 23:20:35,166,voice,62,"Rabodi Cell Site B, Thane"
KK-CDR-003998,KK00047,Santosh Thakur,9833000047,KK00049,Santosh Zaveri,9833000049,2025-06-15 07:39:57,166,voice,97,"Ghatkopar Cell Site A, Mumbai Suburban"
KK-CDR-003999,KK00031,Anil Chavan,8655000031,KK00005,Kishor Ansari,8655000005,2025-06-15 10:15:06,166,voice,728,"Dapoli Cell Site B, Ratnagiri"
KK-CDR-004000,KK00035,Balkrishna Shaikh,9167000035,KK00209,Jitendra Kadam,7045000209,2025-06-15 17:31:45,166,voice,857,"Satpati Coastal Cell Site B, Palghar"
KK-CDR-004001,KK00013,Kishor Koli,7045000013,KK00163,Paresh Patil,9167000163,2025-06-15 14:51:37,166,voice,782,"Satpati Coastal Cell Site B, Palghar"
KK-CDR-004002,KK00070,Hanif Kadam,9323000070,KK00157,Mahesh Bhatkar,9930000157,2025-06-15 21:27:50,166,voice,582,"Wagle Estate Cell Site A, Thane"
KK-CDR-004003,KK00147,Suhas Shinde,9833000147,KK00213,Ravindra Zaveri,9820000213,2025-06-15 19:56:25,166,voice,183,"Rabodi Cell Site A, Thane"
KK-CDR-004004,KK00038,Iqbal Mehta,9820000038,KK00052,Rakesh Zaveri,8976000052,2025-06-15 20:13:18,166,voice,666,"Ghatkopar Cell Site A, Mumbai Suburban"
KK-CDR-004005,KK00006,Salim Parab,8655000006,KK00015,Balkrishna Shinde,7045000015,2025-06-15 21:58:57,166,voice,793,"Dapoli Cell Site A, Ratnagiri"
KK-CDR-004006,KK00043,Vinod Mehta,9323000043,KK00062,Paresh Parekh,9820000062,2025-06-15 15:47:04,166,voice,772,"Ghatkopar Cell Site A, Mumbai Suburban"
KK-CDR-004007,KK00156,Shabbir Naik,9930000156,KK00136,Mangesh Shaikh,9930000136,2025-06-15 17:07:16,166,voice,124,"Kurla Cell Site B, Mumbai Suburban"
KK-CDR-004008,KK00050,Shirish Patil,9833000050,KK00042,Shabbir Jadhav,9930000042,2025-06-15 10:13:34,166,voice,775,"VP Road Cell Site B, Mumbai City"
KK-CDR-004009,KK00022,Dnyaneshwar Salvi,8655000022,KK00004,Kishor Pawar,9167000004,2025-06-15 09:33:25,166,voice,296,"Guhagar Cell Site B, Ratnagiri"
KK-CDR-004010,KK00042,Shabbir Jadhav,9930000042,KK00041,Dnyaneshwar Parab,9930000041,2025-06-16 19:07:11,167,voice,131,"Kurla Cell Site A, Mumbai Suburban"
KK-CDR-004011,KK00037,Ganesh Deshmukh,9323000037,KK00129,Ravindra Sanghvi,8976000129,2025-06-16 13:24:20,167,voice,225,"Kurla Cell Site A, Mumbai Suburban"
KK-CDR-004012,KK00007,Santosh Sanghvi,9167000007,KK00112,Rakesh Gaikwad,8655000112,2025-06-16 23:26:42,167,voice,59,"Guhagar Cell Site B, Ratnagiri"
KK-CDR-004013,KK00085,Prakash Shaikh,9820000085,KK00081,Deepak Kadam,9833000081,2025-06-16 11:14:22,167,voice,396,"Vartak Nagar Cell Site A, Thane"
KK-CDR-004014,KK00034,Rakesh Doshi,9860000034,KK00018,Suhas Sanghvi,9167000018,2025-06-16 12:34:16,167,voice,604,"Uran Cell Site B, Raigad (Uran / JNPT)"
KK-CDR-004015,KK00088,Rajan Sawant,9323000088,KK00070,Hanif Kadam,9323000070,2025-06-16 13:30:09,167,voice,167,"Vartak Nagar Cell Site A, Thane"
KK-CDR-004016,KK00093,Rajan Sanghvi,9820000093,KK00073,Mangesh Naik,9323000073,2025-06-16 18:08:32,167,voice,76,"Naupada Cell Site B, Thane"
KK-CDR-004017,KK00032,Dattatray Mehta,9860000032,KK00163,Paresh Patil,9167000163,2025-06-16 12:42:11,167,voice,630,"Khopoli Cell Site A, Raigad (Uran / JNPT)"
KK-CDR-004018,KK00058,Dattatray Patil,9833000058,KK00064,Anil Khatib,9820000064,2025-06-16 20:59:59,167,voice,446,"LT Marg Cell Site A, Mumbai City"
KK-CDR-004019,KK00093,Rajan Sanghvi,9820000093,KK00072,Yogesh Momin,9833000072,2025-06-16 19:55:50,167,voice,151,"Naupada Cell Site A, Thane"
KK-CDR-004020,KK00057,Balkrishna Parekh,8976000057,KK00037,Ganesh Deshmukh,9323000037,2025-06-16 15:17:12,167,voice,865,"VP Road Cell Site B, Mumbai City"
KK-CDR-004021,KK00017,Anil Tandel,7045000017,KK00002,Iqbal Naik,9860000002,2025-06-16 08:03:56,167,voice,614,"Nhava Sheva Port Cell Site B, Raigad (Uran / JNPT)"
KK-CDR-004022,KK00277,Rafiq Bhatkar,8976000277,KK00374,Shabbir Dalvi,9833000374,2025-06-16 10:51:12,167,voice,279,"Faraskhana Cell Site B, Pune"
KK-CDR-004023,KK00081,Deepak Kadam,9833000081,KK00068,Prakash Koli,9833000068,2025-06-16 21:14:01,167,voice,246,"Rabodi Cell Site A, Thane"
KK-CDR-004024,KK00057,Balkrishna Parekh,8976000057,KK00177,Rakesh Sawant,8976000177,2025-06-16 12:26:07,167,voice,391,"Pydhonie Cell Site A, Mumbai City"
KK-CDR-004025,KK00082,Kishor Gaikwad,8976000082,KK00203,Hanif Koli,8976000203,2025-06-16 21:51:56,167,voice,823,"Kapurbawdi Cell Site B, Thane"
KK-CDR-004026,KK00068,Prakash Koli,9833000068,KK00132,Vilas Kulkarni,9930000132,2025-06-16 15:48:33,167,voice,24,"Kapurbawdi Cell Site A, Thane"
KK-CDR-004027,KK00401,Dnyaneshwar Naik,9833000401,KK00218,Vinod Thakur,9930000218,2025-06-16 23:30:59,167,voice,405,"Bund Garden Cell Site A, Pune"
KK-CDR-004028,KK00151,Deepak Mehta,9820000151,KK00145,Vilas Ansari,9323000145,2025-06-17 09:14:14,168,voice,617,"Bandra Cell Site B, Mumbai Suburban"
KK-CDR-004029,KK00030,Vilas Khatib,8655000030,KK00140,Salim Kothari,9167000140,2025-06-17 06:31:13,168,voice,842,"Harnai Coastal Cell Site A, Ratnagiri"
KK-CDR-004030,KK00063,Sameer Koli,9323000063,KK00126,Mangesh Thakur,9833000126,2025-06-17 18:15:22,168,voice,315,"Dongri Cell Site A, Mumbai City"
KK-CDR-004031,KK00102,Hitesh Kothari,9820000102,KK00198,Ashok Khatib,9833000198,2025-06-17 06:39:26,168,voice,400,"Pydhonie Cell Site B, Mumbai City"
KK-CDR-004032,KK00023,Prakash Deshmukh,8655000023,KK00013,Kishor Koli,7045000013,2025-06-17 15:35:33,168,voice,868,"Harnai Coastal Cell Site A, Ratnagiri"
KK-CDR-004033,KK00090,Arif Mhatre,9930000090,KK00088,Rajan Sawant,9323000088,2025-06-17 18:21:30,168,voice,526,"Kapurbawdi Cell Site A, Thane"
KK-CDR-004034,KK00044,Ashok Sayyed,9833000044,KK00040,Rajan Ansari,9930000040,2025-06-17 07:04:00,168,voice,676,"LT Marg Cell Site A, Mumbai City"
KK-CDR-004035,KK00092,Suhas Parekh,9930000092,KK00069,Imtiaz Kadam,9323000069,2025-06-17 12:06:01,168,voice,139,"Wagle Estate Cell Site B, Thane"
KK-CDR-004036,KK00015,Balkrishna Shinde,7045000015,KK00155,Rakesh Kothari,9422000155,2025-06-17 21:44:02,168,voice,359,"Nalasopara Cell Site B, Palghar"
KK-CDR-004037,KK00056,Mahesh Bhandari,9833000056,KK00046,Shabbir Shaikh,9820000046,2025-06-17 16:16:13,168,voice,567,"Bandra Cell Site B, Mumbai Suburban"
KK-CDR-004038,KK00181,Umesh Jadhav,8976000181,KK00174,Hitesh Sanghvi,9820000174,2025-06-17 18:16:53,168,voice,857,"Pydhonie Cell Site B, Mumbai City"
KK-CDR-004039,KK00016,Anil Tandel,9167000016,KK00201,Javed Shah,9860000201,2025-06-17 13:01:59,168,voice,872,"Harnai Coastal Cell Site B, Ratnagiri"
KK-CDR-004040,KK00075,Rafiq Pawar,8976000075,KK00115,Rakesh Patil,9820000115,2025-06-17 22:10:15,168,voice,53,"Wagle Estate Cell Site B, Thane"
KK-CDR-004041,KK00167,Sameer Parekh,9167000167,KK00154,Hanif Thakur,7045000154,2025-06-17 20:20:53,168,voice,563,"Harnai Coastal Cell Site A, Ratnagiri"
KK-CDR-004042,KK00019,Arif Gaikwad,9422000019,KK00104,Imtiaz Bhosale,9167000104,2025-06-17 21:22:19,168,voice,202,"Satpati Coastal Cell Site B, Palghar"
KK-CDR-004043,KK00058,Dattatray Patil,9833000058,KK00060,Mangesh Tandel,9820000060,2025-06-17 06:09:44,168,voice,102,"Pydhonie Cell Site B, Mumbai City"
KK-CDR-004044,KK00006,Salim Parab,8655000006,KK00022,Dnyaneshwar Salvi,8655000022,2025-06-17 21:35:18,168,voice,806,"Guhagar Cell Site B, Ratnagiri"
KK-CDR-004045,KK00056,Mahesh Bhandari,9833000056,KK00049,Santosh Zaveri,9833000049,2025-06-17 17:49:05,168,voice,724,"Kurla Cell Site A, Mumbai Suburban"
KK-CDR-004046,KK00019,Arif Gaikwad,9422000019,KK00007,Santosh Sanghvi,9167000007,2025-06-17 09:28:11,168,voice,687,"Nalasopara Cell Site A, Palghar"
KK-CDR-004047,KK00080,Rajan Desai,9820000080,KK00084,Vinod Deshmukh,9833000084,2025-06-17 06:36:54,168,voice,525,"Vartak Nagar Cell Site B, Thane"
KK-CDR-004048,KK00117,Ganesh Bhosale,8976000117,KK00097,Arif Kadam,9323000097,2025-06-17 09:21:07,168,voice,20,"Rabodi Cell Site B, Thane"
KK-CDR-004049,KK00037,Ganesh Deshmukh,9323000037,KK00063,Sameer Koli,9323000063,2025-06-18 08:44:44,169,voice,78,"Bandra Cell Site B, Mumbai Suburban"
KK-CDR-004050,KK00077,Anil Thakur,9833000077,KK00088,Rajan Sawant,9323000088,2025-06-18 17:58:05,169,voice,526,"Naupada Cell Site B, Thane"
KK-CDR-004051,KK00017,Anil Tandel,7045000017,KK00023,Prakash Deshmukh,8655000023,2025-06-18 17:43:58,169,voice,747,"Uran Cell Site A, Raigad (Uran / JNPT)"
KK-CDR-004052,KK00019,Arif Gaikwad,9422000019,KK00017,Anil Tandel,7045000017,2025-06-18 17:55:07,169,voice,760,"Satpati Coastal Cell Site A, Palghar"
KK-CDR-004053,KK00313,Mangesh Jadhav,9323000313,KK00409,Ravindra Momin,9820000409,2025-06-18 08:34:24,169,voice,362,"Koregaon Park Cell Site B, Pune"
KK-CDR-004054,KK00384,Rafiq Desai,9820000384,KK00231,Sunil Pawar,9820000231,2025-06-18 08:40:30,169,voice,164,"Koregaon Park Cell Site B, Pune"
KK-CDR-004055,KK00100,Suhas Mehta,9323000100,KK00175,Balkrishna Pawar,9323000175,2025-06-18 23:00:07,169,voice,858,"Sakinaka Cell Site B, Mumbai Suburban"
KK-CDR-004056,KK00103,Rafiq Khatib,9930000103,KK00133,Ravindra Chavan,9833000133,2025-06-18 18:12:49,169,voice,682,"Rabodi Cell Site A, Thane"
KK-CDR-004057,KK00058,Dattatray Patil,9833000058,KK00111,Deepak Tandel,9820000111,2025-06-18 17:59:15,169,voice,530,"MRA Marg Cell Site A, Mumbai City"
KK-CDR-004058,KK00138,Vinod Desai,8655000138,KK00173,Rajan Momin,7045000173,2025-06-18 16:29:19,169,voice,616,"Palghar Cell Site A, Palghar"
KK-CDR-004059,KK00093,Rajan Sanghvi,9820000093,KK00084,Vinod Deshmukh,9833000084,2025-06-18 06:45:49,169,voice,91,"Wagle Estate Cell Site B, Thane"
KK-CDR-004060,KK00030,Vilas Khatib,8655000030,KK00025,Deepak Zaveri,8655000025,2025-06-18 10:56:54,169,voice,135,"Dapoli Cell Site A, Ratnagiri"
KK-CDR-004061,KK00051,Pravin Kadam,8976000051,KK00064,Anil Khatib,9820000064,2025-06-18 10:25:03,169,voice,487,"Dongri Cell Site A, Mumbai City"
KK-CDR-004062,KK00208,Rafiq Momin,9930000208,KK00215,Pravin Sayyed,9930000215,2025-06-19 07:09:22,170,voice,198,"Ghatkopar Cell Site B, Mumbai Suburban"
KK-CDR-004063,KK00044,Ashok Sayyed,9833000044,KK00052,Rakesh Zaveri,8976000052,2025-06-19 07:09:08,170,voice,597,"Pydhonie Cell Site A, Mumbai City"
KK-CDR-004064,KK00067,Shirish Pawar,8976000067,KK00076,Jitendra Shaikh,9833000076,2025-06-19 17:56:12,170,voice,19,"Wagle Estate Cell Site B, Thane"
KK-CDR-004065,KK00045,Kishor Sanghvi,9833000045,KK00064,Anil Khatib,9820000064,2025-06-19 11:43:24,170,voice,411,"Ghatkopar Cell Site B, Mumbai Suburban"
KK-CDR-004066,KK00170,Kishor Thakur,9860000170,KK00138,Vinod Desai,8655000138,2025-06-19 08:05:22,170,voice,143,"Nhava Sheva Port Cell Site B, Raigad (Uran / JNPT)"
KK-CDR-004067,KK00006,Salim Parab,8655000006,KK00112,Rakesh Gaikwad,8655000112,2025-06-19 15:32:28,170,voice,866,"Harnai Coastal Cell Site A, Ratnagiri"
KK-CDR-004068,KK00004,Kishor Pawar,9167000004,KK00028,Sameer Kulkarni,9422000028,2025-06-19 20:55:38,170,voice,810,"Uran Cell Site B, Raigad (Uran / JNPT)"
KK-CDR-004069,KK00259,Javed Momin,8976000259,KK00232,Ravindra Koli,9930000232,2025-06-19 10:16:56,170,voice,496,"Bund Garden Cell Site B, Pune"
KK-CDR-004070,KK00406,Sameer Bhosale,9833000406,KK00241,Pravin More,8976000241,2025-06-19 22:46:21,170,voice,143,"Sakinaka Cell Site B, Mumbai Suburban"
KK-CDR-004071,KK00090,Arif Mhatre,9930000090,KK00200,Vilas Pawar,9323000200,2025-06-19 18:49:35,170,voice,766,"Kapurbawdi Cell Site A, Thane"
KK-CDR-004072,KK00011,Yogesh Kadam,7045000011,KK00013,Kishor Koli,7045000013,2025-06-19 18:34:08,170,voice,233,"Panvel Taluka Cell Site B, Raigad (Uran / JNPT)"
KK-CDR-004073,KK00017,Anil Tandel,7045000017,KK00035,Balkrishna Shaikh,9167000035,2025-06-19 07:47:52,170,voice,145,"Khopoli Cell Site B, Raigad (Uran / JNPT)"
KK-CDR-004074,KK00036,Fayyaz Kadam,9422000036,KK00020,Vilas Sawant,9167000020,2025-06-19 12:07:18,170,voice,210,"Satpati Coastal Cell Site A, Palghar"
KK-CDR-004075,KK00116,Yogesh Rane,8655000116,KK00134,Vilas Mehta,9860000134,2025-06-19 08:05:03,170,voice,190,"Uran Cell Site B, Raigad (Uran / JNPT)"
KK-CDR-004076,KK00001,Nilesh Khatib,8655000001,KK00016,Anil Tandel,9167000016,2025-06-19 23:38:15,170,voice,351,"Ratnagiri City Cell Site B, Ratnagiri"
KK-CDR-004077,KK00201,Javed Shah,9860000201,KK00125,Mahesh Desai,9422000125,2025-06-19 17:22:34,170,voice,703,"Ratnagiri City Cell Site B, Ratnagiri"
KK-CDR-004078,KK00053,Pravin Bhatkar,9833000053,KK00064,Anil Khatib,9820000064,2025-06-19 11:09:08,170,voice,363,"Andheri Cell Site A, Mumbai Suburban"
KK-CDR-004079,KK00386,Mahesh Parab,8976000386,KK00248,Imtiaz Shinde,9323000248,2025-06-19 23:55:24,170,voice,606,"Faraskhana Cell Site B, Pune"
KK-CDR-004080,KK00022,Dnyaneshwar Salvi,8655000022,KK00004,Kishor Pawar,9167000004,2025-06-19 07:42:36,170,voice,480,"Dapoli Cell Site B, Ratnagiri"
KK-CDR-004081,KK00019,Arif Gaikwad,9422000019,KK00167,Sameer Parekh,9167000167,2025-06-19 13:33:22,170,voice,171,"Vasai Cell Site A, Palghar"
KK-CDR-004082,KK00154,Hanif Thakur,7045000154,KK00214,Vinod Pawar,7045000214,2025-06-19 18:45:27,170,voice,566,"Ratnagiri City Cell Site B, Ratnagiri"
KK-CDR-004083,KK00079,Rafiq Soni,8976000079,KK00084,Vinod Deshmukh,9833000084,2025-06-20 06:00:31,171,voice,618,"Kapurbawdi Cell Site A, Thane"
KK-CDR-004084,KK00052,Rakesh Zaveri,8976000052,KK00062,Paresh Parekh,9820000062,2025-06-20 11:14:34,171,voice,457,"Ghatkopar Cell Site A, Mumbai Suburban"
KK-CDR-004085,KK00273,Javed Sanghvi,9820000273,KK00307,Iqbal Shinde,9323000307,2025-06-20 07:19:38,171,voice,599,"Vartak Nagar Cell Site A, Thane"
KK-CDR-004086,KK00036,Fayyaz Kadam,9422000036,KK00002,Iqbal Naik,9860000002,2025-06-20 23:48:11,171,voice,743,"Palghar Cell Site A, Palghar"
KK-CDR-004087,KK00081,Deepak Kadam,9833000081,KK00189,Dattatray Jadhav,9833000189,2025-06-20 14:27:57,171,voice,721,"Naupada Cell Site A, Thane"
KK-CDR-004088,KK00246,Anil Dalvi,9930000246,KK00221,Hitesh Tandel,9833000221,2025-06-20 13:05:09,171,voice,534,"Koregaon Park Cell Site B, Pune"
KK-CDR-004089,KK00047,Santosh Thakur,9833000047,KK00051,Pravin Kadam,8976000051,2025-06-20 23:41:37,171,voice,244,"Kurla Cell Site A, Mumbai Suburban"
KK-CDR-004090,KK00068,Prakash Koli,9833000068,KK00183,Paresh Thakur,9930000183,2025-06-20 21:05:13,171,voice,300,"Naupada Cell Site B, Thane"
KK-CDR-004091,KK00072,Yogesh Momin,9833000072,KK00074,Prakash Bhosale,9323000074,2025-06-20 23:19:03,171,voice,580,"Wagle Estate Cell Site A, Thane"
KK-CDR-004092,KK00055,Vilas Shinde,8976000055,KK00159,Hitesh Sayyed,8976000159,2025-06-20 20:40:59,171,voice,633,"Pydhonie Cell Site B, Mumbai City"
KK-CDR-004093,KK00079,Rafiq Soni,8976000079,KK00070,Hanif Kadam,9323000070,2025-06-20 11:02:41,171,voice,497,"Naupada Cell Site B, Thane"
KK-CDR-004094,KK00026,Rafiq Shah,9167000026,KK00004,Kishor Pawar,9167000004,2025-06-20 15:40:17,171,voice,209,"Ratnagiri City Cell Site B, Ratnagiri"
KK-CDR-004095,KK00175,Balkrishna Pawar,9323000175,KK00156,Shabbir Naik,9930000156,2025-06-20 15:12:44,171,voice,94,"Bandra Cell Site A, Mumbai Suburban"
KK-CDR-004096,KK00001,Nilesh Khatib,8655000001,KK00201,Javed Shah,9860000201,2025-06-20 08:07:16,171,voice,337,"Guhagar Cell Site B, Ratnagiri"
KK-CDR-004097,KK00031,Anil Chavan,8655000031,KK00017,Anil Tandel,7045000017,2025-06-20 14:35:20,171,voice,318,"Dapoli Cell Site B, Ratnagiri"
KK-CDR-004098,KK00186,Santosh Kadam,9833000186,KK00200,Vilas Pawar,9323000200,2025-06-20 22:30:25,171,voice,672,"Kapurbawdi Cell Site A, Thane"
KK-CDR-004099,KK00076,Jitendra Shaikh,9833000076,KK00077,Anil Thakur,9833000077,2025-06-20 18:08:48,171,voice,488,"Rabodi Cell Site B, Thane"
KK-CDR-004100,KK00087,Rafiq Deshmukh,8976000087,KK00078,Shirish Salvi,9833000078,2025-06-20 10:47:49,171,voice,537,"Wagle Estate Cell Site B, Thane"
KK-CDR-004101,KK00081,Deepak Kadam,9833000081,KK00089,Ganesh Naik,8976000089,2025-06-20 14:30:20,171,voice,413,"Vartak Nagar Cell Site B, Thane"
KK-CDR-004102,KK00069,Imtiaz Kadam,9323000069,KK00074,Prakash Bhosale,9323000074,2025-06-20 12:58:46,171,voice,635,"Vartak Nagar Cell Site A, Thane"
KK-CDR-004103,KK00023,Prakash Deshmukh,8655000023,KK00032,Dattatray Mehta,9860000032,2025-06-20 20:00:23,171,voice,692,"Ratnagiri City Cell Site A, Ratnagiri"
KK-CDR-004104,KK00065,Dnyaneshwar Bhandari,8976000065,KK00174,Hitesh Sanghvi,9820000174,2025-06-20 15:51:16,171,voice,363,"Bandra Cell Site A, Mumbai Suburban"
KK-CDR-004105,KK00113,Fayyaz Chavan,8976000113,KK00106,Dattatray Pawar,9820000106,2025-06-21 09:18:36,172,voice,66,"Ghatkopar Cell Site A, Mumbai Suburban"
KK-CDR-004106,KK00007,Santosh Sanghvi,9167000007,KK00032,Dattatray Mehta,9860000032,2025-06-21 08:00:39,172,voice,744,"Dapoli Cell Site B, Ratnagiri"
KK-CDR-004107,KK00080,Rajan Desai,9820000080,KK00211,Nitin Parekh,9820000211,2025-06-21 20:49:01,172,voice,699,"Kapurbawdi Cell Site B, Thane"
KK-CDR-004108,KK00064,Anil Khatib,9820000064,KK00048,Sameer Doshi,9323000048,2025-06-21 15:29:08,172,voice,888,"MRA Marg Cell Site A, Mumbai City"
KK-CDR-004109,KK00075,Rafiq Pawar,8976000075,KK00158,Balkrishna Naik,9323000158,2025-06-21 17:36:57,172,voice,876,"Kapurbawdi Cell Site B, Thane"
KK-CDR-004110,KK00004,Kishor Pawar,9167000004,KK00026,Rafiq Shah,9167000026,2025-06-21 20:26:21,172,voice,864,"Nhava Sheva Port Cell Site A, Raigad (Uran / JNPT)"
KK-CDR-004111,KK00079,Rafiq Soni,8976000079,KK00185,Balkrishna Kothari,8976000185,2025-06-21 22:13:03,172,voice,832,"Rabodi Cell Site B, Thane"
KK-CDR-004112,KK00090,Arif Mhatre,9930000090,KK00078,Shirish Salvi,9833000078,2025-06-21 18:22:40,172,voice,377,"Kapurbawdi Cell Site B, Thane"
KK-CDR-004113,KK00037,Ganesh Deshmukh,9323000037,KK00184,Iqbal Jadhav,9833000184,2025-06-21 18:47:04,172,voice,375,"Ghatkopar Cell Site A, Mumbai Suburban"
KK-CDR-004114,KK00207,Shabbir Pawar,9422000207,KK00176,Ravindra Shaikh,8655000176,2025-06-21 09:13:13,172,voice,560,"Nhava Sheva Port Cell Site B, Raigad (Uran / JNPT)"
KK-CDR-004115,KK00015,Balkrishna Shinde,7045000015,KK00011,Yogesh Kadam,7045000011,2025-06-21 19:09:02,172,voice,620,"Satpati Coastal Cell Site B, Palghar"
KK-CDR-004116,KK00191,Javed Naik,9323000191,KK00194,Nilesh Bhandari,9323000194,2025-06-21 13:57:04,172,voice,695,"Pydhonie Cell Site B, Mumbai City"
KK-CDR-004117,KK00169,Sunil Parab,9323000169,KK00191,Javed Naik,9323000191,2025-06-21 09:46:30,172,voice,554,"LT Marg Cell Site A, Mumbai City"
KK-CDR-004118,KK00117,Ganesh Bhosale,8976000117,KK00153,Pravin Shaikh,8976000153,2025-06-21 20:04:03,172,voice,124,"Rabodi Cell Site A, Thane"
KK-CDR-004119,KK00091,Ashok More,9833000091,KK00067,Shirish Pawar,8976000067,2025-06-21 20:53:40,172,voice,261,"Kapurbawdi Cell Site A, Thane"
KK-CDR-004120,KK00085,Prakash Shaikh,9820000085,KK00075,Rafiq Pawar,8976000075,2025-06-21 15:06:59,172,voice,161,"Vartak Nagar Cell Site A, Thane"
KK-CDR-004121,KK00072,Yogesh Momin,9833000072,KK00070,Hanif Kadam,9323000070,2025-06-21 23:14:39,172,voice,379,"Rabodi Cell Site B, Thane"
KK-CDR-004122,KK00208,Rafiq Momin,9930000208,KK00198,Ashok Khatib,9833000198,2025-06-21 19:39:07,172,voice,430,"Ghatkopar Cell Site A, Mumbai Suburban"
KK-CDR-004123,KK00076,Jitendra Shaikh,9833000076,KK00072,Yogesh Momin,9833000072,2025-06-21 11:49:15,172,voice,312,"Kapurbawdi Cell Site B, Thane"
KK-CDR-004124,KK00071,Arif Salvi,9833000071,KK00079,Rafiq Soni,8976000079,2025-06-21 15:13:21,172,voice,293,"Wagle Estate Cell Site B, Thane"
KK-CDR-004125,KK00060,Mangesh Tandel,9820000060,KK00129,Ravindra Sanghvi,8976000129,2025-06-21 16:44:56,172,voice,301,"Andheri Cell Site A, Mumbai Suburban"
KK-CDR-004126,KK00088,Rajan Sawant,9323000088,KK00074,Prakash Bhosale,9323000074,2025-06-21 16:32:20,172,voice,649,"Kapurbawdi Cell Site A, Thane"
KK-CDR-004127,KK00152,Sachin Zaveri,9860000152,KK00118,Ashok Deshmukh,9167000118,2025-06-21 06:14:14,172,voice,115,"Dapoli Cell Site A, Ratnagiri"
KK-CDR-004128,KK00075,Rafiq Pawar,8976000075,KK00087,Rafiq Deshmukh,8976000087,2025-06-21 06:29:00,172,voice,835,"Naupada Cell Site B, Thane"
KK-CDR-004129,KK00017,Anil Tandel,7045000017,KK00024,Nilesh Parekh,9422000024,2025-06-21 20:13:02,172,voice,561,"Khopoli Cell Site B, Raigad (Uran / JNPT)"
KK-CDR-004130,KK00089,Ganesh Naik,8976000089,KK00068,Prakash Koli,9833000068,2025-06-21 08:59:14,172,voice,339,"Rabodi Cell Site A, Thane"
KK-CDR-004131,KK00202,Rajan Bhosale,9820000202,KK00151,Deepak Mehta,9820000151,2025-06-22 14:22:57,173,voice,83,"Pydhonie Cell Site A, Mumbai City"
KK-CDR-004132,KK00171,Dnyaneshwar Dalvi,7045000171,KK00160,Dattatray Kothari,9860000160,2025-06-22 18:12:11,173,voice,860,"Khopoli Cell Site B, Raigad (Uran / JNPT)"
KK-CDR-004133,KK00093,Rajan Sanghvi,9820000093,KK00087,Rafiq Deshmukh,8976000087,2025-06-22 21:40:51,173,voice,687,"Naupada Cell Site B, Thane"
KK-CDR-004134,KK00051,Pravin Kadam,8976000051,KK00142,Shirish Soni,8976000142,2025-06-22 11:45:51,173,voice,352,"Pydhonie Cell Site A, Mumbai City"
KK-CDR-004135,KK00121,Mangesh Doshi,9930000121,KK00203,Hanif Koli,8976000203,2025-06-22 07:12:19,173,voice,737,"Wagle Estate Cell Site A, Thane"
KK-CDR-004136,KK00036,Fayyaz Kadam,9422000036,KK00205,Mangesh Koli,7045000205,2025-06-22 11:14:16,173,voice,592,"Vasai Cell Site A, Palghar"
KK-CDR-004137,KK00083,Sachin Naik,9930000083,KK00084,Vinod Deshmukh,9833000084,2025-06-22 06:41:12,173,voice,349,"Wagle Estate Cell Site B, Thane"
KK-CDR-004138,KK00155,Rakesh Kothari,9422000155,KK00216,Santosh Jadhav,8655000216,2025-06-22 13:59:03,173,voice,807,"Palghar Cell Site A, Palghar"
KK-CDR-004139,KK00081,Deepak Kadam,9833000081,KK00190,Bhavesh Kothari,9323000190,2025-06-22 23:47:37,173,voice,310,"Naupada Cell Site A, Thane"
KK-CDR-004140,KK00002,Iqbal Naik,9860000002,KK00009,Dattatray Soni,9860000009,2025-06-22 07:37:12,173,voice,888,"Panvel Taluka Cell Site A, Raigad (Uran / JNPT)"
KK-CDR-004141,KK00051,Pravin Kadam,8976000051,KK00041,Dnyaneshwar Parab,9930000041,2025-06-22 16:05:00,173,voice,206,"LT Marg Cell Site B, Mumbai City"
KK-CDR-004142,KK00108,Hitesh Bhandari,9930000108,KK00190,Bhavesh Kothari,9323000190,2025-06-22 17:10:57,173,voice,485,"Wagle Estate Cell Site A, Thane"
KK-CDR-004143,KK00034,Rakesh Doshi,9860000034,KK00006,Salim Parab,8655000006,2025-06-22 12:29:26,173,voice,180,"Uran Cell Site A, Raigad (Uran / JNPT)"
KK-CDR-004144,KK00065,Dnyaneshwar Bhandari,8976000065,KK00168,Rajan Gaikwad,9323000168,2025-06-22 18:32:55,173,voice,350,"Kurla Cell Site A, Mumbai Suburban"
KK-CDR-004145,KK00197,Fayyaz Dalvi,9820000197,KK00162,Hanif Deshmukh,9323000162,2025-06-22 07:17:34,173,voice,63,"Ghatkopar Cell Site A, Mumbai Suburban"
KK-CDR-004146,KK00041,Dnyaneshwar Parab,9930000041,KK00063,Sameer Koli,9323000063,2025-06-22 11:24:19,173,voice,386,"Andheri Cell Site B, Mumbai Suburban"
KK-CDR-004147,KK00099,Salim Khatib,7045000099,KK00173,Rajan Momin,7045000173,2025-06-22 12:27:34,173,voice,203,"Guhagar Cell Site B, Ratnagiri"
KK-CDR-004148,KK00270,Rakesh More,9833000270,KK00359,Pravin Sawant,9323000359,2025-06-22 09:40:55,173,voice,232,"Kapurbawdi Cell Site A, Thane"
KK-CDR-004149,KK00024,Nilesh Parekh,9422000024,KK00027,Hanif Shinde,9422000027,2025-06-22 08:11:17,173,voice,392,"Nhava Sheva Port Cell Site B, Raigad (Uran / JNPT)"
KK-CDR-004150,KK00072,Yogesh Momin,9833000072,KK00093,Rajan Sanghvi,9820000093,2025-06-22 13:13:53,173,voice,732,"Kapurbawdi Cell Site B, Thane"
KK-CDR-004151,KK00015,Balkrishna Shinde,7045000015,KK00019,Arif Gaikwad,9422000019,2025-06-22 22:41:22,173,voice,846,"Vasai Cell Site B, Palghar"
KK-CDR-004152,KK00037,Ganesh Deshmukh,9323000037,KK00056,Mahesh Bhandari,9833000056,2025-06-22 17:52:12,173,voice,515,"Ghatkopar Cell Site B, Mumbai Suburban"
KK-CDR-004153,KK00006,Salim Parab,8655000006,KK00034,Rakesh Doshi,9860000034,2025-06-22 19:34:00,173,voice,800,"Dapoli Cell Site B, Ratnagiri"
KK-CDR-004154,KK00052,Rakesh Zaveri,8976000052,KK00051,Pravin Kadam,8976000051,2025-06-23 18:49:17,174,voice,653,"Kurla Cell Site B, Mumbai Suburban"
KK-CDR-004155,KK00048,Sameer Doshi,9323000048,KK00052,Rakesh Zaveri,8976000052,2025-06-23 13:34:28,174,voice,393,"MRA Marg Cell Site A, Mumbai City"
KK-CDR-004156,KK00024,Nilesh Parekh,9422000024,KK00014,Anil Tandel,8655000014,2025-06-23 09:37:04,174,voice,779,"Nhava Sheva Port Cell Site A, Raigad (Uran / JNPT)"
KK-CDR-004157,KK00069,Imtiaz Kadam,9323000069,KK00075,Rafiq Pawar,8976000075,2025-06-23 12:19:10,174,voice,547,"Naupada Cell Site B, Thane"
KK-CDR-004158,KK00091,Ashok More,9833000091,KK00073,Mangesh Naik,9323000073,2025-06-23 12:05:34,174,voice,446,"Vartak Nagar Cell Site B, Thane"
KK-CDR-004159,KK00097,Arif Kadam,9323000097,KK00115,Rakesh Patil,9820000115,2025-06-23 19:01:49,174,voice,217,"Rabodi Cell Site B, Thane"
KK-CDR-004160,KK00041,Dnyaneshwar Parab,9930000041,KK00039,Ravindra Bhosale,9323000039,2025-06-23 19:28:30,174,voice,612,"Sakinaka Cell Site B, Mumbai Suburban"
KK-CDR-004161,KK00056,Mahesh Bhandari,9833000056,KK00038,Iqbal Mehta,9820000038,2025-06-23 13:25:04,174,voice,766,"Bandra Cell Site B, Mumbai Suburban"
KK-CDR-004162,KK00003,Deepak Pawar,9167000003,KK00017,Anil Tandel,7045000017,2025-06-23 06:14:40,174,voice,683,"Guhagar Cell Site A, Ratnagiri"
KK-CDR-004163,KK00081,Deepak Kadam,9833000081,KK00157,Mahesh Bhatkar,9930000157,2025-06-23 15:30:00,174,voice,59,"Rabodi Cell Site B, Thane"
KK-CDR-004164,KK00107,Yogesh Bhosale,9820000107,KK00169,Sunil Parab,9323000169,2025-06-23 18:17:24,174,voice,299,"Pydhonie Cell Site A, Mumbai City"
KK-CDR-004165,KK00005,Kishor Ansari,8655000005,KK00187,Prakash Salvi,7045000187,2025-06-23 20:20:02,174,voice,405,"Vasai Cell Site B, Palghar"
KK-CDR-004166,KK00040,Rajan Ansari,9930000040,KK00175,Balkrishna Pawar,9323000175,2025-06-23 20:47:39,174,voice,338,"Dongri Cell Site B, Mumbai City"
KK-CDR-004167,KK00036,Fayyaz Kadam,9422000036,KK00023,Prakash Deshmukh,8655000023,2025-06-23 09:57:40,174,voice,377,"Nalasopara Cell Site B, Palghar"
KK-CDR-004168,KK00020,Vilas Sawant,9167000020,KK00006,Salim Parab,8655000006,2025-06-23 10:18:19,174,voice,551,"Nalasopara Cell Site A, Palghar"
KK-CDR-004169,KK00065,Dnyaneshwar Bhandari,8976000065,KK00145,Vilas Ansari,9323000145,2025-06-23 10:28:00,174,voice,442,"Ghatkopar Cell Site B, Mumbai Suburban"
KK-CDR-004170,KK00033,Shirish Chavan,9422000033,KK00026,Rafiq Shah,9167000026,2025-06-24 16:50:00,175,voice,348,"Harnai Coastal Cell Site A, Ratnagiri"
KK-CDR-004171,KK00405,Nilesh More,8976000405,KK00315,Hitesh Jadhav,8976000315,2025-06-24 11:51:27,175,voice,361,"Bandra Cell Site B, Mumbai Suburban"
KK-CDR-004172,KK00093,Rajan Sanghvi,9820000093,KK00186,Santosh Kadam,9833000186,2025-06-24 17:25:04,175,voice,332,"Naupada Cell Site A, Thane"
KK-CDR-004173,KK00083,Sachin Naik,9930000083,KK00090,Arif Mhatre,9930000090,2025-06-24 22:14:32,175,voice,761,"Rabodi Cell Site B, Thane"
KK-CDR-004174,KK00074,Prakash Bhosale,9323000074,KK00071,Arif Salvi,9833000071,2025-06-24 21:08:21,175,voice,791,"Vartak Nagar Cell Site A, Thane"
KK-CDR-004175,KK00062,Paresh Parekh,9820000062,KK00039,Ravindra Bhosale,9323000039,2025-06-24 18:48:26,175,voice,611,"Ghatkopar Cell Site B, Mumbai Suburban"
KK-CDR-004176,KK00070,Hanif Kadam,9323000070,KK00079,Rafiq Soni,8976000079,2025-06-24 18:00:23,175,voice,703,"Rabodi Cell Site B, Thane"
KK-CDR-004177,KK00030,Vilas Khatib,8655000030,KK00154,Hanif Thakur,7045000154,2025-06-24 07:01:45,175,voice,588,"Dapoli Cell Site B, Ratnagiri"
KK-CDR-004178,KK00057,Balkrishna Parekh,8976000057,KK00053,Pravin Bhatkar,9833000053,2025-06-24 11:31:45,175,voice,592,"VP Road Cell Site A, Mumbai City"
KK-CDR-004179,KK00080,Rajan Desai,9820000080,KK00082,Kishor Gaikwad,8976000082,2025-06-24 15:36:12,175,voice,503,"Rabodi Cell Site B, Thane"
KK-CDR-004180,KK00113,Fayyaz Chavan,8976000113,KK00174,Hitesh Sanghvi,9820000174,2025-06-24 12:49:21,175,voice,120,"Andheri Cell Site B, Mumbai Suburban"
KK-CDR-004181,KK00042,Shabbir Jadhav,9930000042,KK00181,Umesh Jadhav,8976000181,2025-06-24 16:27:44,175,voice,155,"Sakinaka Cell Site A, Mumbai Suburban"
KK-CDR-004182,KK00013,Kishor Koli,7045000013,KK00027,Hanif Shinde,9422000027,2025-06-25 13:16:39,176,voice,900,"Palghar Cell Site A, Palghar"
KK-CDR-004183,KK00010,Hitesh Desai,7045000010,KK00031,Anil Chavan,8655000031,2025-06-25 21:20:58,176,voice,93,"Harnai Coastal Cell Site B, Ratnagiri"
KK-CDR-004184,KK00156,Shabbir Naik,9930000156,KK00208,Rafiq Momin,9930000208,2025-06-25 16:14:52,176,voice,789,"Ghatkopar Cell Site A, Mumbai Suburban"
KK-CDR-004185,KK00072,Yogesh Momin,9833000072,KK00087,Rafiq Deshmukh,8976000087,2025-06-25 12:16:29,176,voice,316,"Naupada Cell Site A, Thane"
KK-CDR-004186,KK00065,Dnyaneshwar Bhandari,8976000065,KK00053,Pravin Bhatkar,9833000053,2025-06-25 07:31:25,176,voice,171,"Kurla Cell Site B, Mumbai Suburban"
KK-CDR-004187,KK00017,Anil Tandel,7045000017,KK00021,Santosh Bhandari,9422000021,2025-06-25 17:15:48,176,voice,237,"Uran Cell Site B, Raigad (Uran / JNPT)"
KK-CDR-004188,KK00215,Pravin Sayyed,9930000215,KK00159,Hitesh Sayyed,8976000159,2025-06-25 07:37:41,176,voice,694,"MRA Marg Cell Site A, Mumbai City"
KK-CDR-004189,KK00034,Rakesh Doshi,9860000034,KK00209,Jitendra Kadam,7045000209,2025-06-25 22:04:53,176,voice,403,"Nhava Sheva Port Cell Site B, Raigad (Uran / JNPT)"
KK-CDR-004190,KK00055,Vilas Shinde,8976000055,KK00065,Dnyaneshwar Bhandari,8976000065,2025-06-25 07:52:37,176,voice,342,"MRA Marg Cell Site B, Mumbai City"
KK-CDR-004191,KK00024,Nilesh Parekh,9422000024,KK00127,Ganesh Kadam,7045000127,2025-06-25 21:54:22,176,voice,858,"Panvel Taluka Cell Site A, Raigad (Uran / JNPT)"
KK-CDR-004192,KK00003,Deepak Pawar,9167000003,KK00027,Hanif Shinde,9422000027,2025-06-25 14:02:09,176,voice,367,"Dapoli Cell Site B, Ratnagiri"
KK-CDR-004193,KK00066,Hanif Chavan,9833000066,KK00043,Vinod Mehta,9323000043,2025-06-25 14:03:34,176,voice,527,"MRA Marg Cell Site B, Mumbai City"
KK-CDR-004194,KK00026,Rafiq Shah,9167000026,KK00138,Vinod Desai,8655000138,2025-06-25 12:39:48,176,voice,242,"Harnai Coastal Cell Site B, Ratnagiri"
KK-CDR-004195,KK00025,Deepak Zaveri,8655000025,KK00012,Bhavesh Parekh,9860000012,2025-06-25 16:44:32,176,voice,376,"Panvel Taluka Cell Site A, Raigad (Uran / JNPT)"
KK-CDR-004196,KK00012,Bhavesh Parekh,9860000012,KK00017,Anil Tandel,7045000017,2025-06-25 21:14:11,176,voice,869,"Uran Cell Site B, Raigad (Uran / JNPT)"
KK-CDR-004197,KK00054,Kishor Sawant,9833000054,KK00055,Vilas Shinde,8976000055,2025-06-25 17:54:01,176,voice,239,"Sakinaka Cell Site A, Mumbai Suburban"
KK-CDR-004198,KK00070,Hanif Kadam,9323000070,KK00082,Kishor Gaikwad,8976000082,2025-06-25 22:47:19,176,voice,347,"Naupada Cell Site A, Thane"
KK-CDR-004199,KK00089,Ganesh Naik,8976000089,KK00078,Shirish Salvi,9833000078,2025-06-25 22:51:11,176,voice,616,"Vartak Nagar Cell Site A, Thane"
KK-CDR-004200,KK00019,Arif Gaikwad,9422000019,KK00009,Dattatray Soni,9860000009,2025-06-25 21:46:02,176,voice,716,"Nalasopara Cell Site B, Palghar"
KK-CDR-004201,KK00027,Hanif Shinde,9422000027,KK00009,Dattatray Soni,9860000009,2025-06-25 08:25:15,176,voice,415,"Khopoli Cell Site A, Raigad (Uran / JNPT)"
KK-CDR-004202,KK00021,Santosh Bhandari,9422000021,KK00031,Anil Chavan,8655000031,2025-06-25 13:35:53,176,voice,865,"Dapoli Cell Site A, Ratnagiri"
KK-CDR-004203,KK00049,Santosh Zaveri,9833000049,KK00047,Santosh Thakur,9833000047,2025-06-25 20:44:54,176,voice,46,"Andheri Cell Site A, Mumbai Suburban"
KK-CDR-004204,KK00200,Vilas Pawar,9323000200,KK00105,Pravin Desai,9323000105,2025-06-25 17:51:45,176,voice,841,"Kapurbawdi Cell Site A, Thane"
KK-CDR-004205,KK00052,Rakesh Zaveri,8976000052,KK00055,Vilas Shinde,8976000055,2025-06-25 12:13:25,176,voice,283,"Bandra Cell Site A, Mumbai Suburban"
KK-CDR-004206,KK00021,Santosh Bhandari,9422000021,KK00019,Arif Gaikwad,9422000019,2025-06-25 22:51:14,176,voice,354,"Dapoli Cell Site B, Ratnagiri"
KK-CDR-004207,KK00082,Kishor Gaikwad,8976000082,KK00087,Rafiq Deshmukh,8976000087,2025-06-26 07:06:26,177,voice,129,"Vartak Nagar Cell Site A, Thane"
KK-CDR-004208,KK00197,Fayyaz Dalvi,9820000197,KK00198,Ashok Khatib,9833000198,2025-06-26 11:06:07,177,voice,176,"Andheri Cell Site A, Mumbai Suburban"
KK-CDR-004209,KK00105,Pravin Desai,9323000105,KK00183,Paresh Thakur,9930000183,2025-06-26 11:33:24,177,voice,161,"Rabodi Cell Site B, Thane"
KK-CDR-004210,KK00279,Bhavesh Surve,9820000279,KK00410,Shirish Mhatre,8976000410,2025-06-26 13:42:28,177,voice,897,"Bund Garden Cell Site B, Pune"
KK-CDR-004211,KK00003,Deepak Pawar,9167000003,KK00025,Deepak Zaveri,8655000025,2025-06-26 10:02:10,177,voice,213,"Guhagar Cell Site A, Ratnagiri"
KK-CDR-004212,KK00006,Salim Parab,8655000006,KK00002,Iqbal Naik,9860000002,2025-06-26 12:18:27,177,voice,182,"Dapoli Cell Site B, Ratnagiri"
KK-CDR-004213,KK00094,Iqbal Patil,9833000094,KK00212,Rafiq Kothari,8976000212,2025-06-26 19:58:22,177,voice,218,"Wagle Estate Cell Site A, Thane"
KK-CDR-004214,KK00178,Imtiaz Ansari,9323000178,KK00132,Vilas Kulkarni,9930000132,2025-06-26 22:47:00,177,voice,787,"Kapurbawdi Cell Site A, Thane"
KK-CDR-004215,KK00024,Nilesh Parekh,9422000024,KK00029,Pravin Koli,7045000029,2025-06-26 12:31:15,177,voice,606,"Khopoli Cell Site B, Raigad (Uran / JNPT)"
KK-CDR-004216,KK00030,Vilas Khatib,8655000030,KK00015,Balkrishna Shinde,7045000015,2025-06-26 22:28:01,177,voice,645,"Harnai Coastal Cell Site A, Ratnagiri"
KK-CDR-004217,KK00081,Deepak Kadam,9833000081,KK00085,Prakash Shaikh,9820000085,2025-06-26 07:04:56,177,voice,354,"Vartak Nagar Cell Site A, Thane"
KK-CDR-004218,KK00091,Ashok More,9833000091,KK00081,Deepak Kadam,9833000081,2025-06-26 08:19:23,177,voice,334,"Vartak Nagar Cell Site A, Thane"
KK-CDR-004219,KK00120,Bhavesh Soni,8976000120,KK00121,Mangesh Doshi,9930000121,2025-06-26 14:48:28,177,voice,427,"Vartak Nagar Cell Site B, Thane"
KK-CDR-004220,KK00082,Kishor Gaikwad,8976000082,KK00073,Mangesh Naik,9323000073,2025-06-26 18:41:51,177,voice,141,"Kapurbawdi Cell Site B, Thane"
KK-CDR-004221,KK00093,Rajan Sanghvi,9820000093,KK00090,Arif Mhatre,9930000090,2025-06-26 17:11:31,177,voice,336,"Kapurbawdi Cell Site A, Thane"
KK-CDR-004222,KK00033,Shirish Chavan,9422000033,KK00163,Paresh Patil,9167000163,2025-06-26 21:18:28,177,voice,286,"Dapoli Cell Site A, Ratnagiri"
KK-CDR-004223,KK00055,Vilas Shinde,8976000055,KK00038,Iqbal Mehta,9820000038,2025-06-26 15:22:31,177,voice,807,"Dongri Cell Site B, Mumbai City"
KK-CDR-004224,KK00084,Vinod Deshmukh,9833000084,KK00143,Shabbir Surve,9930000143,2025-06-26 08:15:11,177,voice,732,"Naupada Cell Site B, Thane"
KK-CDR-004225,KK00403,Paresh Jadhav,9323000403,KK00327,Arif Deshmukh,9820000327,2025-06-26 18:18:31,177,voice,204,"Koregaon Park Cell Site A, Pune"
KK-CDR-004226,KK00084,Vinod Deshmukh,9833000084,KK00082,Kishor Gaikwad,8976000082,2025-06-26 14:15:34,177,voice,189,"Vartak Nagar Cell Site A, Thane"
KK-CDR-004227,KK00052,Rakesh Zaveri,8976000052,KK00059,Salim More,9820000059,2025-06-26 23:03:34,177,voice,619,"Kurla Cell Site A, Mumbai Suburban"
KK-CDR-004228,KK00039,Ravindra Bhosale,9323000039,KK00109,Yogesh Gaikwad,8976000109,2025-06-26 14:38:34,177,voice,693,"Dongri Cell Site B, Mumbai City"
KK-CDR-004229,KK00004,Kishor Pawar,9167000004,KK00182,Dnyaneshwar Shinde,9422000182,2025-06-26 10:01:50,177,voice,462,"Khopoli Cell Site B, Raigad (Uran / JNPT)"
KK-CDR-004230,KK00076,Jitendra Shaikh,9833000076,KK00067,Shirish Pawar,8976000067,2025-06-27 17:21:13,178,voice,757,"Naupada Cell Site B, Thane"
KK-CDR-004231,KK00043,Vinod Mehta,9323000043,KK00048,Sameer Doshi,9323000048,2025-06-27 17:08:02,178,voice,528,"Kurla Cell Site A, Mumbai Suburban"
KK-CDR-004232,KK00082,Kishor Gaikwad,8976000082,KK00203,Hanif Koli,8976000203,2025-06-27 15:02:45,178,voice,666,"Kapurbawdi Cell Site A, Thane"
KK-CDR-004233,KK00033,Shirish Chavan,9422000033,KK00027,Hanif Shinde,9422000027,2025-06-27 15:01:11,178,voice,653,"Guhagar Cell Site B, Ratnagiri"
KK-CDR-004234,KK00003,Deepak Pawar,9167000003,KK00015,Balkrishna Shinde,7045000015,2025-06-27 22:32:25,178,voice,450,"Dapoli Cell Site B, Ratnagiri"
KK-CDR-004235,KK00026,Rafiq Shah,9167000026,KK00006,Salim Parab,8655000006,2025-06-27 11:08:23,178,voice,181,"Guhagar Cell Site A, Ratnagiri"
KK-CDR-004236,KK00083,Sachin Naik,9930000083,KK00080,Rajan Desai,9820000080,2025-06-27 14:38:36,178,voice,187,"Vartak Nagar Cell Site A, Thane"
KK-CDR-004237,KK00215,Pravin Sayyed,9930000215,KK00198,Ashok Khatib,9833000198,2025-06-27 19:56:13,178,voice,639,"VP Road Cell Site B, Mumbai City"
KK-CDR-004238,KK00039,Ravindra Bhosale,9323000039,KK00128,Mahesh Bhosale,9833000128,2025-06-27 10:52:38,178,voice,652,"MRA Marg Cell Site B, Mumbai City"
KK-CDR-004239,KK00242,Santosh Bhatkar,8976000242,KK00335,Shirish Sanghvi,9930000335,2025-06-27 17:39:09,178,voice,20,"Rabodi Cell Site A, Thane"
KK-CDR-004240,KK00047,Santosh Thakur,9833000047,KK00042,Shabbir Jadhav,9930000042,2025-06-27 16:59:34,178,voice,851,"Kurla Cell Site B, Mumbai Suburban"
KK-CDR-004241,KK00034,Rakesh Doshi,9860000034,KK00005,Kishor Ansari,8655000005,2025-06-27 06:36:47,178,voice,230,"Nhava Sheva Port Cell Site B, Raigad (Uran / JNPT)"
KK-CDR-004242,KK00025,Deepak Zaveri,8655000025,KK00036,Fayyaz Kadam,9422000036,2025-06-27 08:22:24,178,voice,76,"Panvel Taluka Cell Site A, Raigad (Uran / JNPT)"
KK-CDR-004243,KK00044,Ashok Sayyed,9833000044,KK00048,Sameer Doshi,9323000048,2025-06-27 14:56:34,178,voice,88,"VP Road Cell Site A, Mumbai City"
KK-CDR-004244,KK00065,Dnyaneshwar Bhandari,8976000065,KK00038,Iqbal Mehta,9820000038,2025-06-27 15:44:33,178,voice,556,"Sakinaka Cell Site A, Mumbai Suburban"
KK-CDR-004245,KK00005,Kishor Ansari,8655000005,KK00015,Balkrishna Shinde,7045000015,2025-06-27 10:35:57,178,voice,181,"Vasai Cell Site B, Palghar"
KK-CDR-004246,KK00061,Sameer Soni,9820000061,KK00045,Kishor Sanghvi,9833000045,2025-06-27 13:58:03,178,voice,749,"LT Marg Cell Site B, Mumbai City"
KK-CDR-004247,KK00013,Kishor Koli,7045000013,KK00027,Hanif Shinde,9422000027,2025-06-27 18:22:08,178,voice,547,"Vasai Cell Site B, Palghar"
KK-CDR-004248,KK00091,Ashok More,9833000091,KK00078,Shirish Salvi,9833000078,2025-06-27 22:39:27,178,voice,145,"Vartak Nagar Cell Site A, Thane"
KK-CDR-004249,KK00160,Dattatray Kothari,9860000160,KK00150,Rafiq Naik,7045000150,2025-06-27 10:18:10,178,voice,716,"Dapoli Cell Site B, Ratnagiri"
KK-CDR-004250,KK00138,Vinod Desai,8655000138,KK00124,Sachin Bhosale,8655000124,2025-06-27 08:14:47,178,voice,454,"Satpati Coastal Cell Site B, Palghar"
KK-CDR-004251,KK00080,Rajan Desai,9820000080,KK00213,Ravindra Zaveri,9820000213,2025-06-27 23:05:30,178,voice,826,"Naupada Cell Site A, Thane"
KK-CDR-004252,KK00021,Santosh Bhandari,9422000021,KK00036,Fayyaz Kadam,9422000036,2025-06-27 23:16:03,178,voice,40,"Guhagar Cell Site B, Ratnagiri"
KK-CDR-004253,KK00005,Kishor Ansari,8655000005,KK00139,Sunil Bhandari,9860000139,2025-06-27 12:48:25,178,voice,824,"Vasai Cell Site A, Palghar"
KK-CDR-004254,KK00016,Anil Tandel,9167000016,KK00006,Salim Parab,8655000006,2025-06-27 13:19:49,178,voice,277,"Harnai Coastal Cell Site A, Ratnagiri"
KK-CDR-004255,KK00046,Shabbir Shaikh,9820000046,KK00057,Balkrishna Parekh,8976000057,2025-06-28 08:02:12,179,voice,357,"Pydhonie Cell Site A, Mumbai City"
KK-CDR-004256,KK00051,Pravin Kadam,8976000051,KK00191,Javed Naik,9323000191,2025-06-28 19:03:12,179,voice,615,"VP Road Cell Site A, Mumbai City"
KK-CDR-004257,KK00035,Balkrishna Shaikh,9167000035,KK00150,Rafiq Naik,7045000150,2025-06-28 07:15:46,179,voice,868,"Palghar Cell Site A, Palghar"
KK-CDR-004258,KK00103,Rafiq Khatib,9930000103,KK00157,Mahesh Bhatkar,9930000157,2025-06-28 12:29:26,179,voice,428,"Rabodi Cell Site B, Thane"
KK-CDR-004259,KK00038,Iqbal Mehta,9820000038,KK00066,Hanif Chavan,9833000066,2025-06-28 23:33:01,179,voice,316,"Andheri Cell Site A, Mumbai Suburban"
KK-CDR-004260,KK00077,Anil Thakur,9833000077,KK00078,Shirish Salvi,9833000078,2025-06-28 09:57:16,179,voice,167,"Rabodi Cell Site B, Thane"
KK-CDR-004261,KK00086,Arif Bhosale,8976000086,KK00078,Shirish Salvi,9833000078,2025-06-28 21:09:55,179,voice,161,"Wagle Estate Cell Site A, Thane"
KK-CDR-004262,KK00045,Kishor Sanghvi,9833000045,KK00053,Pravin Bhatkar,9833000053,2025-06-28 22:50:20,179,voice,626,"Ghatkopar Cell Site A, Mumbai Suburban"
KK-CDR-004263,KK00029,Pravin Koli,7045000029,KK00002,Iqbal Naik,9860000002,2025-06-28 16:04:40,179,voice,232,"Vasai Cell Site A, Palghar"
KK-CDR-004264,KK00090,Arif Mhatre,9930000090,KK00079,Rafiq Soni,8976000079,2025-06-28 12:31:24,179,voice,855,"Wagle Estate Cell Site A, Thane"
KK-CDR-004265,KK00031,Anil Chavan,8655000031,KK00011,Yogesh Kadam,7045000011,2025-06-28 16:51:27,179,voice,746,"Harnai Coastal Cell Site B, Ratnagiri"
KK-CDR-004266,KK00041,Dnyaneshwar Parab,9930000041,KK00062,Paresh Parekh,9820000062,2025-06-28 09:10:21,179,voice,629,"Bandra Cell Site B, Mumbai Suburban"
KK-CDR-004267,KK00202,Rajan Bhosale,9820000202,KK00142,Shirish Soni,8976000142,2025-06-28 09:57:42,179,voice,572,"LT Marg Cell Site B, Mumbai City"
KK-CDR-004268,KK00066,Hanif Chavan,9833000066,KK00039,Ravindra Bhosale,9323000039,2025-06-28 14:39:23,179,voice,608,"Dongri Cell Site B, Mumbai City"
KK-CDR-004269,KK00001,Nilesh Khatib,8655000001,KK00017,Anil Tandel,7045000017,2025-06-28 06:29:47,179,voice,683,"Ratnagiri City Cell Site B, Ratnagiri"
KK-CDR-004270,KK00091,Ashok More,9833000091,KK00067,Shirish Pawar,8976000067,2025-06-28 17:46:21,179,voice,850,"Vartak Nagar Cell Site B, Thane"
KK-CDR-004271,KK00057,Balkrishna Parekh,8976000057,KK00060,Mangesh Tandel,9820000060,2025-06-28 17:44:57,179,voice,663,"Dongri Cell Site A, Mumbai City"
KK-CDR-004272,KK00012,Bhavesh Parekh,9860000012,KK00008,Vilas Tandel,9860000008,2025-06-29 21:04:27,180,voice,388,"Uran Cell Site A, Raigad (Uran / JNPT)"
KK-CDR-004273,KK00263,Javed Dalvi,9833000263,KK00403,Paresh Jadhav,9323000403,2025-06-29 23:30:00,180,voice,650,"Ghatkopar Cell Site A, Mumbai Suburban"
KK-CDR-004274,KK00383,Sachin Parekh,9820000383,KK00238,Prakash Pawar,9820000238,2025-06-29 17:10:55,180,voice,809,"Rabodi Cell Site A, Thane"
KK-CDR-004275,KK00059,Salim More,9820000059,KK00040,Rajan Ansari,9930000040,2025-06-29 11:18:06,180,voice,574,"Sakinaka Cell Site A, Mumbai Suburban"
KK-CDR-004276,KK00005,Kishor Ansari,8655000005,KK00104,Imtiaz Bhosale,9167000104,2025-06-29 07:40:07,180,voice,425,"Satpati Coastal Cell Site A, Palghar"
KK-CDR-004277,KK00080,Rajan Desai,9820000080,KK00097,Arif Kadam,9323000097,2025-06-29 16:38:47,180,voice,179,"Wagle Estate Cell Site A, Thane"
KK-CDR-004278,KK00016,Anil Tandel,9167000016,KK00033,Shirish Chavan,9422000033,2025-06-29 08:23:30,180,voice,141,"Dapoli Cell Site B, Ratnagiri"
KK-CDR-004279,KK00100,Suhas Mehta,9323000100,KK00184,Iqbal Jadhav,9833000184,2025-06-29 19:12:21,180,voice,764,"Sakinaka Cell Site B, Mumbai Suburban"
KK-CDR-004280,KK00004,Kishor Pawar,9167000004,KK00002,Iqbal Naik,9860000002,2025-06-29 17:30:48,180,voice,328,"Khopoli Cell Site B, Raigad (Uran / JNPT)"
KK-CDR-004281,KK00218,Vinod Thakur,9930000218,KK00281,Hanif Gaikwad,9833000281,2025-06-29 17:03:28,180,voice,565,"Wagle Estate Cell Site A, Thane"
KK-CDR-004282,KK00087,Rafiq Deshmukh,8976000087,KK00074,Prakash Bhosale,9323000074,2025-06-29 19:24:15,180,voice,899,"Kapurbawdi Cell Site A, Thane"
KK-CDR-004283,KK00020,Vilas Sawant,9167000020,KK00012,Bhavesh Parekh,9860000012,2025-06-29 16:52:35,180,voice,550,"Nalasopara Cell Site B, Palghar"
KK-CDR-004284,KK00072,Yogesh Momin,9833000072,KK00074,Prakash Bhosale,9323000074,2025-06-29 21:44:23,180,voice,413,"Rabodi Cell Site A, Thane"
KK-CDR-004285,KK00035,Balkrishna Shaikh,9167000035,KK00021,Santosh Bhandari,9422000021,2025-06-29 14:07:53,180,voice,847,"Nalasopara Cell Site A, Palghar"
KK-CDR-004286,KK00083,Sachin Naik,9930000083,KK00093,Rajan Sanghvi,9820000093,2025-06-29 07:33:14,180,voice,767,"Naupada Cell Site B, Thane"
KK-CDR-004287,KK00019,Arif Gaikwad,9422000019,KK00015,Balkrishna Shinde,7045000015,2025-06-29 18:22:18,180,voice,66,"Satpati Coastal Cell Site A, Palghar"
KK-CDR-004288,KK00089,Ganesh Naik,8976000089,KK00086,Arif Bhosale,8976000086,2025-06-29 20:43:03,180,voice,792,"Kapurbawdi Cell Site A, Thane"
KK-CDR-004289,KK00350,Nitin Koli,9930000350,KK00294,Hitesh Surve,9833000294,2025-06-29 16:01:31,180,voice,770,"Koregaon Park Cell Site A, Pune"
KK-CDR-004290,KK00016,Anil Tandel,9167000016,KK00150,Rafiq Naik,7045000150,2025-06-29 17:30:06,180,voice,889,"Harnai Coastal Cell Site B, Ratnagiri"
KK-CDR-004291,KK00144,Anil Shinde,9323000144,KK00148,Anil Ansari,9930000148,2025-06-29 14:45:22,180,voice,756,"Kapurbawdi Cell Site A, Thane"
