txn_id,sender_id,sender_name,sender_account,receiver_id,receiver_name,receiver_account,amount_inr,timestamp,day,txn_type,ground_truth_flag
KK-TXN-00001,KK00007,Santosh Sanghvi,BKID000700000049,KK00026,Rafiq Shah,BKID000700000182,369000,2025-01-01 18:24:18,1,Bank Transfer,none
KK-TXN-00002,KK00188,Bhavesh Bhandari,BKID000700001316,KK00170,Kishor Thakur,BKID000700001190,98500,2025-01-01 19:05:30,1,NEFT,none
KK-TXN-00003,KK00403,Paresh Jadhav,MAHB000700002821,KK00358,Jitendra Dalvi,MAHB000700002506,444500,2025-01-01 19:01:40,1,NEFT,none
KK-TXN-00004,KK00065,Dnyaneshwar Bhandari,HDFC000700000455,KK00066,Hanif Chavan,SBIN000700000462,257000,2025-01-01 18:14:41,1,UPI,none
KK-TXN-00005,KK00040,Rajan Ansari,SBIN000700000280,KK00191,Javed Naik,SBIN000700001337,448000,2025-01-01 16:01:38,1,Hawala,none
KK-TXN-00006,KK00082,Kishor Gaikwad,MAHB000700000574,KK00190,Bhavesh Kothari,MAHB000700001330,447000,2025-01-01 20:05:34,1,Hawala,none
KK-TXN-00007,KK00197,Fayyaz Dalvi,HDFC000700001379,KK00107,Yogesh Bhosale,SBIN000700000749,266000,2025-01-02 19:48:09,2,Hawala,none
KK-TXN-00008,KK00085,Prakash Shaikh,MAHB000700000595,KK00189,Dattatray Jadhav,MAHB000700001323,166500,2025-01-02 15:53:08,2,Cash,none
KK-TXN-00009,KK00039,Ravindra Bhosale,SBIN000700000273,KK00038,Iqbal Mehta,HDFC000700000266,358000,2025-01-02 19:48:35,2,Cash,none
KK-TXN-00010,KK00029,Pravin Koli,UTIB000700000203,KK00135,Deepak Sanghvi,BKID000700000945,164000,2025-01-02 11:02:25,2,NEFT,none
KK-TXN-00011,KK00103,Rafiq Khatib,MAHB000700000721,KK00130,Nitin Doshi,MAHB000700000910,35500,2025-01-02 16:46:31,2,UPI,none
KK-TXN-00012,KK00080,Rajan Desai,MAHB000700000560,KK00078,Shirish Salvi,MAHB000700000546,428000,2025-01-02 13:07:48,2,NEFT,none
KK-TXN-00013,KK00048,Sameer Doshi,SBIN000700000336,KK00063,Sameer Koli,SBIN000700000441,273000,2025-01-03 14:58:34,3,Bank Transfer,none
KK-TXN-00014,KK00070,Hanif Kadam,MAHB000700000490,KK00076,Jitendra Shaikh,MAHB000700000532,296500,2025-01-03 09:02:10,3,NEFT,none
KK-TXN-00015,KK00066,Hanif Chavan,SBIN000700000462,KK00062,Paresh Parekh,HDFC000700000434,472000,2025-01-03 18:52:51,3,Hawala,none
KK-TXN-00016,KK00002,Iqbal Naik,BKID000700000014,KK00207,Shabbir Pawar,BKID000700001449,229500,2025-01-03 15:58:51,3,IMPS,none
KK-TXN-00017,KK00036,Fayyaz Kadam,UTIB000700000252,KK00016,Anil Tandel,BKID000700000112,294000,2025-01-03 19:51:33,3,UPI,none
KK-TXN-00018,KK00023,Prakash Deshmukh,BKID000700000161,KK00029,Pravin Koli,UTIB000700000203,58000,2025-01-03 10:29:59,3,Hawala,none
KK-TXN-00019,KK00026,Rafiq Shah,BKID000700000182,KK00030,Vilas Khatib,BKID000700000210,285000,2025-01-03 19:19:53,3,UPI,none
KK-TXN-00020,KK00067,Shirish Pawar,MAHB000700000469,KK00161,Shirish Parab,MAHB000700001127,47000,2025-01-03 09:18:08,3,Cash,none
KK-TXN-00021,KK00006,Salim Parab,BKID000700000042,KK00020,Vilas Sawant,UTIB000700000140,396500,2025-01-03 20:46:34,3,NEFT,none
KK-TXN-00022,KK00051,Pravin Kadam,SBIN000700000357,KK00049,Santosh Zaveri,HDFC000700000343,108000,2025-01-03 15:27:56,3,Hawala,none
KK-TXN-00023,KK00081,Deepak Kadam,MAHB000700000567,KK00087,Rafiq Deshmukh,MAHB000700000609,85000,2025-01-04 10:30:55,4,Hawala,none
KK-TXN-00024,KK00023,Prakash Deshmukh,BKID000700000161,KK00031,Anil Chavan,BKID000700000217,323500,2025-01-04 13:00:51,4,UPI,none
KK-TXN-00025,KK00136,Mangesh Shaikh,SBIN000700000952,KK00123,Nitin Shaikh,SBIN000700000861,233500,2025-01-04 14:55:49,4,Hawala,none
KK-TXN-00026,KK00082,Kishor Gaikwad,MAHB000700000574,KK00091,Ashok More,MAHB000700000637,303500,2025-01-04 18:16:50,4,Hawala,none
KK-TXN-00027,KK00043,Vinod Mehta,HDFC000700000301,KK00040,Rajan Ansari,SBIN000700000280,23000,2025-01-04 15:27:57,4,Cash,none
KK-TXN-00028,KK00025,Deepak Zaveri,BKID000700000175,KK00012,Bhavesh Parekh,BKID000700000084,352000,2025-01-05 18:48:07,5,Bank Transfer,none
KK-TXN-00029,KK00011,Yogesh Kadam,BKID000700000077,KK00152,Sachin Zaveri,BKID000700001064,109500,2025-01-05 10:37:01,5,NEFT,none
KK-TXN-00030,KK00067,Shirish Pawar,MAHB000700000469,KK00089,Ganesh Naik,MAHB000700000623,33000,2025-01-05 10:44:27,5,Bank Transfer,none
KK-TXN-00031,KK00054,Kishor Sawant,HDFC000700000378,KK00051,Pravin Kadam,SBIN000700000357,227000,2025-01-05 12:52:36,5,IMPS,none
KK-TXN-00032,KK00038,Iqbal Mehta,HDFC000700000266,KK00063,Sameer Koli,SBIN000700000441,266500,2025-01-05 18:59:57,5,NEFT,none
KK-TXN-00033,KK00411,Sachin Gaikwad,MAHB000700002877,KK00272,Sameer Ansari,MAHB000700001904,76500,2025-01-05 09:23:04,5,Hawala,none
KK-TXN-00034,KK00182,Dnyaneshwar Shinde,UTIB000700001274,KK00187,Prakash Salvi,UTIB000700001309,259000,2025-01-06 17:38:44,6,IMPS,none
KK-TXN-00035,KK00212,Rafiq Kothari,MAHB000700001484,KK00130,Nitin Doshi,MAHB000700000910,9500,2025-01-06 18:09:07,6,Cash,none
KK-TXN-00036,KK00078,Shirish Salvi,MAHB000700000546,KK00092,Suhas Parekh,MAHB000700000644,458500,2025-01-06 14:50:15,6,Bank Transfer,none
KK-TXN-00037,KK00066,Hanif Chavan,SBIN000700000462,KK00042,Shabbir Jadhav,HDFC000700000294,330000,2025-01-06 10:52:45,6,NEFT,none
KK-TXN-00038,KK00006,Salim Parab,BKID000700000042,KK00007,Santosh Sanghvi,BKID000700000049,51000,2025-01-06 14:55:59,6,Cash,none
KK-TXN-00039,KK00050,Shirish Patil,SBIN000700000350,KK00202,Rajan Bhosale,SBIN000700001414,136500,2025-01-06 09:43:59,6,Hawala,none
KK-TXN-00040,KK00053,Pravin Bhatkar,HDFC000700000371,KK00042,Shabbir Jadhav,HDFC000700000294,81500,2025-01-06 15:11:35,6,Hawala,none
KK-TXN-00041,KK00070,Hanif Kadam,MAHB000700000490,KK00079,Rafiq Soni,MAHB000700000553,246500,2025-01-06 09:50:20,6,IMPS,none
KK-TXN-00042,KK00092,Suhas Parekh,MAHB000700000644,KK00072,Yogesh Momin,MAHB000700000504,117500,2025-01-06 17:37:47,6,UPI,none
KK-TXN-00043,KK00109,Yogesh Gaikwad,SBIN000700000763,KK00215,Pravin Sayyed,SBIN000700001505,459500,2025-01-06 19:37:01,6,Hawala,none
KK-TXN-00044,KK00089,Ganesh Naik,MAHB000700000623,KK00092,Suhas Parekh,MAHB000700000644,106000,2025-01-07 12:28:41,7,Cash,none
KK-TXN-00045,KK00042,Shabbir Jadhav,HDFC000700000294,KK00062,Paresh Parekh,HDFC000700000434,77000,2025-01-07 17:59:17,7,Bank Transfer,none
KK-TXN-00046,KK00047,Santosh Thakur,HDFC000700000329,KK00060,Mangesh Tandel,HDFC000700000420,336000,2025-01-07 09:37:16,7,UPI,none
KK-TXN-00047,KK00063,Sameer Koli,SBIN000700000441,KK00045,Kishor Sanghvi,HDFC000700000315,381000,2025-01-07 12:55:35,7,Cash,none
KK-TXN-00048,KK00191,Javed Naik,SBIN000700001337,KK00100,Suhas Mehta,HDFC000700000700,469000,2025-01-07 12:35:44,7,NEFT,none
KK-TXN-00049,KK00081,Deepak Kadam,MAHB000700000567,KK00073,Mangesh Naik,MAHB000700000511,318000,2025-01-07 10:43:16,7,Hawala,none
KK-TXN-00050,KK00008,Vilas Tandel,BKID000700000056,KK00141,Kishor Doshi,BKID000700000987,475000,2025-01-07 16:43:42,7,NEFT,none
KK-TXN-00051,KK00021,Santosh Bhandari,BKID000700000147,KK00030,Vilas Khatib,BKID000700000210,74000,2025-01-07 16:18:38,7,IMPS,none
KK-TXN-00052,KK00069,Imtiaz Kadam,MAHB000700000483,KK00071,Arif Salvi,MAHB000700000497,200000,2025-01-07 13:11:34,7,Hawala,none
KK-TXN-00053,KK00071,Arif Salvi,MAHB000700000497,KK00068,Prakash Koli,MAHB000700000476,211500,2025-01-07 09:37:15,7,Bank Transfer,none
KK-TXN-00054,KK00003,Deepak Pawar,BKID000700000021,KK00033,Shirish Chavan,BKID000700000231,93000,2025-01-07 09:18:23,7,UPI,none
KK-TXN-00055,KK00080,Rajan Desai,MAHB000700000560,KK00083,Sachin Naik,MAHB000700000581,446000,2025-01-08 10:17:13,8,NEFT,none
KK-TXN-00056,KK00075,Rafiq Pawar,MAHB000700000525,KK00072,Yogesh Momin,MAHB000700000504,456000,2025-01-08 19:17:32,8,Bank Transfer,none
KK-TXN-00057,KK00166,Hitesh Shah,MAHB000700001162,KK00131,Hitesh Dalvi,MAHB000700000917,147500,2025-01-08 10:48:38,8,Cash,none
KK-TXN-00058,KK00036,Fayyaz Kadam,UTIB000700000252,KK00018,Suhas Sanghvi,BKID000700000126,177500,2025-01-08 11:48:39,8,Hawala,none
KK-TXN-00059,KK00057,Balkrishna Parekh,SBIN000700000399,KK00053,Pravin Bhatkar,HDFC000700000371,189000,2025-01-08 19:25:14,8,UPI,none
KK-TXN-00060,KK00157,Mahesh Bhatkar,MAHB000700001099,KK00213,Ravindra Zaveri,MAHB000700001491,375000,2025-01-08 10:08:19,8,UPI,none
KK-TXN-00061,KK00093,Rajan Sanghvi,MAHB000700000651,KK00073,Mangesh Naik,MAHB000700000511,71500,2025-01-09 16:42:33,9,Bank Transfer,none
KK-TXN-00062,KK00022,Dnyaneshwar Salvi,BKID000700000154,KK00029,Pravin Koli,UTIB000700000203,451500,2025-01-09 20:16:18,9,UPI,none
KK-TXN-00063,KK00148,Anil Ansari,MAHB000700001036,KK00117,Ganesh Bhosale,MAHB000700000819,220000,2025-01-09 15:27:34,9,Hawala,none
KK-TXN-00064,KK00192,Ashok Parekh,BKID000700001344,KK00167,Sameer Parekh,BKID000700001169,187500,2025-01-09 16:36:03,9,IMPS,none
KK-TXN-00065,KK00049,Santosh Zaveri,HDFC000700000343,KK00055,Vilas Shinde,SBIN000700000385,103500,2025-01-10 15:42:18,10,UPI,none
KK-TXN-00066,KK00070,Hanif Kadam,MAHB000700000490,KK00068,Prakash Koli,MAHB000700000476,331000,2025-01-10 19:29:29,10,Cash,none
KK-TXN-00067,KK00049,Santosh Zaveri,HDFC000700000343,KK00065,Dnyaneshwar Bhandari,HDFC000700000455,276000,2025-01-10 16:50:30,10,IMPS,none
KK-TXN-00068,KK00137,Pravin Zaveri,MAHB000700000959,KK00132,Vilas Kulkarni,MAHB000700000924,202500,2025-01-10 19:46:39,10,IMPS,none
KK-TXN-00069,KK00046,Shabbir Shaikh,SBIN000700000322,KK00169,Sunil Parab,SBIN000700001183,412000,2025-01-11 18:36:55,11,Cash,none
KK-TXN-00070,KK00046,Shabbir Shaikh,SBIN000700000322,KK00060,Mangesh Tandel,HDFC000700000420,409000,2025-01-11 18:24:31,11,Hawala,none
KK-TXN-00071,KK00001,Nilesh Khatib,BKID000700000007,KK00005,Kishor Ansari,UTIB000700000035,351000,2025-01-11 18:48:02,11,Hawala,none
KK-TXN-00072,KK00031,Anil Chavan,BKID000700000217,KK00002,Iqbal Naik,BKID000700000014,45000,2025-01-11 12:49:07,11,NEFT,none
KK-TXN-00073,KK00075,Rafiq Pawar,MAHB000700000525,KK00085,Prakash Shaikh,MAHB000700000595,43500,2025-01-12 19:39:50,12,Hawala,none
KK-TXN-00074,KK00141,Kishor Doshi,BKID000700000987,KK00196,Nitin Sayyed,BKID000700001372,342500,2025-01-12 20:23:16,12,NEFT,none
KK-TXN-00075,KK00069,Imtiaz Kadam,MAHB000700000483,KK00079,Rafiq Soni,MAHB000700000553,208500,2025-01-12 17:11:57,12,Bank Transfer,none
KK-TXN-00076,KK00138,Vinod Desai,UTIB000700000966,KK00140,Salim Kothari,BKID000700000980,243000,2025-01-12 14:21:51,12,Cash,none
KK-TXN-00077,KK00001,Nilesh Khatib,BKID000700000007,KK00135,Deepak Sanghvi,BKID000700000945,177500,2025-01-12 14:53:22,12,NEFT,none
KK-TXN-00078,KK00029,Pravin Koli,UTIB000700000203,KK00024,Nilesh Parekh,BKID000700000168,123500,2025-01-13 16:52:20,13,NEFT,none
KK-TXN-00079,KK00070,Hanif Kadam,MAHB000700000490,KK00119,Prakash Doshi,MAHB000700000833,400000,2025-01-13 11:31:22,13,IMPS,none
KK-TXN-00080,KK00068,Prakash Koli,MAHB000700000476,KK00073,Mangesh Naik,MAHB000700000511,369000,2025-01-13 20:14:30,13,NEFT,none
KK-TXN-00081,KK00026,Rafiq Shah,BKID000700000182,KK00006,Salim Parab,BKID000700000042,166000,2025-01-13 20:21:40,13,UPI,none
KK-TXN-00082,KK00037,Ganesh Deshmukh,HDFC000700000259,KK00145,Vilas Ansari,SBIN000700001015,450000,2025-01-13 18:01:23,13,UPI,none
KK-TXN-00083,KK00003,Deepak Pawar,BKID000700000021,KK00004,Kishor Pawar,BKID000700000028,238000,2025-01-14 13:40:46,14,IMPS,none
KK-TXN-00084,KK00081,Deepak Kadam,MAHB000700000567,KK00083,Sachin Naik,MAHB000700000581,457500,2025-01-14 17:16:59,14,Bank Transfer,none
KK-TXN-00085,KK00071,Arif Salvi,MAHB000700000497,KK00097,Arif Kadam,MAHB000700000679,210500,2025-01-14 09:08:28,14,IMPS,none
KK-TXN-00086,KK00094,Iqbal Patil,MAHB000700000658,KK00068,Prakash Koli,MAHB000700000476,244000,2025-01-14 13:31:00,14,UPI,none
KK-TXN-00087,KK00091,Ashok More,MAHB000700000637,KK00078,Shirish Salvi,MAHB000700000546,371000,2025-01-14 15:50:19,14,NEFT,none
KK-TXN-00088,KK00068,Prakash Koli,MAHB000700000476,KK00080,Rajan Desai,MAHB000700000560,51500,2025-01-14 09:43:11,14,UPI,none
KK-TXN-00089,KK00070,Hanif Kadam,MAHB000700000490,KK00158,Balkrishna Naik,MAHB000700001106,375500,2025-01-15 18:09:08,15,Hawala,none
KK-TXN-00090,KK00180,Iqbal Parab,MAHB000700001260,KK00148,Anil Ansari,MAHB000700001036,136500,2025-01-15 17:22:15,15,IMPS,none
KK-TXN-00091,KK00057,Balkrishna Parekh,SBIN000700000399,KK00043,Vinod Mehta,HDFC000700000301,403500,2025-01-15 10:16:30,15,NEFT,none
KK-TXN-00092,KK00070,Hanif Kadam,MAHB000700000490,KK00069,Imtiaz Kadam,MAHB000700000483,446500,2025-01-15 18:32:09,15,NEFT,none
KK-TXN-00093,KK00086,Arif Bhosale,MAHB000700000602,KK00185,Balkrishna Kothari,MAHB000700001295,262000,2025-01-15 13:43:39,15,Hawala,none
KK-TXN-00094,KK00014,Anil Tandel,UTIB000700000098,KK00026,Rafiq Shah,BKID000700000182,253500,2025-01-15 18:17:09,15,IMPS,none
KK-TXN-00095,KK00069,Imtiaz Kadam,MAHB000700000483,KK00137,Pravin Zaveri,MAHB000700000959,126500,2025-01-16 15:33:41,16,IMPS,none
KK-TXN-00096,KK00068,Prakash Koli,MAHB000700000476,KK00086,Arif Bhosale,MAHB000700000602,245000,2025-01-16 19:00:21,16,IMPS,none
KK-TXN-00097,KK00001,Nilesh Khatib,BKID000700000007,KK00025,Deepak Zaveri,BKID000700000175,288500,2025-01-16 11:55:35,16,IMPS,none
KK-TXN-00098,KK00069,Imtiaz Kadam,MAHB000700000483,KK00092,Suhas Parekh,MAHB000700000644,244500,2025-01-16 20:37:23,16,Bank Transfer,none
KK-TXN-00099,KK00200,Vilas Pawar,MAHB000700001400,KK00133,Ravindra Chavan,MAHB000700000931,267500,2025-01-16 11:23:04,16,UPI,none
KK-TXN-00100,KK00072,Yogesh Momin,MAHB000700000504,KK00067,Shirish Pawar,MAHB000700000469,385500,2025-01-17 19:43:14,17,UPI,none
KK-TXN-00101,KK00040,Rajan Ansari,SBIN000700000280,KK00046,Shabbir Shaikh,SBIN000700000322,390000,2025-01-17 14:57:44,17,NEFT,none
KK-TXN-00102,KK00003,Deepak Pawar,BKID000700000021,KK00160,Dattatray Kothari,BKID000700001120,196500,2025-01-17 19:32:25,17,Hawala,none
KK-TXN-00103,KK00207,Shabbir Pawar,BKID000700001449,KK00163,Paresh Patil,UTIB000700001141,176000,2025-01-17 17:11:23,17,Bank Transfer,none
KK-TXN-00104,KK00217,Rafiq Ansari,HDFC000700001519,KK00393,Santosh Doshi,MAHB000700002751,195500,2025-01-17 19:41:30,17,UPI,none
KK-TXN-00105,KK00044,Ashok Sayyed,SBIN000700000308,KK00045,Kishor Sanghvi,HDFC000700000315,17000,2025-01-17 09:23:18,17,IMPS,none
KK-TXN-00106,KK00041,Dnyaneshwar Parab,HDFC000700000287,KK00042,Shabbir Jadhav,HDFC000700000294,217500,2025-01-17 17:50:31,17,NEFT,none
KK-TXN-00107,KK00168,Rajan Gaikwad,SBIN000700001176,KK00162,Hanif Deshmukh,SBIN000700001134,240500,2025-01-17 14:55:15,17,Cash,none
KK-TXN-00108,KK00122,Salim Kulkarni,UTIB000700000854,KK00124,Sachin Bhosale,BKID000700000868,370000,2025-01-17 15:01:53,17,NEFT,none
KK-TXN-00109,KK00090,Arif Mhatre,MAHB000700000630,KK00072,Yogesh Momin,MAHB000700000504,18000,2025-01-17 09:06:23,17,NEFT,none
KK-TXN-00110,KK00064,Anil Khatib,SBIN000700000448,KK00043,Vinod Mehta,HDFC000700000301,40500,2025-01-18 10:24:12,18,UPI,none
KK-TXN-00111,KK00002,Iqbal Naik,BKID000700000014,KK00009,Dattatray Soni,BKID000700000063,247500,2025-01-18 18:23:32,18,Hawala,none
KK-TXN-00112,KK00195,Pravin Kothari,MAHB000700001365,KK00212,Rafiq Kothari,MAHB000700001484,54500,2025-01-18 13:07:45,18,UPI,none
KK-TXN-00113,KK00005,Kishor Ansari,UTIB000700000035,KK00013,Kishor Koli,UTIB000700000091,145500,2025-01-18 14:18:45,18,Hawala,none
KK-TXN-00114,KK00088,Rajan Sawant,MAHB000700000616,KK00077,Anil Thakur,MAHB000700000539,105000,2025-01-18 10:47:06,18,NEFT,none
KK-TXN-00115,KK00042,Shabbir Jadhav,HDFC000700000294,KK00113,Fayyaz Chavan,HDFC000700000791,14000,2025-01-18 12:26:07,18,NEFT,none
KK-TXN-00116,KK00037,Ganesh Deshmukh,HDFC000700000259,KK00055,Vilas Shinde,SBIN000700000385,252500,2025-01-19 18:25:47,19,Bank Transfer,none
KK-TXN-00117,KK00043,Vinod Mehta,HDFC000700000301,KK00038,Iqbal Mehta,HDFC000700000266,384000,2025-01-19 20:20:43,19,NEFT,none
KK-TXN-00118,KK00186,Santosh Kadam,MAHB000700001302,KK00132,Vilas Kulkarni,MAHB000700000924,342500,2025-01-19 17:26:21,19,UPI,none
KK-TXN-00119,KK00148,Anil Ansari,MAHB000700001036,KK00161,Shirish Parab,MAHB000700001127,424000,2025-01-19 18:55:21,19,IMPS,none
KK-TXN-00120,KK00071,Arif Salvi,MAHB000700000497,KK00088,Rajan Sawant,MAHB000700000616,355500,2025-01-19 19:41:07,19,Hawala,none
KK-TXN-00121,KK00080,Rajan Desai,MAHB000700000560,KK00093,Rajan Sanghvi,MAHB000700000651,415500,2025-01-19 09:15:16,19,Bank Transfer,none
KK-TXN-00122,KK00041,Dnyaneshwar Parab,HDFC000700000287,KK00062,Paresh Parekh,HDFC000700000434,220000,2025-01-19 16:29:34,19,Hawala,none
KK-TXN-00123,KK00029,Pravin Koli,UTIB000700000203,KK00024,Nilesh Parekh,BKID000700000168,452000,2025-01-20 19:42:31,20,NEFT,none
KK-TXN-00124,KK00071,Arif Salvi,MAHB000700000497,KK00083,Sachin Naik,MAHB000700000581,280500,2025-01-20 20:09:16,20,UPI,none
KK-TXN-00125,KK00092,Suhas Parekh,MAHB000700000644,KK00083,Sachin Naik,MAHB000700000581,408000,2025-01-20 20:57:49,20,Cash,none
KK-TXN-00126,KK00115,Rakesh Patil,MAHB000700000805,KK00137,Pravin Zaveri,MAHB000700000959,126500,2025-01-21 18:02:27,21,Bank Transfer,none
KK-TXN-00127,KK00066,Hanif Chavan,SBIN000700000462,KK00039,Ravindra Bhosale,SBIN000700000273,369500,2025-01-21 10:57:08,21,Bank Transfer,none
KK-TXN-00128,KK00040,Rajan Ansari,SBIN000700000280,KK00055,Vilas Shinde,SBIN000700000385,423500,2025-01-21 15:50:37,21,IMPS,none
KK-TXN-00129,KK00040,Rajan Ansari,SBIN000700000280,KK00041,Dnyaneshwar Parab,HDFC000700000287,196500,2025-01-21 13:09:49,21,Cash,none
KK-TXN-00130,KK00012,Bhavesh Parekh,BKID000700000084,KK00009,Dattatray Soni,BKID000700000063,28500,2025-01-21 10:52:11,21,IMPS,none
KK-TXN-00131,KK00018,Suhas Sanghvi,BKID000700000126,KK00176,Ravindra Shaikh,BKID000700001232,474500,2025-01-21 09:12:33,21,IMPS,none
KK-TXN-00132,KK00011,Yogesh Kadam,BKID000700000077,KK00193,Dnyaneshwar Bhosale,BKID000700001351,148000,2025-01-21 13:13:42,21,Cash,none
KK-TXN-00133,KK00056,Mahesh Bhandari,HDFC000700000392,KK00039,Ravindra Bhosale,SBIN000700000273,33000,2025-01-21 19:46:17,21,UPI,none
KK-TXN-00134,KK00077,Anil Thakur,MAHB000700000539,KK00211,Nitin Parekh,MAHB000700001477,34000,2025-01-22 09:26:21,22,NEFT,none
KK-TXN-00135,KK00050,Shirish Patil,SBIN000700000350,KK00056,Mahesh Bhandari,HDFC000700000392,159500,2025-01-22 16:37:03,22,Hawala,none
KK-TXN-00136,KK00047,Santosh Thakur,HDFC000700000329,KK00100,Suhas Mehta,HDFC000700000700,270000,2025-01-22 12:26:03,22,Hawala,none
KK-TXN-00137,KK00146,Rajan Zaveri,MAHB000700001022,KK00143,Shabbir Surve,MAHB000700001001,178000,2025-01-23 13:22:15,23,Bank Transfer,none
KK-TXN-00138,KK00069,Imtiaz Kadam,MAHB000700000483,KK00073,Mangesh Naik,MAHB000700000511,58500,2025-01-23 11:39:31,23,NEFT,none
KK-TXN-00139,KK00012,Bhavesh Parekh,BKID000700000084,KK00021,Santosh Bhandari,BKID000700000147,431000,2025-01-23 10:30:22,23,Bank Transfer,none
KK-TXN-00140,KK00204,Vilas Desai,HDFC000700001428,KK00126,Mangesh Thakur,SBIN000700000882,309500,2025-01-23 18:00:35,23,UPI,none
KK-TXN-00141,KK00038,Iqbal Mehta,HDFC000700000266,KK00204,Vilas Desai,HDFC000700001428,166500,2025-01-23 20:36:12,23,Cash,none
KK-TXN-00142,KK00001,Nilesh Khatib,BKID000700000007,KK00054,Kishor Sawant,HDFC000700000378,207000,2025-01-23 13:58:27,23,RTGS,incident_a_to_b
KK-TXN-00143,KK00053,Pravin Bhatkar,HDFC000700000371,KK00038,Iqbal Mehta,HDFC000700000266,99000,2025-01-24 14:41:07,24,UPI,none
KK-TXN-00144,KK00029,Pravin Koli,UTIB000700000203,KK00167,Sameer Parekh,BKID000700001169,59500,2025-01-24 10:27:20,24,NEFT,none
KK-TXN-00145,KK00086,Arif Bhosale,MAHB000700000602,KK00143,Shabbir Surve,MAHB000700001001,118500,2025-01-24 09:48:54,24,NEFT,none
KK-TXN-00146,KK00057,Balkrishna Parekh,SBIN000700000399,KK00064,Anil Khatib,SBIN000700000448,28500,2025-01-24 14:46:48,24,IMPS,none
KK-TXN-00147,KK00151,Deepak Mehta,HDFC000700001057,KK00198,Ashok Khatib,HDFC000700001386,277500,2025-01-24 10:08:55,24,IMPS,none
KK-TXN-00148,KK00091,Ashok More,MAHB000700000637,KK00085,Prakash Shaikh,MAHB000700000595,300000,2025-01-25 17:13:47,25,Cash,none
KK-TXN-00149,KK00092,Suhas Parekh,MAHB000700000644,KK00081,Deepak Kadam,MAHB000700000567,133500,2025-01-25 15:54:20,25,IMPS,none
KK-TXN-00150,KK00173,Rajan Momin,BKID000700001211,KK00140,Salim Kothari,BKID000700000980,450500,2025-01-26 17:42:38,26,Cash,none
KK-TXN-00151,KK00072,Yogesh Momin,MAHB000700000504,KK00084,Vinod Deshmukh,MAHB000700000588,44000,2025-01-26 16:21:29,26,NEFT,none
KK-TXN-00152,KK00183,Paresh Thakur,MAHB000700001281,KK00200,Vilas Pawar,MAHB000700001400,397000,2025-01-26 20:50:21,26,Hawala,none
KK-TXN-00153,KK00082,Kishor Gaikwad,MAHB000700000574,KK00166,Hitesh Shah,MAHB000700001162,202000,2025-01-26 17:46:04,26,IMPS,none
KK-TXN-00154,KK00115,Rakesh Patil,MAHB000700000805,KK00158,Balkrishna Naik,MAHB000700001106,357500,2025-01-26 16:20:12,26,IMPS,none
KK-TXN-00155,KK00087,Rafiq Deshmukh,MAHB000700000609,KK00091,Ashok More,MAHB000700000637,254500,2025-01-26 16:09:10,26,UPI,none
KK-TXN-00156,KK00255,Anil Koli,MAHB000700001785,KK00228,Rajan Mhatre,MAHB000700001596,48000,2025-01-27 09:22:31,27,NEFT,none
KK-TXN-00157,KK00091,Ashok More,MAHB000700000637,KK00082,Kishor Gaikwad,MAHB000700000574,254000,2025-01-27 11:01:00,27,IMPS,none
KK-TXN-00158,KK00078,Shirish Salvi,MAHB000700000546,KK00076,Jitendra Shaikh,MAHB000700000532,403500,2025-01-27 19:03:03,27,NEFT,none
KK-TXN-00159,KK00394,Sameer Bhandari,HDFC000700002758,KK00350,Nitin Koli,MAHB000700002450,322000,2025-01-27 19:23:07,27,UPI,none
KK-TXN-00160,KK00078,Shirish Salvi,MAHB000700000546,KK00081,Deepak Kadam,MAHB000700000567,239000,2025-01-27 14:21:02,27,NEFT,none
KK-TXN-00161,KK00008,Vilas Tandel,BKID000700000056,KK00018,Suhas Sanghvi,BKID000700000126,351500,2025-01-28 14:37:38,28,IMPS,none
KK-TXN-00162,KK00003,Deepak Pawar,BKID000700000021,KK00034,Rakesh Doshi,BKID000700000238,384500,2025-01-28 16:29:06,28,Hawala,none
KK-TXN-00163,KK00027,Hanif Shinde,BKID000700000189,KK00003,Deepak Pawar,BKID000700000021,193000,2025-01-28 20:06:22,28,UPI,none
KK-TXN-00164,KK00062,Paresh Parekh,HDFC000700000434,KK00041,Dnyaneshwar Parab,HDFC000700000287,322000,2025-01-28 20:08:25,28,Bank Transfer,none
KK-TXN-00165,KK00176,Ravindra Shaikh,BKID000700001232,KK00150,Rafiq Naik,UTIB000700001050,288000,2025-01-28 19:53:55,28,Cash,none
KK-TXN-00166,KK00006,Salim Parab,BKID000700000042,KK00034,Rakesh Doshi,BKID000700000238,371500,2025-01-28 10:28:07,28,Hawala,none
KK-TXN-00167,KK00032,Dattatray Mehta,BKID000700000224,KK00018,Suhas Sanghvi,BKID000700000126,439500,2025-01-28 11:55:25,28,Cash,none
KK-TXN-00168,KK00195,Pravin Kothari,MAHB000700001365,KK00180,Iqbal Parab,MAHB000700001260,86000,2025-01-28 13:01:20,28,Cash,none
KK-TXN-00169,KK00001,Nilesh Khatib,BKID000700000007,KK00047,Santosh Thakur,HDFC000700000329,198000,2025-01-28 16:27:24,28,RTGS,incident_a_to_b
KK-TXN-00170,KK00023,Prakash Deshmukh,BKID000700000161,KK00022,Dnyaneshwar Salvi,BKID000700000154,201000,2025-01-29 11:15:12,29,UPI,none
KK-TXN-00171,KK00043,Vinod Mehta,HDFC000700000301,KK00060,Mangesh Tandel,HDFC000700000420,205500,2025-01-30 12:37:21,30,UPI,none
KK-TXN-00172,KK00043,Vinod Mehta,HDFC000700000301,KK00129,Ravindra Sanghvi,SBIN000700000903,336000,2025-01-30 16:57:16,30,NEFT,none
KK-TXN-00173,KK00100,Suhas Mehta,HDFC000700000700,KK00179,Dattatray Zaveri,HDFC000700001253,319000,2025-01-30 15:20:13,30,NEFT,none
KK-TXN-00174,KK00034,Rakesh Doshi,BKID000700000238,KK00023,Prakash Deshmukh,BKID000700000161,257000,2025-01-30 13:29:06,30,Hawala,none
KK-TXN-00175,KK00094,Iqbal Patil,MAHB000700000658,KK00082,Kishor Gaikwad,MAHB000700000574,194000,2025-01-30 20:33:57,30,NEFT,none
KK-TXN-00176,KK00060,Mangesh Tandel,HDFC000700000420,KK00151,Deepak Mehta,HDFC000700001057,449000,2025-01-30 15:31:53,30,UPI,none
KK-TXN-00177,KK00084,Vinod Deshmukh,MAHB000700000588,KK00119,Prakash Doshi,MAHB000700000833,466500,2025-01-31 18:01:06,31,IMPS,none
KK-TXN-00178,KK00078,Shirish Salvi,MAHB000700000546,KK00077,Anil Thakur,MAHB000700000539,144500,2025-01-31 17:51:22,31,Cash,none
KK-TXN-00179,KK00081,Deepak Kadam,MAHB000700000567,KK00089,Ganesh Naik,MAHB000700000623,442500,2025-01-31 18:24:45,31,UPI,none
KK-TXN-00180,KK00008,Vilas Tandel,BKID000700000056,KK00034,Rakesh Doshi,BKID000700000238,203500,2025-01-31 13:31:35,31,IMPS,none
KK-TXN-00181,KK00057,Balkrishna Parekh,SBIN000700000399,KK00053,Pravin Bhatkar,HDFC000700000371,173000,2025-01-31 18:23:20,31,Cash,none
KK-TXN-00182,KK00109,Yogesh Gaikwad,SBIN000700000763,KK00204,Vilas Desai,HDFC000700001428,113500,2025-01-31 10:04:01,31,Cash,none
KK-TXN-00183,KK00048,Sameer Doshi,SBIN000700000336,KK00184,Iqbal Jadhav,SBIN000700001288,299500,2025-01-31 14:40:05,31,Cash,none
KK-TXN-00184,KK00069,Imtiaz Kadam,MAHB000700000483,KK00072,Yogesh Momin,MAHB000700000504,363000,2025-02-01 10:09:12,32,Cash,none
KK-TXN-00185,KK00061,Sameer Soni,SBIN000700000427,KK00047,Santosh Thakur,HDFC000700000329,447500,2025-02-01 11:05:42,32,UPI,none
KK-TXN-00186,KK00014,Anil Tandel,UTIB000700000098,KK00033,Shirish Chavan,BKID000700000231,200000,2025-02-01 13:11:16,32,Cash,none
KK-TXN-00187,KK00001,Nilesh Khatib,BKID000700000007,KK00047,Santosh Thakur,HDFC000700000329,266000,2025-02-01 13:33:44,32,RTGS,incident_a_to_b
KK-TXN-00188,KK00157,Mahesh Bhatkar,MAHB000700001099,KK00130,Nitin Doshi,MAHB000700000910,444000,2025-02-02 09:31:29,33,Cash,none
KK-TXN-00189,KK00048,Sameer Doshi,SBIN000700000336,KK00045,Kishor Sanghvi,HDFC000700000315,455000,2025-02-02 17:39:33,33,IMPS,none
KK-TXN-00190,KK00049,Santosh Zaveri,HDFC000700000343,KK00043,Vinod Mehta,HDFC000700000301,447500,2025-02-02 19:00:37,33,IMPS,none
KK-TXN-00191,KK00084,Vinod Deshmukh,MAHB000700000588,KK00069,Imtiaz Kadam,MAHB000700000483,425500,2025-02-02 18:46:42,33,Cash,none
KK-TXN-00192,KK00013,Kishor Koli,UTIB000700000091,KK00135,Deepak Sanghvi,BKID000700000945,116000,2025-02-02 17:57:57,33,UPI,none
KK-TXN-00193,KK00040,Rajan Ansari,SBIN000700000280,KK00129,Ravindra Sanghvi,SBIN000700000903,265000,2025-02-03 16:58:28,34,UPI,none
KK-TXN-00194,KK00409,Ravindra Momin,MAHB000700002863,KK00287,Jitendra Bhatkar,HDFC000700002009,193000,2025-02-03 14:58:15,34,IMPS,none
KK-TXN-00195,KK00056,Mahesh Bhandari,HDFC000700000392,KK00107,Yogesh Bhosale,SBIN000700000749,477500,2025-02-03 11:45:15,34,UPI,none
KK-TXN-00196,KK00020,Vilas Sawant,UTIB000700000140,KK00116,Yogesh Rane,BKID000700000812,140000,2025-02-03 09:22:14,34,IMPS,none
KK-TXN-00197,KK00004,Kishor Pawar,BKID000700000028,KK00012,Bhavesh Parekh,BKID000700000084,183000,2025-02-03 17:29:09,34,Cash,none
KK-TXN-00198,KK00002,Iqbal Naik,BKID000700000014,KK00001,Nilesh Khatib,BKID000700000007,17500,2025-02-03 11:09:02,34,UPI,none
KK-TXN-00199,KK00065,Dnyaneshwar Bhandari,HDFC000700000455,KK00055,Vilas Shinde,SBIN000700000385,38500,2025-02-03 09:25:48,34,Cash,structuring
KK-TXN-00200,KK00050,Shirish Patil,SBIN000700000350,KK00055,Vilas Shinde,SBIN000700000385,40500,2025-02-03 18:15:24,34,Cash,structuring
KK-TXN-00201,KK00091,Ashok More,MAHB000700000637,KK00071,Arif Salvi,MAHB000700000497,430500,2025-02-04 16:29:40,35,NEFT,none
KK-TXN-00202,KK00073,Mangesh Naik,MAHB000700000511,KK00085,Prakash Shaikh,MAHB000700000595,386000,2025-02-04 16:41:02,35,Bank Transfer,none
KK-TXN-00203,KK00075,Rafiq Pawar,MAHB000700000525,KK00074,Prakash Bhosale,MAHB000700000518,132000,2025-02-04 13:08:44,35,Cash,none
KK-TXN-00204,KK00065,Dnyaneshwar Bhandari,HDFC000700000455,KK00062,Paresh Parekh,HDFC000700000434,343000,2025-02-04 14:21:50,35,Bank Transfer,none
KK-TXN-00205,KK00044,Ashok Sayyed,SBIN000700000308,KK00039,Ravindra Bhosale,SBIN000700000273,243500,2025-02-04 17:55:04,35,Bank Transfer,none
KK-TXN-00206,KK00001,Nilesh Khatib,BKID000700000007,KK00053,Pravin Bhatkar,HDFC000700000371,247000,2025-02-04 11:34:50,35,RTGS,incident_a_to_b
KK-TXN-00207,KK00050,Shirish Patil,SBIN000700000350,KK00055,Vilas Shinde,SBIN000700000385,43500,2025-02-04 10:39:45,35,Cash,structuring
KK-TXN-00208,KK00066,Hanif Chavan,SBIN000700000462,KK00055,Vilas Shinde,SBIN000700000385,48000,2025-02-04 16:44:52,35,Cash,structuring
KK-TXN-00209,KK00093,Rajan Sanghvi,MAHB000700000651,KK00073,Mangesh Naik,MAHB000700000511,76000,2025-02-05 15:45:31,36,Hawala,none
KK-TXN-00210,KK00001,Nilesh Khatib,BKID000700000007,KK00154,Hanif Thakur,BKID000700001078,398500,2025-02-05 18:57:26,36,UPI,none
KK-TXN-00211,KK00033,Shirish Chavan,BKID000700000231,KK00023,Prakash Deshmukh,BKID000700000161,411500,2025-02-05 15:58:06,36,UPI,none
KK-TXN-00212,KK00089,Ganesh Naik,MAHB000700000623,KK00077,Anil Thakur,MAHB000700000539,280000,2025-02-05 12:27:03,36,NEFT,none
KK-TXN-00213,KK00012,Bhavesh Parekh,BKID000700000084,KK00023,Prakash Deshmukh,BKID000700000161,408500,2025-02-05 19:08:13,36,Cash,none
KK-TXN-00214,KK00020,Vilas Sawant,UTIB000700000140,KK00010,Hitesh Desai,BKID000700000070,249000,2025-02-05 20:36:36,36,Bank Transfer,none
KK-TXN-00215,KK00006,Salim Parab,BKID000700000042,KK00170,Kishor Thakur,BKID000700001190,363500,2025-02-05 10:14:40,36,Hawala,none
KK-TXN-00216,KK00057,Balkrishna Parekh,SBIN000700000399,KK00055,Vilas Shinde,SBIN000700000385,187000,2025-02-05 13:23:00,36,Hawala,none
KK-TXN-00217,KK00048,Sameer Doshi,SBIN000700000336,KK00055,Vilas Shinde,SBIN000700000385,43500,2025-02-05 12:01:10,36,Cash,structuring
KK-TXN-00218,KK00089,Ganesh Naik,MAHB000700000623,KK00073,Mangesh Naik,MAHB000700000511,473500,2025-02-06 10:16:02,37,UPI,none
KK-TXN-00219,KK00154,Hanif Thakur,BKID000700001078,KK00171,Dnyaneshwar Dalvi,BKID000700001197,224500,2025-02-06 16:53:28,37,UPI,none
KK-TXN-00220,KK00036,Fayyaz Kadam,UTIB000700000252,KK00002,Iqbal Naik,BKID000700000014,302500,2025-02-06 12:44:11,37,IMPS,none
KK-TXN-00221,KK00165,Prakash Zaveri,BKID000700001155,KK00201,Javed Shah,BKID000700001407,179000,2025-02-06 20:33:03,37,Bank Transfer,none
KK-TXN-00222,KK00037,Ganesh Deshmukh,HDFC000700000259,KK00128,Mahesh Bhosale,SBIN000700000896,95500,2025-02-06 17:20:19,37,Cash,none
KK-TXN-00223,KK00008,Vilas Tandel,BKID000700000056,KK00010,Hitesh Desai,BKID000700000070,108500,2025-02-06 15:11:04,37,Bank Transfer,none
KK-TXN-00224,KK00091,Ashok More,MAHB000700000637,KK00074,Prakash Bhosale,MAHB000700000518,271500,2025-02-06 11:37:30,37,NEFT,none
KK-TXN-00225,KK00001,Nilesh Khatib,BKID000700000007,KK00052,Rakesh Zaveri,HDFC000700000364,359000,2025-02-06 19:44:42,37,RTGS,incident_a_to_b
KK-TXN-00226,KK00050,Shirish Patil,SBIN000700000350,KK00055,Vilas Shinde,SBIN000700000385,39000,2025-02-06 09:00:34,37,Cash,structuring
KK-TXN-00227,KK00082,Kishor Gaikwad,MAHB000700000574,KK00084,Vinod Deshmukh,MAHB000700000588,437000,2025-02-07 09:48:08,38,Cash,none
KK-TXN-00228,KK00076,Jitendra Shaikh,MAHB000700000532,KK00090,Arif Mhatre,MAHB000700000630,228500,2025-02-07 20:19:41,38,Hawala,none
KK-TXN-00229,KK00044,Ashok Sayyed,SBIN000700000308,KK00172,Nilesh Kadam,SBIN000700001204,27000,2025-02-07 09:40:27,38,Bank Transfer,none
KK-TXN-00230,KK00013,Kishor Koli,UTIB000700000091,KK00033,Shirish Chavan,BKID000700000231,297500,2025-02-07 19:00:01,38,IMPS,none
KK-TXN-00231,KK00079,Rafiq Soni,MAHB000700000553,KK00082,Kishor Gaikwad,MAHB000700000574,95500,2025-02-07 18:16:25,38,NEFT,none
KK-TXN-00232,KK00062,Paresh Parekh,HDFC000700000434,KK00042,Shabbir Jadhav,HDFC000700000294,79000,2025-02-07 09:43:34,38,UPI,none
KK-TXN-00233,KK00052,Rakesh Zaveri,HDFC000700000364,KK00038,Iqbal Mehta,HDFC000700000266,349000,2025-02-07 12:11:38,38,IMPS,none
KK-TXN-00234,KK00058,Dattatray Patil,SBIN000700000406,KK00215,Pravin Sayyed,SBIN000700001505,36500,2025-02-07 18:02:02,38,Cash,none
KK-TXN-00235,KK00084,Vinod Deshmukh,MAHB000700000588,KK00071,Arif Salvi,MAHB000700000497,308000,2025-02-07 10:06:29,38,UPI,none
KK-TXN-00236,KK00065,Dnyaneshwar Bhandari,HDFC000700000455,KK00055,Vilas Shinde,SBIN000700000385,45000,2025-02-07 10:49:43,38,Cash,structuring
KK-TXN-00237,KK00040,Rajan Ansari,SBIN000700000280,KK00199,Sunil Deshmukh,SBIN000700001393,360500,2025-02-08 20:48:38,39,Cash,none
KK-TXN-00238,KK00029,Pravin Koli,UTIB000700000203,KK00019,Arif Gaikwad,UTIB000700000133,7500,2025-02-08 14:38:08,39,IMPS,none
KK-TXN-00239,KK00091,Ashok More,MAHB000700000637,KK00089,Ganesh Naik,MAHB000700000623,154500,2025-02-08 19:53:36,39,NEFT,none
KK-TXN-00240,KK00079,Rafiq Soni,MAHB000700000553,KK00089,Ganesh Naik,MAHB000700000623,246500,2025-02-08 18:46:20,39,UPI,none
KK-TXN-00241,KK00044,Ashok Sayyed,SBIN000700000308,KK00049,Santosh Zaveri,HDFC000700000343,218000,2025-02-08 09:27:36,39,Hawala,none
KK-TXN-00242,KK00047,Santosh Thakur,HDFC000700000329,KK00215,Pravin Sayyed,SBIN000700001505,205500,2025-02-08 14:57:47,39,Hawala,none
KK-TXN-00243,KK00053,Pravin Bhatkar,HDFC000700000371,KK00062,Paresh Parekh,HDFC000700000434,212500,2025-02-08 15:52:49,39,NEFT,none
KK-TXN-00244,KK00052,Rakesh Zaveri,HDFC000700000364,KK00055,Vilas Shinde,SBIN000700000385,45500,2025-02-08 09:53:55,39,Cash,structuring
KK-TXN-00245,KK00114,Dnyaneshwar Bhatkar,BKID000700000798,KK00135,Deepak Sanghvi,BKID000700000945,411500,2025-02-09 18:00:20,40,IMPS,none
KK-TXN-00246,KK00075,Rafiq Pawar,MAHB000700000525,KK00180,Iqbal Parab,MAHB000700001260,409000,2025-02-09 20:54:43,40,IMPS,none
KK-TXN-00247,KK00014,Anil Tandel,UTIB000700000098,KK00010,Hitesh Desai,BKID000700000070,248500,2025-02-09 09:42:20,40,Cash,none
KK-TXN-00248,KK00041,Dnyaneshwar Parab,HDFC000700000287,KK00042,Shabbir Jadhav,HDFC000700000294,61000,2025-02-09 14:55:10,40,Hawala,none
KK-TXN-00249,KK00062,Paresh Parekh,HDFC000700000434,KK00061,Sameer Soni,SBIN000700000427,79500,2025-02-09 09:42:02,40,Bank Transfer,none
KK-TXN-00250,KK00001,Nilesh Khatib,BKID000700000007,KK00049,Santosh Zaveri,HDFC000700000343,320000,2025-02-09 18:32:38,40,RTGS,incident_a_to_b
KK-TXN-00251,KK00052,Rakesh Zaveri,HDFC000700000364,KK00055,Vilas Shinde,SBIN000700000385,46500,2025-02-09 14:21:02,40,Cash,structuring
KK-TXN-00252,KK00006,Salim Parab,BKID000700000042,KK00016,Anil Tandel,BKID000700000112,285500,2025-02-10 18:34:07,41,Bank Transfer,none
KK-TXN-00253,KK00108,Hitesh Bhandari,MAHB000700000756,KK00105,Pravin Desai,MAHB000700000735,313500,2025-02-10 10:56:27,41,IMPS,none
KK-TXN-00254,KK00070,Hanif Kadam,MAHB000700000490,KK00093,Rajan Sanghvi,MAHB000700000651,475500,2025-02-10 15:23:19,41,IMPS,none
KK-TXN-00255,KK00055,Vilas Shinde,SBIN000700000385,KK00057,Balkrishna Parekh,SBIN000700000399,206500,2025-02-10 16:14:59,41,Cash,none
KK-TXN-00256,KK00168,Rajan Gaikwad,SBIN000700001176,KK00145,Vilas Ansari,SBIN000700001015,9000,2025-02-10 16:42:34,41,IMPS,none
KK-TXN-00257,KK00001,Nilesh Khatib,BKID000700000007,KK00048,Sameer Doshi,SBIN000700000336,438000,2025-02-10 14:31:17,41,RTGS,incident_a_to_b
KK-TXN-00258,KK00063,Sameer Koli,SBIN000700000441,KK00055,Vilas Shinde,SBIN000700000385,38500,2025-02-10 16:03:24,41,Cash,structuring
KK-TXN-00259,KK00052,Rakesh Zaveri,HDFC000700000364,KK00062,Paresh Parekh,HDFC000700000434,128500,2025-02-11 15:50:04,42,NEFT,none
KK-TXN-00260,KK00100,Suhas Mehta,HDFC000700000700,KK00179,Dattatray Zaveri,HDFC000700001253,293500,2025-02-11 18:13:57,42,UPI,none
KK-TXN-00261,KK00087,Rafiq Deshmukh,MAHB000700000609,KK00076,Jitendra Shaikh,MAHB000700000532,27500,2025-02-11 12:10:36,42,Bank Transfer,none
KK-TXN-00262,KK00033,Shirish Chavan,BKID000700000231,KK00021,Santosh Bhandari,BKID000700000147,450500,2025-02-11 13:09:13,42,Bank Transfer,none
KK-TXN-00263,KK00004,Kishor Pawar,BKID000700000028,KK00025,Deepak Zaveri,BKID000700000175,426500,2025-02-11 13:44:43,42,NEFT,none
KK-TXN-00264,KK00007,Santosh Sanghvi,BKID000700000049,KK00011,Yogesh Kadam,BKID000700000077,451000,2025-02-11 17:58:29,42,UPI,none
KK-TXN-00265,KK00066,Hanif Chavan,SBIN000700000462,KK00055,Vilas Shinde,SBIN000700000385,44500,2025-02-11 16:18:22,42,Cash,structuring
KK-TXN-00266,KK00054,Kishor Sawant,HDFC000700000378,KK00151,Deepak Mehta,HDFC000700001057,374500,2025-02-12 15:31:59,43,NEFT,none
KK-TXN-00267,KK00146,Rajan Zaveri,MAHB000700001022,KK00132,Vilas Kulkarni,MAHB000700000924,378000,2025-02-12 12:23:33,43,NEFT,none
KK-TXN-00268,KK00058,Dattatray Patil,SBIN000700000406,KK00051,Pravin Kadam,SBIN000700000357,94500,2025-02-12 18:02:05,43,Bank Transfer,none
KK-TXN-00269,KK00086,Arif Bhosale,MAHB000700000602,KK00087,Rafiq Deshmukh,MAHB000700000609,210500,2025-02-12 13:06:29,43,IMPS,none
KK-TXN-00270,KK00058,Dattatray Patil,SBIN000700000406,KK00064,Anil Khatib,SBIN000700000448,113500,2025-02-12 15:06:15,43,Bank Transfer,none
KK-TXN-00271,KK00047,Santosh Thakur,HDFC000700000329,KK00052,Rakesh Zaveri,HDFC000700000364,41500,2025-02-12 13:48:16,43,NEFT,none
KK-TXN-00272,KK00082,Kishor Gaikwad,MAHB000700000574,KK00071,Arif Salvi,MAHB000700000497,236000,2025-02-12 14:01:59,43,NEFT,none
KK-TXN-00273,KK00035,Balkrishna Shaikh,UTIB000700000245,KK00001,Nilesh Khatib,BKID000700000007,27000,2025-02-12 18:50:58,43,Bank Transfer,none
KK-TXN-00274,KK00001,Nilesh Khatib,BKID000700000007,KK00051,Pravin Kadam,SBIN000700000357,393000,2025-02-12 19:43:50,43,RTGS,incident_a_to_b
KK-TXN-00275,KK00050,Shirish Patil,SBIN000700000350,KK00055,Vilas Shinde,SBIN000700000385,44500,2025-02-12 15:55:22,43,Cash,structuring
KK-TXN-00276,KK00062,Paresh Parekh,HDFC000700000434,KK00156,Shabbir Naik,HDFC000700001092,350500,2025-02-13 16:53:01,44,NEFT,none
KK-TXN-00277,KK00044,Ashok Sayyed,SBIN000700000308,KK00056,Mahesh Bhandari,HDFC000700000392,38000,2025-02-13 16:40:34,44,Cash,none
KK-TXN-00278,KK00035,Balkrishna Shaikh,UTIB000700000245,KK00010,Hitesh Desai,BKID000700000070,227000,2025-02-13 14:10:09,44,UPI,none
KK-TXN-00279,KK00054,Kishor Sawant,HDFC000700000378,KK00065,Dnyaneshwar Bhandari,HDFC000700000455,242500,2025-02-13 18:41:20,44,IMPS,none
KK-TXN-00280,KK00057,Balkrishna Parekh,SBIN000700000399,KK00055,Vilas Shinde,SBIN000700000385,278500,2025-02-13 10:08:24,44,UPI,none
KK-TXN-00281,KK00001,Nilesh Khatib,BKID000700000007,KK00050,Shirish Patil,SBIN000700000350,423000,2025-02-13 17:00:33,44,RTGS,incident_a_to_b
KK-TXN-00282,KK00061,Sameer Soni,SBIN000700000427,KK00055,Vilas Shinde,SBIN000700000385,45500,2025-02-13 15:32:38,44,Cash,structuring
KK-TXN-00283,KK00400,Nitin Jadhav,MAHB000700002800,KK00246,Anil Dalvi,MAHB000700001722,462500,2025-02-14 10:18:57,45,Hawala,none
KK-TXN-00284,KK00134,Vilas Mehta,BKID000700000938,KK00154,Hanif Thakur,BKID000700001078,133000,2025-02-14 13:42:09,45,UPI,none
KK-TXN-00285,KK00065,Dnyaneshwar Bhandari,HDFC000700000455,KK00042,Shabbir Jadhav,HDFC000700000294,201500,2025-02-14 20:25:43,45,Cash,none
KK-TXN-00286,KK00081,Deepak Kadam,MAHB000700000567,KK00070,Hanif Kadam,MAHB000700000490,185000,2025-02-14 19:21:53,45,NEFT,none
KK-TXN-00287,KK00025,Deepak Zaveri,BKID000700000175,KK00015,Balkrishna Shinde,UTIB000700000105,276000,2025-02-14 13:29:31,45,NEFT,none
KK-TXN-00288,KK00039,Ravindra Bhosale,SBIN000700000273,KK00145,Vilas Ansari,SBIN000700001015,406000,2025-02-14 10:39:08,45,Cash,none
KK-TXN-00289,KK00016,Anil Tandel,BKID000700000112,KK00025,Deepak Zaveri,BKID000700000175,435500,2025-02-14 18:52:10,45,IMPS,none
KK-TXN-00290,KK00062,Paresh Parekh,HDFC000700000434,KK00055,Vilas Shinde,SBIN000700000385,39000,2025-02-14 17:04:04,45,Cash,structuring
KK-TXN-00291,KK00009,Dattatray Soni,BKID000700000063,KK00188,Bhavesh Bhandari,BKID000700001316,293500,2025-02-15 15:38:45,46,Bank Transfer,none
KK-TXN-00292,KK00052,Rakesh Zaveri,HDFC000700000364,KK00045,Kishor Sanghvi,HDFC000700000315,392500,2025-02-15 11:55:13,46,Cash,none
KK-TXN-00293,KK00129,Ravindra Sanghvi,SBIN000700000903,KK00194,Nilesh Bhandari,SBIN000700001358,262000,2025-02-15 14:53:57,46,NEFT,none
KK-TXN-00294,KK00087,Rafiq Deshmukh,MAHB000700000609,KK00089,Ganesh Naik,MAHB000700000623,56500,2025-02-15 09:07:29,46,Cash,none
KK-TXN-00295,KK00027,Hanif Shinde,BKID000700000189,KK00024,Nilesh Parekh,BKID000700000168,39500,2025-02-15 20:09:15,46,UPI,none
KK-TXN-00296,KK00059,Salim More,HDFC000700000413,KK00054,Kishor Sawant,HDFC000700000378,400000,2025-02-15 10:21:13,46,Hawala,none
KK-TXN-00297,KK00016,Anil Tandel,BKID000700000112,KK00152,Sachin Zaveri,BKID000700001064,369500,2025-02-15 15:33:15,46,IMPS,none
KK-TXN-00298,KK00021,Santosh Bhandari,BKID000700000147,KK00018,Suhas Sanghvi,BKID000700000126,20500,2025-02-15 19:44:33,46,Hawala,none
KK-TXN-00299,KK00055,Vilas Shinde,SBIN000700000385,KK00037,Ganesh Deshmukh,HDFC000700000259,336000,2025-02-15 13:33:57,46,Bank Transfer,consolidation
KK-TXN-00300,KK00129,Ravindra Sanghvi,SBIN000700000903,KK00145,Vilas Ansari,SBIN000700001015,265500,2025-02-16 20:45:24,47,NEFT,none
KK-TXN-00301,KK00093,Rajan Sanghvi,MAHB000700000651,KK00081,Deepak Kadam,MAHB000700000567,344000,2025-02-16 17:59:38,47,IMPS,none
KK-TXN-00302,KK00084,Vinod Deshmukh,MAHB000700000588,KK00078,Shirish Salvi,MAHB000700000546,262500,2025-02-16 18:08:58,47,Cash,none
KK-TXN-00303,KK00055,Vilas Shinde,SBIN000700000385,KK00037,Ganesh Deshmukh,HDFC000700000259,339000,2025-02-16 15:35:12,47,Bank Transfer,consolidation
KK-TXN-00304,KK00003,Deepak Pawar,BKID000700000021,KK00029,Pravin Koli,UTIB000700000203,432500,2025-02-17 12:17:02,48,UPI,none
KK-TXN-00305,KK00090,Arif Mhatre,MAHB000700000630,KK00144,Anil Shinde,MAHB000700001008,160000,2025-02-17 12:43:32,48,Hawala,none
KK-TXN-00306,KK00006,Salim Parab,BKID000700000042,KK00001,Nilesh Khatib,BKID000700000007,139500,2025-02-17 11:50:53,48,NEFT,none
KK-TXN-00307,KK00089,Ganesh Naik,MAHB000700000623,KK00077,Anil Thakur,MAHB000700000539,208000,2025-02-17 15:16:07,48,Bank Transfer,none
KK-TXN-00308,KK00068,Prakash Koli,MAHB000700000476,KK00084,Vinod Deshmukh,MAHB000700000588,433000,2025-02-17 20:00:35,48,Bank Transfer,none
KK-TXN-00309,KK00078,Shirish Salvi,MAHB000700000546,KK00082,Kishor Gaikwad,MAHB000700000574,62000,2025-02-17 15:23:01,48,UPI,none
KK-TXN-00310,KK00047,Santosh Thakur,HDFC000700000329,KK00202,Rajan Bhosale,SBIN000700001414,454500,2025-02-17 19:18:32,48,IMPS,none
KK-TXN-00311,KK00057,Balkrishna Parekh,SBIN000700000399,KK00038,Iqbal Mehta,HDFC000700000266,174500,2025-02-17 10:17:00,48,UPI,none
KK-TXN-00312,KK00110,Kishor Shah,SBIN000700000770,KK00129,Ravindra Sanghvi,SBIN000700000903,385500,2025-02-17 09:11:11,48,UPI,none
KK-TXN-00313,KK00065,Dnyaneshwar Bhandari,HDFC000700000455,KK00129,Ravindra Sanghvi,SBIN000700000903,223000,2025-02-17 10:50:27,48,NEFT,none
KK-TXN-00314,KK00090,Arif Mhatre,MAHB000700000630,KK00071,Arif Salvi,MAHB000700000497,461500,2025-02-18 18:04:33,49,IMPS,none
KK-TXN-00315,KK00034,Rakesh Doshi,BKID000700000238,KK00031,Anil Chavan,BKID000700000217,48000,2025-02-18 18:50:33,49,IMPS,none
KK-TXN-00316,KK00028,Sameer Kulkarni,UTIB000700000196,KK00141,Kishor Doshi,BKID000700000987,138500,2025-02-18 09:39:29,49,UPI,none
KK-TXN-00317,KK00088,Rajan Sawant,MAHB000700000616,KK00070,Hanif Kadam,MAHB000700000490,441000,2025-02-19 11:38:33,50,UPI,none
KK-TXN-00318,KK00079,Rafiq Soni,MAHB000700000553,KK00081,Deepak Kadam,MAHB000700000567,425500,2025-02-19 20:11:27,50,IMPS,none
KK-TXN-00319,KK00016,Anil Tandel,BKID000700000112,KK00028,Sameer Kulkarni,UTIB000700000196,438000,2025-02-19 09:55:29,50,Bank Transfer,none
KK-TXN-00320,KK00328,Rafiq Kulkarni,MAHB000700002296,KK00313,Mangesh Jadhav,MAHB000700002191,346000,2025-02-19 18:01:38,50,NEFT,none
KK-TXN-00321,KK00075,Rafiq Pawar,MAHB000700000525,KK00072,Yogesh Momin,MAHB000700000504,169500,2025-02-19 09:18:53,50,Bank Transfer,none
KK-TXN-00322,KK00028,Sameer Kulkarni,UTIB000700000196,KK00035,Balkrishna Shaikh,UTIB000700000245,463500,2025-02-19 20:19:54,50,Hawala,none
KK-TXN-00323,KK00068,Prakash Koli,MAHB000700000476,KK00073,Mangesh Naik,MAHB000700000511,437000,2025-02-20 13:46:44,51,UPI,none
KK-TXN-00324,KK00347,Hitesh Gaikwad,MAHB000700002429,KK00341,Paresh Kothari,HDFC000700002387,66000,2025-02-20 17:04:24,51,Bank Transfer,none
KK-TXN-00325,KK00063,Sameer Koli,SBIN000700000441,KK00107,Yogesh Bhosale,SBIN000700000749,103500,2025-02-20 19:35:24,51,Bank Transfer,none
KK-TXN-00326,KK00010,Hitesh Desai,BKID000700000070,KK00023,Prakash Deshmukh,BKID000700000161,283000,2025-02-20 18:24:12,51,NEFT,none
KK-TXN-00327,KK00116,Yogesh Rane,BKID000700000812,KK00196,Nitin Sayyed,BKID000700001372,418500,2025-02-20 13:22:07,51,UPI,none
KK-TXN-00328,KK00062,Paresh Parekh,HDFC000700000434,KK00179,Dattatray Zaveri,HDFC000700001253,439500,2025-02-20 13:34:41,51,IMPS,none
KK-TXN-00329,KK00005,Kishor Ansari,UTIB000700000035,KK00017,Anil Tandel,BKID000700000119,212000,2025-02-20 16:15:22,51,Hawala,none
KK-TXN-00330,KK00022,Dnyaneshwar Salvi,BKID000700000154,KK00012,Bhavesh Parekh,BKID000700000084,102500,2025-02-20 12:41:54,51,UPI,none
KK-TXN-00331,KK00037,Ganesh Deshmukh,HDFC000700000259,KK00070,Hanif Kadam,MAHB000700000490,82500,2025-02-20 09:45:35,51,IMPS,incident_b_to_c
KK-TXN-00332,KK00037,Ganesh Deshmukh,HDFC000700000259,KK00071,Arif Salvi,MAHB000700000497,89500,2025-02-20 20:00:05,51,IMPS,incident_b_to_c
KK-TXN-00333,KK00037,Ganesh Deshmukh,HDFC000700000259,KK00072,Yogesh Momin,MAHB000700000504,90000,2025-02-20 18:56:46,51,IMPS,incident_b_to_c
KK-TXN-00334,KK00046,Shabbir Shaikh,SBIN000700000322,KK00109,Yogesh Gaikwad,SBIN000700000763,10500,2025-02-21 20:56:53,52,Bank Transfer,none
KK-TXN-00335,KK00169,Sunil Parab,SBIN000700001183,KK00208,Rafiq Momin,HDFC000700001456,288500,2025-02-21 13:39:48,52,Cash,none
KK-TXN-00336,KK00050,Shirish Patil,SBIN000700000350,KK00065,Dnyaneshwar Bhandari,HDFC000700000455,198000,2025-02-21 15:47:16,52,IMPS,none
KK-TXN-00337,KK00071,Arif Salvi,MAHB000700000497,KK00094,Iqbal Patil,MAHB000700000658,18500,2025-02-21 20:17:25,52,Bank Transfer,none
KK-TXN-00338,KK00023,Prakash Deshmukh,BKID000700000161,KK00007,Santosh Sanghvi,BKID000700000049,238000,2025-02-21 12:56:27,52,UPI,none
KK-TXN-00339,KK00085,Prakash Shaikh,MAHB000700000595,KK00081,Deepak Kadam,MAHB000700000567,437000,2025-02-22 18:08:11,53,Bank Transfer,none
KK-TXN-00340,KK00094,Iqbal Patil,MAHB000700000658,KK00091,Ashok More,MAHB000700000637,188000,2025-02-22 10:03:55,53,Hawala,none
KK-TXN-00341,KK00022,Dnyaneshwar Salvi,BKID000700000154,KK00104,Imtiaz Bhosale,BKID000700000728,115500,2025-02-23 16:23:50,54,UPI,none
KK-TXN-00342,KK00054,Kishor Sawant,HDFC000700000378,KK00038,Iqbal Mehta,HDFC000700000266,284000,2025-02-23 19:39:33,54,IMPS,none
KK-TXN-00343,KK00023,Prakash Deshmukh,BKID000700000161,KK00022,Dnyaneshwar Salvi,BKID000700000154,406500,2025-02-23 09:41:28,54,NEFT,none
KK-TXN-00344,KK00092,Suhas Parekh,MAHB000700000644,KK00093,Rajan Sanghvi,MAHB000700000651,374000,2025-02-24 18:33:58,55,IMPS,none
KK-TXN-00345,KK00011,Yogesh Kadam,BKID000700000077,KK00004,Kishor Pawar,BKID000700000028,411000,2025-02-24 09:42:08,55,UPI,none
KK-TXN-00346,KK00056,Mahesh Bhandari,HDFC000700000392,KK00037,Ganesh Deshmukh,HDFC000700000259,45000,2025-02-24 10:14:48,55,IMPS,none
KK-TXN-00347,KK00065,Dnyaneshwar Bhandari,HDFC000700000455,KK00107,Yogesh Bhosale,SBIN000700000749,249500,2025-02-24 14:48:07,55,NEFT,none
KK-TXN-00348,KK00059,Salim More,HDFC000700000413,KK00053,Pravin Bhatkar,HDFC000700000371,406000,2025-02-24 18:28:34,55,Hawala,none
KK-TXN-00349,KK00214,Vinod Pawar,BKID000700001498,KK00170,Kishor Thakur,BKID000700001190,416500,2025-02-24 18:01:52,55,Bank Transfer,none
KK-TXN-00350,KK00094,Iqbal Patil,MAHB000700000658,KK00074,Prakash Bhosale,MAHB000700000518,203000,2025-02-24 15:16:55,55,IMPS,none
KK-TXN-00351,KK00019,Arif Gaikwad,UTIB000700000133,KK00020,Vilas Sawant,UTIB000700000140,197000,2025-02-24 14:37:03,55,Cash,none
KK-TXN-00352,KK00209,Jitendra Kadam,BKID000700001463,KK00201,Javed Shah,BKID000700001407,205500,2025-02-25 11:24:00,56,Bank Transfer,none
KK-TXN-00353,KK00036,Fayyaz Kadam,UTIB000700000252,KK00017,Anil Tandel,BKID000700000119,207000,2025-02-25 10:58:30,56,NEFT,none
KK-TXN-00354,KK00039,Ravindra Bhosale,SBIN000700000273,KK00063,Sameer Koli,SBIN000700000441,415000,2025-02-25 18:35:34,56,NEFT,none
KK-TXN-00355,KK00006,Salim Parab,BKID000700000042,KK00017,Anil Tandel,BKID000700000119,320500,2025-02-25 10:19:44,56,IMPS,none
KK-TXN-00356,KK00180,Iqbal Parab,MAHB000700001260,KK00101,Javed Bhandari,MAHB000700000707,203500,2025-02-26 15:20:15,57,Hawala,none
KK-TXN-00357,KK00006,Salim Parab,BKID000700000042,KK00014,Anil Tandel,UTIB000700000098,307000,2025-02-26 12:30:01,57,IMPS,none
KK-TXN-00358,KK00369,Kishor Sayyed,MAHB000700002583,KK00418,Ravindra Shah,MAHB000700002926,39500,2025-02-26 11:18:36,57,NEFT,none
KK-TXN-00359,KK00022,Dnyaneshwar Salvi,BKID000700000154,KK00015,Balkrishna Shinde,UTIB000700000105,228500,2025-02-26 10:08:53,57,NEFT,none
KK-TXN-00360,KK00069,Imtiaz Kadam,MAHB000700000483,KK00087,Rafiq Deshmukh,MAHB000700000609,203500,2025-02-26 13:39:23,57,NEFT,none
KK-TXN-00361,KK00158,Balkrishna Naik,MAHB000700001106,KK00108,Hitesh Bhandari,MAHB000700000756,379500,2025-02-26 10:06:11,57,UPI,none
KK-TXN-00362,KK00002,Iqbal Naik,BKID000700000014,KK00015,Balkrishna Shinde,UTIB000700000105,469000,2025-02-27 12:17:51,58,UPI,none
KK-TXN-00363,KK00042,Shabbir Jadhav,HDFC000700000294,KK00066,Hanif Chavan,SBIN000700000462,367000,2025-02-27 11:43:52,58,NEFT,none
KK-TXN-00364,KK00053,Pravin Bhatkar,HDFC000700000371,KK00061,Sameer Soni,SBIN000700000427,141000,2025-02-27 10:25:51,58,NEFT,none
KK-TXN-00365,KK00122,Salim Kulkarni,UTIB000700000854,KK00164,Nitin Thakur,UTIB000700001148,246000,2025-02-27 19:38:12,58,Hawala,none
KK-TXN-00366,KK00043,Vinod Mehta,HDFC000700000301,KK00179,Dattatray Zaveri,HDFC000700001253,223000,2025-02-27 12:26:57,58,Cash,none
KK-TXN-00367,KK00024,Nilesh Parekh,BKID000700000168,KK00008,Vilas Tandel,BKID000700000056,398000,2025-02-27 20:11:18,58,UPI,none
KK-TXN-00368,KK00006,Salim Parab,BKID000700000042,KK00007,Santosh Sanghvi,BKID000700000049,115000,2025-02-27 18:16:36,58,UPI,none
KK-TXN-00369,KK00079,Rafiq Soni,MAHB000700000553,KK00085,Prakash Shaikh,MAHB000700000595,414000,2025-02-28 14:07:21,59,NEFT,none
KK-TXN-00370,KK00037,Ganesh Deshmukh,HDFC000700000259,KK00100,Suhas Mehta,HDFC000700000700,30000,2025-02-28 11:40:52,59,IMPS,none
KK-TXN-00371,KK00025,Deepak Zaveri,BKID000700000175,KK00116,Yogesh Rane,BKID000700000812,465000,2025-02-28 19:16:52,59,UPI,none
KK-TXN-00372,KK00076,Jitendra Shaikh,MAHB000700000532,KK00080,Rajan Desai,MAHB000700000560,73500,2025-02-28 11:23:53,59,Bank Transfer,none
KK-TXN-00373,KK00089,Ganesh Naik,MAHB000700000623,KK00086,Arif Bhosale,MAHB000700000602,204000,2025-03-01 09:36:24,60,NEFT,none
KK-TXN-00374,KK00127,Ganesh Kadam,BKID000700000889,KK00138,Vinod Desai,UTIB000700000966,342500,2025-03-01 12:37:32,60,UPI,none
KK-TXN-00375,KK00055,Vilas Shinde,SBIN000700000385,KK00208,Rafiq Momin,HDFC000700001456,68500,2025-03-01 20:31:20,60,Cash,none
KK-TXN-00376,KK00175,Balkrishna Pawar,HDFC000700001225,KK00106,Dattatray Pawar,HDFC000700000742,203500,2025-03-01 19:25:35,60,IMPS,none
KK-TXN-00377,KK00013,Kishor Koli,UTIB000700000091,KK00005,Kishor Ansari,UTIB000700000035,87000,2025-03-01 19:24:43,60,IMPS,none
KK-TXN-00378,KK00051,Pravin Kadam,SBIN000700000357,KK00047,Santosh Thakur,HDFC000700000329,97000,2025-03-02 12:39:23,61,UPI,none
KK-TXN-00379,KK00066,Hanif Chavan,SBIN000700000462,KK00051,Pravin Kadam,SBIN000700000357,422000,2025-03-02 18:43:09,61,Cash,none
KK-TXN-00380,KK00212,Rafiq Kothari,MAHB000700001484,KK00183,Paresh Thakur,MAHB000700001281,274000,2025-03-02 10:17:34,61,Hawala,none
KK-TXN-00381,KK00071,Arif Salvi,MAHB000700000497,KK00091,Ashok More,MAHB000700000637,473500,2025-03-02 20:58:37,61,Cash,none
KK-TXN-00382,KK00022,Dnyaneshwar Salvi,BKID000700000154,KK00019,Arif Gaikwad,UTIB000700000133,407500,2025-03-02 11:34:37,61,UPI,none
KK-TXN-00383,KK00082,Kishor Gaikwad,MAHB000700000574,KK00089,Ganesh Naik,MAHB000700000623,290000,2025-03-02 20:29:38,61,NEFT,none
KK-TXN-00384,KK00158,Balkrishna Naik,MAHB000700001106,KK00166,Hitesh Shah,MAHB000700001162,16500,2025-03-03 12:16:57,62,Hawala,none
KK-TXN-00385,KK00071,Arif Salvi,MAHB000700000497,KK00212,Rafiq Kothari,MAHB000700001484,289500,2025-03-03 10:52:07,62,Bank Transfer,none
KK-TXN-00386,KK00039,Ravindra Bhosale,SBIN000700000273,KK00051,Pravin Kadam,SBIN000700000357,403000,2025-03-03 14:28:54,62,Hawala,none
KK-TXN-00387,KK00188,Bhavesh Bhandari,BKID000700001316,KK00141,Kishor Doshi,BKID000700000987,173500,2025-03-03 11:06:06,62,UPI,none
KK-TXN-00388,KK00043,Vinod Mehta,HDFC000700000301,KK00064,Anil Khatib,SBIN000700000448,332000,2025-03-03 11:56:11,62,Bank Transfer,none
KK-TXN-00389,KK00056,Mahesh Bhandari,HDFC000700000392,KK00058,Dattatray Patil,SBIN000700000406,328500,2025-03-03 11:50:22,62,Bank Transfer,none
KK-TXN-00390,KK00029,Pravin Koli,UTIB000700000203,KK00023,Prakash Deshmukh,BKID000700000161,271000,2025-03-03 20:23:32,62,Hawala,none
KK-TXN-00391,KK00033,Shirish Chavan,BKID000700000231,KK00201,Javed Shah,BKID000700001407,31500,2025-03-04 16:09:32,63,NEFT,none
KK-TXN-00392,KK00005,Kishor Ansari,UTIB000700000035,KK00118,Ashok Deshmukh,BKID000700000826,399500,2025-03-04 14:45:37,63,UPI,none
KK-TXN-00393,KK00045,Kishor Sanghvi,HDFC000700000315,KK00038,Iqbal Mehta,HDFC000700000266,165500,2025-03-04 18:18:20,63,NEFT,none
KK-TXN-00394,KK00058,Dattatray Patil,SBIN000700000406,KK00110,Kishor Shah,SBIN000700000770,244500,2025-03-04 19:40:33,63,IMPS,none
KK-TXN-00395,KK00024,Nilesh Parekh,BKID000700000168,KK00028,Sameer Kulkarni,UTIB000700000196,474500,2025-03-04 09:02:14,63,NEFT,none
KK-TXN-00396,KK00004,Kishor Pawar,BKID000700000028,KK00023,Prakash Deshmukh,BKID000700000161,241000,2025-03-05 11:32:05,64,Hawala,none
KK-TXN-00397,KK00006,Salim Parab,BKID000700000042,KK00027,Hanif Shinde,BKID000700000189,29500,2025-03-05 14:16:21,64,IMPS,none
KK-TXN-00398,KK00014,Anil Tandel,UTIB000700000098,KK00003,Deepak Pawar,BKID000700000021,468000,2025-03-06 16:17:38,65,Cash,none
KK-TXN-00399,KK00030,Vilas Khatib,BKID000700000210,KK00163,Paresh Patil,UTIB000700001141,16500,2025-03-06 11:47:28,65,IMPS,none
KK-TXN-00400,KK00149,Paresh Khatib,HDFC000700001043,KK00179,Dattatray Zaveri,HDFC000700001253,126000,2025-03-06 16:38:43,65,Bank Transfer,none
KK-TXN-00401,KK00178,Imtiaz Ansari,MAHB000700001246,KK00097,Arif Kadam,MAHB000700000679,452000,2025-03-06 11:18:36,65,Bank Transfer,none
KK-TXN-00402,KK00068,Prakash Koli,MAHB000700000476,KK00090,Arif Mhatre,MAHB000700000630,40500,2025-03-06 13:52:12,65,Bank Transfer,none
KK-TXN-00403,KK00171,Dnyaneshwar Dalvi,BKID000700001197,KK00214,Vinod Pawar,BKID000700001498,39000,2025-03-06 19:56:13,65,NEFT,none
KK-TXN-00404,KK00331,Nilesh Bhatkar,MAHB000700002317,KK00329,Prakash Kulkarni,HDFC000700002303,111000,2025-03-07 13:50:46,66,Bank Transfer,none
KK-TXN-00405,KK00008,Vilas Tandel,BKID000700000056,KK00167,Sameer Parekh,BKID000700001169,195000,2025-03-07 20:46:06,66,Bank Transfer,none
KK-TXN-00406,KK00093,Rajan Sanghvi,MAHB000700000651,KK00087,Rafiq Deshmukh,MAHB000700000609,234000,2025-03-08 11:03:02,67,IMPS,none
KK-TXN-00407,KK00104,Imtiaz Bhosale,BKID000700000728,KK00182,Dnyaneshwar Shinde,UTIB000700001274,40000,2025-03-08 11:21:55,67,UPI,none
KK-TXN-00408,KK00337,Umesh Salvi,MAHB000700002359,KK00406,Sameer Bhosale,HDFC000700002842,28000,2025-03-08 11:03:07,67,UPI,none
KK-TXN-00409,KK00407,Javed Mhatre,MAHB000700002849,KK00251,Kishor Deshmukh,MAHB000700001757,25000,2025-03-08 11:34:01,67,NEFT,none
KK-TXN-00410,KK00055,Vilas Shinde,SBIN000700000385,KK00107,Yogesh Bhosale,SBIN000700000749,448500,2025-03-08 20:51:17,67,IMPS,none
KK-TXN-00411,KK00185,Balkrishna Kothari,MAHB000700001295,KK00161,Shirish Parab,MAHB000700001127,404000,2025-03-08 11:55:30,67,UPI,none
KK-TXN-00412,KK00084,Vinod Deshmukh,MAHB000700000588,KK00103,Rafiq Khatib,MAHB000700000721,52500,2025-03-08 18:41:00,67,Bank Transfer,none
KK-TXN-00413,KK00020,Vilas Sawant,UTIB000700000140,KK00017,Anil Tandel,BKID000700000119,262500,2025-03-08 18:41:30,67,Bank Transfer,none
KK-TXN-00414,KK00053,Pravin Bhatkar,HDFC000700000371,KK00048,Sameer Doshi,SBIN000700000336,257000,2025-03-09 20:22:16,68,UPI,none
KK-TXN-00415,KK00084,Vinod Deshmukh,MAHB000700000588,KK00144,Anil Shinde,MAHB000700001008,401000,2025-03-09 15:27:25,68,NEFT,none
KK-TXN-00416,KK00072,Yogesh Momin,MAHB000700000504,KK00073,Mangesh Naik,MAHB000700000511,366000,2025-03-09 09:44:20,68,NEFT,none
KK-TXN-00417,KK00016,Anil Tandel,BKID000700000112,KK00005,Kishor Ansari,UTIB000700000035,205500,2025-03-10 15:21:47,69,Cash,none
KK-TXN-00418,KK00017,Anil Tandel,BKID000700000119,KK00135,Deepak Sanghvi,BKID000700000945,176500,2025-03-10 15:37:01,69,UPI,none
KK-TXN-00419,KK00068,Prakash Koli,MAHB000700000476,KK00211,Nitin Parekh,MAHB000700001477,156500,2025-03-10 10:50:32,69,UPI,none
KK-TXN-00420,KK00018,Suhas Sanghvi,BKID000700000126,KK00007,Santosh Sanghvi,BKID000700000049,31000,2025-03-10 16:16:12,69,Cash,none
KK-TXN-00421,KK00052,Rakesh Zaveri,HDFC000700000364,KK00198,Ashok Khatib,HDFC000700001386,412000,2025-03-11 10:49:56,70,Cash,none
KK-TXN-00422,KK00059,Salim More,HDFC000700000413,KK00050,Shirish Patil,SBIN000700000350,473500,2025-03-11 12:00:27,70,IMPS,none
KK-TXN-00423,KK00053,Pravin Bhatkar,HDFC000700000371,KK00045,Kishor Sanghvi,HDFC000700000315,253000,2025-03-11 11:18:06,70,Hawala,none
KK-TXN-00424,KK00029,Pravin Koli,UTIB000700000203,KK00023,Prakash Deshmukh,BKID000700000161,289000,2025-03-11 15:39:59,70,Cash,none
KK-TXN-00425,KK00094,Iqbal Patil,MAHB000700000658,KK00082,Kishor Gaikwad,MAHB000700000574,410500,2025-03-11 19:34:07,70,IMPS,none
KK-TXN-00426,KK00031,Anil Chavan,BKID000700000217,KK00027,Hanif Shinde,BKID000700000189,56000,2025-03-11 17:12:34,70,Bank Transfer,none
KK-TXN-00427,KK00122,Salim Kulkarni,UTIB000700000854,KK00207,Shabbir Pawar,BKID000700001449,266500,2025-03-11 12:41:17,70,NEFT,none
KK-TXN-00428,KK00089,Ganesh Naik,MAHB000700000623,KK00157,Mahesh Bhatkar,MAHB000700001099,266000,2025-03-11 12:17:08,70,UPI,none
KK-TXN-00429,KK00107,Yogesh Bhosale,SBIN000700000749,KK00151,Deepak Mehta,HDFC000700001057,369500,2025-03-11 19:13:19,70,IMPS,none
KK-TXN-00430,KK00191,Javed Naik,SBIN000700001337,KK00175,Balkrishna Pawar,HDFC000700001225,341000,2025-03-11 11:10:17,70,Cash,none
KK-TXN-00431,KK00015,Balkrishna Shinde,UTIB000700000105,KK00018,Suhas Sanghvi,BKID000700000126,407000,2025-03-11 11:53:39,70,Hawala,none
KK-TXN-00432,KK00011,Yogesh Kadam,BKID000700000077,KK00035,Balkrishna Shaikh,UTIB000700000245,304000,2025-03-12 16:53:17,71,NEFT,none
KK-TXN-00433,KK00034,Rakesh Doshi,BKID000700000238,KK00033,Shirish Chavan,BKID000700000231,337000,2025-03-12 16:40:50,71,IMPS,none
KK-TXN-00434,KK00092,Suhas Parekh,MAHB000700000644,KK00089,Ganesh Naik,MAHB000700000623,425500,2025-03-12 20:37:11,71,UPI,none
KK-TXN-00435,KK00028,Sameer Kulkarni,UTIB000700000196,KK00023,Prakash Deshmukh,BKID000700000161,364000,2025-03-12 09:49:22,71,IMPS,none
KK-TXN-00436,KK00117,Ganesh Bhosale,MAHB000700000819,KK00161,Shirish Parab,MAHB000700001127,65500,2025-03-12 15:56:52,71,IMPS,none
KK-TXN-00437,KK00180,Iqbal Parab,MAHB000700001260,KK00189,Dattatray Jadhav,MAHB000700001323,311000,2025-03-12 12:34:44,71,NEFT,none
KK-TXN-00438,KK00057,Balkrishna Parekh,SBIN000700000399,KK00174,Hitesh Sanghvi,HDFC000700001218,438000,2025-03-12 12:27:32,71,Hawala,none
KK-TXN-00439,KK00073,Mangesh Naik,MAHB000700000511,KK00211,Nitin Parekh,MAHB000700001477,125000,2025-03-13 09:16:08,72,Hawala,none
KK-TXN-00440,KK00083,Sachin Naik,MAHB000700000581,KK00211,Nitin Parekh,MAHB000700001477,243500,2025-03-13 14:36:52,72,NEFT,none
KK-TXN-00441,KK00050,Shirish Patil,SBIN000700000350,KK00061,Sameer Soni,SBIN000700000427,214000,2025-03-13 13:17:57,72,NEFT,none
KK-TXN-00442,KK00012,Bhavesh Parekh,BKID000700000084,KK00008,Vilas Tandel,BKID000700000056,129500,2025-03-13 18:11:32,72,IMPS,none
KK-TXN-00443,KK00037,Ganesh Deshmukh,HDFC000700000259,KK00095,Umesh Shaikh,ICIC000700000665,265000,2025-03-13 10:18:58,72,RTGS,bridge_payment
KK-TXN-00444,KK00184,Iqbal Jadhav,SBIN000700001288,KK00202,Rajan Bhosale,SBIN000700001414,42500,2025-03-14 17:07:19,73,UPI,none
KK-TXN-00445,KK00076,Jitendra Shaikh,MAHB000700000532,KK00094,Iqbal Patil,MAHB000700000658,35000,2025-03-14 18:09:01,73,Cash,none
KK-TXN-00446,KK00023,Prakash Deshmukh,BKID000700000161,KK00018,Suhas Sanghvi,BKID000700000126,64500,2025-03-14 18:32:07,73,IMPS,none
KK-TXN-00447,KK00025,Deepak Zaveri,BKID000700000175,KK00018,Suhas Sanghvi,BKID000700000126,112500,2025-03-14 13:35:04,73,IMPS,none
KK-TXN-00448,KK00053,Pravin Bhatkar,HDFC000700000371,KK00059,Salim More,HDFC000700000413,152500,2025-03-15 10:15:36,74,Cash,none
KK-TXN-00449,KK00066,Hanif Chavan,SBIN000700000462,KK00181,Umesh Jadhav,SBIN000700001267,417000,2025-03-15 11:19:15,74,Hawala,none
KK-TXN-00450,KK00117,Ganesh Bhosale,MAHB000700000819,KK00183,Paresh Thakur,MAHB000700001281,423000,2025-03-15 15:21:47,74,UPI,none
KK-TXN-00451,KK00112,Rakesh Gaikwad,UTIB000700000784,KK00150,Rafiq Naik,UTIB000700001050,338500,2025-03-15 13:28:17,74,Bank Transfer,none
KK-TXN-00452,KK00242,Santosh Bhatkar,MAHB000700001694,KK00297,Prakash Sawant,MAHB000700002079,465500,2025-03-15 16:27:23,74,Bank Transfer,none
KK-TXN-00453,KK00024,Nilesh Parekh,BKID000700000168,KK00020,Vilas Sawant,UTIB000700000140,373000,2025-03-15 14:54:28,74,IMPS,none
KK-TXN-00454,KK00065,Dnyaneshwar Bhandari,HDFC000700000455,KK00055,Vilas Shinde,SBIN000700000385,190500,2025-03-15 12:23:38,74,Cash,none
KK-TXN-00455,KK00085,Prakash Shaikh,MAHB000700000595,KK00078,Shirish Salvi,MAHB000700000546,71500,2025-03-15 09:43:56,74,IMPS,none
KK-TXN-00456,KK00058,Dattatray Patil,SBIN000700000406,KK00046,Shabbir Shaikh,SBIN000700000322,84500,2025-03-16 16:40:37,75,Cash,none
KK-TXN-00457,KK00003,Deepak Pawar,BKID000700000021,KK00005,Kishor Ansari,UTIB000700000035,168000,2025-03-16 19:44:48,75,UPI,none
KK-TXN-00458,KK00090,Arif Mhatre,MAHB000700000630,KK00094,Iqbal Patil,MAHB000700000658,201500,2025-03-16 16:19:12,75,Bank Transfer,none
KK-TXN-00459,KK00007,Santosh Sanghvi,BKID000700000049,KK00009,Dattatray Soni,BKID000700000063,226000,2025-03-16 18:22:51,75,Cash,none
KK-TXN-00460,KK00094,Iqbal Patil,MAHB000700000658,KK00081,Deepak Kadam,MAHB000700000567,257500,2025-03-16 18:41:53,75,Cash,none
KK-TXN-00461,KK00025,Deepak Zaveri,BKID000700000175,KK00154,Hanif Thakur,BKID000700001078,475500,2025-03-17 11:48:30,76,Bank Transfer,none
KK-TXN-00462,KK00062,Paresh Parekh,HDFC000700000434,KK00064,Anil Khatib,SBIN000700000448,362500,2025-03-17 18:52:41,76,Bank Transfer,none
KK-TXN-00463,KK00048,Sameer Doshi,SBIN000700000336,KK00049,Santosh Zaveri,HDFC000700000343,38500,2025-03-17 17:36:00,76,Cash,none
KK-TXN-00464,KK00008,Vilas Tandel,BKID000700000056,KK00011,Yogesh Kadam,BKID000700000077,36000,2025-03-17 19:29:31,76,IMPS,none
KK-TXN-00465,KK00030,Vilas Khatib,BKID000700000210,KK00118,Ashok Deshmukh,BKID000700000826,476500,2025-03-18 19:19:30,77,UPI,none
KK-TXN-00466,KK00046,Shabbir Shaikh,SBIN000700000322,KK00047,Santosh Thakur,HDFC000700000329,48000,2025-03-18 18:34:36,77,Bank Transfer,none
KK-TXN-00467,KK00038,Iqbal Mehta,HDFC000700000266,KK00046,Shabbir Shaikh,SBIN000700000322,260500,2025-03-18 13:38:06,77,IMPS,none
KK-TXN-00468,KK00015,Balkrishna Shinde,UTIB000700000105,KK00032,Dattatray Mehta,BKID000700000224,103500,2025-03-18 12:32:26,77,UPI,none
KK-TXN-00469,KK00047,Santosh Thakur,HDFC000700000329,KK00037,Ganesh Deshmukh,HDFC000700000259,112500,2025-03-18 19:55:03,77,NEFT,none
KK-TXN-00470,KK00004,Kishor Pawar,BKID000700000028,KK00134,Vilas Mehta,BKID000700000938,142500,2025-03-18 14:57:57,77,Bank Transfer,none
KK-TXN-00471,KK00083,Sachin Naik,MAHB000700000581,KK00091,Ashok More,MAHB000700000637,116500,2025-03-18 12:28:36,77,Hawala,none
KK-TXN-00472,KK00076,Jitendra Shaikh,MAHB000700000532,KK00080,Rajan Desai,MAHB000700000560,416000,2025-03-18 20:22:56,77,IMPS,none
KK-TXN-00473,KK00108,Hitesh Bhandari,MAHB000700000756,KK00119,Prakash Doshi,MAHB000700000833,10500,2025-03-18 09:51:12,77,Cash,none
KK-TXN-00474,KK00004,Kishor Pawar,BKID000700000028,KK00028,Sameer Kulkarni,UTIB000700000196,150000,2025-03-19 13:44:20,78,UPI,none
KK-TXN-00475,KK00014,Anil Tandel,UTIB000700000098,KK00025,Deepak Zaveri,BKID000700000175,444000,2025-03-19 10:15:33,78,Bank Transfer,none
KK-TXN-00476,KK00078,Shirish Salvi,MAHB000700000546,KK00077,Anil Thakur,MAHB000700000539,390500,2025-03-19 12:44:35,78,Bank Transfer,none
KK-TXN-00477,KK00019,Arif Gaikwad,UTIB000700000133,KK00022,Dnyaneshwar Salvi,BKID000700000154,32500,2025-03-19 13:15:55,78,Cash,none
KK-TXN-00478,KK00034,Rakesh Doshi,BKID000700000238,KK00012,Bhavesh Parekh,BKID000700000084,435500,2025-03-19 12:12:36,78,UPI,none
KK-TXN-00479,KK00037,Ganesh Deshmukh,HDFC000700000259,KK00046,Shabbir Shaikh,SBIN000700000322,227500,2025-03-19 11:16:53,78,NEFT,none
KK-TXN-00480,KK00089,Ganesh Naik,MAHB000700000623,KK00077,Anil Thakur,MAHB000700000539,114000,2025-03-19 10:28:22,78,Hawala,none
KK-TXN-00481,KK00085,Prakash Shaikh,MAHB000700000595,KK00092,Suhas Parekh,MAHB000700000644,209000,2025-03-19 13:07:57,78,Hawala,none
KK-TXN-00482,KK00089,Ganesh Naik,MAHB000700000623,KK00137,Pravin Zaveri,MAHB000700000959,13500,2025-03-19 17:30:42,78,UPI,none
KK-TXN-00483,KK00022,Dnyaneshwar Salvi,BKID000700000154,KK00027,Hanif Shinde,BKID000700000189,233000,2025-03-20 11:05:10,79,Bank Transfer,none
KK-TXN-00484,KK00013,Kishor Koli,UTIB000700000091,KK00018,Suhas Sanghvi,BKID000700000126,159000,2025-03-20 18:12:02,79,Hawala,none
KK-TXN-00485,KK00126,Mangesh Thakur,SBIN000700000882,KK00202,Rajan Bhosale,SBIN000700001414,81500,2025-03-20 11:44:39,79,Cash,none
KK-TXN-00486,KK00021,Santosh Bhandari,BKID000700000147,KK00026,Rafiq Shah,BKID000700000182,200500,2025-03-21 10:45:26,80,Cash,none
KK-TXN-00487,KK00064,Anil Khatib,SBIN000700000448,KK00045,Kishor Sanghvi,HDFC000700000315,32000,2025-03-21 15:09:44,80,UPI,none
KK-TXN-00488,KK00075,Rafiq Pawar,MAHB000700000525,KK00190,Bhavesh Kothari,MAHB000700001330,195500,2025-03-21 11:06:28,80,Hawala,none
KK-TXN-00489,KK00122,Salim Kulkarni,UTIB000700000854,KK00139,Sunil Bhandari,UTIB000700000973,72500,2025-03-21 09:42:26,80,UPI,none
KK-TXN-00490,KK00043,Vinod Mehta,HDFC000700000301,KK00066,Hanif Chavan,SBIN000700000462,381000,2025-03-21 12:55:05,80,Hawala,none
KK-TXN-00491,KK00149,Paresh Khatib,HDFC000700001043,KK00100,Suhas Mehta,HDFC000700000700,89500,2025-03-21 16:56:43,80,UPI,none
KK-TXN-00492,KK00070,Hanif Kadam,MAHB000700000490,KK00072,Yogesh Momin,MAHB000700000504,88000,2025-03-21 09:42:01,80,Bank Transfer,none
KK-TXN-00493,KK00346,Arif Sayyed,MAHB000700002422,KK00348,Jitendra Parab,MAHB000700002436,22500,2025-03-21 14:50:41,80,Cash,none
KK-TXN-00494,KK00068,Prakash Koli,MAHB000700000476,KK00103,Rafiq Khatib,MAHB000700000721,382500,2025-03-22 15:05:54,81,Cash,none
KK-TXN-00495,KK00039,Ravindra Bhosale,SBIN000700000273,KK00169,Sunil Parab,SBIN000700001183,281000,2025-03-22 10:17:32,81,UPI,none
KK-TXN-00496,KK00006,Salim Parab,BKID000700000042,KK00001,Nilesh Khatib,BKID000700000007,396000,2025-03-23 19:06:55,82,Cash,none
KK-TXN-00497,KK00069,Imtiaz Kadam,MAHB000700000483,KK00195,Pravin Kothari,MAHB000700001365,47000,2025-03-23 11:14:30,82,UPI,none
KK-TXN-00498,KK00048,Sameer Doshi,SBIN000700000336,KK00064,Anil Khatib,SBIN000700000448,177000,2025-03-23 17:03:52,82,Cash,none
KK-TXN-00499,KK00061,Sameer Soni,SBIN000700000427,KK00045,Kishor Sanghvi,HDFC000700000315,359000,2025-03-23 15:11:43,82,Hawala,none
KK-TXN-00500,KK00128,Mahesh Bhosale,SBIN000700000896,KK00107,Yogesh Bhosale,SBIN000700000749,426500,2025-03-23 13:32:15,82,UPI,none
KK-TXN-00501,KK00099,Salim Khatib,BKID000700000693,KK00201,Javed Shah,BKID000700001407,115500,2025-03-23 16:11:25,82,NEFT,none
KK-TXN-00502,KK00205,Mangesh Koli,BKID000700001435,KK00134,Vilas Mehta,BKID000700000938,101500,2025-03-24 18:45:27,83,NEFT,none
KK-TXN-00503,KK00082,Kishor Gaikwad,MAHB000700000574,KK00087,Rafiq Deshmukh,MAHB000700000609,221000,2025-03-24 16:08:10,83,IMPS,none
KK-TXN-00504,KK00050,Shirish Patil,SBIN000700000350,KK00048,Sameer Doshi,SBIN000700000336,325500,2025-03-24 17:04:33,83,UPI,none
KK-TXN-00505,KK00062,Paresh Parekh,HDFC000700000434,KK00065,Dnyaneshwar Bhandari,HDFC000700000455,242000,2025-03-24 14:30:13,83,Hawala,none
KK-TXN-00506,KK00087,Rafiq Deshmukh,MAHB000700000609,KK00108,Hitesh Bhandari,MAHB000700000756,16000,2025-03-24 18:12:19,83,Bank Transfer,none
KK-TXN-00507,KK00075,Rafiq Pawar,MAHB000700000525,KK00072,Yogesh Momin,MAHB000700000504,436000,2025-03-25 16:20:18,84,UPI,none
KK-TXN-00508,KK00140,Salim Kothari,BKID000700000980,KK00124,Sachin Bhosale,BKID000700000868,28000,2025-03-25 14:38:12,84,Bank Transfer,none
KK-TXN-00509,KK00022,Dnyaneshwar Salvi,BKID000700000154,KK00032,Dattatray Mehta,BKID000700000224,170500,2025-03-26 17:32:32,85,Bank Transfer,none
KK-TXN-00510,KK00076,Jitendra Shaikh,MAHB000700000532,KK00088,Rajan Sawant,MAHB000700000616,407500,2025-03-26 13:20:30,85,Cash,none
KK-TXN-00511,KK00141,Kishor Doshi,BKID000700000987,KK00164,Nitin Thakur,UTIB000700001148,107500,2025-03-26 14:41:19,85,NEFT,none
KK-TXN-00512,KK00025,Deepak Zaveri,BKID000700000175,KK00003,Deepak Pawar,BKID000700000021,7500,2025-03-26 15:18:55,85,NEFT,none
KK-TXN-00513,KK00025,Deepak Zaveri,BKID000700000175,KK00035,Balkrishna Shaikh,UTIB000700000245,177500,2025-03-26 15:21:34,85,Cash,none
KK-TXN-00514,KK00040,Rajan Ansari,SBIN000700000280,KK00057,Balkrishna Parekh,SBIN000700000399,425000,2025-03-26 12:20:13,85,IMPS,none
KK-TXN-00515,KK00077,Anil Thakur,MAHB000700000539,KK00071,Arif Salvi,MAHB000700000497,82500,2025-03-26 18:32:16,85,Hawala,none
KK-TXN-00516,KK00071,Arif Salvi,MAHB000700000497,KK00075,Rafiq Pawar,MAHB000700000525,254000,2025-03-27 15:14:36,86,Cash,none
KK-TXN-00517,KK00017,Anil Tandel,BKID000700000119,KK00116,Yogesh Rane,BKID000700000812,201000,2025-03-27 13:05:48,86,NEFT,none
KK-TXN-00518,KK00053,Pravin Bhatkar,HDFC000700000371,KK00162,Hanif Deshmukh,SBIN000700001134,294500,2025-03-27 13:26:24,86,Cash,none
KK-TXN-00519,KK00059,Salim More,HDFC000700000413,KK00057,Balkrishna Parekh,SBIN000700000399,454500,2025-03-27 12:42:48,86,Hawala,none
KK-TXN-00520,KK00093,Rajan Sanghvi,MAHB000700000651,KK00076,Jitendra Shaikh,MAHB000700000532,84500,2025-03-27 17:28:38,86,UPI,none
KK-TXN-00521,KK00061,Sameer Soni,SBIN000700000427,KK00038,Iqbal Mehta,HDFC000700000266,51000,2025-03-28 17:26:50,87,NEFT,none
KK-TXN-00522,KK00088,Rajan Sawant,MAHB000700000616,KK00085,Prakash Shaikh,MAHB000700000595,124500,2025-03-28 12:46:25,87,Hawala,none
KK-TXN-00523,KK00069,Imtiaz Kadam,MAHB000700000483,KK00073,Mangesh Naik,MAHB000700000511,308500,2025-03-28 10:03:53,87,NEFT,none
KK-TXN-00524,KK00056,Mahesh Bhandari,HDFC000700000392,KK00045,Kishor Sanghvi,HDFC000700000315,357500,2025-03-29 20:46:43,88,UPI,none
KK-TXN-00525,KK00004,Kishor Pawar,BKID000700000028,KK00002,Iqbal Naik,BKID000700000014,367500,2025-03-29 15:27:01,88,Hawala,none
KK-TXN-00526,KK00094,Iqbal Patil,MAHB000700000658,KK00080,Rajan Desai,MAHB000700000560,374000,2025-03-29 16:09:22,88,NEFT,none
KK-TXN-00527,KK00114,Dnyaneshwar Bhatkar,BKID000700000798,KK00154,Hanif Thakur,BKID000700001078,216500,2025-03-30 09:27:24,89,Cash,none
KK-TXN-00528,KK00028,Sameer Kulkarni,UTIB000700000196,KK00205,Mangesh Koli,BKID000700001435,445500,2025-03-30 16:40:03,89,UPI,none
KK-TXN-00529,KK00020,Vilas Sawant,UTIB000700000140,KK00163,Paresh Patil,UTIB000700001141,101000,2025-03-30 11:08:16,89,Cash,none
KK-TXN-00530,KK00010,Hitesh Desai,BKID000700000070,KK00139,Sunil Bhandari,UTIB000700000973,62500,2025-03-30 18:44:49,89,Cash,none
KK-TXN-00531,KK00029,Pravin Koli,UTIB000700000203,KK00116,Yogesh Rane,BKID000700000812,107000,2025-03-30 12:25:23,89,IMPS,none
KK-TXN-00532,KK00076,Jitendra Shaikh,MAHB000700000532,KK00082,Kishor Gaikwad,MAHB000700000574,219000,2025-03-30 13:31:15,89,Bank Transfer,none
KK-TXN-00533,KK00051,Pravin Kadam,SBIN000700000357,KK00156,Shabbir Naik,HDFC000700001092,318500,2025-03-30 19:15:01,89,Hawala,none
KK-TXN-00534,KK00030,Vilas Khatib,BKID000700000210,KK00005,Kishor Ansari,UTIB000700000035,96000,2025-03-30 12:56:39,89,NEFT,none
KK-TXN-00535,KK00039,Ravindra Bhosale,SBIN000700000273,KK00049,Santosh Zaveri,HDFC000700000343,135000,2025-03-31 18:47:58,90,NEFT,none
KK-TXN-00536,KK00072,Yogesh Momin,MAHB000700000504,KK00076,Jitendra Shaikh,MAHB000700000532,244500,2025-03-31 09:31:06,90,IMPS,none
KK-TXN-00537,KK00218,Vinod Thakur,MAHB000700001526,KK00254,Nitin Ansari,HDFC000700001778,347500,2025-03-31 13:20:47,90,UPI,none
KK-TXN-00538,KK00078,Shirish Salvi,MAHB000700000546,KK00147,Suhas Shinde,MAHB000700001029,349500,2025-03-31 10:26:58,90,IMPS,none
KK-TXN-00539,KK00018,Suhas Sanghvi,BKID000700000126,KK00032,Dattatray Mehta,BKID000700000224,459000,2025-03-31 10:11:24,90,UPI,none
KK-TXN-00540,KK00060,Mangesh Tandel,HDFC000700000420,KK00215,Pravin Sayyed,SBIN000700001505,32500,2025-03-31 09:58:08,90,Bank Transfer,none
KK-TXN-00541,KK00052,Rakesh Zaveri,HDFC000700000364,KK00042,Shabbir Jadhav,HDFC000700000294,231500,2025-03-31 14:51:38,90,IMPS,none
KK-TXN-00542,KK00090,Arif Mhatre,MAHB000700000630,KK00082,Kishor Gaikwad,MAHB000700000574,122000,2025-03-31 19:46:51,90,Cash,none
KK-TXN-00543,KK00042,Shabbir Jadhav,HDFC000700000294,KK00106,Dattatray Pawar,HDFC000700000742,455000,2025-03-31 20:05:58,90,IMPS,none
KK-TXN-00544,KK00055,Vilas Shinde,SBIN000700000385,KK00194,Nilesh Bhandari,SBIN000700001358,23500,2025-03-31 17:04:44,90,UPI,none
KK-TXN-00545,KK00074,Prakash Bhosale,MAHB000700000518,KK00085,Prakash Shaikh,MAHB000700000595,455500,2025-04-01 09:26:34,91,UPI,none
KK-TXN-00546,KK00016,Anil Tandel,BKID000700000112,KK00027,Hanif Shinde,BKID000700000189,180500,2025-04-01 09:15:46,91,Bank Transfer,none
KK-TXN-00547,KK00028,Sameer Kulkarni,UTIB000700000196,KK00031,Anil Chavan,BKID000700000217,316500,2025-04-01 14:51:02,91,IMPS,none
KK-TXN-00548,KK00005,Kishor Ansari,UTIB000700000035,KK00019,Arif Gaikwad,UTIB000700000133,282500,2025-04-01 09:19:07,91,IMPS,none
KK-TXN-00549,KK00176,Ravindra Shaikh,BKID000700001232,KK00188,Bhavesh Bhandari,BKID000700001316,434500,2025-04-01 12:15:20,91,Bank Transfer,none
KK-TXN-00550,KK00062,Paresh Parekh,HDFC000700000434,KK00113,Fayyaz Chavan,HDFC000700000791,415500,2025-04-01 12:25:49,91,IMPS,none
KK-TXN-00551,KK00065,Dnyaneshwar Bhandari,HDFC000700000455,KK00062,Paresh Parekh,HDFC000700000434,300500,2025-04-01 14:19:45,91,Cash,none
KK-TXN-00552,KK00042,Shabbir Jadhav,HDFC000700000294,KK00047,Santosh Thakur,HDFC000700000329,467500,2025-04-01 19:08:22,91,UPI,none
KK-TXN-00553,KK00087,Rafiq Deshmukh,MAHB000700000609,KK00079,Rafiq Soni,MAHB000700000553,370500,2025-04-01 14:51:00,91,Bank Transfer,none
KK-TXN-00554,KK00023,Prakash Deshmukh,BKID000700000161,KK00034,Rakesh Doshi,BKID000700000238,348500,2025-04-01 11:28:12,91,NEFT,none
KK-TXN-00555,KK00100,Suhas Mehta,HDFC000700000700,KK00107,Yogesh Bhosale,SBIN000700000749,180500,2025-04-02 09:45:12,92,Cash,none
KK-TXN-00556,KK00055,Vilas Shinde,SBIN000700000385,KK00066,Hanif Chavan,SBIN000700000462,233500,2025-04-02 15:19:57,92,Cash,none
KK-TXN-00557,KK00030,Vilas Khatib,BKID000700000210,KK00006,Salim Parab,BKID000700000042,206500,2025-04-02 12:52:37,92,Cash,none
KK-TXN-00558,KK00059,Salim More,HDFC000700000413,KK00102,Hitesh Kothari,SBIN000700000714,424500,2025-04-02 12:55:59,92,IMPS,none
KK-TXN-00559,KK00004,Kishor Pawar,BKID000700000028,KK00035,Balkrishna Shaikh,UTIB000700000245,457000,2025-04-02 20:50:12,92,Bank Transfer,none
KK-TXN-00560,KK00075,Rafiq Pawar,MAHB000700000525,KK00092,Suhas Parekh,MAHB000700000644,83500,2025-04-02 11:17:18,92,Hawala,none
KK-TXN-00561,KK00034,Rakesh Doshi,BKID000700000238,KK00015,Balkrishna Shinde,UTIB000700000105,78500,2025-04-02 15:08:43,92,IMPS,none
KK-TXN-00562,KK00086,Arif Bhosale,MAHB000700000602,KK00130,Nitin Doshi,MAHB000700000910,236500,2025-04-03 15:27:13,93,UPI,none
KK-TXN-00563,KK00055,Vilas Shinde,SBIN000700000385,KK00060,Mangesh Tandel,HDFC000700000420,397000,2025-04-03 14:02:54,93,IMPS,none
KK-TXN-00564,KK00092,Suhas Parekh,MAHB000700000644,KK00084,Vinod Deshmukh,MAHB000700000588,66500,2025-04-03 16:11:59,93,NEFT,none
KK-TXN-00565,KK00092,Suhas Parekh,MAHB000700000644,KK00153,Pravin Shaikh,MAHB000700001071,230500,2025-04-03 16:07:14,93,Bank Transfer,none
KK-TXN-00566,KK00157,Mahesh Bhatkar,MAHB000700001099,KK00115,Rakesh Patil,MAHB000700000805,45500,2025-04-03 13:20:41,93,NEFT,none
KK-TXN-00567,KK00099,Salim Khatib,BKID000700000693,KK00160,Dattatray Kothari,BKID000700001120,224000,2025-04-03 16:03:20,93,IMPS,none
KK-TXN-00568,KK00092,Suhas Parekh,MAHB000700000644,KK00077,Anil Thakur,MAHB000700000539,54000,2025-04-04 10:07:16,94,NEFT,none
KK-TXN-00569,KK00016,Anil Tandel,BKID000700000112,KK00122,Salim Kulkarni,UTIB000700000854,147500,2025-04-04 15:39:36,94,NEFT,none
KK-TXN-00570,KK00041,Dnyaneshwar Parab,HDFC000700000287,KK00172,Nilesh Kadam,SBIN000700001204,468500,2025-04-05 11:44:37,95,UPI,none
KK-TXN-00571,KK00176,Ravindra Shaikh,BKID000700001232,KK00118,Ashok Deshmukh,BKID000700000826,472000,2025-04-05 10:07:26,95,Bank Transfer,none
KK-TXN-00572,KK00064,Anil Khatib,SBIN000700000448,KK00177,Rakesh Sawant,SBIN000700001239,75000,2025-04-05 17:49:59,95,Hawala,none
KK-TXN-00573,KK00083,Sachin Naik,MAHB000700000581,KK00074,Prakash Bhosale,MAHB000700000518,408000,2025-04-06 15:39:40,96,Cash,none
KK-TXN-00574,KK00069,Imtiaz Kadam,MAHB000700000483,KK00085,Prakash Shaikh,MAHB000700000595,328500,2025-04-06 19:52:08,96,IMPS,none
KK-TXN-00575,KK00093,Rajan Sanghvi,MAHB000700000651,KK00178,Imtiaz Ansari,MAHB000700001246,137000,2025-04-06 11:26:16,96,Cash,none
KK-TXN-00576,KK00094,Iqbal Patil,MAHB000700000658,KK00067,Shirish Pawar,MAHB000700000469,393000,2025-04-06 19:32:24,96,Hawala,none
KK-TXN-00577,KK00065,Dnyaneshwar Bhandari,HDFC000700000455,KK00042,Shabbir Jadhav,HDFC000700000294,245500,2025-04-06 12:11:41,96,NEFT,none
KK-TXN-00578,KK00014,Anil Tandel,UTIB000700000098,KK00192,Ashok Parekh,BKID000700001344,64000,2025-04-06 19:58:30,96,Bank Transfer,none
KK-TXN-00579,KK00081,Deepak Kadam,MAHB000700000567,KK00092,Suhas Parekh,MAHB000700000644,468000,2025-04-07 19:37:52,97,NEFT,none
KK-TXN-00580,KK00072,Yogesh Momin,MAHB000700000504,KK00079,Rafiq Soni,MAHB000700000553,255000,2025-04-07 20:55:49,97,UPI,none
KK-TXN-00581,KK00051,Pravin Kadam,SBIN000700000357,KK00111,Deepak Tandel,HDFC000700000777,52500,2025-04-07 09:59:07,97,Hawala,none
KK-TXN-00582,KK00074,Prakash Bhosale,MAHB000700000518,KK00089,Ganesh Naik,MAHB000700000623,84000,2025-04-07 11:38:16,97,Hawala,none
KK-TXN-00583,KK00028,Sameer Kulkarni,UTIB000700000196,KK00005,Kishor Ansari,UTIB000700000035,199000,2025-04-08 16:27:04,98,IMPS,none
KK-TXN-00584,KK00207,Shabbir Pawar,BKID000700001449,KK00182,Dnyaneshwar Shinde,UTIB000700001274,404500,2025-04-08 18:22:05,98,Cash,none
KK-TXN-00585,KK00064,Anil Khatib,SBIN000700000448,KK00037,Ganesh Deshmukh,HDFC000700000259,267000,2025-04-08 17:23:24,98,Cash,none
KK-TXN-00586,KK00170,Kishor Thakur,BKID000700001190,KK00099,Salim Khatib,BKID000700000693,454500,2025-04-09 14:39:11,99,NEFT,none
KK-TXN-00587,KK00075,Rafiq Pawar,MAHB000700000525,KK00077,Anil Thakur,MAHB000700000539,320500,2025-04-10 12:31:53,100,Bank Transfer,none
KK-TXN-00588,KK00055,Vilas Shinde,SBIN000700000385,KK00169,Sunil Parab,SBIN000700001183,317000,2025-04-10 15:01:47,100,Cash,none
KK-TXN-00589,KK00061,Sameer Soni,SBIN000700000427,KK00051,Pravin Kadam,SBIN000700000357,272000,2025-04-10 11:21:34,100,Hawala,none
KK-TXN-00590,KK00010,Hitesh Desai,BKID000700000070,KK00007,Santosh Sanghvi,BKID000700000049,250000,2025-04-10 18:26:50,100,NEFT,none
KK-TXN-00591,KK00006,Salim Parab,BKID000700000042,KK00104,Imtiaz Bhosale,BKID000700000728,307000,2025-04-10 10:58:07,100,UPI,none
KK-TXN-00592,KK00084,Vinod Deshmukh,MAHB000700000588,KK00120,Bhavesh Soni,MAHB000700000840,40500,2025-04-10 14:10:08,100,Bank Transfer,none
KK-TXN-00593,KK00034,Rakesh Doshi,BKID000700000238,KK00118,Ashok Deshmukh,BKID000700000826,145000,2025-04-10 09:30:04,100,Bank Transfer,none
KK-TXN-00594,KK00175,Balkrishna Pawar,HDFC000700001225,KK00156,Shabbir Naik,HDFC000700001092,160500,2025-04-10 19:08:16,100,Hawala,none
KK-TXN-00595,KK00060,Mangesh Tandel,HDFC000700000420,KK00162,Hanif Deshmukh,SBIN000700001134,279500,2025-04-10 12:42:11,100,Hawala,none
KK-TXN-00596,KK00110,Kishor Shah,SBIN000700000770,KK00191,Javed Naik,SBIN000700001337,9500,2025-04-10 11:07:03,100,UPI,none
KK-TXN-00597,KK00044,Ashok Sayyed,SBIN000700000308,KK00111,Deepak Tandel,HDFC000700000777,458500,2025-04-10 19:06:36,100,NEFT,none
KK-TXN-00598,KK00018,Suhas Sanghvi,BKID000700000126,KK00029,Pravin Koli,UTIB000700000203,366000,2025-04-11 11:59:13,101,Cash,none
KK-TXN-00599,KK00144,Anil Shinde,MAHB000700001008,KK00185,Balkrishna Kothari,MAHB000700001295,151000,2025-04-11 18:12:44,101,UPI,none
KK-TXN-00600,KK00081,Deepak Kadam,MAHB000700000567,KK00080,Rajan Desai,MAHB000700000560,71000,2025-04-11 20:59:04,101,Cash,none
KK-TXN-00601,KK00085,Prakash Shaikh,MAHB000700000595,KK00147,Suhas Shinde,MAHB000700001029,456000,2025-04-12 14:43:43,102,Bank Transfer,none
KK-TXN-00602,KK00083,Sachin Naik,MAHB000700000581,KK00091,Ashok More,MAHB000700000637,301000,2025-04-12 15:07:44,102,UPI,none
KK-TXN-00603,KK00043,Vinod Mehta,HDFC000700000301,KK00049,Santosh Zaveri,HDFC000700000343,311000,2025-04-12 10:34:43,102,Hawala,none
KK-TXN-00604,KK00019,Arif Gaikwad,UTIB000700000133,KK00011,Yogesh Kadam,BKID000700000077,247500,2025-04-12 15:10:42,102,Cash,none
KK-TXN-00605,KK00052,Rakesh Zaveri,HDFC000700000364,KK00053,Pravin Bhatkar,HDFC000700000371,246000,2025-04-12 10:48:46,102,Hawala,none
KK-TXN-00606,KK00024,Nilesh Parekh,BKID000700000168,KK00116,Yogesh Rane,BKID000700000812,193000,2025-04-12 13:46:03,102,Bank Transfer,none
KK-TXN-00607,KK00094,Iqbal Patil,MAHB000700000658,KK00088,Rajan Sawant,MAHB000700000616,272500,2025-04-13 10:24:31,103,Bank Transfer,none
KK-TXN-00608,KK00051,Pravin Kadam,SBIN000700000357,KK00042,Shabbir Jadhav,HDFC000700000294,462000,2025-04-13 20:09:42,103,Hawala,none
KK-TXN-00609,KK00085,Prakash Shaikh,MAHB000700000595,KK00070,Hanif Kadam,MAHB000700000490,375000,2025-04-13 20:16:49,103,NEFT,none
KK-TXN-00610,KK00016,Anil Tandel,BKID000700000112,KK00140,Salim Kothari,BKID000700000980,467500,2025-04-13 18:08:42,103,NEFT,none
KK-TXN-00611,KK00017,Anil Tandel,BKID000700000119,KK00029,Pravin Koli,UTIB000700000203,88000,2025-04-14 11:56:27,104,IMPS,none
KK-TXN-00612,KK00049,Santosh Zaveri,HDFC000700000343,KK00058,Dattatray Patil,SBIN000700000406,283000,2025-04-14 12:39:25,104,IMPS,none
KK-TXN-00613,KK00073,Mangesh Naik,MAHB000700000511,KK00180,Iqbal Parab,MAHB000700001260,441500,2025-04-14 14:06:19,104,NEFT,none
KK-TXN-00614,KK00025,Deepak Zaveri,BKID000700000175,KK00003,Deepak Pawar,BKID000700000021,5000,2025-04-14 11:00:31,104,Cash,none
KK-TXN-00615,KK00093,Rajan Sanghvi,MAHB000700000651,KK00091,Ashok More,MAHB000700000637,71500,2025-04-14 14:43:03,104,UPI,none
KK-TXN-00616,KK00194,Nilesh Bhandari,SBIN000700001358,KK00215,Pravin Sayyed,SBIN000700001505,410000,2025-04-14 12:43:44,104,Hawala,none
KK-TXN-00617,KK00085,Prakash Shaikh,MAHB000700000595,KK00082,Kishor Gaikwad,MAHB000700000574,365000,2025-04-14 11:39:59,104,NEFT,none
KK-TXN-00618,KK00063,Sameer Koli,SBIN000700000441,KK00191,Javed Naik,SBIN000700001337,9500,2025-04-14 09:12:30,104,UPI,none
KK-TXN-00619,KK00033,Shirish Chavan,BKID000700000231,KK00029,Pravin Koli,UTIB000700000203,88000,2025-04-15 18:42:26,105,Bank Transfer,none
KK-TXN-00620,KK00040,Rajan Ansari,SBIN000700000280,KK00056,Mahesh Bhandari,HDFC000700000392,352000,2025-04-15 19:31:12,105,Bank Transfer,none
KK-TXN-00621,KK00091,Ashok More,MAHB000700000637,KK00105,Pravin Desai,MAHB000700000735,326000,2025-04-16 14:46:04,106,Cash,none
KK-TXN-00622,KK00073,Mangesh Naik,MAHB000700000511,KK00091,Ashok More,MAHB000700000637,172500,2025-04-16 12:24:20,106,Hawala,none
KK-TXN-00623,KK00055,Vilas Shinde,SBIN000700000385,KK00049,Santosh Zaveri,HDFC000700000343,180500,2025-04-16 14:50:00,106,UPI,none
KK-TXN-00624,KK00049,Santosh Zaveri,HDFC000700000343,KK00061,Sameer Soni,SBIN000700000427,473500,2025-04-17 18:38:41,107,Cash,none
KK-TXN-00625,KK00054,Kishor Sawant,HDFC000700000378,KK00168,Rajan Gaikwad,SBIN000700001176,119500,2025-04-17 13:36:41,107,IMPS,none
KK-TXN-00626,KK00193,Dnyaneshwar Bhosale,BKID000700001351,KK00207,Shabbir Pawar,BKID000700001449,334500,2025-04-17 16:31:01,107,NEFT,none
KK-TXN-00627,KK00065,Dnyaneshwar Bhandari,HDFC000700000455,KK00063,Sameer Koli,SBIN000700000441,141000,2025-04-17 09:43:20,107,NEFT,none
KK-TXN-00628,KK00061,Sameer Soni,SBIN000700000427,KK00038,Iqbal Mehta,HDFC000700000266,476000,2025-04-18 13:48:16,108,IMPS,none
KK-TXN-00629,KK00215,Pravin Sayyed,SBIN000700001505,KK00198,Ashok Khatib,HDFC000700001386,37000,2025-04-18 16:27:55,108,IMPS,none
KK-TXN-00630,KK00067,Shirish Pawar,MAHB000700000469,KK00131,Hitesh Dalvi,MAHB000700000917,25000,2025-04-18 16:19:10,108,Bank Transfer,none
KK-TXN-00631,KK00287,Jitendra Bhatkar,HDFC000700002009,KK00302,Rafiq Shaikh,MAHB000700002114,353500,2025-04-18 20:57:47,108,UPI,none
KK-TXN-00632,KK00054,Kishor Sawant,HDFC000700000378,KK00177,Rakesh Sawant,SBIN000700001239,287500,2025-04-18 15:22:59,108,UPI,none
KK-TXN-00633,KK00004,Kishor Pawar,BKID000700000028,KK00014,Anil Tandel,UTIB000700000098,185500,2025-04-19 11:16:48,109,Cash,none
KK-TXN-00634,KK00027,Hanif Shinde,BKID000700000189,KK00036,Fayyaz Kadam,UTIB000700000252,237000,2025-04-19 09:39:13,109,Bank Transfer,none
KK-TXN-00635,KK00052,Rakesh Zaveri,HDFC000700000364,KK00049,Santosh Zaveri,HDFC000700000343,47000,2025-04-19 20:47:21,109,Hawala,none
KK-TXN-00636,KK00012,Bhavesh Parekh,BKID000700000084,KK00165,Prakash Zaveri,BKID000700001155,361500,2025-04-19 12:27:41,109,IMPS,none
KK-TXN-00637,KK00023,Prakash Deshmukh,BKID000700000161,KK00011,Yogesh Kadam,BKID000700000077,29000,2025-04-19 20:13:45,109,Cash,none
KK-TXN-00638,KK00150,Rafiq Naik,UTIB000700001050,KK00187,Prakash Salvi,UTIB000700001309,427500,2025-04-19 15:56:11,109,Bank Transfer,none
KK-TXN-00639,KK00010,Hitesh Desai,BKID000700000070,KK00014,Anil Tandel,UTIB000700000098,308000,2025-04-20 12:50:13,110,Hawala,none
KK-TXN-00640,KK00041,Dnyaneshwar Parab,HDFC000700000287,KK00065,Dnyaneshwar Bhandari,HDFC000700000455,123500,2025-04-20 14:57:56,110,Hawala,none
KK-TXN-00641,KK00016,Anil Tandel,BKID000700000112,KK00014,Anil Tandel,UTIB000700000098,453500,2025-04-21 10:33:14,111,Cash,none
KK-TXN-00642,KK00019,Arif Gaikwad,UTIB000700000133,KK00011,Yogesh Kadam,BKID000700000077,378500,2025-04-21 20:30:51,111,Cash,none
KK-TXN-00643,KK00019,Arif Gaikwad,UTIB000700000133,KK00013,Kishor Koli,UTIB000700000091,18500,2025-04-21 14:06:16,111,NEFT,none
KK-TXN-00644,KK00044,Ashok Sayyed,SBIN000700000308,KK00058,Dattatray Patil,SBIN000700000406,340000,2025-04-22 18:03:01,112,NEFT,none
KK-TXN-00645,KK00093,Rajan Sanghvi,MAHB000700000651,KK00076,Jitendra Shaikh,MAHB000700000532,288000,2025-04-22 14:58:52,112,NEFT,none
KK-TXN-00646,KK00085,Prakash Shaikh,MAHB000700000595,KK00076,Jitendra Shaikh,MAHB000700000532,474000,2025-04-22 12:19:54,112,Hawala,none
KK-TXN-00647,KK00094,Iqbal Patil,MAHB000700000658,KK00078,Shirish Salvi,MAHB000700000546,354500,2025-04-22 12:15:22,112,NEFT,none
KK-TXN-00648,KK00003,Deepak Pawar,BKID000700000021,KK00006,Salim Parab,BKID000700000042,64000,2025-04-22 13:47:22,112,NEFT,none
KK-TXN-00649,KK00024,Nilesh Parekh,BKID000700000168,KK00009,Dattatray Soni,BKID000700000063,69500,2025-04-22 14:37:00,112,IMPS,none
KK-TXN-00650,KK00085,Prakash Shaikh,MAHB000700000595,KK00087,Rafiq Deshmukh,MAHB000700000609,429000,2025-04-22 10:54:26,112,Bank Transfer,none
KK-TXN-00651,KK00088,Rajan Sawant,MAHB000700000616,KK00074,Prakash Bhosale,MAHB000700000518,43500,2025-04-22 16:05:46,112,UPI,none
KK-TXN-00652,KK00070,Hanif Kadam,MAHB000700000490,KK00078,Shirish Salvi,MAHB000700000546,217500,2025-04-23 17:07:29,113,Bank Transfer,none
KK-TXN-00653,KK00060,Mangesh Tandel,HDFC000700000420,KK00050,Shirish Patil,SBIN000700000350,45500,2025-04-23 17:33:25,113,UPI,none
KK-TXN-00654,KK00167,Sameer Parekh,BKID000700001169,KK00165,Prakash Zaveri,BKID000700001155,197500,2025-04-23 11:37:55,113,NEFT,none
KK-TXN-00655,KK00083,Sachin Naik,MAHB000700000581,KK00090,Arif Mhatre,MAHB000700000630,164000,2025-04-23 17:03:47,113,Bank Transfer,none
KK-TXN-00656,KK00083,Sachin Naik,MAHB000700000581,KK00074,Prakash Bhosale,MAHB000700000518,395000,2025-04-23 16:48:48,113,IMPS,none
KK-TXN-00657,KK00202,Rajan Bhosale,SBIN000700001414,KK00159,Hitesh Sayyed,SBIN000700001113,475500,2025-04-24 20:13:17,114,Bank Transfer,none
KK-TXN-00658,KK00009,Dattatray Soni,BKID000700000063,KK00001,Nilesh Khatib,BKID000700000007,225000,2025-04-24 20:19:49,114,UPI,none
KK-TXN-00659,KK00058,Dattatray Patil,SBIN000700000406,KK00168,Rajan Gaikwad,SBIN000700001176,473500,2025-04-25 12:14:43,115,NEFT,none
KK-TXN-00660,KK00074,Prakash Bhosale,MAHB000700000518,KK00088,Rajan Sawant,MAHB000700000616,323000,2025-04-25 14:36:02,115,UPI,none
KK-TXN-00661,KK00068,Prakash Koli,MAHB000700000476,KK00071,Arif Salvi,MAHB000700000497,264500,2025-04-25 10:54:58,115,UPI,none
KK-TXN-00662,KK00090,Arif Mhatre,MAHB000700000630,KK00068,Prakash Koli,MAHB000700000476,393500,2025-04-25 13:35:34,115,Hawala,none
KK-TXN-00663,KK00048,Sameer Doshi,SBIN000700000336,KK00044,Ashok Sayyed,SBIN000700000308,101500,2025-04-25 15:53:41,115,Bank Transfer,none
KK-TXN-00664,KK00204,Vilas Desai,HDFC000700001428,KK00191,Javed Naik,SBIN000700001337,37000,2025-04-26 20:37:51,116,UPI,none
KK-TXN-00665,KK00011,Yogesh Kadam,BKID000700000077,KK00036,Fayyaz Kadam,UTIB000700000252,359000,2025-04-26 12:14:32,116,Cash,none
KK-TXN-00666,KK00090,Arif Mhatre,MAHB000700000630,KK00074,Prakash Bhosale,MAHB000700000518,233500,2025-04-26 19:55:02,116,Cash,none
KK-TXN-00667,KK00286,Bhavesh Shinde,MAHB000700002002,KK00398,Imtiaz Salvi,HDFC000700002786,203500,2025-04-26 11:11:40,116,UPI,none
KK-TXN-00668,KK00166,Hitesh Shah,MAHB000700001162,KK00213,Ravindra Zaveri,MAHB000700001491,184500,2025-04-26 18:15:50,116,Bank Transfer,none
KK-TXN-00669,KK00048,Sameer Doshi,SBIN000700000336,KK00061,Sameer Soni,SBIN000700000427,409500,2025-04-26 19:52:20,116,Cash,none
KK-TXN-00670,KK00035,Balkrishna Shaikh,UTIB000700000245,KK00013,Kishor Koli,UTIB000700000091,328500,2025-04-26 20:18:36,116,Bank Transfer,none
KK-TXN-00671,KK00065,Dnyaneshwar Bhandari,HDFC000700000455,KK00041,Dnyaneshwar Parab,HDFC000700000287,223000,2025-04-26 13:38:59,116,IMPS,none
KK-TXN-00672,KK00097,Arif Kadam,MAHB000700000679,KK00131,Hitesh Dalvi,MAHB000700000917,183000,2025-04-26 11:10:24,116,Bank Transfer,none
KK-TXN-00673,KK00038,Iqbal Mehta,HDFC000700000266,KK00060,Mangesh Tandel,HDFC000700000420,407500,2025-04-27 11:53:22,117,Bank Transfer,none
KK-TXN-00674,KK00169,Sunil Parab,SBIN000700001183,KK00136,Mangesh Shaikh,SBIN000700000952,465500,2025-04-27 13:29:56,117,Hawala,none
KK-TXN-00675,KK00089,Ganesh Naik,MAHB000700000623,KK00074,Prakash Bhosale,MAHB000700000518,151000,2025-04-27 18:09:10,117,Bank Transfer,none
KK-TXN-00676,KK00092,Suhas Parekh,MAHB000700000644,KK00086,Arif Bhosale,MAHB000700000602,72500,2025-04-28 19:42:42,118,IMPS,none
KK-TXN-00677,KK00066,Hanif Chavan,SBIN000700000462,KK00063,Sameer Koli,SBIN000700000441,205500,2025-04-28 10:30:43,118,IMPS,none
KK-TXN-00678,KK00083,Sachin Naik,MAHB000700000581,KK00085,Prakash Shaikh,MAHB000700000595,331500,2025-04-29 18:27:00,119,IMPS,none
KK-TXN-00679,KK00056,Mahesh Bhandari,HDFC000700000392,KK00038,Iqbal Mehta,HDFC000700000266,37000,2025-04-29 10:50:19,119,Hawala,none
KK-TXN-00680,KK00006,Salim Parab,BKID000700000042,KK00036,Fayyaz Kadam,UTIB000700000252,80000,2025-04-29 12:22:49,119,NEFT,none
KK-TXN-00681,KK00103,Rafiq Khatib,MAHB000700000721,KK00144,Anil Shinde,MAHB000700001008,461500,2025-04-29 14:47:27,119,IMPS,none
KK-TXN-00682,KK00060,Mangesh Tandel,HDFC000700000420,KK00057,Balkrishna Parekh,SBIN000700000399,335000,2025-04-29 14:48:21,119,Cash,none
KK-TXN-00683,KK00050,Shirish Patil,SBIN000700000350,KK00177,Rakesh Sawant,SBIN000700001239,299000,2025-04-29 20:20:30,119,Hawala,none
KK-TXN-00684,KK00039,Ravindra Bhosale,SBIN000700000273,KK00054,Kishor Sawant,HDFC000700000378,175000,2025-04-30 15:07:36,120,IMPS,none
KK-TXN-00685,KK00019,Arif Gaikwad,UTIB000700000133,KK00013,Kishor Koli,UTIB000700000091,403000,2025-04-30 13:18:12,120,Hawala,none
KK-TXN-00686,KK00044,Ashok Sayyed,SBIN000700000308,KK00062,Paresh Parekh,HDFC000700000434,442500,2025-05-01 12:54:09,121,IMPS,none
KK-TXN-00687,KK00072,Yogesh Momin,MAHB000700000504,KK00103,Rafiq Khatib,MAHB000700000721,455500,2025-05-01 15:56:29,121,Bank Transfer,none
KK-TXN-00688,KK00112,Rakesh Gaikwad,UTIB000700000784,KK00201,Javed Shah,BKID000700001407,163500,2025-05-02 11:10:59,122,IMPS,none
KK-TXN-00689,KK00074,Prakash Bhosale,MAHB000700000518,KK00070,Hanif Kadam,MAHB000700000490,25000,2025-05-02 11:41:16,122,Cash,none
KK-TXN-00690,KK00057,Balkrishna Parekh,SBIN000700000399,KK00048,Sameer Doshi,SBIN000700000336,210500,2025-05-02 16:50:27,122,Hawala,none
KK-TXN-00691,KK00068,Prakash Koli,MAHB000700000476,KK00077,Anil Thakur,MAHB000700000539,96500,2025-05-02 10:41:17,122,Bank Transfer,none
KK-TXN-00692,KK00090,Arif Mhatre,MAHB000700000630,KK00079,Rafiq Soni,MAHB000700000553,416000,2025-05-02 11:41:07,122,Bank Transfer,none
KK-TXN-00693,KK00104,Imtiaz Bhosale,BKID000700000728,KK00154,Hanif Thakur,BKID000700001078,254500,2025-05-03 09:43:40,123,UPI,none
KK-TXN-00694,KK00055,Vilas Shinde,SBIN000700000385,KK00123,Nitin Shaikh,SBIN000700000861,69000,2025-05-03 15:02:18,123,NEFT,none
KK-TXN-00695,KK00092,Suhas Parekh,MAHB000700000644,KK00153,Pravin Shaikh,MAHB000700001071,426000,2025-05-03 09:08:47,123,Hawala,none
KK-TXN-00696,KK00057,Balkrishna Parekh,SBIN000700000399,KK00048,Sameer Doshi,SBIN000700000336,269000,2025-05-03 09:33:25,123,UPI,none
KK-TXN-00697,KK00145,Vilas Ansari,SBIN000700001015,KK00168,Rajan Gaikwad,SBIN000700001176,258000,2025-05-03 10:53:23,123,NEFT,none
KK-TXN-00698,KK00055,Vilas Shinde,SBIN000700000385,KK00106,Dattatray Pawar,HDFC000700000742,45000,2025-05-03 15:05:59,123,Cash,none
KK-TXN-00699,KK00070,Hanif Kadam,MAHB000700000490,KK00075,Rafiq Pawar,MAHB000700000525,148000,2025-05-03 18:08:07,123,Cash,none
KK-TXN-00700,KK00110,Kishor Shah,SBIN000700000770,KK00215,Pravin Sayyed,SBIN000700001505,251000,2025-05-03 20:43:54,123,Hawala,none
KK-TXN-00701,KK00022,Dnyaneshwar Salvi,BKID000700000154,KK00201,Javed Shah,BKID000700001407,116000,2025-05-04 12:58:59,124,UPI,none
KK-TXN-00702,KK00150,Rafiq Naik,UTIB000700001050,KK00127,Ganesh Kadam,BKID000700000889,397000,2025-05-04 11:32:31,124,UPI,none
KK-TXN-00703,KK00076,Jitendra Shaikh,MAHB000700000532,KK00117,Ganesh Bhosale,MAHB000700000819,407500,2025-05-04 17:03:01,124,Hawala,none
KK-TXN-00704,KK00416,Paresh Koli,MAHB000700002912,KK00373,Dnyaneshwar Deshmukh,MAHB000700002611,426000,2025-05-04 18:46:16,124,Hawala,none
KK-TXN-00705,KK00019,Arif Gaikwad,UTIB000700000133,KK00022,Dnyaneshwar Salvi,BKID000700000154,451000,2025-05-05 16:46:40,125,Cash,none
KK-TXN-00706,KK00090,Arif Mhatre,MAHB000700000630,KK00073,Mangesh Naik,MAHB000700000511,194000,2025-05-05 15:54:25,125,IMPS,none
KK-TXN-00707,KK00078,Shirish Salvi,MAHB000700000546,KK00072,Yogesh Momin,MAHB000700000504,105000,2025-05-05 19:53:31,125,NEFT,none
KK-TXN-00708,KK00005,Kishor Ansari,UTIB000700000035,KK00032,Dattatray Mehta,BKID000700000224,344000,2025-05-05 15:50:34,125,UPI,none
KK-TXN-00709,KK00094,Iqbal Patil,MAHB000700000658,KK00132,Vilas Kulkarni,MAHB000700000924,218500,2025-05-05 19:07:07,125,UPI,none
KK-TXN-00710,KK00032,Dattatray Mehta,BKID000700000224,KK00013,Kishor Koli,UTIB000700000091,105500,2025-05-05 12:03:12,125,Cash,none
KK-TXN-00711,KK00037,Ganesh Deshmukh,HDFC000700000259,KK00046,Shabbir Shaikh,SBIN000700000322,33500,2025-05-05 10:44:05,125,Hawala,none
KK-TXN-00712,KK00106,Dattatray Pawar,HDFC000700000742,KK00199,Sunil Deshmukh,SBIN000700001393,360500,2025-05-05 10:26:31,125,UPI,none
KK-TXN-00713,KK00091,Ashok More,MAHB000700000637,KK00070,Hanif Kadam,MAHB000700000490,242500,2025-05-06 17:42:17,126,Bank Transfer,none
KK-TXN-00714,KK00030,Vilas Khatib,BKID000700000210,KK00176,Ravindra Shaikh,BKID000700001232,155500,2025-05-06 13:21:59,126,Hawala,none
KK-TXN-00715,KK00224,Sachin Pawar,HDFC000700001568,KK00316,Vinod Ansari,MAHB000700002212,477500,2025-05-07 11:49:10,127,UPI,none
KK-TXN-00716,KK00076,Jitendra Shaikh,MAHB000700000532,KK00131,Hitesh Dalvi,MAHB000700000917,231500,2025-05-07 15:25:26,127,UPI,none
KK-TXN-00717,KK00016,Anil Tandel,BKID000700000112,KK00029,Pravin Koli,UTIB000700000203,351000,2025-05-08 11:12:28,128,NEFT,none
KK-TXN-00718,KK00080,Rajan Desai,MAHB000700000560,KK00089,Ganesh Naik,MAHB000700000623,313000,2025-05-08 14:48:29,128,NEFT,none
KK-TXN-00719,KK00226,Yogesh Thakur,MAHB000700001582,KK00324,Rakesh Ansari,MAHB000700002268,379500,2025-05-08 12:33:10,128,IMPS,none
KK-TXN-00720,KK00062,Paresh Parekh,HDFC000700000434,KK00208,Rafiq Momin,HDFC000700001456,317000,2025-05-08 10:32:11,128,IMPS,none
KK-TXN-00721,KK00093,Rajan Sanghvi,MAHB000700000651,KK00079,Rafiq Soni,MAHB000700000553,398000,2025-05-08 10:37:31,128,NEFT,none
KK-TXN-00722,KK00077,Anil Thakur,MAHB000700000539,KK00101,Javed Bhandari,MAHB000700000707,147000,2025-05-08 15:33:03,128,Bank Transfer,none
KK-TXN-00723,KK00031,Anil Chavan,BKID000700000217,KK00015,Balkrishna Shinde,UTIB000700000105,252000,2025-05-09 10:31:17,129,UPI,none
KK-TXN-00724,KK00153,Pravin Shaikh,MAHB000700001071,KK00166,Hitesh Shah,MAHB000700001162,379500,2025-05-09 18:59:05,129,NEFT,none
KK-TXN-00725,KK00334,Rafiq Gaikwad,HDFC000700002338,KK00360,Mahesh Dalvi,MAHB000700002520,235500,2025-05-09 17:08:59,129,Hawala,none
KK-TXN-00726,KK00071,Arif Salvi,MAHB000700000497,KK00089,Ganesh Naik,MAHB000700000623,393000,2025-05-09 17:30:53,129,IMPS,none
KK-TXN-00727,KK00084,Vinod Deshmukh,MAHB000700000588,KK00075,Rafiq Pawar,MAHB000700000525,230500,2025-05-09 10:43:36,129,Bank Transfer,none
KK-TXN-00728,KK00087,Rafiq Deshmukh,MAHB000700000609,KK00069,Imtiaz Kadam,MAHB000700000483,222000,2025-05-09 15:23:50,129,UPI,none
KK-TXN-00729,KK00055,Vilas Shinde,SBIN000700000385,KK00066,Hanif Chavan,SBIN000700000462,185000,2025-05-10 11:57:47,130,UPI,none
KK-TXN-00730,KK00038,Iqbal Mehta,HDFC000700000266,KK00041,Dnyaneshwar Parab,HDFC000700000287,10000,2025-05-10 18:05:39,130,IMPS,none
KK-TXN-00731,KK00074,Prakash Bhosale,MAHB000700000518,KK00101,Javed Bhandari,MAHB000700000707,113000,2025-05-10 18:20:49,130,Hawala,none
KK-TXN-00732,KK00044,Ashok Sayyed,SBIN000700000308,KK00038,Iqbal Mehta,HDFC000700000266,308500,2025-05-10 11:44:33,130,IMPS,none
KK-TXN-00733,KK00085,Prakash Shaikh,MAHB000700000595,KK00075,Rafiq Pawar,MAHB000700000525,338500,2025-05-10 09:28:03,130,Cash,none
KK-TXN-00734,KK00119,Prakash Doshi,MAHB000700000833,KK00108,Hitesh Bhandari,MAHB000700000756,312000,2025-05-10 13:20:14,130,IMPS,none
KK-TXN-00735,KK00021,Santosh Bhandari,BKID000700000147,KK00024,Nilesh Parekh,BKID000700000168,161500,2025-05-10 13:47:07,130,Cash,none
KK-TXN-00736,KK00009,Dattatray Soni,BKID000700000063,KK00031,Anil Chavan,BKID000700000217,354000,2025-05-10 19:05:34,130,IMPS,none
KK-TXN-00737,KK00003,Deepak Pawar,BKID000700000021,KK00030,Vilas Khatib,BKID000700000210,169000,2025-05-10 19:03:45,130,Hawala,none
KK-TXN-00738,KK00059,Salim More,HDFC000700000413,KK00184,Iqbal Jadhav,SBIN000700001288,367000,2025-05-10 19:45:20,130,Bank Transfer,none
KK-TXN-00739,KK00067,Shirish Pawar,MAHB000700000469,KK00077,Anil Thakur,MAHB000700000539,133500,2025-05-11 19:22:48,131,IMPS,none
KK-TXN-00740,KK00092,Suhas Parekh,MAHB000700000644,KK00093,Rajan Sanghvi,MAHB000700000651,84500,2025-05-11 14:43:08,131,Bank Transfer,none
KK-TXN-00741,KK00079,Rafiq Soni,MAHB000700000553,KK00185,Balkrishna Kothari,MAHB000700001295,324500,2025-05-11 14:02:13,131,Hawala,none
KK-TXN-00742,KK00075,Rafiq Pawar,MAHB000700000525,KK00083,Sachin Naik,MAHB000700000581,10500,2025-05-11 17:00:39,131,NEFT,none
KK-TXN-00743,KK00001,Nilesh Khatib,BKID000700000007,KK00032,Dattatray Mehta,BKID000700000224,255000,2025-05-11 18:47:55,131,UPI,none
KK-TXN-00744,KK00019,Arif Gaikwad,UTIB000700000133,KK00006,Salim Parab,BKID000700000042,251000,2025-05-11 10:43:24,131,IMPS,none
KK-TXN-00745,KK00021,Santosh Bhandari,BKID000700000147,KK00019,Arif Gaikwad,UTIB000700000133,219500,2025-05-12 19:25:15,132,Cash,none
KK-TXN-00746,KK00092,Suhas Parekh,MAHB000700000644,KK00068,Prakash Koli,MAHB000700000476,225000,2025-05-12 09:34:15,132,Bank Transfer,none
KK-TXN-00747,KK00071,Arif Salvi,MAHB000700000497,KK00069,Imtiaz Kadam,MAHB000700000483,174000,2025-05-12 09:46:27,132,IMPS,none
KK-TXN-00748,KK00069,Imtiaz Kadam,MAHB000700000483,KK00075,Rafiq Pawar,MAHB000700000525,332000,2025-05-13 15:08:25,133,IMPS,none
KK-TXN-00749,KK00005,Kishor Ansari,UTIB000700000035,KK00013,Kishor Koli,UTIB000700000091,150500,2025-05-13 15:28:30,133,Bank Transfer,none
KK-TXN-00750,KK00012,Bhavesh Parekh,BKID000700000084,KK00167,Sameer Parekh,BKID000700001169,221000,2025-05-13 14:38:23,133,UPI,none
KK-TXN-00751,KK00074,Prakash Bhosale,MAHB000700000518,KK00084,Vinod Deshmukh,MAHB000700000588,21500,2025-05-13 10:07:40,133,IMPS,none
KK-TXN-00752,KK00058,Dattatray Patil,SBIN000700000406,KK00054,Kishor Sawant,HDFC000700000378,459500,2025-05-13 15:11:13,133,Cash,none
KK-TXN-00753,KK00065,Dnyaneshwar Bhandari,HDFC000700000455,KK00048,Sameer Doshi,SBIN000700000336,307500,2025-05-14 19:44:03,134,Cash,none
KK-TXN-00754,KK00239,Jitendra Parekh,HDFC000700001673,KK00317,Santosh Sayyed,HDFC000700002219,252000,2025-05-14 13:59:24,134,UPI,none
KK-TXN-00755,KK00360,Mahesh Dalvi,MAHB000700002520,KK00228,Rajan Mhatre,MAHB000700001596,98500,2025-05-14 09:20:02,134,NEFT,none
KK-TXN-00756,KK00040,Rajan Ansari,SBIN000700000280,KK00054,Kishor Sawant,HDFC000700000378,391000,2025-05-14 11:30:57,134,Hawala,none
KK-TXN-00757,KK00037,Ganesh Deshmukh,HDFC000700000259,KK00181,Umesh Jadhav,SBIN000700001267,148500,2025-05-14 11:52:41,134,IMPS,none
KK-TXN-00758,KK00203,Hanif Koli,MAHB000700001421,KK00101,Javed Bhandari,MAHB000700000707,306000,2025-05-14 14:38:28,134,Hawala,none
KK-TXN-00759,KK00090,Arif Mhatre,MAHB000700000630,KK00085,Prakash Shaikh,MAHB000700000595,35000,2025-05-15 16:29:28,135,UPI,none
KK-TXN-00760,KK00094,Iqbal Patil,MAHB000700000658,KK00076,Jitendra Shaikh,MAHB000700000532,405000,2025-05-15 19:07:51,135,NEFT,none
KK-TXN-00761,KK00070,Hanif Kadam,MAHB000700000490,KK00069,Imtiaz Kadam,MAHB000700000483,21500,2025-05-15 09:13:21,135,NEFT,none
KK-TXN-00762,KK00076,Jitendra Shaikh,MAHB000700000532,KK00071,Arif Salvi,MAHB000700000497,90500,2025-05-15 14:28:11,135,Bank Transfer,none
KK-TXN-00763,KK00360,Mahesh Dalvi,MAHB000700002520,KK00292,Mangesh Sayyed,HDFC000700002044,459000,2025-05-15 12:53:11,135,Hawala,none
KK-TXN-00764,KK00086,Arif Bhosale,MAHB000700000602,KK00084,Vinod Deshmukh,MAHB000700000588,342500,2025-05-16 19:59:02,136,UPI,none
KK-TXN-00765,KK00064,Anil Khatib,SBIN000700000448,KK00065,Dnyaneshwar Bhandari,HDFC000700000455,95500,2025-05-17 15:37:58,137,Hawala,none
KK-TXN-00766,KK00036,Fayyaz Kadam,UTIB000700000252,KK00005,Kishor Ansari,UTIB000700000035,11500,2025-05-17 11:43:15,137,Bank Transfer,none
KK-TXN-00767,KK00050,Shirish Patil,SBIN000700000350,KK00056,Mahesh Bhandari,HDFC000700000392,314000,2025-05-17 09:33:14,137,IMPS,none
KK-TXN-00768,KK00086,Arif Bhosale,MAHB000700000602,KK00092,Suhas Parekh,MAHB000700000644,211000,2025-05-18 18:03:36,138,UPI,none
KK-TXN-00769,KK00024,Nilesh Parekh,BKID000700000168,KK00018,Suhas Sanghvi,BKID000700000126,469500,2025-05-18 20:55:00,138,UPI,none
KK-TXN-00770,KK00076,Jitendra Shaikh,MAHB000700000532,KK00069,Imtiaz Kadam,MAHB000700000483,437000,2025-05-18 12:03:08,138,IMPS,none
KK-TXN-00771,KK00392,Paresh Momin,MAHB000700002744,KK00362,Hitesh Kulkarni,MAHB000700002534,336500,2025-05-19 15:32:07,139,Bank Transfer,none
KK-TXN-00772,KK00030,Vilas Khatib,BKID000700000210,KK00013,Kishor Koli,UTIB000700000091,94500,2025-05-19 15:18:13,139,Bank Transfer,none
KK-TXN-00773,KK00068,Prakash Koli,MAHB000700000476,KK00071,Arif Salvi,MAHB000700000497,177000,2025-05-19 19:57:47,139,Bank Transfer,none
KK-TXN-00774,KK00013,Kishor Koli,UTIB000700000091,KK00014,Anil Tandel,UTIB000700000098,170500,2025-05-20 19:21:47,140,Bank Transfer,none
KK-TXN-00775,KK00203,Hanif Koli,MAHB000700001421,KK00148,Anil Ansari,MAHB000700001036,419000,2025-05-20 14:54:14,140,UPI,none
KK-TXN-00776,KK00058,Dattatray Patil,SBIN000700000406,KK00172,Nilesh Kadam,SBIN000700001204,273000,2025-05-20 16:40:42,140,Bank Transfer,none
KK-TXN-00777,KK00009,Dattatray Soni,BKID000700000063,KK00025,Deepak Zaveri,BKID000700000175,216000,2025-05-20 11:57:54,140,NEFT,none
KK-TXN-00778,KK00188,Bhavesh Bhandari,BKID000700001316,KK00150,Rafiq Naik,UTIB000700001050,182500,2025-05-20 20:38:17,140,IMPS,none
KK-TXN-00779,KK00070,Hanif Kadam,MAHB000700000490,KK00137,Pravin Zaveri,MAHB000700000959,291000,2025-05-21 17:22:02,141,Bank Transfer,none
KK-TXN-00780,KK00195,Pravin Kothari,MAHB000700001365,KK00108,Hitesh Bhandari,MAHB000700000756,456500,2025-05-21 16:43:43,141,Cash,none
KK-TXN-00781,KK00063,Sameer Koli,SBIN000700000441,KK00047,Santosh Thakur,HDFC000700000329,248000,2025-05-21 20:51:27,141,IMPS,none
KK-TXN-00782,KK00044,Ashok Sayyed,SBIN000700000308,KK00191,Javed Naik,SBIN000700001337,185000,2025-05-22 16:35:21,142,Bank Transfer,none
KK-TXN-00783,KK00031,Anil Chavan,BKID000700000217,KK00006,Salim Parab,BKID000700000042,263000,2025-05-22 12:52:56,142,Hawala,none
KK-TXN-00784,KK00085,Prakash Shaikh,MAHB000700000595,KK00077,Anil Thakur,MAHB000700000539,272000,2025-05-22 16:52:57,142,IMPS,none
KK-TXN-00785,KK00013,Kishor Koli,UTIB000700000091,KK00010,Hitesh Desai,BKID000700000070,12000,2025-05-22 18:51:26,142,UPI,none
KK-TXN-00786,KK00207,Shabbir Pawar,BKID000700001449,KK00135,Deepak Sanghvi,BKID000700000945,387500,2025-05-22 14:56:45,142,Bank Transfer,none
KK-TXN-00787,KK00091,Ashok More,MAHB000700000637,KK00166,Hitesh Shah,MAHB000700001162,90500,2025-05-22 18:10:44,142,Hawala,none
KK-TXN-00788,KK00072,Yogesh Momin,MAHB000700000504,KK00097,Arif Kadam,MAHB000700000679,339000,2025-05-23 20:11:53,143,IMPS,none
KK-TXN-00789,KK00093,Rajan Sanghvi,MAHB000700000651,KK00075,Rafiq Pawar,MAHB000700000525,210500,2025-05-23 17:24:26,143,UPI,none
KK-TXN-00790,KK00147,Suhas Shinde,MAHB000700001029,KK00132,Vilas Kulkarni,MAHB000700000924,432000,2025-05-23 12:31:06,143,Cash,none
KK-TXN-00791,KK00168,Rajan Gaikwad,SBIN000700001176,KK00162,Hanif Deshmukh,SBIN000700001134,149500,2025-05-23 15:41:33,143,Cash,none
KK-TXN-00792,KK00066,Hanif Chavan,SBIN000700000462,KK00048,Sameer Doshi,SBIN000700000336,140500,2025-05-23 19:22:18,143,IMPS,none
KK-TXN-00793,KK00040,Rajan Ansari,SBIN000700000280,KK00041,Dnyaneshwar Parab,HDFC000700000287,132000,2025-05-23 11:40:01,143,Bank Transfer,none
KK-TXN-00794,KK00028,Sameer Kulkarni,UTIB000700000196,KK00116,Yogesh Rane,BKID000700000812,183000,2025-05-23 15:14:36,143,Hawala,none
KK-TXN-00795,KK00174,Hitesh Sanghvi,HDFC000700001218,KK00208,Rafiq Momin,HDFC000700001456,69000,2025-05-23 12:56:30,143,Cash,none
KK-TXN-00796,KK00076,Jitendra Shaikh,MAHB000700000532,KK00082,Kishor Gaikwad,MAHB000700000574,385000,2025-05-23 18:34:17,143,Bank Transfer,none
KK-TXN-00797,KK00050,Shirish Patil,SBIN000700000350,KK00065,Dnyaneshwar Bhandari,HDFC000700000455,58000,2025-05-24 17:51:12,144,NEFT,none
KK-TXN-00798,KK00057,Balkrishna Parekh,SBIN000700000399,KK00048,Sameer Doshi,SBIN000700000336,11000,2025-05-24 11:51:35,144,Bank Transfer,none
KK-TXN-00799,KK00086,Arif Bhosale,MAHB000700000602,KK00132,Vilas Kulkarni,MAHB000700000924,378000,2025-05-24 10:06:37,144,Hawala,none
KK-TXN-00800,KK00044,Ashok Sayyed,SBIN000700000308,KK00109,Yogesh Gaikwad,SBIN000700000763,178000,2025-05-24 18:21:15,144,IMPS,none
KK-TXN-00801,KK00038,Iqbal Mehta,HDFC000700000266,KK00043,Vinod Mehta,HDFC000700000301,218000,2025-05-24 17:37:25,144,Cash,none
KK-TXN-00802,KK00092,Suhas Parekh,MAHB000700000644,KK00082,Kishor Gaikwad,MAHB000700000574,114000,2025-05-24 10:00:18,144,IMPS,none
KK-TXN-00803,KK00052,Rakesh Zaveri,HDFC000700000364,KK00065,Dnyaneshwar Bhandari,HDFC000700000455,261000,2025-05-25 16:05:48,145,NEFT,none
KK-TXN-00804,KK00066,Hanif Chavan,SBIN000700000462,KK00040,Rajan Ansari,SBIN000700000280,154500,2025-05-25 15:29:28,145,Bank Transfer,none
KK-TXN-00805,KK00084,Vinod Deshmukh,MAHB000700000588,KK00078,Shirish Salvi,MAHB000700000546,255500,2025-05-26 12:46:46,146,UPI,none
KK-TXN-00806,KK00028,Sameer Kulkarni,UTIB000700000196,KK00010,Hitesh Desai,BKID000700000070,89000,2025-05-26 18:08:14,146,Hawala,none
KK-TXN-00807,KK00014,Anil Tandel,UTIB000700000098,KK00017,Anil Tandel,BKID000700000119,272500,2025-05-26 10:41:22,146,Cash,none
KK-TXN-00808,KK00056,Mahesh Bhandari,HDFC000700000392,KK00055,Vilas Shinde,SBIN000700000385,445500,2025-05-26 10:33:19,146,IMPS,none
KK-TXN-00809,KK00035,Balkrishna Shaikh,UTIB000700000245,KK00004,Kishor Pawar,BKID000700000028,78500,2025-05-26 12:07:33,146,NEFT,none
KK-TXN-00810,KK00048,Sameer Doshi,SBIN000700000336,KK00107,Yogesh Bhosale,SBIN000700000749,214000,2025-05-27 10:02:43,147,UPI,none
KK-TXN-00811,KK00028,Sameer Kulkarni,UTIB000700000196,KK00116,Yogesh Rane,BKID000700000812,180500,2025-05-27 10:17:03,147,Hawala,none
KK-TXN-00812,KK00003,Deepak Pawar,BKID000700000021,KK00023,Prakash Deshmukh,BKID000700000161,372500,2025-05-28 16:00:36,148,IMPS,none
KK-TXN-00813,KK00068,Prakash Koli,MAHB000700000476,KK00085,Prakash Shaikh,MAHB000700000595,92000,2025-05-28 14:03:21,148,NEFT,none
KK-TXN-00814,KK00080,Rajan Desai,MAHB000700000560,KK00178,Imtiaz Ansari,MAHB000700001246,281000,2025-05-28 12:58:10,148,NEFT,none
KK-TXN-00815,KK00054,Kishor Sawant,HDFC000700000378,KK00064,Anil Khatib,SBIN000700000448,103000,2025-05-28 10:32:02,148,Bank Transfer,none
KK-TXN-00816,KK00199,Sunil Deshmukh,SBIN000700001393,KK00128,Mahesh Bhosale,SBIN000700000896,440000,2025-05-28 10:59:19,148,Cash,none
KK-TXN-00817,KK00046,Shabbir Shaikh,SBIN000700000322,KK00055,Vilas Shinde,SBIN000700000385,292500,2025-05-28 17:32:49,148,UPI,none
KK-TXN-00818,KK00007,Santosh Sanghvi,BKID000700000049,KK00031,Anil Chavan,BKID000700000217,36500,2025-05-28 14:30:50,148,Hawala,none
KK-TXN-00819,KK00047,Santosh Thakur,HDFC000700000329,KK00044,Ashok Sayyed,SBIN000700000308,293000,2025-05-28 15:53:24,148,UPI,none
KK-TXN-00820,KK00008,Vilas Tandel,BKID000700000056,KK00127,Ganesh Kadam,BKID000700000889,383500,2025-05-29 17:48:33,149,NEFT,none
KK-TXN-00821,KK00083,Sachin Naik,MAHB000700000581,KK00087,Rafiq Deshmukh,MAHB000700000609,285500,2025-05-29 14:46:58,149,IMPS,none
KK-TXN-00822,KK00021,Santosh Bhandari,BKID000700000147,KK00026,Rafiq Shah,BKID000700000182,95500,2025-05-29 10:11:43,149,NEFT,none
KK-TXN-00823,KK00087,Rafiq Deshmukh,MAHB000700000609,KK00070,Hanif Kadam,MAHB000700000490,272000,2025-05-30 17:12:40,150,Bank Transfer,none
KK-TXN-00824,KK00008,Vilas Tandel,BKID000700000056,KK00140,Salim Kothari,BKID000700000980,33500,2025-05-30 19:17:40,150,IMPS,none
KK-TXN-00825,KK00071,Arif Salvi,MAHB000700000497,KK00157,Mahesh Bhatkar,MAHB000700001099,92500,2025-05-30 10:13:01,150,Bank Transfer,none
KK-TXN-00826,KK00408,Kishor Tandel,HDFC000700002856,KK00303,Deepak Chavan,MAHB000700002121,271500,2025-05-30 12:59:33,150,NEFT,none
KK-TXN-00827,KK00020,Vilas Sawant,UTIB000700000140,KK00015,Balkrishna Shinde,UTIB000700000105,109500,2025-05-30 13:51:32,150,UPI,none
KK-TXN-00828,KK00028,Sameer Kulkarni,UTIB000700000196,KK00031,Anil Chavan,BKID000700000217,38000,2025-05-30 16:49:26,150,IMPS,none
KK-TXN-00829,KK00065,Dnyaneshwar Bhandari,HDFC000700000455,KK00043,Vinod Mehta,HDFC000700000301,349000,2025-05-30 09:05:07,150,UPI,none
KK-TXN-00830,KK00006,Salim Parab,BKID000700000042,KK00026,Rafiq Shah,BKID000700000182,82500,2025-05-30 15:48:39,150,NEFT,none
KK-TXN-00831,KK00056,Mahesh Bhandari,HDFC000700000392,KK00054,Kishor Sawant,HDFC000700000378,41000,2025-05-30 20:11:48,150,UPI,none
KK-TXN-00832,KK00006,Salim Parab,BKID000700000042,KK00009,Dattatray Soni,BKID000700000063,15000,2025-05-31 13:47:09,151,Cash,none
KK-TXN-00833,KK00021,Santosh Bhandari,BKID000700000147,KK00024,Nilesh Parekh,BKID000700000168,474000,2025-05-31 20:36:59,151,IMPS,none
KK-TXN-00834,KK00021,Santosh Bhandari,BKID000700000147,KK00005,Kishor Ansari,UTIB000700000035,145000,2025-05-31 13:17:10,151,Bank Transfer,none
KK-TXN-00835,KK00092,Suhas Parekh,MAHB000700000644,KK00120,Bhavesh Soni,MAHB000700000840,350000,2025-05-31 09:59:44,151,Hawala,none
KK-TXN-00836,KK00004,Kishor Pawar,BKID000700000028,KK00035,Balkrishna Shaikh,UTIB000700000245,441500,2025-05-31 18:11:50,151,IMPS,none
KK-TXN-00837,KK00054,Kishor Sawant,HDFC000700000378,KK00113,Fayyaz Chavan,HDFC000700000791,59500,2025-06-01 17:03:47,152,NEFT,none
KK-TXN-00838,KK00093,Rajan Sanghvi,MAHB000700000651,KK00074,Prakash Bhosale,MAHB000700000518,238000,2025-06-01 20:07:55,152,Cash,none
KK-TXN-00839,KK00021,Santosh Bhandari,BKID000700000147,KK00011,Yogesh Kadam,BKID000700000077,67500,2025-06-01 20:07:51,152,Bank Transfer,none
KK-TXN-00840,KK00075,Rafiq Pawar,MAHB000700000525,KK00088,Rajan Sawant,MAHB000700000616,52000,2025-06-01 19:38:07,152,UPI,none
KK-TXN-00841,KK00063,Sameer Koli,SBIN000700000441,KK00128,Mahesh Bhosale,SBIN000700000896,177000,2025-06-01 19:16:44,152,NEFT,none
KK-TXN-00842,KK00030,Vilas Khatib,BKID000700000210,KK00009,Dattatray Soni,BKID000700000063,41500,2025-06-01 10:59:45,152,Hawala,none
KK-TXN-00843,KK00372,Yogesh Desai,HDFC000700002604,KK00285,Vilas Surve,HDFC000700001995,134000,2025-06-01 17:36:13,152,UPI,none
KK-TXN-00844,KK00013,Kishor Koli,UTIB000700000091,KK00008,Vilas Tandel,BKID000700000056,310000,2025-06-02 12:57:17,153,NEFT,none
KK-TXN-00845,KK00005,Kishor Ansari,UTIB000700000035,KK00015,Balkrishna Shinde,UTIB000700000105,327000,2025-06-02 19:03:06,153,NEFT,none
KK-TXN-00846,KK00038,Iqbal Mehta,HDFC000700000266,KK00151,Deepak Mehta,HDFC000700001057,373000,2025-06-02 17:18:55,153,NEFT,none
KK-TXN-00847,KK00198,Ashok Khatib,HDFC000700001386,KK00169,Sunil Parab,SBIN000700001183,123000,2025-06-02 16:05:46,153,Hawala,none
KK-TXN-00848,KK00196,Nitin Sayyed,BKID000700001372,KK00116,Yogesh Rane,BKID000700000812,189000,2025-06-02 20:15:44,153,Cash,none
KK-TXN-00849,KK00380,Sameer Patil,HDFC000700002660,KK00220,Mangesh Desai,HDFC000700001540,285000,2025-06-03 10:54:15,154,UPI,none
KK-TXN-00850,KK00181,Umesh Jadhav,SBIN000700001267,KK00169,Sunil Parab,SBIN000700001183,312500,2025-06-03 12:19:03,154,NEFT,none
KK-TXN-00851,KK00093,Rajan Sanghvi,MAHB000700000651,KK00211,Nitin Parekh,MAHB000700001477,448500,2025-06-03 16:28:42,154,NEFT,none
KK-TXN-00852,KK00043,Vinod Mehta,HDFC000700000301,KK00058,Dattatray Patil,SBIN000700000406,120500,2025-06-03 12:06:37,154,Bank Transfer,none
KK-TXN-00853,KK00018,Suhas Sanghvi,BKID000700000126,KK00118,Ashok Deshmukh,BKID000700000826,178500,2025-06-03 10:37:17,154,UPI,none
KK-TXN-00854,KK00018,Suhas Sanghvi,BKID000700000126,KK00188,Bhavesh Bhandari,BKID000700001316,197500,2025-06-03 11:34:13,154,UPI,none
KK-TXN-00855,KK00025,Deepak Zaveri,BKID000700000175,KK00032,Dattatray Mehta,BKID000700000224,152000,2025-06-04 18:42:52,155,UPI,none
KK-TXN-00856,KK00032,Dattatray Mehta,BKID000700000224,KK00028,Sameer Kulkarni,UTIB000700000196,53000,2025-06-04 13:04:24,155,Bank Transfer,none
KK-TXN-00857,KK00057,Balkrishna Parekh,SBIN000700000399,KK00055,Vilas Shinde,SBIN000700000385,82500,2025-06-04 17:29:10,155,Hawala,none
KK-TXN-00858,KK00006,Salim Parab,BKID000700000042,KK00007,Santosh Sanghvi,BKID000700000049,387000,2025-06-04 14:41:01,155,IMPS,none
KK-TXN-00859,KK00005,Kishor Ansari,UTIB000700000035,KK00032,Dattatray Mehta,BKID000700000224,79500,2025-06-04 16:58:28,155,Bank Transfer,none
KK-TXN-00860,KK00046,Shabbir Shaikh,SBIN000700000322,KK00059,Salim More,HDFC000700000413,300000,2025-06-04 15:59:51,155,NEFT,none
KK-TXN-00861,KK00024,Nilesh Parekh,BKID000700000168,KK00027,Hanif Shinde,BKID000700000189,377500,2025-06-04 13:28:11,155,NEFT,none
KK-TXN-00862,KK00005,Kishor Ansari,UTIB000700000035,KK00001,Nilesh Khatib,BKID000700000007,37500,2025-06-05 10:48:11,156,Cash,none
KK-TXN-00863,KK00419,Deepak Bhandari,MAHB000700002933,KK00323,Shabbir Kothari,MAHB000700002261,422500,2025-06-05 11:44:45,156,Bank Transfer,none
KK-TXN-00864,KK00005,Kishor Ansari,UTIB000700000035,KK00035,Balkrishna Shaikh,UTIB000700000245,427000,2025-06-05 11:38:55,156,IMPS,none
KK-TXN-00865,KK00070,Hanif Kadam,MAHB000700000490,KK00077,Anil Thakur,MAHB000700000539,102000,2025-06-05 09:44:31,156,IMPS,none
KK-TXN-00866,KK00003,Deepak Pawar,BKID000700000021,KK00005,Kishor Ansari,UTIB000700000035,55500,2025-06-06 09:52:46,157,NEFT,none
KK-TXN-00867,KK00049,Santosh Zaveri,HDFC000700000343,KK00063,Sameer Koli,SBIN000700000441,46000,2025-06-06 19:14:53,157,Hawala,none
KK-TXN-00868,KK00143,Shabbir Surve,MAHB000700001001,KK00121,Mangesh Doshi,MAHB000700000847,225000,2025-06-06 15:09:07,157,UPI,none
KK-TXN-00869,KK00083,Sachin Naik,MAHB000700000581,KK00073,Mangesh Naik,MAHB000700000511,303000,2025-06-06 20:22:32,157,Bank Transfer,none
KK-TXN-00870,KK00059,Salim More,HDFC000700000413,KK00052,Rakesh Zaveri,HDFC000700000364,377500,2025-06-06 20:49:57,157,IMPS,none
KK-TXN-00871,KK00073,Mangesh Naik,MAHB000700000511,KK00178,Imtiaz Ansari,MAHB000700001246,124500,2025-06-07 15:12:13,158,Hawala,none
KK-TXN-00872,KK00005,Kishor Ansari,UTIB000700000035,KK00209,Jitendra Kadam,BKID000700001463,404000,2025-06-07 16:41:12,158,NEFT,none
KK-TXN-00873,KK00002,Iqbal Naik,BKID000700000014,KK00099,Salim Khatib,BKID000700000693,343000,2025-06-07 11:38:55,158,UPI,none
KK-TXN-00874,KK00081,Deepak Kadam,MAHB000700000567,KK00082,Kishor Gaikwad,MAHB000700000574,285500,2025-06-07 19:38:22,158,UPI,none
KK-TXN-00875,KK00009,Dattatray Soni,BKID000700000063,KK00019,Arif Gaikwad,UTIB000700000133,270000,2025-06-08 16:04:41,159,UPI,none
KK-TXN-00876,KK00045,Kishor Sanghvi,HDFC000700000315,KK00060,Mangesh Tandel,HDFC000700000420,432000,2025-06-08 12:41:15,159,Bank Transfer,none
KK-TXN-00877,KK00066,Hanif Chavan,SBIN000700000462,KK00040,Rajan Ansari,SBIN000700000280,360500,2025-06-08 10:29:22,159,Cash,none
KK-TXN-00878,KK00010,Hitesh Desai,BKID000700000070,KK00027,Hanif Shinde,BKID000700000189,456000,2025-06-08 10:29:52,159,Hawala,none
KK-TXN-00879,KK00042,Shabbir Jadhav,HDFC000700000294,KK00049,Santosh Zaveri,HDFC000700000343,154500,2025-06-08 20:58:39,159,Hawala,none
KK-TXN-00880,KK00143,Shabbir Surve,MAHB000700001001,KK00144,Anil Shinde,MAHB000700001008,26000,2025-06-09 20:16:32,160,Hawala,none
KK-TXN-00881,KK00112,Rakesh Gaikwad,UTIB000700000784,KK00098,Yogesh Naik,BKID000700000686,181500,2025-06-09 18:44:32,160,Bank Transfer,none
KK-TXN-00882,KK00050,Shirish Patil,SBIN000700000350,KK00041,Dnyaneshwar Parab,HDFC000700000287,196000,2025-06-09 17:28:27,160,Hawala,none
KK-TXN-00883,KK00194,Nilesh Bhandari,SBIN000700001358,KK00129,Ravindra Sanghvi,SBIN000700000903,399500,2025-06-09 15:21:10,160,IMPS,none
KK-TXN-00884,KK00031,Anil Chavan,BKID000700000217,KK00125,Mahesh Desai,UTIB000700000875,57000,2025-06-09 13:35:51,160,Hawala,none
KK-TXN-00885,KK00079,Rafiq Soni,MAHB000700000553,KK00086,Arif Bhosale,MAHB000700000602,87500,2025-06-10 13:51:24,161,Bank Transfer,none
KK-TXN-00886,KK00408,Kishor Tandel,HDFC000700002856,KK00285,Vilas Surve,HDFC000700001995,353000,2025-06-10 20:41:33,161,IMPS,none
KK-TXN-00887,KK00074,Prakash Bhosale,MAHB000700000518,KK00081,Deepak Kadam,MAHB000700000567,312000,2025-06-10 16:31:02,161,IMPS,none
KK-TXN-00888,KK00054,Kishor Sawant,HDFC000700000378,KK00045,Kishor Sanghvi,HDFC000700000315,465000,2025-06-10 20:45:53,161,Cash,none
KK-TXN-00889,KK00015,Balkrishna Shinde,UTIB000700000105,KK00006,Salim Parab,BKID000700000042,371000,2025-06-11 14:20:50,162,Cash,none
KK-TXN-00890,KK00079,Rafiq Soni,MAHB000700000553,KK00130,Nitin Doshi,MAHB000700000910,139000,2025-06-11 18:57:39,162,IMPS,none
KK-TXN-00891,KK00032,Dattatray Mehta,BKID000700000224,KK00030,Vilas Khatib,BKID000700000210,264500,2025-06-11 10:12:54,162,Cash,none
KK-TXN-00892,KK00081,Deepak Kadam,MAHB000700000567,KK00153,Pravin Shaikh,MAHB000700001071,426000,2025-06-12 19:27:03,163,UPI,none
KK-TXN-00893,KK00100,Suhas Mehta,HDFC000700000700,KK00136,Mangesh Shaikh,SBIN000700000952,121500,2025-06-13 11:07:26,164,Hawala,none
KK-TXN-00894,KK00212,Rafiq Kothari,MAHB000700001484,KK00158,Balkrishna Naik,MAHB000700001106,169000,2025-06-14 14:28:53,165,UPI,none
KK-TXN-00895,KK00062,Paresh Parekh,HDFC000700000434,KK00058,Dattatray Patil,SBIN000700000406,363000,2025-06-14 17:22:38,165,IMPS,none
KK-TXN-00896,KK00076,Jitendra Shaikh,MAHB000700000532,KK00137,Pravin Zaveri,MAHB000700000959,327500,2025-06-14 11:11:00,165,UPI,none
KK-TXN-00897,KK00033,Shirish Chavan,BKID000700000231,KK00027,Hanif Shinde,BKID000700000189,106500,2025-06-14 20:14:36,165,UPI,none
KK-TXN-00898,KK00060,Mangesh Tandel,HDFC000700000420,KK00066,Hanif Chavan,SBIN000700000462,50000,2025-06-14 10:45:28,165,Hawala,none
KK-TXN-00899,KK00074,Prakash Bhosale,MAHB000700000518,KK00070,Hanif Kadam,MAHB000700000490,61500,2025-06-14 16:53:45,165,Bank Transfer,none
KK-TXN-00900,KK00019,Arif Gaikwad,UTIB000700000133,KK00009,Dattatray Soni,BKID000700000063,365500,2025-06-14 12:49:20,165,Hawala,none
KK-TXN-00901,KK00041,Dnyaneshwar Parab,HDFC000700000287,KK00111,Deepak Tandel,HDFC000700000777,416000,2025-06-15 11:10:23,166,IMPS,none
KK-TXN-00902,KK00089,Ganesh Naik,MAHB000700000623,KK00071,Arif Salvi,MAHB000700000497,61000,2025-06-15 18:33:12,166,Bank Transfer,none
KK-TXN-00903,KK00071,Arif Salvi,MAHB000700000497,KK00078,Shirish Salvi,MAHB000700000546,458500,2025-06-15 14:32:55,166,Hawala,none
KK-TXN-00904,KK00013,Kishor Koli,UTIB000700000091,KK00020,Vilas Sawant,UTIB000700000140,286500,2025-06-15 20:08:57,166,UPI,none
KK-TXN-00905,KK00047,Santosh Thakur,HDFC000700000329,KK00215,Pravin Sayyed,SBIN000700001505,328000,2025-06-15 12:44:35,166,Hawala,none
KK-TXN-00906,KK00051,Pravin Kadam,SBIN000700000357,KK00159,Hitesh Sayyed,SBIN000700001113,406000,2025-06-15 19:24:26,166,Cash,none
KK-TXN-00907,KK00010,Hitesh Desai,BKID000700000070,KK00024,Nilesh Parekh,BKID000700000168,393000,2025-06-15 13:22:48,166,UPI,none
KK-TXN-00908,KK00191,Javed Naik,SBIN000700001337,KK00142,Shirish Soni,SBIN000700000994,338000,2025-06-16 15:13:15,167,IMPS,none
KK-TXN-00909,KK00076,Jitendra Shaikh,MAHB000700000532,KK00105,Pravin Desai,MAHB000700000735,287000,2025-06-16 15:48:54,167,NEFT,none
KK-TXN-00910,KK00053,Pravin Bhatkar,HDFC000700000371,KK00051,Pravin Kadam,SBIN000700000357,234500,2025-06-17 09:59:39,168,NEFT,none
KK-TXN-00911,KK00078,Shirish Salvi,MAHB000700000546,KK00180,Iqbal Parab,MAHB000700001260,158000,2025-06-17 19:03:43,168,Cash,none
KK-TXN-00912,KK00154,Hanif Thakur,BKID000700001078,KK00140,Salim Kothari,BKID000700000980,87000,2025-06-17 16:28:30,168,Bank Transfer,none
KK-TXN-00913,KK00026,Rafiq Shah,BKID000700000182,KK00012,Bhavesh Parekh,BKID000700000084,428500,2025-06-17 13:59:17,168,IMPS,none
KK-TXN-00914,KK00053,Pravin Bhatkar,HDFC000700000371,KK00175,Balkrishna Pawar,HDFC000700001225,402000,2025-06-17 10:07:17,168,UPI,none
KK-TXN-00915,KK00087,Rafiq Deshmukh,MAHB000700000609,KK00120,Bhavesh Soni,MAHB000700000840,145000,2025-06-17 15:12:37,168,Hawala,none
KK-TXN-00916,KK00035,Balkrishna Shaikh,UTIB000700000245,KK00019,Arif Gaikwad,UTIB000700000133,283500,2025-06-17 20:47:08,168,Bank Transfer,none
KK-TXN-00917,KK00144,Anil Shinde,MAHB000700001008,KK00186,Santosh Kadam,MAHB000700001302,276000,2025-06-17 16:53:24,168,UPI,none
KK-TXN-00918,KK00007,Santosh Sanghvi,BKID000700000049,KK00030,Vilas Khatib,BKID000700000210,173000,2025-06-17 20:43:27,168,IMPS,none
KK-TXN-00919,KK00051,Pravin Kadam,SBIN000700000357,KK00062,Paresh Parekh,HDFC000700000434,153000,2025-06-17 11:34:40,168,Bank Transfer,none
KK-TXN-00920,KK00050,Shirish Patil,SBIN000700000350,KK00061,Sameer Soni,SBIN000700000427,314000,2025-06-17 16:04:51,168,Hawala,none
KK-TXN-00921,KK00068,Prakash Koli,MAHB000700000476,KK00075,Rafiq Pawar,MAHB000700000525,329500,2025-06-18 13:30:53,169,Bank Transfer,none
KK-TXN-00922,KK00070,Hanif Kadam,MAHB000700000490,KK00067,Shirish Pawar,MAHB000700000469,428500,2025-06-18 20:50:08,169,Hawala,none
KK-TXN-00923,KK00082,Kishor Gaikwad,MAHB000700000574,KK00203,Hanif Koli,MAHB000700001421,132000,2025-06-18 16:42:56,169,IMPS,none
KK-TXN-00924,KK00035,Balkrishna Shaikh,UTIB000700000245,KK00099,Salim Khatib,BKID000700000693,92000,2025-06-18 10:31:54,169,Bank Transfer,none
KK-TXN-00925,KK00092,Suhas Parekh,MAHB000700000644,KK00085,Prakash Shaikh,MAHB000700000595,415500,2025-06-19 12:09:35,170,Hawala,none
KK-TXN-00926,KK00031,Anil Chavan,BKID000700000217,KK00018,Suhas Sanghvi,BKID000700000126,261500,2025-06-19 18:22:14,170,UPI,none
KK-TXN-00927,KK00012,Bhavesh Parekh,BKID000700000084,KK00035,Balkrishna Shaikh,UTIB000700000245,110000,2025-06-19 17:28:55,170,IMPS,none
KK-TXN-00928,KK00068,Prakash Koli,MAHB000700000476,KK00074,Prakash Bhosale,MAHB000700000518,32000,2025-06-19 20:57:38,170,NEFT,none
KK-TXN-00929,KK00123,Nitin Shaikh,SBIN000700000861,KK00204,Vilas Desai,HDFC000700001428,125500,2025-06-19 17:45:25,170,Bank Transfer,none
KK-TXN-00930,KK00062,Paresh Parekh,HDFC000700000434,KK00054,Kishor Sawant,HDFC000700000378,454000,2025-06-19 15:21:49,170,IMPS,none
KK-TXN-00931,KK00042,Shabbir Jadhav,HDFC000700000294,KK00061,Sameer Soni,SBIN000700000427,462500,2025-06-20 20:44:41,171,IMPS,none
KK-TXN-00932,KK00082,Kishor Gaikwad,MAHB000700000574,KK00075,Rafiq Pawar,MAHB000700000525,388000,2025-06-20 10:22:31,171,UPI,none
KK-TXN-00933,KK00093,Rajan Sanghvi,MAHB000700000651,KK00083,Sachin Naik,MAHB000700000581,120500,2025-06-20 14:49:00,171,IMPS,none
KK-TXN-00934,KK00114,Dnyaneshwar Bhatkar,BKID000700000798,KK00188,Bhavesh Bhandari,BKID000700001316,265500,2025-06-20 10:40:13,171,NEFT,none
KK-TXN-00935,KK00011,Yogesh Kadam,BKID000700000077,KK00001,Nilesh Khatib,BKID000700000007,122000,2025-06-20 09:12:15,171,Bank Transfer,none
KK-TXN-00936,KK00064,Anil Khatib,SBIN000700000448,KK00037,Ganesh Deshmukh,HDFC000700000259,358500,2025-06-21 10:55:28,172,IMPS,none
KK-TXN-00937,KK00374,Shabbir Dalvi,MAHB000700002618,KK00223,Prakash More,MAHB000700001561,96500,2025-06-21 20:02:51,172,Hawala,none
KK-TXN-00938,KK00183,Paresh Thakur,MAHB000700001281,KK00133,Ravindra Chavan,MAHB000700000931,28500,2025-06-22 12:34:10,173,Cash,none
KK-TXN-00939,KK00016,Anil Tandel,BKID000700000112,KK00017,Anil Tandel,BKID000700000119,237000,2025-06-22 16:05:20,173,Hawala,none
KK-TXN-00940,KK00067,Shirish Pawar,MAHB000700000469,KK00087,Rafiq Deshmukh,MAHB000700000609,418000,2025-06-22 15:20:19,173,Bank Transfer,none
KK-TXN-00941,KK00025,Deepak Zaveri,BKID000700000175,KK00019,Arif Gaikwad,UTIB000700000133,58000,2025-06-22 10:50:01,173,NEFT,none
KK-TXN-00942,KK00081,Deepak Kadam,MAHB000700000567,KK00092,Suhas Parekh,MAHB000700000644,119500,2025-06-22 18:16:25,173,NEFT,none
KK-TXN-00943,KK00088,Rajan Sawant,MAHB000700000616,KK00074,Prakash Bhosale,MAHB000700000518,296500,2025-06-22 15:51:46,173,Bank Transfer,none
KK-TXN-00944,KK00080,Rajan Desai,MAHB000700000560,KK00082,Kishor Gaikwad,MAHB000700000574,479000,2025-06-22 19:36:39,173,IMPS,none
KK-TXN-00945,KK00047,Santosh Thakur,HDFC000700000329,KK00051,Pravin Kadam,SBIN000700000357,291000,2025-06-22 18:54:27,173,Hawala,none
KK-TXN-00946,KK00042,Shabbir Jadhav,HDFC000700000294,KK00048,Sameer Doshi,SBIN000700000336,239000,2025-06-23 20:24:11,174,IMPS,none
KK-TXN-00947,KK00061,Sameer Soni,SBIN000700000427,KK00043,Vinod Mehta,HDFC000700000301,48500,2025-06-23 11:13:31,174,NEFT,none
KK-TXN-00948,KK00079,Rafiq Soni,MAHB000700000553,KK00091,Ashok More,MAHB000700000637,313500,2025-06-23 17:49:21,174,UPI,none
KK-TXN-00949,KK00044,Ashok Sayyed,SBIN000700000308,KK00066,Hanif Chavan,SBIN000700000462,86000,2025-06-23 13:07:46,174,Bank Transfer,none
KK-TXN-00950,KK00013,Kishor Koli,UTIB000700000091,KK00017,Anil Tandel,BKID000700000119,304500,2025-06-23 14:35:33,174,UPI,none
KK-TXN-00951,KK00040,Rajan Ansari,SBIN000700000280,KK00172,Nilesh Kadam,SBIN000700001204,160000,2025-06-23 13:03:02,174,Hawala,none
KK-TXN-00952,KK00024,Nilesh Parekh,BKID000700000168,KK00002,Iqbal Naik,BKID000700000014,255500,2025-06-24 09:55:01,175,UPI,none
KK-TXN-00953,KK00011,Yogesh Kadam,BKID000700000077,KK00008,Vilas Tandel,BKID000700000056,225000,2025-06-24 11:11:05,175,NEFT,none
KK-TXN-00954,KK00158,Balkrishna Naik,MAHB000700001106,KK00115,Rakesh Patil,MAHB000700000805,460000,2025-06-24 09:06:33,175,UPI,none
KK-TXN-00955,KK00048,Sameer Doshi,SBIN000700000336,KK00168,Rajan Gaikwad,SBIN000700001176,82000,2025-06-24 17:16:29,175,UPI,none
KK-TXN-00956,KK00036,Fayyaz Kadam,UTIB000700000252,KK00033,Shirish Chavan,BKID000700000231,17500,2025-06-24 14:30:48,175,NEFT,none
KK-TXN-00957,KK00002,Iqbal Naik,BKID000700000014,KK00005,Kishor Ansari,UTIB000700000035,453500,2025-06-24 09:08:55,175,IMPS,none
KK-TXN-00958,KK00050,Shirish Patil,SBIN000700000350,KK00064,Anil Khatib,SBIN000700000448,159500,2025-06-24 19:12:58,175,UPI,none
KK-TXN-00959,KK00084,Vinod Deshmukh,MAHB000700000588,KK00088,Rajan Sawant,MAHB000700000616,48500,2025-06-24 11:14:30,175,Hawala,none
KK-TXN-00960,KK00025,Deepak Zaveri,BKID000700000175,KK00017,Anil Tandel,BKID000700000119,215000,2025-06-25 17:32:24,176,Bank Transfer,none
KK-TXN-00961,KK00001,Nilesh Khatib,BKID000700000007,KK00003,Deepak Pawar,BKID000700000021,163000,2025-06-25 15:31:30,176,NEFT,none
KK-TXN-00962,KK00085,Prakash Shaikh,MAHB000700000595,KK00081,Deepak Kadam,MAHB000700000567,204000,2025-06-25 17:26:21,176,UPI,none
KK-TXN-00963,KK00030,Vilas Khatib,BKID000700000210,KK00020,Vilas Sawant,UTIB000700000140,265000,2025-06-25 17:15:51,176,Hawala,none
KK-TXN-00964,KK00180,Iqbal Parab,MAHB000700001260,KK00132,Vilas Kulkarni,MAHB000700000924,125000,2025-06-25 15:03:00,176,Hawala,none
KK-TXN-00965,KK00008,Vilas Tandel,BKID000700000056,KK00014,Anil Tandel,UTIB000700000098,33000,2025-06-25 11:08:09,176,IMPS,none
KK-TXN-00966,KK00085,Prakash Shaikh,MAHB000700000595,KK00074,Prakash Bhosale,MAHB000700000518,191500,2025-06-26 13:32:57,177,NEFT,none
KK-TXN-00967,KK00074,Prakash Bhosale,MAHB000700000518,KK00190,Bhavesh Kothari,MAHB000700001330,274000,2025-06-26 15:53:42,177,NEFT,none
KK-TXN-00968,KK00006,Salim Parab,BKID000700000042,KK00176,Ravindra Shaikh,BKID000700001232,293000,2025-06-27 11:25:30,178,Hawala,none
KK-TXN-00969,KK00120,Bhavesh Soni,MAHB000700000840,KK00097,Arif Kadam,MAHB000700000679,248500,2025-06-27 12:11:30,178,Bank Transfer,none
KK-TXN-00970,KK00015,Balkrishna Shinde,UTIB000700000105,KK00140,Salim Kothari,BKID000700000980,85500,2025-06-27 09:08:02,178,Cash,none
KK-TXN-00971,KK00077,Anil Thakur,MAHB000700000539,KK00119,Prakash Doshi,MAHB000700000833,348500,2025-06-28 20:51:21,179,IMPS,none
KK-TXN-00972,KK00064,Anil Khatib,SBIN000700000448,KK00048,Sameer Doshi,SBIN000700000336,67000,2025-06-28 11:28:03,179,NEFT,none
KK-TXN-00973,KK00401,Dnyaneshwar Naik,MAHB000700002807,KK00251,Kishor Deshmukh,MAHB000700001757,396000,2025-06-28 12:24:57,179,NEFT,none
KK-TXN-00974,KK00077,Anil Thakur,MAHB000700000539,KK00083,Sachin Naik,MAHB000700000581,264500,2025-06-28 13:52:07,179,IMPS,none
KK-TXN-00975,KK00022,Dnyaneshwar Salvi,BKID000700000154,KK00003,Deepak Pawar,BKID000700000021,289500,2025-06-29 19:20:52,180,UPI,none
KK-TXN-00976,KK00092,Suhas Parekh,MAHB000700000644,KK00079,Rafiq Soni,MAHB000700000553,144500,2025-06-29 10:20:35,180,Hawala,none
KK-TXN-00977,KK00037,Ganesh Deshmukh,HDFC000700000259,KK00038,Iqbal Mehta,HDFC000700000266,131000,2025-06-29 18:09:32,180,Hawala,none
KK-TXN-00978,KK00006,Salim Parab,BKID000700000042,KK00028,Sameer Kulkarni,UTIB000700000196,108000,2025-06-29 20:11:41,180,IMPS,none
KK-TXN-00979,KK00210,Sameer More,BKID000700001470,KK00167,Sameer Parekh,BKID000700001169,370500,2025-06-29 13:39:17,180,NEFT,none
